Dataset	TF	z-aggregate_MWU-pvalue	z-aggregate_MWU-adjusted-pvalue	z-aggregate_ROC-AUC	viper_MWU-pvalue	viper_MWU-adjusted-pvalue	viper_ROC-AUC	ulm_MWU-pvalue	ulm_MWU-adjusted-pvalue	ulm_ROC-AUC	zscore_MWU-pvalue	zscore_MWU-adjusted-pvalue	zscore_ROC-AUC	Top, Second	DeLongs-pvalue	DeLongs-adjusted-pvalue	Winner
NadigOConner2024_hepg2	ACTL6A	0.1834991496004067	0.3370392543680939	0.5869050037240164	0.2932745466900446	0.5075905615789233	0.5523957839619023	0.205812455963151	0.3858983549309082	0.5790958539282731	0.205812455963151	0.3780228782996652	0.5790958539282731				
NadigOConner2024_jurkat	ACTL6A	4.629852816964324e-06	7.870749788839351e-05	0.9268238123199956	0.0001290107828094	0.0018276527564665	0.8517741800184547	3.664046824516004e-06	6.228879601677207e-05	0.9316518934839544	3.664046824516004e-06	6.228879601677207e-05	0.9316518934839544	ulm, zscore	1.0	1.0	
ReplogleWeissman2022_K562_essential	ACTL6A	0.3680662634101385	0.6911808723186602	0.5133968289976925	0.4970030916985309	0.7653847612157377	0.5002995189973025	0.6735310787809455	0.9251412300389404	0.4821245644568426	0.6735310787809455	0.8945628576063837	0.4821245644568426				
ReplogleWeissman2022_K562_gwps	ACTL6A	0.150781434330971	0.5011265317470509	0.5388415334309342	0.2007273198990287	0.5532240767948842	0.5315453224859362	0.5662604883253202	0.853165802410149	0.4937265533694434	0.5662604883253202	0.85194737878731	0.4937265533694434				
ReplogleWeissman2022_rpe1	ACTL6A	0.0918217734277343	0.1541912799069501	0.5991763778147726	0.1681003173658916	0.2579470387166268	0.5717339875580478	0.0917701521967505	0.1512508063983481	0.5991997429831479	0.0917701521967505	0.1601479126570745	0.5991997429831479				
ReplogleWeissman2022_K562_gwps	AGO1	0.3062549775439046	0.7062614788257392	0.5114298929627371	0.3373490514737127	0.6868548255230548	0.5094714657191469	0.3320093391500841	0.7284865111448448	0.5098023512567766	0.3261642729567601	0.6756608631282076	0.5101669872826853				
ReplogleWeissman2022_K562_gwps	AGO2	0.663068819405631	0.879855710281378	0.4812485042264577	0.7392975711854646	0.9109777113491266	0.4714314433137725	0.7880197258439413	0.9567958400840336	0.4643742640794172	0.822933609346536	0.9705182213284496	0.4587140974462558				
ReplogleWeissman2022_K562_gwps	AGO3	0.0269104858652584	0.1737648515870974	0.5408662676290261	0.0931712577846047	0.4386813387358472	0.5280063465574897	0.1214824871386837	0.4775320677180016	0.5247453775257792	0.0987225401569369	0.4131721125086622	0.5273152001060641				
NormanWeissman2019_filtered	AHR	0.0106776492077397	0.0213552984154794	0.5288087168533523	0.3654583256551822	0.4497948623448397	0.5043051954751037	0.61656000482579	0.7046400055151886	0.4962889245527083	0.61656000482579	0.7046400055151886	0.4962889245527083	z-aggregate, viper	0.0003347185070303	0.0005206732331583	z-aggregate
ReplogleWeissman2022_K562_gwps	AKT1	0.445415843678867	0.7886027772090635	0.5026279345082535	0.4413769867764364	0.810985357816867	0.5028238525013197	0.4336810855441582	0.795888275585157	0.5031978189795335	0.4353290579013061	0.7647139733129406	0.5031176413190048				
ReplogleWeissman2022_K562_gwps	APC	0.194712797571907	0.5790143717269868	0.5131809394668543	0.3606999163181354	0.7088537485904226	0.5054611431116707	0.1435871112025595	0.5128379885779304	0.5163003135986016	0.0230198516024515	0.1625777019423144	0.5305537238684256				
GasperiniShendure2019_lowMOI	APEX1	0.607268110681119	0.7176804944413224	0.4779028559516365	0.5629497284173672	0.7308779376435055	0.4871794871794872	0.6339980216972416	0.8174771374695812	0.4721701063164477	0.6339980216972416	0.8241974282064141	0.4721701063164477				
TianKampmann2021_CRISPRi	APEX1	0.0460820624187425	0.1382461872562276	0.5415623785464438	0.060142955978833	0.180428867936499	0.5422619510299261	0.0529986077301526	0.158995823190458	0.5439720171006608	0.0529986077301526	0.158995823190458	0.5439720171006608				
ReplogleWeissman2022_K562_gwps	AR	0.0497696782837777	0.2499543842696395	0.5292601897286575	0.0903779831994681	0.4386813387358472	0.5237769227948754	0.1350537764730303	0.5003631718508992	0.5195912602934055	0.0073445770106854	0.0790416383054724	0.5433451971693687	zscore, z-aggregate	0.2055723815633577	0.6286359597189406	
ReplogleWeissman2022_K562_gwps	ARNT	0.0022039494558237	0.0292995633538924	0.5852882070614819	0.0110870118373217	0.1002265870093885	0.568513927047734	0.0021472898327069	0.02854632365834	0.5855362185383175	0.0017191084034092	0.0242824061981555	0.5876299772524046	zscore, ulm	0.5373887751616075	0.9443843250080984	
ReplogleWeissman2022_K562_gwps	ARNTL	0.9752005231081476	0.99999988097155	0.4651370620758889	0.9930358500343918	0.99998213924301	0.4563145910011013	0.9932987116488384	0.999996985483837	0.4560697618845925	0.9932987116488384	0.99999607242354	0.4560697618845925				
NadigOConner2024_hepg2	ASF1B	0.9605430381606348	0.9966961233902358	0.4241948224885458	0.9750359066397352	0.9949179113747584	0.4152391270002482	0.9804587148649836	0.999967658746436	0.4107973909314555	0.9804587148649836	0.9998294649312244	0.4107973909314555				
NadigOConner2024_jurkat	ASF1B	0.3951227767697035	0.6106442913713599	0.5080247498933195	0.4404172904109791	0.6454391324988487	0.5045298213237145	0.4176243973063104	0.6771416739016753	0.506284124106892	0.4176243973063104	0.6771416739016753	0.506284124106892				
ReplogleWeissman2022_K562_essential	ASF1B	0.6238922406759462	0.857851830929426	0.494523067772431	0.3959275194922489	0.6774759777978482	0.5045887272314491	0.4553406098058661	0.8153773710477139	0.5019506654567253	0.4553406098058661	0.8313085811442766	0.5019506654567253				
ReplogleWeissman2022_K562_gwps	ASF1B	0.2391367589676785	0.6433917562701827	0.5078239979979826	0.1494060661671211	0.4706182202652739	0.5115710005560501	0.1943344865934023	0.5551848384068339	0.5096003338277099	0.1943344865934023	0.5908814566976147	0.5096003338277099				
PapalexiSatija2021_eccite_RNA	ATF2	0.9587056862517052	0.9587056862517052	0.4817465919618829	0.699133453082884	0.7637955128130852	0.4945119975416183	0.8173610181329788	0.8173610181329788	0.490479856026458	0.8118121511275002	0.8205553888899784	0.490698159104151				
ReplogleWeissman2022_K562_gwps	ATF2	0.2782005724630264	0.6834057540939562	0.5124324831819382	0.2547569917920391	0.603502272722088	0.5139416204609688	0.0620170241763168	0.3259499410197118	0.5325093770123354	0.079960842497993	0.3844925617988603	0.5297040314971578				
ReplogleWeissman2022_K562_gwps	ATF3	0.8882733447193938	0.9954610858195412	0.479896628400517	0.9110627571389398	0.9955498437384808	0.4777200960573646	0.9245225708944842	0.999996985483837	0.4762510297960904	0.8249921153231085	0.9705182213284496	0.484545810104068				
NadigOConner2024_hepg2	ATF4	0.0641261161368183	0.1479833449311192	0.5938359832326926	0.0382570745143827	0.1140785741750661	0.609273724447399	0.0401473200255667	0.1129143375719064	0.6078979927243181	0.0468310425554345	0.127721025151185	0.6034199398001957				
NadigOConner2024_jurkat	ATF4	0.1679039065219309	0.3659444116503623	0.5386164041478193	0.4371343274778542	0.6454391324988487	0.5063494931375143	0.5888477838174657	0.7944771686426124	0.4909903660637659	0.7414467077513157	0.9406413456546544	0.4740099888367651				
ReplogleWeissman2022_K562_essential	ATF4	0.0004297231925114	0.0027573904852817	0.613776431419208	0.0007383236299778	0.0040607799648781	0.6085305905191308	0.0635078433099136	0.2445051967431674	0.5520931179159622	0.0752547576863877	0.2759341115167552	0.5490807710772956	z-aggregate, viper	0.6338480451314413	0.7394893859866816	
ReplogleWeissman2022_K562_gwps	ATF4	0.0258487531631877	0.1737648515870974	0.5553805326891637	0.0097231324409416	0.0955403448544701	0.5665161420860091	0.0483911078789452	0.2734097595160406	0.5472687302912231	0.0380456102940893	0.2323867007152486	0.5504900560742556	viper, z-aggregate	0.1885740996209578	0.6286359597189406	
ReplogleWeissman2022_rpe1	ATF4	0.4778833687404365	0.5853600833535333	0.5022933031970345	0.6157661049120773	0.7081759006144605	0.487834317114211	0.7685131323966399	0.8549708597912619	0.4696667066020309	0.8428266969443354	0.9495136206081756	0.4584174509197353				
SunshineHein2023	ATF4	1.3156714614669502e-11	1.2498878883936028e-10	0.6630201644549086	8.596088231737517e-13	8.16628382015064e-12	0.672550567208904	1.3366406527881482e-10	1.2698086201487408e-09	0.6544797017694064	2.5950617279259216e-10	2.465308641529626e-09	0.651951341324201	viper, z-aggregate	0.3611438748193815	0.6149676642200345	
ReplogleWeissman2022_K562_gwps	ATF6	0.0024706033212901	0.0310197972561979	0.5720636801723915	0.0008539973342628	0.012062712346462	0.5804206475128759	0.0001295417781019	0.0026614947137308	0.5936575206796463	0.0001295417781019	0.0024397034875865	0.5936575206796463	ulm, zscore	1.0	1.0	
SunshineHein2023	ATF6	0.0359856312892904	0.0854658743120647	0.5447429539745864	0.0211191267042779	0.0668772345635468	0.5505088283096926	0.0241290755061634	0.0654932049453009	0.5491143986406619	0.0235245551779048	0.0638523640543131	0.5493822030141844	viper, zscore	0.8920097673659335	0.8920097673659335	
ReplogleWeissman2022_K562_gwps	ATM	0.659788574321435	0.879855710281378	0.4904703117026376	0.7750332423357427	0.936671191272074	0.4825195834342788	0.8449990639589738	0.9650178600966016	0.4765111332188997	0.787044265345604	0.9614702917194946	0.481578341469114				
TianKampmann2021_CRISPRa	ATM	0.898495306320028	0.898495306320028	0.4659236056200961	0.9758048340470532	0.9758048340470532	0.4471443342862356	0.9506735103425388	0.9506735103425388	0.4557812785110394	0.7382348048852174	0.7382348048852174	0.4829237880907487				
NadigOConner2024_hepg2	ATR	6.946884341895037e-08	6.059863723615837e-07	0.6534257566524477	2.1455328580402074e-06	2.4137244652952332e-05	0.6340524070688606	6.339091670984837e-07	6.339091670984836e-06	0.6412837700589071	6.339091670984837e-07	6.339091670984836e-06	0.6412837700589071	z-aggregate, ulm	0.1655929738836419	0.351885069502739	
NadigOConner2024_jurkat	ATR	0.0113005757904191	0.0513495959420933	0.5589495927554815	0.0239621831415	0.088555894218587	0.5511402447062206	0.0661990492701938	0.2084044143691286	0.5389029363947575	0.0661990492701938	0.2164199687679412	0.5389029363947575	z-aggregate, viper	0.2847644248948211	0.8068984517753035	
ReplogleWeissman2022_K562_essential	ATR	0.0721934547969543	0.2416911312767601	0.5361025574006157	0.2409643947801013	0.4757502153350719	0.517393074081032	0.1747228925175427	0.4982838045870661	0.5231426650003949	0.1747228925175427	0.4982838045870661	0.5231426650003949				
ReplogleWeissman2022_K562_gwps	ATR	2.8132371058139924e-08	1.5894789647849055e-06	0.6822991355625545	1.0734588286502577e-05	0.0003465738503927	0.6426600694375271	4.5912033528372926e-05	0.001152902175268	0.6313186066854901	4.5912033528372926e-05	0.001152902175268	0.6313186066854901	z-aggregate, viper	0.0001168618247301	0.003505854741903	z-aggregate
ReplogleWeissman2022_rpe1	ATR	8.553553366466268e-25	2.537554165384993e-23	0.7381763297654345	5.728527031641368e-20	8.497315096934698e-19	0.7118351172827816	4.646806683696387e-21	5.908082783556835e-20	0.7181301458721379	4.646806683696387e-21	5.908082783556835e-20	0.7181301458721379	z-aggregate, ulm	0.0038572397594275	0.0227148563610735	z-aggregate
SunshineHein2023	BCL2	0.6231399139353179	0.9369211363221422	0.4913637038559941	0.5701434845950804	0.8214738472741585	0.4951343201754387	0.4724100278111352	0.7479825440342974	0.5019074378654971	0.4724100278111352	0.6904454252624284	0.5019074378654971				
TianKampmann2021_CRISPRa	BCL2	0.6557957380799582	0.8743943174399442	0.4898149363433522	0.0436206672161538	0.116321779243077	0.5435227720173251	0.0203315125280646	0.0616475895373496	0.5520934505840661	0.0203315125280646	0.0500349611029456	0.5520934505840661	ulm, zscore	1.0	1.0	
ReplogleWeissman2022_K562_gwps	BCL6	0.2246544733857756	0.6307470147232634	0.5177914619550336	0.2557348066595453	0.603502272722088	0.5154394767311049	0.2662748193298291	0.654109882266754	0.5146767978492687	0.2571582053527989	0.6386566418651929	0.5153355436494536				
NadigOConner2024_hepg2	BRCA1	0.963472919277228	0.9966961233902358	0.4241575583129124	0.9827482473179008	0.9949179113747584	0.4105479706631054	0.9968970003951416	0.999967658746436	0.3842061361996015	0.9956850855122508	0.9998294649312244	0.388873762322749				
NadigOConner2024_jurkat	BRCA1	0.9801345640125816	0.9999999809091804	0.4489868520068553	0.9490302771359256	0.9999999997133712	0.4594303005736672	0.957350336873894	0.9999999984302912	0.4573166288773354	0.9646864653243648	0.99999999998846	0.4551551975076798				
ReplogleWeissman2022_K562_essential	BRCA1	0.3206900356972797	0.6498192828602773	0.5132498301998584	0.460550480488591	0.7387997291171148	0.5028179597971069	0.5364106400960656	0.8523820996295155	0.4974006127256174	0.434724414953602	0.8313085811442766	0.5046758262402635				
ReplogleWeissman2022_K562_gwps	BRCA1	0.578961715783133	0.8534806015070802	0.4958758893946188	0.8761545606243266	0.9816359340726348	0.4760718010573938	0.6718437518357823	0.9241133890000136	0.4907885092191197	0.432989721045419	0.7647139733129406	0.5034934544336139				
ReplogleWeissman2022_rpe1	BRCA1	0.9289139348042426	0.9960643397298504	0.3866893642588026	0.9120951973246888	0.9899569824621623	0.3954888535629796	0.962030329307374	0.9999999999999952	0.3629883215881638	0.923497918866936	0.999999999999992	0.389680940281133				
GasperiniShendure2019_lowMOI	BTF3	0.0090178356076506	0.0818434379599987	0.6794941282746161	0.0232424228013324	0.1510757482086609	0.6516711833785005	0.0103034729825042	0.0669725743862774	0.6756097560975609	0.0043079094472655	0.0409510538669452	0.7000903342366758	zscore, z-aggregate	0.3460489028478466	0.6920978056956932	
ReplogleWeissman2022_rpe1	BTF3	0.4660206978419694	0.5841667902526096	0.5023693406119049	0.4933171301823016	0.6272174940889264	0.5004658296470225	0.5723063200182921	0.6702008221266842	0.4949490240085143	0.7443205027435342	0.8587448224583036	0.4817546705551451				
SunshineHein2023	BTF3	0.8068176401017141	0.9580959476207856	0.4718505859374999	0.8055081125833954	0.9464153169232016	0.4718343098958333	0.8313211049776421	0.8775056108097334	0.4686319986979166	0.9431457709382992	0.9431457709382992	0.4482828776041666				
ReplogleWeissman2022_K562_gwps	CARM1	0.0012834821761724	0.0207190694153553	0.5699894728423109	0.0002190987251036	0.0045014828975843	0.5816091635989478	0.0001425769408206	0.0026851990521214	0.5842200716365515	0.0001425769408206	0.0024786452788813	0.5842200716365515	ulm, zscore	1.0	1.0	
ReplogleWeissman2022_K562_gwps	CBFB	0.9932239480000812	0.99999988097155	0.4423216958163015	0.9989635207731024	0.99998213924301	0.4280547770494202	0.998060596362186	0.999996985483837	0.4325338042474244	0.9981158131084944	0.99999607242354	0.4323218228299607				
FrangiehIzar2021_RNA	CCND1	0.3455863323698012	0.5809318272557525	0.5045908543019628	0.8082740558385575	0.8891014614224133	0.4899280411189743	0.3101493314192494	0.4873775208016776	0.5057253392617062	0.1378283155125965	0.2480221068158682	0.5125979097139264				
NadigOConner2024_hepg2	CCND1	0.5902982065722258	0.7378727582152822	0.4894060844700698	0.8204454350465284	0.9589621968076308	0.4574394391579035	0.7532902508432704	0.8652039260487813	0.4682156492028521	0.7275154982046941	0.8633609792970659	0.4719084152356547				
NadigOConner2024_jurkat	CCND1	0.5186846424747581	0.7260260065931703	0.4991852389935872	0.4350726687209018	0.6454391324988487	0.5028434831910551	0.5522799952019352	0.7944771686426124	0.4977142666764235	0.6159868670175038	0.859998523729427	0.4948698910855805				
ReplogleWeissman2022_K562_essential	CCND1	0.0229176781184524	0.0980367341733798	0.5480362423085139	0.0444792983368814	0.1556775441790849	0.5409163902321021	0.0175104644091391	0.0842691099689822	0.5507116956912237	0.0111545315970038	0.0572599288646196	0.5549682303984518	zscore, ulm	0.4417977987790602	0.7136733672584818	
ReplogleWeissman2022_K562_gwps	CCND1	0.714378832200114	0.8981778257139823	0.4906979483931493	0.5699077690828562	0.8298497066840947	0.4971060908361849	0.5272259073079875	0.8332381472140221	0.4988778957789772	0.3911095161258894	0.7365895887037583	0.5045416795464027				
ReplogleWeissman2022_rpe1	CCND1	0.2118196145856881	0.3141990949687708	0.5298986535821724	0.2833438636324413	0.4134033420211029	0.5214097958468413	0.19856111831067	0.2854801427309648	0.531642279272175	0.1832295847767199	0.2811626387091047	0.5337480650719939				
NadigOConner2024_hepg2	CCNH	0.0474136375218386	0.1185340938045966	0.5496711862685355	0.128434732954027	0.2819299016064008	0.5337340882930461	0.1525621222057602	0.3193160697329866	0.5305115444512154	0.1525621222057602	0.3120588863299642	0.5305115444512154				
NadigOConner2024_jurkat	CCNH	7.523745257837458e-06	0.0001065863911526	0.5893063168371006	3.546934166960025e-07	6.0297880838320425e-06	0.6023224924218441	7.658012333307901e-05	0.0010848850805519	0.5781204487330537	7.658012333307901e-05	0.0010848850805519	0.5781204487330537	viper, z-aggregate	0.0120011793275964	0.0870085501250746	viper
ReplogleWeissman2022_K562_essential	CCNH	0.8917873397361271	0.9999881318155772	0.4580921768803769	0.7143683658461399	0.901197295274289	0.4808044181492051	0.9003399873348862	0.999974251399644	0.4564850390782827	0.9003399873348862	0.9999654569773756	0.4564850390782827				
ReplogleWeissman2022_K562_gwps	CCNH	0.4488361861960264	0.7886027772090635	0.5039823584823551	0.2425898124544475	0.603502272722088	0.5216152494683437	0.3883543216475087	0.7602413715539595	0.5087827861181651	0.3883543216475087	0.7365895887037583	0.5087827861181651				
ReplogleWeissman2022_rpe1	CCNH	1.5229844182059543e-09	9.681829515737853e-09	0.7178606456135194	8.865646792051974e-12	7.890425644926257e-11	0.7471785145971064	2.1183866391117112e-12	1.8853641088094228e-11	0.7547321532039016	2.1183866391117112e-12	1.8853641088094228e-11	0.7547321532039016	ulm, zscore	1.0	1.0	
NadigOConner2024_hepg2	CCNK	0.2087615188277498	0.3613180133557208	0.5244856816479155	0.2657258057391729	0.4695668437387401	0.518911669822798	0.1135377151210175	0.2620101118177327	0.5365030065153908	0.1135377151210175	0.2689051147603046	0.5365030065153908				
NadigOConner2024_jurkat	CCNK	0.0051154099130231	0.0289873228404642	0.5486308068200039	0.0035883614861532	0.0254175605269191	0.5509148306520033	0.0066111448545999	0.046828942720083	0.5469226557254385	0.0066111448545999	0.0510861193309996	0.5469226557254385	viper, z-aggregate	0.6249354198264124	1.0	
ReplogleWeissman2022_K562_essential	CCNK	0.5273440934010574	0.8155985603347663	0.4988766320683825	0.3420529408107883	0.5985926464188795	0.5066641813826789	0.4165132541737121	0.798400376388726	0.5034531749013713	0.4165132541737121	0.8313085811442766	0.5034531749013713				
ReplogleWeissman2022_K562_gwps	CCNK	0.8469960804731227	0.9741417727909524	0.4889803193583812	0.8869173911721173	0.9825653451220516	0.4869701935500307	0.7391174032689526	0.9360845083614904	0.4931031452733767	0.7391174032689526	0.9347977731237102	0.4931031452733767				
ReplogleWeissman2022_rpe1	CCNK	0.8521601806710369	0.9480282009965286	0.4835341404108184	0.5982110426120938	0.7005366156904783	0.4960819448869026	0.5241460954072551	0.6390274313869274	0.4990460629775699	0.5241460954072551	0.6570282041020522	0.4990460629775699				
ReplogleWeissman2022_K562_gwps	CCNT1	0.9893679056273336	0.99999988097155	0.4481809856251993	0.9840280458855736	0.99998213924301	0.4517386422016858	0.9868130131600956	0.999996985483837	0.4500389270984996	0.9868130131600956	0.99999607242354	0.4500389270984996				
ReplogleWeissman2022_K562_gwps	CCNT2	0.8389913700839715	0.9741417727909524	0.4836245449954647	0.8109089688235454	0.9474521292841108	0.4854273286968967	0.8335107828163077	0.9650178600966016	0.4839906290198181	0.8335107828163077	0.9705182213284496	0.4839906290198181				
NadigOConner2024_hepg2	CDC6	0.0389039656287691	0.1029810854879183	0.5608597757579398	0.0932088288847815	0.2374777723443163	0.5455965531151564	0.2271154631128736	0.4171508506154822	0.5258273181645224	0.2271154631128736	0.4088078336031724	0.5258273181645224				
NadigOConner2024_jurkat	CDC6	0.6521599908326624	0.8455708565235106	0.4821166428990856	0.5908476368187864	0.7495828228298036	0.4894975253753879	0.4730761181685224	0.7327126105360908	0.503089086486033	0.4730761181685224	0.7311176371695347	0.503089086486033				
ReplogleWeissman2022_K562_essential	CDC6	0.5206130916574933	0.8155985603347663	0.4988994385177431	0.5677944698353677	0.7949122577695148	0.4963637770104711	0.5127155378837176	0.8523820996295155	0.4993213790221228	0.5127155378837176	0.852733256046013	0.4993213790221228				
ReplogleWeissman2022_K562_gwps	CDC6	0.3635253323106159	0.7719967256735721	0.5093616195319883	0.483514788020118	0.8247823973684612	0.5011087952639642	0.3896493627580898	0.7602413715539595	0.507516977958116	0.3896493627580898	0.7365895887037583	0.507516977958116				
ReplogleWeissman2022_rpe1	CDC6	0.0126575011219429	0.02560267272393	0.570697888372908	0.1423190796327538	0.2261856801306266	0.5338262966625361	0.0630984110999878	0.1146073181203861	0.5483471229550263	0.0630984110999878	0.1169949705812275	0.5483471229550263	z-aggregate, ulm	0.0107741774059829	0.0519119456833721	z-aggregate
NadigOConner2024_hepg2	CDK12	0.3700619600786381	0.5371867162431844	0.5232581759089987	0.3385193911259162	0.5467245471835929	0.5292205852481151	0.1910402764837474	0.3737744539899407	0.5613148367207943	0.1910402764837474	0.3628420288806546	0.5613148367207943				
NadigOConner2024_jurkat	CDK12	0.0006687732113445	0.0071057153705361	0.6545754923617519	0.0002863171659418	0.0034767084435801	0.6659699503210953	0.000399065401238	0.00484579415789	0.661593919227507	0.000399065401238	0.00484579415789	0.661593919227507	viper, ulm	0.6925930981528803	1.0	
ReplogleWeissman2022_K562_gwps	CDK12	0.4002649640916262	0.7866076685626742	0.5099287453371754	0.4515546922177801	0.8229948422678897	0.5047840643699385	0.3898547546363046	0.7602413715539595	0.5109917328707115	0.3898547546363046	0.7365895887037583	0.5109917328707115				
ReplogleWeissman2022_rpe1	CDK12	0.0008553201836607	0.0021749570384517	0.6134390333391746	0.0004077811733441	0.0012961615867009	0.6211351638482433	0.000117116049741	0.0003860492009983	0.6331294357311837	0.000117116049741	0.0004169331370782	0.6331294357311837	ulm, zscore	1.0	1.0	
NadigOConner2024_hepg2	CDK7	0.5465104915826586	0.7026563463205611	0.4920441465231228	0.6784066319499611	0.837830838804882	0.4684248538605637	0.6720336509033792	0.8285346381000566	0.4696323380052813	0.6720336509033792	0.8285346381000566	0.4696323380052813				
NadigOConner2024_jurkat	CDK7	0.0114781449752914	0.0513495959420933	0.664242722925929	0.0115504747931911	0.0545439087456247	0.6640697089170371	0.024738089975927	0.0955789839979	0.641876730140089	0.024738089975927	0.1001303641882762	0.641876730140089	z-aggregate, viper	0.9885567549655504	1.0	
ReplogleWeissman2022_K562_essential	CDK7	0.031773146005087	0.1165015353519857	0.6300129294625985	0.0341920419206084	0.1253708203755642	0.6277088329226111	0.0367856090791278	0.1666171705348733	0.6253826347371562	0.0367856090791278	0.1770307436933029	0.6253826347371562				
ReplogleWeissman2022_K562_gwps	CDK7	0.3766229728544813	0.7737890169555708	0.5168543350116805	0.3934959231263665	0.7600861421073404	0.5144883967585329	0.4222927413868147	0.7887451202761994	0.5105107367243805	0.4222927413868147	0.7574457107414296	0.5105107367243805				
ReplogleWeissman2022_rpe1	CDK7	0.0191208733528221	0.0371087512158207	0.8452787756651772	0.0202261000083087	0.0409118841077153	0.8350419112707731	0.0124037137300765	0.0262840600470669	0.8598674026694705	0.0124037137300765	0.0269251346823612	0.8598674026694705	ulm, zscore	1.0	1.0	
NadigOConner2024_hepg2	CDK9	0.0286962953557822	0.0825845435576048	0.5695214235738306	0.0654113480882785	0.1731476861160313	0.5553072877874828	0.0438106981564802	0.119483722244946	0.5625263986019623	0.0438106981564802	0.1270480055034425	0.5625263986019623	z-aggregate, ulm	0.4615283816290555	0.7268546376853405	
NadigOConner2024_jurkat	CDK9	0.0723742171537983	0.2019633952994577	0.5540422535792326	0.2237921539627965	0.4135289801486457	0.5281436121130778	0.1617564944942081	0.3928372009145055	0.5365858018842626	0.1617564944942081	0.4166455161214452	0.5365858018842626				
ReplogleWeissman2022_K562_essential	CDK9	0.0023446429976397	0.0120358340545505	0.5707008718280557	0.0097390607812397	0.0394688252713399	0.5584145671126697	0.0033623792031812	0.0208738777964223	0.5677639315061821	0.0033623792031812	0.0208738777964223	0.5677639315061821	z-aggregate, ulm	0.591203492629981	0.7303101967782117	
ReplogleWeissman2022_K562_gwps	CDK9	0.52817046576522	0.8289689877573613	0.4988178334401993	0.80289445198068	0.9450736778522588	0.4857476405638129	0.7255527245549832	0.9360845083614904	0.4899729424871531	0.7255527245549832	0.9347977731237102	0.4899729424871531				
ReplogleWeissman2022_rpe1	CDK9	0.0191798039991882	0.0371087512158207	0.6151399800747037	0.0093986953509844	0.0209120971559404	0.6306907976933386	0.0087962130641359	0.0190942186026365	0.6320570110108357	0.0087962130641359	0.0195715740677025	0.6320570110108357	ulm, zscore	1.0	1.0	
FrangiehIzar2021_RNA	CDKN1A	0.2673991811407138	0.4902318320913087	0.5056179318412481	0.2132664318007806	0.4265328636015612	0.5071967908257701	0.2877777816377496	0.4870085535408069	0.50506754612174	0.1465585176639221	0.2480221068158682	0.5095153764525087				
NormanWeissman2019_filtered	CDKN1A	0.9970843841378212	0.9970843841378212	0.4566459290151069	0.9827771212463712	0.9964306328892788	0.4667458577774032	0.970223536723141	0.9992063231907026	0.470373885257323	0.9546844034097474	0.9920075828557738	0.4733931586327456				
FrangiehIzar2021_RNA	CDKN2A	0.0002882697955263	0.00090599078594	0.5340472095733007	0.000729790762575	0.0022936281109503	0.5314775386763159	0.0091578035614787	0.0251839597940666	0.5233334357324908	0.001425039385474	0.0044786952114899	0.5295079405409532	z-aggregate, viper	0.445549822788128	0.8019896810186304	
NormanWeissman2019_filtered	CEBPA	1.0989208128452682e-122	8.791366502762144e-122	0.8258777012208315	5.95452458941956e-124	9.527239343071296e-123	0.8275913738859809	1.4113639792452506e-139	1.1290911833962003e-138	0.8479937288476777	5.374038421695581e-140	8.59846147471293e-139	0.8485248693635588	zscore, ulm	0.275144571937218	0.3501840006473683	
ReplogleWeissman2022_K562_gwps	CEBPA	0.024305875903009	0.1737648515870974	0.560719724890803	0.1012829417663395	0.4577988967838548	0.5392365658867032	0.056355154117413	0.3106406056228135	0.5488388881104823	0.0715708481466042	0.3594447040251681	0.5450843115873606				
GasperiniShendure2019_lowMOI	CEBPB	0.1239680327409921	0.4028961064082245	0.5853658536585367	0.3478082810314299	0.5711411536092568	0.5289634146341463	0.5894097301422978	0.8174771374695812	0.4834010840108401	0.6124417412596602	0.8241974282064141	0.4789972899728997				
NormanWeissman2019_filtered	CEBPB	1.3498467137773855e-48	4.319509484087634e-48	0.6963015697608523	8.917598265500348e-36	2.8536314449601114e-35	0.667102140711776	6.480460172196296e-67	2.5921840688785184e-66	0.7317747294004308	6.235490278157471e-68	1.9953568890103908e-67	0.7335869318825797	zscore, ulm	1.429889250852439e-08	4.003689902386829e-08	zscore
ReplogleWeissman2022_K562_gwps	CEBPB	0.0549565729000487	0.2700040320741526	0.5357499435224572	0.0294242401044534	0.2015114625335298	0.5422519030825302	0.0601860435751857	0.3238582344759995	0.5347353139328793	0.0598009199979856	0.3296343395010919	0.5348076212381242				
ReplogleWeissman2022_K562_gwps	CHD9	0.8077582666585927	0.950798793046052	0.4814189707529617	0.6847467311386102	0.9049869078206192	0.4897227992584154	0.7413462338841548	0.9360845083614904	0.4861656686473258	0.7413462338841548	0.9347977731237102	0.4861656686473258				
NadigOConner2024_hepg2	CHEK1	0.4995078856788817	0.6611133781044023	0.5000467517225592	0.4975051104154299	0.6784160596574045	0.5002305343560676	0.4735242671742725	0.6658935007138207	0.5024327017014403	0.4675668941603522	0.6958633432934764	0.5029808253452372				
NadigOConner2024_jurkat	CHEK1	0.6864045776484968	0.8455708565235106	0.4755600633463229	0.7245648873980921	0.8742604336522234	0.4699854852526608	0.619681138781837	0.8103522584070176	0.484670545739248	0.5727429729942572	0.8491353735894386	0.4907738571860709				
ReplogleWeissman2022_K562_essential	CHEK1	4.161504843533097e-10	1.068119576506828e-08	0.6051198726642459	9.704246613411643e-06	0.0001245378315387	0.5731482529935998	2.912483108878371e-05	0.0003203731419766	0.5688363884821362	2.912483108878371e-05	0.0003203731419766	0.5688363884821362	z-aggregate, viper	1.1116875130021894e-09	7.781812591015326e-09	z-aggregate
ReplogleWeissman2022_K562_gwps	CHEK1	0.0682795728204919	0.3086236691486235	0.5307336846150374	0.134833300328653	0.4681280814938175	0.5227906655525576	0.1960889789925712	0.5551848384068339	0.5176670172190031	0.1960889789925712	0.5908814566976147	0.5176670172190031				
ReplogleWeissman2022_rpe1	CHEK1	2.7704004118677117e-05	0.00010720245072	0.6572297937758377	7.751878337221456e-06	3.388600709806127e-05	0.6686234995180933	3.4938340254322502e-06	1.4134146739248648e-05	0.6753606334084734	2.677658170493226e-06	1.1915578858694856e-05	0.6775574902623005	zscore, ulm	0.6051939599501223	1.0	
NadigOConner2024_hepg2	CLOCK	0.9082627631691356	0.9966961233902358	0.4738212923465817	0.8697136654762645	0.9784278736607976	0.477857674859503	0.8852574694968898	0.9816737623800932	0.4763491096215044	0.8617174309254128	0.9574638121393476	0.4785853251179272				
NadigOConner2024_jurkat	CLOCK	0.986626523636814	0.9999999809091804	0.4690029466474396	0.8761495456085877	0.992969485023066	0.4838179770412205	0.817514591955709	0.9651213932810452	0.4873179649624579	0.7075242647089481	0.9396806640665718	0.4923543334510775				
ReplogleWeissman2022_K562_gwps	CLOCK	0.6262355848470591	0.8633938227040122	0.4931226928469605	0.1485406399047311	0.4706182202652739	0.5222784062010122	0.1975777017792738	0.5551848384068339	0.5181674673158279	0.1679041498306835	0.5837898132574535	0.5205641784475425				
ReplogleWeissman2022_rpe1	CLOCK	2.0022448035827977e-10	1.3707675962989924e-09	0.5696012215244669	6.604223176876597e-28	1.9592528758067238e-26	0.6211716610735273	2.2262184442305847e-29	6.604448051217402e-28	0.6245617345941538	7.191441079005271e-34	3.200191280157346e-32	0.6343824579871193	zscore, ulm	2.2327693399065317e-22	1.1833677501504618e-20	zscore
ReplogleWeissman2022_K562_gwps	CREB1	0.5355286381087379	0.8289689877573613	0.4981588480731702	0.5731407882007877	0.8298497066840947	0.4961932477876227	0.3797587388105604	0.7602413715539595	0.5063203355455966	0.3018421970178125	0.6687876130002514	0.5107180123272254				
ReplogleWeissman2022_K562_gwps	CREB5	0.7017752700193687	0.8910180394627939	0.4919589429595339	0.7183696151075862	0.9109777113491266	0.4912210319677744	0.6864536891856227	0.9241133890000136	0.4926211300654656	0.6788795353281066	0.9347977731237102	0.4929439626630662				
ReplogleWeissman2022_K562_gwps	CREBBP	0.0224218417833809	0.1689112081014699	0.5478121021242378	0.0763345017074422	0.3886152631588581	0.5340854025722063	0.0481616206992024	0.2734097595160406	0.5396332465841661	0.0481616206992024	0.2820395702303878	0.5396332465841661				
TianKampmann2021_CRISPRi	CREBBP	0.3450637520559019	0.530492865497909	0.5086179111349858	0.3546656269342024	0.5378590012344153	0.508057708541171	0.1443267143367875	0.2886534286735751	0.5229299363057325	0.1604690850299217	0.3209381700598435	0.5214488527357839				
NadigOConner2024_hepg2	CTDP1	0.4606765528792582	0.6281952993808068	0.5031732584236263	0.6420665805762733	0.8138872148149944	0.4883003126192139	0.6703268941618866	0.8285346381000566	0.4858305712856031	0.6703268941618866	0.8285346381000566	0.4858305712856031				
NadigOConner2024_jurkat	CTDP1	0.0767686237934799	0.203916656951431	0.5435925397757458	0.0349253228517437	0.1187460976959287	0.5553747355274072	0.2681690920666628	0.5065416183481409	0.5188882364454883	0.2681690920666628	0.5404068518221727	0.5188882364454883				
ReplogleWeissman2022_K562_essential	CTDP1	0.3055983360208496	0.6359749155028492	0.514002636865684	0.159048965808244	0.360199128448082	0.5274992256957314	0.5471461493325425	0.8523820996295155	0.4967377672619077	0.5471461493325425	0.852733256046013	0.4967377672619077				
ReplogleWeissman2022_K562_gwps	CTDP1	0.0041471022964361	0.0446307199521228	0.5717396499671766	0.0062266718710518	0.0723017723052668	0.567916247355896	0.0136056185005077	0.1182642223505674	0.5600197829685009	0.0136056185005077	0.113884065967213	0.5600197829685009	z-aggregate, viper	0.6070270742602117	0.945275487040092	
ReplogleWeissman2022_rpe1	CTDP1	0.0041073353792381	0.0089159231402974	0.6665790472852595	0.0108954986396485	0.0230880804506838	0.6446491678244942	0.0040914419936375	0.0091034584358435	0.6667459413450827	0.0040914419936375	0.0095825878272037	0.6667459413450827	ulm, zscore	1.0	1.0	
ReplogleWeissman2022_K562_gwps	CTNNB1	0.0479971739207449	0.2465309387747354	0.5769665479375323	0.0208211728106989	0.1622615536282057	0.5941893171270642	0.0145135237494517	0.1214835691620775	0.6009419292539309	0.0133488418541106	0.113884065967213	0.6024580882719326				
ReplogleWeissman2022_K562_gwps	DDIT3	0.4058119394470886	0.7886027772090635	0.5042579644209231	0.2584227481597657	0.603502272722088	0.511580924573114	0.3306286570890221	0.7284865111448448	0.5078284302165876	0.2948962418749231	0.6598668382547785	0.5096321421976323				
FrangiehIzar2021_RNA	DNMT1	0.3735971744404039	0.5809318272557525	0.5051296850119837	0.4484805271200887	0.6577714397761302	0.5020608792931047	0.5889272895719623	0.7198000205879539	0.4964228277668533	0.3727470099767925	0.4685270181408639	0.5051654215616029				
NadigOConner2024_hepg2	DNMT1	0.1353519965453793	0.2591846742358328	0.535408708748879	0.167897893041055	0.3290284861806938	0.5309423660964214	0.291606155734503	0.4901872159676932	0.5176399478802831	0.4722469428114909	0.6958633432934764	0.5022393642583592				
NadigOConner2024_jurkat	DNMT1	0.9999999809091804	0.9999999809091804	0.3724717447185478	0.9999999997133712	0.9999999997133712	0.3562716760071746	0.9999999984302912	0.9999999984302912	0.3626138533028211	0.99999999998846	0.99999999998846	0.3449668919110257				
ReplogleWeissman2022_K562_essential	DNMT1	0.7941966358700113	0.9923877742199604	0.4816760782840282	0.816393721731604	0.9244458319607868	0.4798764518018367	0.8295559120202343	0.9921142109241444	0.4787448475539004	0.8074887669339771	0.9715099227174412	0.4806135416781779				
ReplogleWeissman2022_K562_gwps	DNMT1	0.9999200872030848	0.99999988097155	0.4508532893093637	0.9998743500633226	0.99998213924301	0.4523418734689927	0.9999616172860362	0.999996985483837	0.4485230513267771	0.9998939583242272	0.99999607242354	0.4517789839695623				
ReplogleWeissman2022_rpe1	DNMT1	0.0412164356290069	0.0780481440634387	0.5476078344244032	0.1064748859530176	0.1787974499965767	0.5341418307443893	0.0685534005838665	0.119632404940473	0.5407524001451979	0.2478940616428642	0.361681499774015	0.5186715337146862	z-aggregate, ulm	0.3767695197942359	0.739584612929426	
FrangiehIzar2021_RNA	E2F1	0.9963376581906388	0.9963376581906388	0.4677723095461446	0.8905743812816012	0.9329826851521535	0.485223320384109	0.989723938441213	0.989723938441213	0.4721659157608455	0.9617727624355606	0.9617727624355606	0.4787091759269611				
ReplogleWeissman2022_K562_gwps	E2F1	0.3960646314883979	0.7866076685626742	0.5050909549975588	0.1378621487183046	0.4681280814938175	0.5210550468595936	0.1267784250578765	0.4775320677180016	0.5220552407118446	0.0650111649725932	0.3358163926839129	0.5292462019318215				
ReplogleWeissman2022_K562_gwps	E2F2	0.6983091146852307	0.8910180394627939	0.4897088937610563	0.7125926971811032	0.9109777113491266	0.4888882177336618	0.4853981871918521	0.8246185229807445	0.5007251937095557	0.4441810034644989	0.7647139733129406	0.5027806275657923				
ReplogleWeissman2022_K562_gwps	E2F3	0.0058972754045088	0.0572872092333576	0.5371445802739778	0.0545882351765026	0.3163318243561437	0.5236285312221786	0.0114759462255365	0.1037425538788499	0.5335455511452295	0.0092772783387724	0.0911593436766332	0.5347274450403847	z-aggregate, zscore	0.4927063293512479	0.9443843250080984	
ReplogleWeissman2022_K562_gwps	E2F4	0.3323605239144162	0.7364066510260594	0.51005985564608	0.5476486965073045	0.8261402458426447	0.4972211329988565	0.5364631601043227	0.8405712692854931	0.4978755893154754	0.39612020288042	0.7398608748014456	0.506113922436248				
ReplogleWeissman2022_K562_gwps	E2F5	0.4110011990512044	0.7886027772090635	0.509009324790334	0.5066278219920166	0.8261402458426447	0.4993347903855175	0.5114612440048646	0.8256445796078529	0.4988494786055598	0.2893673442964752	0.6550247151927598	0.5222351661606502				
NadigOConner2024_hepg2	E2F6	0.7955016915223796	0.894939402962677	0.4679674124372479	0.8466293808939445	0.9645144845627216	0.4603464786280143	0.808863134102847	0.909971025865703	0.466102985984156	0.7330109466576558	0.8633609792970659	0.4758712747743826				
NadigOConner2024_jurkat	E2F6	0.0472391389686933	0.1544356466284206	0.5444745132345363	0.051757191282211	0.1517021123788943	0.5432994101927324	0.0744033126755515	0.2136624624232363	0.5383980955858562	0.1993489438955822	0.4706850064201248	0.5224457369559685				
ReplogleWeissman2022_K562_essential	E2F6	0.0779845175774177	0.2502003272275485	0.5336771244285804	0.13721415125128	0.3408222466564051	0.5259427641054543	0.0713013291571326	0.2614382069094864	0.5348024297075584	0.1592354917115941	0.471582033145875	0.5236802554950216				
ReplogleWeissman2022_K562_gwps	E2F6	0.0102731892222579	0.0892977217011654	0.5384271276764584	0.0180090278310651	0.145911515891935	0.5347856276253188	0.0064196570392208	0.0690877376601866	0.5412803267298447	0.0153779276198516	0.1241218443602309	0.5358390174827271	ulm, z-aggregate	0.566630595004859	0.9443843250080984	
ReplogleWeissman2022_rpe1	E2F6	0.6098119177483029	0.7048475412934929	0.493511672474259	0.6286055747027233	0.7081759006144605	0.4923636339127446	0.4422427468499542	0.5632438640503203	0.5033812094619946	0.5369360760032718	0.6616732622173241	0.4978426535641991				
NormanWeissman2019_filtered	EGR1	0.0327912866608427	0.0476964169612257	0.5303010902173118	0.0048215466858257	0.0096430933716515	0.5425958943612567	0.0107712246170516	0.0191488437636474	0.5378229655804665	0.0031328519272145	0.0050125630835432	0.5449849142847305	zscore, viper	0.6821238268800143	0.7425681704785942	
ReplogleWeissman2022_K562_gwps	EGR1	0.9946596187938312	0.99999988097155	0.4617451263222702	0.8640491330166027	0.9816359340726348	0.4835367037836227	0.9482373309209372	0.999996985483837	0.4756053729969338	0.8897360723488015	0.9808797675650202	0.4816421886146921				
ReplogleWeissman2022_K562_gwps	ELK1	0.0265330863902989	0.1737648515870974	0.5467406345580976	0.1667266084259942	0.4986541262635781	0.5233705515820373	0.0785911288247035	0.3692964683955392	0.5341820412382632	0.0785911288247035	0.3844925617988603	0.5341820412382632				
NadigOConner2024_hepg2	ELL	0.0058951779663876	0.0212226406789954	0.5494612609406092	0.0089765658234618	0.0314487135414757	0.5464803999288153	0.01059009199077	0.0381243311667723	0.5452661248716968	0.0566299095925654	0.1456197675237397	0.5311046757229475	z-aggregate, viper	0.6172977613000928	0.8072355340078138	
NadigOConner2024_jurkat	ELL	0.008180661269929	0.0409033063496451	0.5725359522654577	0.007076233348459	0.0387404391304869	0.5741256751877396	0.010799474420358	0.0655682375521741	0.569411670307787	0.1363007358734854	0.3750972645497122	0.5331475693241374	viper, z-aggregate	0.8428454741923137	1.0	
ReplogleWeissman2022_K562_essential	ELL	0.5066490262688511	0.8155985603347663	0.4994703593634353	0.4844698881511873	0.7613098242375801	0.5012392232842698	0.6280710569970288	0.9124805922409664	0.4896063683627993	0.7319150653143139	0.8945628576063837	0.4803218132722511				
ReplogleWeissman2022_K562_gwps	ELL	0.8500743930605725	0.9741417727909524	0.4727702481554071	0.6683569651225327	0.8945892256055361	0.4885649363703374	0.7414120663571097	0.9360845083614904	0.482988320762836	0.793167548370878	0.96185825193633	0.4785297308553051				
ReplogleWeissman2022_rpe1	ELL	3.1008446771787557e-25	1.3798758813445464e-23	0.7341310080716683	1.944064167143595e-28	8.651085543788999e-27	0.749709894365219	1.743662117751922e-33	7.759296423996053e-32	0.7724845223568331	9.763053324656016e-33	2.896372486314618e-31	0.7692287143672278	ulm, zscore	0.5472802463918669	1.0	
ReplogleWeissman2022_K562_gwps	ELOA	0.9953235728684716	0.99999988097155	0.4471448485061601	0.996839835108224	0.99998213924301	0.4444614366951671	0.9942655799172436	0.999996985483837	0.448582127528574	0.9942655799172436	0.99999607242354	0.448582127528574				
NadigOConner2024_hepg2	ELOB	0.1256415279336527	0.2458203807397553	0.5416476234003657	0.1681701151590212	0.3290284861806938	0.534922176518383	0.1566652134539055	0.3204515729738977	0.536623374974609	0.1566652134539055	0.3133304269078111	0.536623374974609				
NadigOConner2024_jurkat	ELOB	0.2109760429598041	0.4269753250376987	0.5167792780132435	0.1747912898059372	0.3301613251889925	0.5195449077561298	0.2951157806259867	0.5379942825833613	0.5112519101265461	0.2951157806259867	0.570110030754747	0.5112519101265461				
ReplogleWeissman2022_K562_gwps	ELOB	0.5312610936771716	0.8289689877573613	0.4988591605257155	0.3028674606701605	0.6518861534424408	0.5075077316081136	0.2796452124509181	0.6683196804022482	0.5084927882321167	0.2796452124509181	0.654056099094671	0.5084927882321167				
ReplogleWeissman2022_rpe1	ELOB	0.0002798483470793	0.000830216763002	0.5871550650640286	0.0013431812030961	0.0036225190022895	0.5758544881036777	0.0013192756665946	0.0034533980684389	0.5759925550077132	0.0013192756665946	0.0035580464947552	0.5759925550077132	z-aggregate, ulm	0.1021790595263412	0.2707745077448044	
ReplogleWeissman2022_K562_gwps	EP300	0.4238535779061798	0.7886027772090635	0.5056916028595915	0.5672573381212512	0.8298497066840947	0.494979773362912	0.7937924032484502	0.9567958400840336	0.4757084965983276	0.8459826973526752	0.9705182213284496	0.4697899745006824				
WesselsSatija2023	EP300	0.0012125802972058	0.0024251605944117	0.596691757271629	0.0059246704648366	0.0118493409296732	0.5802434717963014	9.801754321751068e-05	0.00078414034574	0.6187389647802248	0.0005821273290802	0.0037996344578796	0.6035452095530155	ulm, zscore	6.034569533967966e-06	3.0172847669839827e-05	ulm
ReplogleWeissman2022_K562_gwps	EPAS1	0.0321468430338365	0.1885523103849364	0.5354251532133961	0.0310783946652634	0.2065799174808687	0.5357130932941144	0.0179452154988356	0.1448435250977452	0.5401742394584599	0.0179452154988356	0.1398489207840298	0.5401742394584599				
NadigOConner2024_hepg2	ERCC2	0.2756964860436889	0.4430836382845	0.5231130843562288	0.4282031481089866	0.6021606770282625	0.5070224311540582	0.517542709869907	0.7057400589135097	0.4982951742549548	0.5426795842714085	0.7289725758869666	0.4958431270131452				
NadigOConner2024_jurkat	ERCC2	0.2394279653453803	0.4424212403121159	0.5221243340362813	0.0721604133403671	0.1916760979353502	0.5456103456280982	0.225525390841398	0.4873043440198556	0.5235464872425639	0.4614792646661888	0.7264025462338158	0.5030218317099198				
ReplogleWeissman2022_K562_essential	ERCC2	0.9178462925996048	0.9999881318155772	0.4623598167100932	0.78033250683023	0.901197295274289	0.4790703183069371	0.9402217282387096	0.999974251399644	0.4578694590333989	0.9531037864858076	0.9999654569773756	0.4546463664654616				
ReplogleWeissman2022_K562_gwps	ERCC2	0.1407713823655169	0.489451267917028	0.5279397141887495	0.1361589448763809	0.4681280814938175	0.528481473715611	0.3527479426298907	0.7520852361731633	0.509805171925562	0.505627777293735	0.7982484700557855	0.4996340353600094				
ReplogleWeissman2022_rpe1	ERCC2	0.0004360245761672	0.0012518124928673	0.5995272281888328	0.0097584783578216	0.0211830383864908	0.5698279863761182	0.1972265272536844	0.2854801427309648	0.5254608872674125	0.2471069692151767	0.361681499774015	0.5204395510159188	z-aggregate, viper	0.0078901716985586	0.0418179100023606	z-aggregate
NadigOConner2024_hepg2	ERCC3	0.542828691321932	0.7026563463205611	0.4949485230443567	0.5368020147311473	0.7104732547912244	0.4956594716529288	0.5102727281830508	0.7057400589135097	0.4987919219132535	0.5102727281830508	0.7168429425903822	0.4987919219132535				
NadigOConner2024_jurkat	ERCC3	0.1152668316459876	0.2799337339973985	0.5378993053475061	0.0495869377073596	0.1505317751830562	0.5521199084448812	0.1937335593639699	0.4543479346198175	0.5273177386045433	0.1937335593639699	0.4706850064201248	0.5273177386045433				
ReplogleWeissman2022_K562_essential	ERCC3	0.9980446388865112	0.9999881318155772	0.4342614352117042	0.989328251192672	0.99999102861759	0.447554252929468	0.9988288258381576	0.999974251399644	0.4306678161330215	0.9988288258381576	0.9999654569773756	0.4306678161330215				
ReplogleWeissman2022_K562_gwps	ERCC3	0.0398046605684703	0.2180026599776999	0.5310228461156784	0.0686310783112054	0.3693005642460101	0.5263008788434814	0.0653801826464255	0.3283538061798259	0.5267441530694017	0.0653801826464255	0.3358163926839129	0.5267441530694017				
ReplogleWeissman2022_rpe1	ERCC3	0.000754063137866	0.0019738711550022	0.6911054899256761	0.0009805453606243	0.002854918721172	0.6865588059383083	0.0006534098433043	0.0018759185823899	0.6936940712155094	0.0006534098433043	0.0020769098590746	0.6936940712155094	ulm, zscore	1.0	1.0	
ReplogleWeissman2022_K562_gwps	ERG	0.0370415686764377	0.2092848630218732	0.5246529152680731	0.0914071160526544	0.4386813387358472	0.5183870840009016	0.0647700349571962	0.3283538061798259	0.5209237114155696	0.0646579372917171	0.3358163926839129	0.5209359560897455				
ReplogleWeissman2022_K562_gwps	ESR1	0.3668755252005263	0.7719967256735721	0.5074312518547592	0.5190688568629	0.8261402458426447	0.4989553613310231	0.6853655168248541	0.9241133890000136	0.4894530207445841	0.6912683103385199	0.9347977731237102	0.4890883296158375				
ReplogleWeissman2022_K562_gwps	ESRRA	1.1367347861868656e-08	8.563402055941054e-07	0.6131320188733538	6.955681557395198e-10	5.2399467732377176e-08	0.6225778604680496	2.1042203716338167e-09	1.5851793466308089e-07	0.6189203269594376	1.0475092433001706e-09	7.891236299527953e-08	0.621237253193846	viper, zscore	0.8357163023097749	0.9880113414132295	
ReplogleWeissman2022_K562_gwps	ETS1	0.4640892449947144	0.7886027772090635	0.5013941279520586	0.1117698659958992	0.4681280814938175	0.5188254755363245	0.2088773534773531	0.5738160332863387	0.5125329453097329	0.2185892342767543	0.6049978475876887	0.5120170398521936				
NormanWeissman2019_filtered	ETS2	1.2482019580915374e-06	3.3285385549107665e-06	0.5380388220782786	2.950624061177881e-17	7.868330829807682e-17	0.5733381325055236	1.662171889430893e-13	4.4324583718157144e-13	0.5638139334385168	1.662171889430893e-13	4.4324583718157144e-13	0.5638139334385168	viper, ulm	1.150739300634933e-06	2.685058368148177e-06	viper
ReplogleWeissman2022_rpe1	ETV4	0.9943520524284938	0.99999994418258	0.4129341015866512	0.97398345154521	0.9999993961427562	0.4332297121024578	0.9971420944144213	0.9999999999999952	0.4050212075925279	0.9986194054735772	0.999999999999992	0.3971342291900884				
ReplogleWeissman2022_K562_gwps	EZH2	0.883825972091805	0.9954610858195412	0.4753408312329823	0.813892656780179	0.9474521292841108	0.481576172652268	0.8668891011133988	0.9701891228895394	0.4770447480741274	0.9077422903344468	0.9958726097843932	0.472602078424347				
ReplogleWeissman2022_K562_gwps	FANCD2	0.690485059320393	0.8866455875364136	0.4879013451081984	0.730360709864772	0.9109777113491266	0.4850613290066312	0.6502804646305274	0.9128160559409888	0.4906052487877487	0.6502804646305274	0.91852115629062	0.4906052487877487				
ReplogleWeissman2022_K562_gwps	FANCI	0.5327876755654334	0.8289689877573613	0.4946890705622193	0.523570966131873	0.8261402458426447	0.4961837432151712	0.4888437044056389	0.8246185229807445	0.5018059371440059	0.4888437044056389	0.795582659495507	0.5018059371440059				
WesselsSatija2023	FLI1	0.1684270429473859	0.1924880490827268	0.5228793663331578	0.8286569378355577	0.8286569378355577	0.4770712655783746	0.9265935040992358	0.9265935040992358	0.4649376865016675	0.9673058403508016	0.9673058403508016	0.4554699842022117				
FrangiehIzar2021_RNA	FOS	0.7733435368042292	0.8954504110364759	0.4918131515172877	0.6881009964799301	0.796748522239919	0.4946453911285347	0.4365081426652786	0.6001986961647581	0.5017448941811454	0.3592312546581234	0.4685270181408639	0.503935827941544				
ReplogleWeissman2022_K562_gwps	FOS	0.5132820464001481	0.8227073935208048	0.4995180928767674	0.5070157131752387	0.8261402458426447	0.4997454935334718	0.546481751513795	0.8405712692854931	0.4983099577832875	0.4524937612304041	0.7688991732185815	0.5017275011726865				
ReplogleWeissman2022_K562_gwps	FOSL1	0.0622513144244407	0.2930999387484085	0.5322700267014413	0.0773791453192416	0.3886152631588581	0.5299166408728829	0.0465739132952085	0.2734097595160406	0.5353010356159857	0.0501010705290742	0.2830710484892694	0.5345620747349622				
ReplogleWeissman2022_K562_gwps	FOSL2	0.4533253861340958	0.7886027772090635	0.5036313612944918	0.4915365891379117	0.8247823973684612	0.5006570895347072	0.4942549670218845	0.8246185229807445	0.5004460444842914	0.4936854703124345	0.795582659495507	0.5004902561116413				
NormanWeissman2019_filtered	FOXA1	0.9160793558080192	0.9771513128618872	0.4857409288868709	0.9964306328892788	0.9964306328892788	0.4721853131547174	0.9992063231907026	0.9992063231907026	0.4673475558234093	0.9920075828557738	0.9920075828557738	0.4750909605474532				
ReplogleWeissman2022_K562_gwps	FOXA1	0.7626298058032328	0.9216809417728912	0.4866035002086341	0.6071203519794327	0.8561110961687611	0.4949055572104872	0.799972497053903	0.9567958400840336	0.4842282259013637	0.799972497053903	0.96185825193633	0.4842282259013637				
ReplogleWeissman2022_K562_gwps	FOXA2	0.6735769682627177	0.879855710281378	0.4859078169899602	0.5673271360213771	0.8298497066840947	0.4946874741319163	0.7355716867004424	0.9360845083614904	0.4802704077007068	0.7039380658241531	0.9347977731237102	0.4832150923761584				
FrangiehIzar2021_RNA	FOXM1	0.822075600416857	0.9042831604585428	0.4833681447858809	0.6746361209634804	0.796748522239919	0.4918444200197061	0.8114256062108572	0.892568166831943	0.4840912419676345	0.8057648583648543	0.8863413442013398	0.4844653290195516				
ReplogleWeissman2022_K562_gwps	FOXM1	0.0206953962541513	0.1612813639116623	0.5397543145723807	0.0377051906699018	0.2367048080943836	0.5346547428313829	0.0251457617140601	0.1693154762096866	0.5381537346256237	0.0251457617140601	0.1671453572758115	0.5381537346256237				
NadigOConner2024_hepg2	FOXO1	0.8383027389318238	0.9314474877020265	0.4568306465015788	0.9532455109993312	0.9949179113747584	0.4266799623289569	0.9645904242301834	0.999967658746436	0.4210200727568186	0.9759772671510146	0.9998294649312244	0.4135735785644377				
NadigOConner2024_jurkat	FOXO1	0.8981075992982221	0.9999999809091804	0.4566334852594395	0.9977978014111294	0.9999999997133712	0.402825545955317	0.9970936113599944	0.9999999984302912	0.4058792140853209	0.9986090809941066	0.99999999998846	0.3979380458388092				
ReplogleWeissman2022_K562_gwps	FOXO1	0.5212497888084494	0.8289689877573613	0.4988645335912757	0.6417131822655198	0.8826360143585346	0.4922644211299162	0.6421752641554759	0.9089224339858288	0.4922380538940474	0.6978684782808984	0.9347977731237102	0.4889566441064129				
ReplogleWeissman2022_rpe1	FOXO1	0.486703889529904	0.5853600833535333	0.5011976895443119	0.9032657206610047	0.9899569824621623	0.4533049356671542	0.911174562851838	0.9999999999999952	0.4515943357439896	0.9484072782127208	0.999999999999992	0.4414830591296025				
ReplogleWeissman2022_K562_gwps	FOXO3	0.581575277133143	0.8534806015070802	0.4969387446588176	0.6830116773953088	0.9049869078206192	0.4929217830067698	0.6180495889163494	0.9011561748070644	0.495534844921609	0.6571342632900447	0.9224369161711186	0.4939844411514729				
NormanWeissman2019_filtered	FOXO4	0.1333230942669288	0.1777641256892383	0.522119796813977	0.0438381470419674	0.063764577515589	0.534007203983641	0.013332917347355	0.0193933343234254	0.5441347275229037	0.0051631902114889	0.0075100948530748	0.5510709848198369	zscore, ulm	1.7703131083049858e-19	9.669934082059077e-19	zscore
ReplogleWeissman2022_K562_gwps	FOXO4	0.4921651081392126	0.8060095249236381	0.500331897140246	0.7039314605221617	0.9109777113491266	0.4909471807382561	0.6912716282856697	0.9241133890000136	0.4915602939229112	0.7129720475572768	0.9347977731237102	0.4905019829893567				
NadigOConner2024_hepg2	GABPA	0.2138622843506049	0.3631623696519706	0.5254963015809317	0.3836948624337393	0.5632028619306088	0.5095098665794702	0.3154902436447324	0.4981845775403924	0.5154426955604108	0.3154902436447324	0.4981424899653669	0.5154426955604108				
NadigOConner2024_jurkat	GABPA	0.0017955133375658	0.012718219474425	0.5771271985012443	0.1654463272595039	0.3196122231149507	0.5257528730811174	0.1368001788357774	0.3420004470894434	0.5289971478902776	0.1368001788357774	0.3750972645497122	0.5289971478902776	z-aggregate, ulm	0.000155339036925	0.0022524160354128	z-aggregate
ReplogleWeissman2022_K562_essential	GABPA	0.5743956413125809	0.8190456366864579	0.4947872052560551	0.609145811234485	0.8086935769837128	0.4922993000773862	0.5648336787644406	0.8527881032325868	0.495463687959642	0.5648336787644406	0.8527881032325868	0.495463687959642				
ReplogleWeissman2022_K562_gwps	GABPA	0.1300746577495436	0.4692805318205778	0.5234286956289264	0.2462173978084726	0.603502272722088	0.5142823315124722	0.1797306131448339	0.5551848384068339	0.5190667533754447	0.1797306131448339	0.5908814566976147	0.5190667533754447				
ReplogleWeissman2022_rpe1	GABPA	0.0062483859632585	0.0129327058309304	0.5883530302574571	0.0720902154429583	0.1309393709065977	0.5516581640993317	0.036315998501844	0.0687685929077473	0.563498550356951	0.036315998501844	0.0687685929077473	0.563498550356951	z-aggregate, ulm	0.0778879973425901	0.2428272858327809	
NadigOConner2024_hepg2	GABPB1	0.9354624846896556	0.9966961233902358	0.4304387568555758	0.9922157022669578	0.9949179113747584	0.3891377209018891	0.9793663302194898	0.999967658746436	0.4064645541336583	0.9793663302194898	0.9998294649312244	0.4064645541336583				
NadigOConner2024_jurkat	GABPB1	0.770385350177742	0.9162195972960104	0.4784375929414097	0.9743297263638068	0.9999999997133712	0.4432285271979927	0.972501440151088	0.9999999984302912	0.444094497529612	0.972501440151088	0.99999999998846	0.444094497529612				
ReplogleWeissman2022_K562_gwps	GABPB1	0.730760935973434	0.9046582954203908	0.4856296745953848	0.8174918814619541	0.9474521292841108	0.4788375534716556	0.8608311071983323	0.9701891228895394	0.4746741333179165	0.8608311071983323	0.9709911448951148	0.4746741333179165				
ReplogleWeissman2022_rpe1	GABPB1	0.0515025046212477	0.0914072427407325	0.5680820847571483	0.0149161066408074	0.0308728718844619	0.5907079646017699	0.0281191341353049	0.0544044116965681	0.579720859254067	0.0281191341353049	0.0544044116965681	0.579720859254067	viper, ulm	0.1909601862202837	0.4217037445697933	
NadigOConner2024_hepg2	GATA1	0.2726317256983648	0.4430836382845	0.5391326426975421	0.3879841937744194	0.5632028619306088	0.5184135689620151	0.398005319459724	0.5928316003087557	0.5167276051188299	0.4889459692426047	0.6984942417751497	0.5017976843388178				
NadigOConner2024_jurkat	GATA1	0.8485536417372159	0.9746899938873426	0.4473539342337052	0.6754048585695215	0.8442560732119018	0.4767558300478148	0.5819204666593812	0.7944771686426124	0.4894330383357101	0.6272930408379349	0.859998523729427	0.4834090051170204				
ReplogleWeissman2022_K562_essential	GATA1	1.2444350087794142e-05	0.000119776869595	0.6193571473300948	0.0005764778526216	0.0036990662209889	0.5920211481173345	2.4051536178776373e-14	6.173227619219269e-13	0.7133848617410519	7.93219954970418e-05	0.000763474206659	0.6069375486433536	ulm, z-aggregate	4.985539319214805e-10	5.234816285175546e-09	ulm
ReplogleWeissman2022_K562_gwps	GATA1	0.1094437534050036	0.4339348819215935	0.5523472666936652	0.2168887009171005	0.5791400738775048	0.5333264380340822	0.0230202324925067	0.1678249207518234	0.5849406664355283	0.2836172465100786	0.654056099094671	0.5243592470333217				
ReplogleWeissman2022_rpe1	GATA1	0.6003283031027726	0.7030160391598259	0.4908102328485061	0.5408381898282493	0.6680756756391409	0.4962898668185402	0.5887199617502564	0.6804685272178288	0.4918856238499956	0.6492802113026613	0.7808910649450926	0.4861273876281433				
GasperiniShendure2019_lowMOI	GATA2	0.4275041760070989	0.5557554288092286	0.5140018066847335	0.6184351780060431	0.7308779376435055	0.4771454381210478	0.6917114240127226	0.8174771374695812	0.4619692863595303	0.7154999982382675	0.8455909070088616	0.4567299006323396				
ReplogleWeissman2022_K562_gwps	GATA2	0.411936116813034	0.7886027772090635	0.503556318971536	0.2749562286063156	0.6214010766502733	0.5095655762783102	0.2949154726449854	0.6801111920180276	0.5086246811102293	0.3569098181532557	0.7126268853736865	0.5058672848860644				
WesselsSatija2023	GATA2	0.0933008323649655	0.124401109819954	0.5587123121911868	0.0664509739213545	0.1063215582741673	0.5668044771604315	0.0928359266094077	0.1264741614648068	0.5588383583745085	0.1386590150147622	0.1960049229919961	0.5483008974488253				
ReplogleWeissman2022_K562_gwps	GLI2	0.8748880091947877	0.9935914074272464	0.4779222130832077	0.746028921530034	0.9109777113491266	0.487267857005193	0.8432981435923309	0.9650178600966016	0.4806125722662469	0.7792037992191292	0.9570655359974086	0.4852012009732556				
NadigOConner2024_hepg2	GTF2F1	0.1899516041799231	0.3419128875238616	0.5598325321055364	0.1040203372434762	0.2463639566292857	0.5858329383618841	0.1412474437439801	0.3100553643160539	0.573272846277112	0.1412474437439801	0.2956341845804235	0.573272846277112				
NadigOConner2024_jurkat	GTF2F1	0.1227440134895488	0.2819794904489635	0.5500750309910617	0.1312734686207441	0.293491243981877	0.5483078414376125	0.2084216658193277	0.4662063577537594	0.5350073166867061	0.2084216658193277	0.4788065295849421	0.5350073166867061				
ReplogleWeissman2022_K562_essential	GTF2F1	0.952627891946596	0.9999881318155772	0.4245233524099283	0.9314603814856992	0.9961451301999836	0.4328409158598443	0.9576242900518488	0.999974251399644	0.4221349596550633	0.9576242900518488	0.9999654569773756	0.4221349596550633				
ReplogleWeissman2022_K562_gwps	GTF2F1	0.6613702412826912	0.879855710281378	0.4865599242779602	0.4906657590580522	0.8247823973684612	0.5007557126583128	0.5909032845469527	0.8728375314222961	0.4925770622528981	0.5909032845469527	0.8569066927310038	0.4925770622528981				
ReplogleWeissman2022_rpe1	GTF2F1	0.1494680133117466	0.2333798804341307	0.5480760805828709	0.1589736397187937	0.2482219988591691	0.5462461835019445	0.164946541427911	0.2531076239152428	0.5451183647976778	0.164946541427911	0.2575481085453348	0.5451183647976778				
NadigOConner2024_hepg2	GTF2F2	0.0027036891680599	0.0105796532663217	0.5933834382828899	0.0251736415536844	0.0809152764225571	0.5657363396303067	0.0185619451072388	0.0618731503574628	0.5700155731599973	0.0185619451072388	0.0668230023860599	0.5700155731599973	z-aggregate, ulm	0.0173956924542666	0.0657170603827852	z-aggregate
NadigOConner2024_jurkat	GTF2F2	0.0236413838381485	0.0941025576465972	0.5566720391444323	0.014865607323427	0.0665040327626997	0.5620969114632495	0.1343543632820186	0.3420004470894434	0.5315975805118324	0.1343543632820186	0.3750972645497122	0.5315975805118324	viper, z-aggregate	0.482797258688695	0.8235953236454211	
ReplogleWeissman2022_K562_essential	GTF2F2	0.3524477912133061	0.682790228418483	0.5143958877221168	0.3075843608242571	0.5639046615111382	0.5191086825552094	0.3580486125488488	0.798400376388726	0.5138241981770715	0.3580486125488488	0.8200696585985574	0.5138241981770715				
ReplogleWeissman2022_K562_gwps	GTF2F2	0.0290510961614396	0.1823763259023712	0.5700671095228731	0.0109630522253719	0.1002265870093885	0.5847369502242659	0.0245551753742074	0.1693154762096866	0.5727561042861552	0.0245551753742074	0.1671453572758115	0.5727561042861552				
ReplogleWeissman2022_rpe1	GTF2F2	1.7451487416719195e-09	1.0354549200586723e-08	0.7187970864401108	5.605852368219123e-08	3.118255379821887e-07	0.6966444649687659	7.826431511872307e-09	4.3534525284789705e-08	0.7095546780849563	7.826431511872307e-09	4.0973670856272675e-08	0.7095546780849563	z-aggregate, ulm	0.4089311823036633	0.7740483093605056	
NadigOConner2024_hepg2	GTF2H1	2.7547115581707134e-06	1.770886001681173e-05	0.7031862104988248	0.0004321691191053	0.0024309512949673	0.6490380430051362	0.0002476173947753	0.0013109156193988	0.6558380004449474	0.0002476173947753	0.0013109156193988	0.6558380004449474	z-aggregate, ulm	0.0045736699679112	0.0222149684155689	z-aggregate
NadigOConner2024_jurkat	GTF2H1	0.0006205288848683	0.0071057153705361	0.6377182392781463	0.0018741838976454	0.0147707964990187	0.6236163438287567	0.0027836086493631	0.026289637243985	0.6182276071091206	0.0027836086493631	0.026289637243985	0.6182276071091206	z-aggregate, viper	0.1798549890397773	0.651974335269193	
ReplogleWeissman2022_K562_essential	GTF2H1	0.9928753514137	0.9999881318155772	0.4640936215281873	0.8374762189644944	0.9345749110183488	0.4855822548246781	0.99940344998925	0.999974251399644	0.4525256518251009	0.99940344998925	0.9999654569773756	0.4525256518251009				
ReplogleWeissman2022_K562_gwps	GTF2H1	0.2303783492040961	0.6349452063429966	0.515038291088283	0.2106141276282583	0.5734794318552577	0.5163988407490124	0.4736980468577247	0.823505835306506	0.5013452472276425	0.4736980468577247	0.7871746955135719	0.5013452472276425				
ReplogleWeissman2022_rpe1	GTF2H1	0.0017148663677005	0.0039134129929577	0.693876327548917	0.0282085086324173	0.0545773319192423	0.6264601308756865	0.0167293923264495	0.0346259515593955	0.6409588327253777	0.0167293923264495	0.0354503789774764	0.6409588327253777	z-aggregate, ulm	0.0770825297838465	0.2428272858327809	
NadigOConner2024_hepg2	GTF2H2	0.9347904692074857	0.9966961233902358	0.4200419798226014	0.9453005699104092	0.9949179113747584	0.4153632608842846	0.9803384306415648	0.999967658746436	0.391048818471122	0.981213701099709	0.9998294649312244	0.3900602613582504				
NadigOConner2024_jurkat	GTF2H2	0.218141960521462	0.4312108521935877	0.5265660971767842	0.161799326165162	0.3196122231149507	0.5336847207076215	0.4919984370893319	0.7467833420105932	0.5006850655705617	0.5893998475503162	0.8491353735894386	0.4922883520211764				
ReplogleWeissman2022_K562_essential	GTF2H2	0.5945905820051974	0.8324268148072764	0.4944095313702557	0.405278660513691	0.6784012360772654	0.5055989528097786	0.6593137775091534	0.9236299151596352	0.4904104525098022	0.6814277925797931	0.8945628576063837	0.488983292225461				
ReplogleWeissman2022_K562_gwps	GTF2H2	0.1062059029266017	0.4286166796680711	0.5187602123332204	0.0511504423008881	0.3104379719878899	0.5245801601373538	0.0800687033246965	0.3692964683955392	0.5211320454006241	0.086029778817149	0.3876321191571744	0.5205453942852589				
ReplogleWeissman2022_rpe1	GTF2H2	1.4982369693052763e-05	6.061049557644073e-05	0.6779902018674356	2.5876571494730833e-05	9.59589526262935e-05	0.6726311338328909	1.122026454616938e-05	4.3417545417785854e-05	0.6808006887645287	1.909440678463305e-05	7.72455547196519e-05	0.675642573876472	ulm, z-aggregate	0.8543358204230527	1.0	
NadigOConner2024_hepg2	GTF2H3	0.6285169611864702	0.7644125203619232	0.4837198742995065	0.679573902586182	0.837830838804882	0.4768254651037746	0.6072599430691213	0.7840530269770861	0.4864800277210214	0.6072599430691213	0.803726395238543	0.4864800277210214				
NadigOConner2024_jurkat	GTF2H3	0.0965979044122266	0.2488127840920988	0.540190725305229	0.0688996076932673	0.1889182791589589	0.5458387032814513	0.2603254610486653	0.5029014588440124	0.5198408461767241	0.2603254610486653	0.5396991265643061	0.5198408461767241				
ReplogleWeissman2022_K562_essential	GTF2H3	0.377007748537451	0.6911808723186602	0.5104140917765012	0.275154015886644	0.516752663982234	0.519850549254971	0.4820460247045839	0.8435805432330219	0.5014967321553931	0.4820460247045839	0.8435805432330219	0.5014967321553931				
ReplogleWeissman2022_K562_gwps	GTF2H3	0.0977269841920678	0.4015690623164969	0.5341419844088543	0.052197535113008	0.3104379719878899	0.5428285197346379	0.1087521618262414	0.4551479365320474	0.5325238446246287	0.1087521618262414	0.4311927819777291	0.5325238446246287				
ReplogleWeissman2022_rpe1	GTF2H3	0.0001803945099414	0.00055362453051	0.6270627062706271	0.0016427909268943	0.0043002468380468	0.604763573702503	0.0013597407664549	0.0034576265204141	0.606834577263036	0.0013597407664549	0.0035593214180733	0.606834577263036	z-aggregate, ulm	0.0464090467765756	0.1892061137814236	
TianKampmann2021_CRISPRi	GTF2H3	0.4316497437550536	0.530492865497909	0.5042627362240841	0.7058153731729763	0.8469784478075715	0.4864778912604734	0.8040924262425527	0.9649109114910632	0.478600697205064	0.8040924262425527	0.9649109114910632	0.478600697205064				
NadigOConner2024_hepg2	GTF2H4	0.0584231410156262	0.1421103430109828	0.5649616336479748	0.1571696570348754	0.3214833893895178	0.5417055304754442	0.1760958310015055	0.352191662003011	0.5385632619897441	0.1760958310015055	0.3445353215246847	0.5385632619897441				
NadigOConner2024_jurkat	GTF2H4	0.4173009608693649	0.6334032441767146	0.5054200150994044	0.3607871423117245	0.588898907336828	0.5092498951430249	0.5798204284593282	0.7944771686426124	0.4947719151077929	0.5798204284593282	0.8491353735894386	0.4947719151077929				
ReplogleWeissman2022_K562_essential	GTF2H4	0.3012597478441102	0.6359749155028492	0.5140955165851228	0.0870212372113108	0.2791931360529557	0.5367911197510393	0.4061024201380264	0.798400376388726	0.5064306659369922	0.4061024201380264	0.8313085811442766	0.5064306659369922				
ReplogleWeissman2022_K562_gwps	GTF2H4	0.9821649081437204	0.99999988097155	0.4497663347650358	0.9733621187153272	0.99998213924301	0.4537810991399688	0.9945588796735976	0.999996985483837	0.4391029201040226	0.9945588796735976	0.99999607242354	0.4391029201040226				
ReplogleWeissman2022_rpe1	GTF2H4	3.880491565881821e-09	2.1585234335217633e-08	0.7231618705486225	7.780712836423095e-09	5.326795711089657e-08	0.7187011052559112	3.687030953717675e-09	2.3386545893093762e-08	0.7236093552465234	3.687030953717675e-09	2.0509109680054573e-08	0.7236093552465234	ulm, zscore	1.0	1.0	
ReplogleWeissman2022_K562_gwps	GTF2H5	0.2512268346121734	0.6615223443166213	0.5196685943168057	0.4157743795823172	0.7843860927420261	0.506238968284617	0.4970175268425461	0.8246185229807445	0.5002193389986122	0.4970175268425461	0.795582659495507	0.5002193389986122				
GasperiniShendure2019_lowMOI	H3F3B	0.1682157388355694	0.4373609209724804	0.5732610659439927	0.1617780779053358	0.5711411536092568	0.5752484191508582	0.0967293684667491	0.2870609539073149	0.599096657633243	0.0967293684667491	0.3674555161651616	0.599096657633243				
ReplogleWeissman2022_K562_gwps	HDAC1	0.6800674832701524	0.879855710281378	0.4893436826641771	0.7293689045129758	0.9109777113491266	0.4860863821446989	0.6351304137703391	0.9089224339858288	0.4921317421146981	0.7014406877766414	0.9347977731237102	0.4879620977747884				
ReplogleWeissman2022_K562_gwps	HDAC2	0.9722075130440208	0.99999988097155	0.4438548811735292	0.9342032821360324	0.9955498437384808	0.455775247645819	0.964663056017409	0.999996985483837	0.4469845550803402	0.9954304835184894	0.99999607242354	0.4235429845716603				
SunshineHein2023	HDAC2	0.1659711349921208	0.3153451564850295	0.529640087182971	0.3335145601847625	0.6336776643510489	0.5131446727807971	0.0994751216467012	0.2100030345874804	0.5392429517663044	0.0411564734697922	0.086885888436228	0.5530775871829711	zscore, ulm	0.3569087153305128	0.6149676642200345	
NadigOConner2024_hepg2	HDAC3	0.5717826638404512	0.7247949259949381	0.4919087277405375	0.6345940352043766	0.8138872148149944	0.4846106226362168	0.4228781802260637	0.6138554229088021	0.5087054931661878	0.4793725253799504	0.6958633432934764	0.5023166284592244				
NadigOConner2024_jurkat	HDAC3	0.202692393295195	0.4202159373193067	0.5220367418840701	0.007292317953974	0.0387404391304869	0.5646925593490479	0.0026717159789126	0.026289637243985	0.573778066716998	0.7323426517949538	0.9406413456546544	0.4835814948410368	ulm, viper	0.4445141704073675	0.8221148564516225	
ReplogleWeissman2022_K562_essential	HDAC3	0.540201643858092	0.8155985603347663	0.4961965503077467	0.7387786448416577	0.901197295274289	0.4758960952948031	0.425122278336854	0.798400376388726	0.5071165425384564	0.553722893536372	0.852733256046013	0.4949101596207057				
ReplogleWeissman2022_K562_gwps	HDAC3	0.4342055197027067	0.7886027772090635	0.5040453374943759	0.1401582919796916	0.4681280814938175	0.5263646719828452	0.2111180625991195	0.5738160332863387	0.5195987019078891	0.4608918217278777	0.7773250127649279	0.5023978326839682				
ReplogleWeissman2022_rpe1	HDAC3	6.267045648496695e-05	0.0002162634180681	0.644523714408339	3.8900075256969075e-06	1.8221614199317095e-05	0.6684779622405018	5.718513751847634e-07	2.827487355080219e-06	0.6833242496291028	0.0191807262102081	0.0396996426211284	0.5780369397371716	ulm, viper	0.1107432530603138	0.2794948767712681	
WesselsSatija2023	HDAC3	0.0009028271314264	0.0024251605944117	0.6028284763537359	0.0021252359063736	0.0056672957503296	0.594232126651205	0.0008195441672391	0.0028497258434097	0.60378642734698	0.0131498621157184	0.0262997242314369	0.5732328325098316	ulm, z-aggregate	0.9619618688175676	0.9619618688175676	
ReplogleWeissman2022_K562_gwps	HDAC5	0.3689187892599371	0.7719967256735721	0.5086412115526369	0.2968528038082647	0.6518861534424408	0.5137859143603833	0.4665197353011129	0.823505835306506	0.50217130603766	0.2468777319013804	0.6330768254400193	0.517684755076057				
NadigOConner2024_hepg2	HDAC7	0.9983473175584424	0.9983473175584424	0.3743652244566321	0.9883788818063336	0.9949179113747584	0.4029488911851203	0.999967658746436	0.999967658746436	0.3291647899389732	0.9998294649312244	0.9998294649312244	0.3468192777468669				
ReplogleWeissman2022_K562_essential	HDAC7	0.8365422499527994	0.9923877742199604	0.4780582645147162	0.759651302342452	0.901197295274289	0.4842166460831471	0.7329040913295503	0.9251412300389404	0.4860869487887219	0.4298639332489529	0.8313085811442766	0.5039557041175562				
ReplogleWeissman2022_K562_gwps	HDAC7	0.7335079324106141	0.9046582954203908	0.4740205275972213	0.668962739501485	0.8945892256055361	0.4817837119435323	0.7144228420540413	0.9360845083614904	0.4763943800397596	0.5662541177643003	0.85194737878731	0.4930459693091201				
ReplogleWeissman2022_rpe1	HDAC7	0.99999994418258	0.99999994418258	0.3421702859619916	0.9999993961427562	0.9999993961427562	0.3556230890904647	0.9999999999999952	0.9999999999999952	0.2697007567547625	0.999999999999992	0.999999999999992	0.2716127038879947				
TianKampmann2021_CRISPRa	HDAC9	0.257801351106272	0.6874702696167253	0.5149245207591708	0.2401895904671718	0.4803791809343436	0.5161999581199672	0.2909617456841717	0.5819234913683435	0.5126401553368487	0.0467276341636643	0.0747642146618629	0.5385010755553864	zscore, viper	0.075884589853496	0.1897114746337401	
ReplogleWeissman2022_K562_gwps	HES1	0.4528795027850334	0.7886027772090635	0.5022126413497235	0.3332455270276823	0.6867203509620997	0.5080603723941898	0.4068739887377796	0.7818094998627368	0.5044063010202723	0.5622478030396438	0.85194737878731	0.4970698399622946				
ReplogleWeissman2022_K562_gwps	HEY1	0.2735784469059004	0.6834057540939562	0.5138914375847298	0.5358350019441214	0.8261402458426447	0.4979189755273652	0.3432253938441766	0.7450566688204261	0.509339824775729	0.3417819133382556	0.6958802920220339	0.509430718715045				
ReplogleWeissman2022_K562_gwps	HIC1	0.1369632348802775	0.4836514231709801	0.5212748822537896	0.127754979782292	0.4681280814938175	0.5221128792962244	0.1452284569424227	0.5128379885779304	0.5205581108210685	0.2898339447755574	0.6550247151927598	0.5107712805069038				
ReplogleWeissman2022_K562_gwps	HIF1A	0.0021461412228372	0.0292995633538924	0.5648425704625307	0.0002847097592679	0.0053620337995456	0.5782371730438473	0.0001580036468395	0.0027468326296719	0.5817799684470819	6.260005386925279e-05	0.0012861465613137	0.5870907696545973	zscore, ulm	0.1743660722136532	0.6286359597189406	
NadigOConner2024_hepg2	HMGA1	0.3229748391520339	0.4844622587280509	0.5194376374896815	0.2632083339521786	0.4695668437387401	0.5268064361377987	0.3155168991089152	0.4981845775403924	0.5203236220778715	0.5177199029819427	0.7168429425903822	0.4981221448606411				
ReplogleWeissman2022_rpe1	HMGA1	0.998167523936921	0.99999994418258	0.3987132649394219	0.9997448520817768	0.9999993961427562	0.3788560464357325	0.9999589750927912	0.9999999999999952	0.3627150325652034	0.9999349141491788	0.999999999999992	0.3666261585758422				
NormanWeissman2019_filtered	HNF4A	0.012943508133017	0.0230106811253636	0.5425116708719262	0.0065082317612913	0.0115701897978513	0.5474288328544348	0.42020674393065	0.5171775309915693	0.5038460247529015	0.2956180891619253	0.3638376481992927	0.5102571604940073	viper, z-aggregate	0.6895275868729804	0.7425681704785942	
NadigOConner2024_hepg2	HSF1	0.985076269041105	0.9983473175584424	0.38878732480195	0.9949179113747584	0.9949179113747584	0.3684046821044078	0.967602773767835	0.999967658746436	0.4054501828153565	0.9684826889027998	0.9998294649312244	0.4048217550274222				
NadigOConner2024_jurkat	HSF1	0.0287326878947076	0.1061860204804413	0.597081830383357	0.0335185697047761	0.1187116010377489	0.5935900931129938	0.0063863755798537	0.046828942720083	0.6272465606912172	0.0113746958942881	0.0743730116164995	0.6163912423454408	ulm, zscore	0.0446748373025523	0.2591140563548036	
ReplogleWeissman2022_K562_essential	HSF1	0.5515373915960805	0.8166995990941961	0.4966749542081533	0.6066835252362919	0.8086935769837128	0.4930519678752583	0.4134481444464821	0.798400376388726	0.5056139042832989	0.5478369457938304	0.852733256046013	0.4969149210971256				
ReplogleWeissman2022_K562_gwps	HSF1	0.1446356417897407	0.4952675006739607	0.5200297996954165	0.3119051775214462	0.6587903749518396	0.5092701508770663	0.1136255503341067	0.4668977159183294	0.5228223971372131	0.2042518825606647	0.5994925384248082	0.5156222454754922				
ReplogleWeissman2022_rpe1	HSF1	0.0523794312334534	0.0914072427407325	0.6075297329453485	0.1051933605153176	0.1787974499965767	0.5830239754296809	0.0519046218319316	0.0962398196467065	0.6078248719142989	0.1354234505534951	0.2250296161885273	0.5729892504853653	ulm, z-aggregate	0.9911696646971064	1.0	
NormanWeissman2019_filtered	IRF1	4.1470673377993105e-187	6.635307740478897e-186	0.9178903353248814	2.270361221006062e-111	1.8162889768048497e-110	0.8210292498502292	1.3834322999799881e-147	2.213491679967981e-146	0.870507682841923	9.61578184056283e-137	7.692625472450264e-136	0.8564136348180892	z-aggregate, ulm	2.0721287318698022e-19	9.669934082059077e-19	z-aggregate
PapalexiSatija2021_eccite_RNA	IRF1	8.825273596790945e-20	4.412636798395472e-19	0.5957976359456257	3.8614113282138353e-22	1.5258145678483684e-21	0.6019167417265519	0.0001074851202469	0.0002687128006173	0.5392738317413868	0.0003117685780579	0.0007794214451448	0.5363068505392984	viper, z-aggregate	0.0972556628188318	0.1945113256376637	
ReplogleWeissman2022_K562_gwps	IRF1	0.8010616694577211	0.9478530748557328	0.4852022555835462	0.7882396727299149	0.9400998931130314	0.4859915085472949	0.7569237289388064	0.9451091864097804	0.4878100255303231	0.437819561010336	0.7647139733129406	0.5027393121074016				
FrangiehIzar2021_RNA	IRF3	0.3960898822198312	0.5809318272557525	0.5026856947721823	0.0951619436548428	0.2093562760406543	0.5135363892653912	0.2764772255547912	0.4870085535408069	0.5061328195159409	0.2246624763190819	0.3530410342157002	0.5078196928973642				
SunshineHein2023	IRF3	0.9680896040210912	0.9680896040210912	0.4493022907448377	0.9441543895027936	0.9464153169232016	0.4560114767699115	0.8268523166106172	0.8775056108097334	0.4739554526179941	0.8023170712671388	0.9279698012073512	0.4764962435471976				
SunshineHein2023	IRF9	1.1853764286408511e-25	2.2522152144176173e-24	0.7406551702235772	5.111127310428793e-34	9.711141889814708e-33	0.7800471608231707	5.801030711098919e-35	1.1021958351087946e-33	0.7841499142530488	2.7303461690955858e-37	5.187657721281612e-36	0.7940127985264227	zscore, ulm	0.0003117187804436	0.0028054690239929	zscore
FrangiehIzar2021_RNA	JAK1	1.5237709088172313e-07	8.380739998494772e-07	0.547346117185793	2.333588413108934e-06	1.2834736272099135e-05	0.5423813506997239	1.4416273873904197e-08	7.928950630647309e-08	0.5513511072761708	1.4416273873904197e-08	7.928950630647309e-08	0.5513511072761708	ulm, zscore	1.0	1.0	
SunshineHein2023	JAK1	0.02653199424213	0.0720154129429244	0.5433947172619047	0.0794659071521925	0.2156931765559512	0.5316090029761904	0.0366128674882442	0.08695556028458	0.5401971726190475	0.0366128674882442	0.086885888436228	0.5401971726190475	z-aggregate, ulm	0.627996642840734	0.726858371106661	
FrangiehIzar2021_RNA	JAK2	1.756142053537265e-20	1.9317562588909917e-19	0.5813454744297208	3.977851704716677e-22	4.375636875188344e-21	0.5848687351451926	3.5671796715197347e-25	3.923897638671708e-24	0.591041748564856	1.3851975549145754e-25	1.5237173104060331e-24	0.5918427858253686	zscore, ulm	0.0008838814849725	0.0079549333647527	zscore
PapalexiSatija2021_eccite_RNA	JAK2	9.497816654176584e-14	3.1659388847255285e-13	0.579339359152347	4.577443703545105e-22	1.5258145678483684e-21	0.603396112740989	8.802315643228852e-19	4.4011578216144265e-18	0.5946123709922464	8.060627972895029e-19	4.0303139864475154e-18	0.5947191953059514	viper, zscore	0.0523907784607765	0.1397087425620707	
NormanWeissman2019_filtered	JUN	0.2950961178301745	0.3631952219448301	0.5096578624906174	0.039677047184394	0.0634832754950304	0.5314618311060928	2.792344661252446e-05	5.6522894422039395e-05	0.572262996157128	6.81813867032557e-08	1.558431696074416e-07	0.5945061043285238	zscore, ulm	3.57742142354258e-14	1.252097498239903e-13	zscore
ReplogleWeissman2022_K562_gwps	JUN	0.1885792172100781	0.572128429262222	0.5175344757174882	0.2533156643455029	0.603502272722088	0.5131852945750449	0.3081789715480945	0.7035196724229227	0.5099475420365424	0.3626198753007696	0.7126268853736865	0.5069782114224086				
ReplogleWeissman2022_K562_gwps	JUND	0.938956352430929	0.9984915547777272	0.4615526120505012	0.9240378069597748	0.9955498437384808	0.4643702363490609	0.9415575462941352	0.999996985483837	0.4610076913340332	0.9360817818226224	0.99999607242354	0.462134065983158				
ReplogleWeissman2022_K562_gwps	KAT2A	0.9382099671462272	0.9984915547777272	0.456379027726947	0.8760395715409965	0.9816359340726348	0.4672708364476106	0.8004231249983909	0.9567958400840336	0.4761167583338058	0.8004231249983909	0.96185825193633	0.4761167583338058				
ReplogleWeissman2022_K562_gwps	KAT2B	0.8928426002891323	0.9954610858195412	0.4710869041164557	0.7410764907415951	0.9109777113491266	0.484941574541521	0.6575130977138968	0.91727135853914	0.4905531511977937	0.6949453977945321	0.9347977731237102	0.4881259730686789				
NadigOConner2024_hepg2	KAT5	0.0158820664201415	0.049289171648715	0.7496783803913603	0.0138454984715522	0.0461516615718408	0.755433678651229	0.0353305001363461	0.1081089431641185	0.7127429074412621	0.0297620272058338	0.0992067573527794	0.7212065813528337	viper, z-aggregate	0.9087335257367606	0.965529371095308	
NadigOConner2024_jurkat	KAT5	0.0051126420792179	0.0289873228404642	0.6273284416526446	0.0058058835864286	0.0352500074890309	0.6251276787873107	0.004054618653852	0.0344642585577422	0.631263662247048	0.0052103470863047	0.04428795023359	0.6270027682241422	ulm, z-aggregate	0.7952793082730488	1.0	
ReplogleWeissman2022_K562_essential	KAT5	0.9258334966329744	0.9999881318155772	0.4613740499336107	0.8674599411994219	0.9482923594519944	0.4702187819408578	0.943503760132954	0.999974251399644	0.4576478155239336	0.9105618950623487	0.9999654569773756	0.464078972925297				
ReplogleWeissman2022_K562_gwps	KAT5	0.1898656291799409	0.572128429262222	0.5165322099773186	0.1122619742949884	0.4681280814938175	0.5228597194411537	0.2879407401834922	0.6747536341738101	0.5105286799923221	0.2002311440375166	0.5954241914799836	0.5158246228947012				
ReplogleWeissman2022_rpe1	KAT5	0.0481790140981926	0.0875088215252887	0.5836831470757695	0.0603586869708626	0.1142962370299313	0.5780967477278701	0.0682522647784576	0.119632404940473	0.5749344845989024	0.0692442543384082	0.125770176247313	0.5745574557455745	z-aggregate, viper	0.7426279267978158	1.0	
FrangiehIzar2021_RNA	KLF4	0.0557113160147592	0.1361832169249671	0.5172703372409777	0.0665987506682779	0.1627969460780126	0.5162915111446236	0.5228409496276483	0.6766176995181331	0.499378506783623	0.374477252531685	0.4685270181408639	0.5034720004049665				
ReplogleWeissman2022_K562_gwps	KLF4	0.7365359573334156	0.9046582954203908	0.4914393449693872	0.5678059378053039	0.8298497066840947	0.4976891565933655	0.7854548873160887	0.9567958400840336	0.4893009150026906	0.7391861660425736	0.9347977731237102	0.4913292602170033				
ReplogleWeissman2022_K562_gwps	LEF1	0.4607940291201019	0.7886027772090635	0.5020272253745197	0.2178181693787075	0.5791400738775048	0.5160551746001726	0.1903296907763975	0.5551848384068339	0.5180548813860388	0.1903296907763975	0.5908814566976147	0.5180548813860388				
ReplogleWeissman2022_K562_gwps	LIN37	0.6092587278372064	0.8604711934747354	0.494466738782895	0.7372810890399758	0.9109777113491266	0.4873329440333394	0.5588336162628209	0.8476268273516612	0.4970473829148358	0.4838649892414206	0.795582659495507	0.5008070635612014				
NadigOConner2024_hepg2	LIN52	0.1940776291423129	0.3424899337805522	0.5441867255738371	0.362036879014117	0.5632028619306088	0.5180784074751168	0.3724493562125441	0.5681430857479486	0.5166628580134065	0.1398204562201784	0.2956341845804235	0.5553587751371115				
NadigOConner2024_jurkat	LIN52	0.0736572382856845	0.2019633952994577	0.5913693721763514	0.1001413778024356	0.250353444506089	0.5807558490219341	0.0808265334149457	0.2216211400087221	0.5882456329566471	0.0017809535681664	0.0189226316617684	0.6837713358978353	zscore, z-aggregate	0.0001549012301843	0.0022524160354128	zscore
ReplogleWeissman2022_K562_essential	LIN52	0.4064427918211021	0.7112748856869288	0.5197413739119543	0.5306231683335786	0.7774831550329584	0.4935969691276848	0.4100154153743572	0.798400376388726	0.5189742626338532	0.3621086804201422	0.8200696585985574	0.5294241968814578				
ReplogleWeissman2022_K562_gwps	LIN52	0.0118887382228171	0.0995131421613579	0.6685152672608278	0.0180775329423636	0.145911515891935	0.6561826263709263	0.0254722397837581	0.1693154762096866	0.6455055953896669	0.0104851981875772	0.0987356162663526	0.6720855949429293	zscore, z-aggregate	0.8892102072719066	0.9880113414132295	
ReplogleWeissman2022_rpe1	LIN52	0.4587517579094938	0.5832700921992136	0.5057617856180898	0.6223060975291169	0.7081759006144605	0.4826724560361641	0.2338477470707959	0.3303563411000134	0.5403974025721157	0.0752006445984131	0.1338571473851753	0.5799948726436065				
NadigOConner2024_hepg2	LIN54	0.2856672818104427	0.4510536028585938	0.5141559579569162	0.3642372193899967	0.5632028619306088	0.5086818760740217	0.2003401018726873	0.3836299823094013	0.5210163525593409	0.1935157487363491	0.3628420288806546	0.5216316678305764				
NadigOConner2024_jurkat	LIN54	0.521030428260981	0.7260260065931703	0.4990597302890797	0.3776715480842789	0.588898907336828	0.5055564806618698	0.3053667545529834	0.5379942825833613	0.5090768579716969	0.378058527471109	0.6556177481092647	0.5055383263199146				
ReplogleWeissman2022_K562_essential	LIN54	0.1011520456589267	0.2912827801228628	0.5214447050566413	0.1169494776780292	0.3216110636145805	0.5200211548489059	0.1023116171865005	0.3282497718066893	0.521334962727909	0.0622228542616545	0.2395579889073698	0.5258405983374967				
ReplogleWeissman2022_K562_gwps	LIN54	0.0325377880752766	0.1885523103849364	0.5206192680624332	0.1194130309116947	0.4681280814938175	0.5131665780327126	0.0393240655282027	0.2468677447048282	0.5196570328976513	0.0131895641713272	0.113884065967213	0.5248211547359656				
ReplogleWeissman2022_rpe1	LIN54	0.9893172449435748	0.99999994418258	0.4472822481500609	0.9697021687502138	0.9999993961427562	0.4570079994862565	0.9809354844998264	0.9999999999999952	0.4524936965746263	0.9836682971531256	0.999999999999992	0.4510564121876926				
ReplogleWeissman2022_K562_gwps	LIN9	0.0039647572945836	0.0446307199521228	0.6024564191420723	0.0071440441816694	0.0768835230979666	0.5945446147366003	0.0043497995050937	0.0517397204290103	0.6012478341199108	0.0019811453853712	0.0263375798290533	0.6111852748872785	zscore, z-aggregate	0.5042337708393769	0.9443843250080984	
GasperiniShendure2019_lowMOI	LMO2	0.372653206930115	0.5382768544546106	0.5194579945799458	0.3063209188381037	0.5711411536092568	0.5302981029810299	0.1530356693300321	0.2870609539073149	0.5611924119241193	0.1978606625504716	0.3674555161651616	0.5507859078590785				
NadigOConner2024_jurkat	LMO2	0.4640243489200157	0.680035683762092	0.5019525411537558	0.2927163943061996	0.5077733370617749	0.5117933392995601	0.3747441590014373	0.6245735983357289	0.5069038759309097	0.2733822897453344	0.5404068518221727	0.5130289136446615				
ReplogleWeissman2022_K562_gwps	LMO2	0.7445488757500899	0.90955700497038	0.4884508002085985	0.7945092017017212	0.9400998931130314	0.4855564344693906	0.7999457079661385	0.9567958400840336	0.4852314698848924	0.9668862153801484	0.99999607242354	0.4677302650531029				
NormanWeissman2019_filtered	MAML2	0.0038850833798672	0.0088801905825536	0.531543873308727	0.2943673256924425	0.3924897675899233	0.5064267141052619	2.8261447211019697e-05	5.6522894422039395e-05	0.5478652632201411	2.8261447211019697e-05	5.6522894422039395e-05	0.5478652632201411	ulm, zscore	1.0	1.0	
NormanWeissman2019_filtered	MAPK1	0.3778528992880767	0.4318318849006591	0.5032835886929966	0.0026043415598099	0.005952780708137	0.5302428383483723	0.0130141282930647	0.0193933343234254	0.5240938366473719	0.0130141282930647	0.0173521710574196	0.5240938366473719	viper, ulm	0.0011353967649717	0.0015895554709604	viper
GasperiniShendure2019_lowMOI	MAX	0.0125912981476921	0.0818434379599987	0.718458295694068	0.0184308590749684	0.1510757482086609	0.7037037037037037	0.0054752654959733	0.0669725743862774	0.7482685937970491	0.0063001621333761	0.0409510538669452	0.7434507678410117	ulm, zscore	0.7202546657156969	0.7202546657156969	
NadigOConner2024_hepg2	MAX	7.406500106641577e-08	6.059863723615837e-07	0.7271898345633871	2.001518453339362e-07	3.602733216010852e-06	0.7191459588778297	3.502997699700013e-08	7.88174482432503e-07	0.7330760376464215	1.6682673887718736e-07	2.144915214135266e-06	0.7206400794456858	ulm, z-aggregate	0.719415803940546	0.8735763333563774	
NadigOConner2024_jurkat	MAX	2.8493106307377796e-29	1.2109570180635564e-27	0.8710789010106005	4.67164381006609e-30	3.9708972385561754e-28	0.8763769376465238	4.066741244018855e-31	1.7283650287080138e-29	0.8834156000688745	6.40906836486056e-29	2.723854055065738e-27	0.8686793319175802	ulm, viper	0.3257964503672055	0.8068984517753035	
ReplogleWeissman2022_K562_essential	MAX	5.2528881467934e-67	4.044723873030918e-65	0.874382136222264	1.647110939242645e-64	1.2682754232168367e-62	0.8671071033460664	3.7120154867339345e-69	2.8582519247851294e-67	0.8805393783789425	3.790587268244244e-68	2.9187521965480677e-66	0.877662972008266	ulm, zscore	0.4818486609030584	0.7227729913545877	
ReplogleWeissman2022_K562_gwps	MAX	2.274204944562075e-31	2.569851587355145e-29	0.7317864238978591	4.694233080685245e-27	5.304483381174327e-25	0.7141084360643009	7.776623007587641e-33	8.787583998574034e-31	0.7374979119287621	2.756506669647738e-31	3.114852536701945e-29	0.7314568212518039	ulm, z-aggregate	0.1281140478053302	0.6286359597189406	
ReplogleWeissman2022_rpe1	MAX	1.619446398287129e-15	1.8016341180944312e-14	0.744860418296941	3.5807955228484136e-15	3.9836350191688616e-14	0.7417615121292416	7.711271920877537e-17	8.578790011976263e-16	0.7564130840914425	1.7012541658840202e-15	1.8926452595459726e-14	0.7446690656249024	ulm, z-aggregate	0.0984321201705916	0.2707745077448044	
NadigOConner2024_hepg2	MCM5	0.0706695883520012	0.1514348321828598	0.5641608036489206	0.1209618561040467	0.2721641762341052	0.5511606005207468	0.1106664819944407	0.2620101118177327	0.5534688752239026	0.1392474402787856	0.2956341845804235	0.5473796465569775				
ReplogleWeissman2022_K562_essential	MCM5	0.9085377848633748	0.9999881318155772	0.4589666626816729	0.7780383427440656	0.901197295274289	0.4763430140214847	0.7019096321956961	0.9251412300389404	0.4836259457243864	0.580711885192936	0.8599002915356937	0.4937054890441139				
ReplogleWeissman2022_K562_gwps	MCM5	0.9248554257768288	0.9984915547777272	0.4682529045927827	0.9281704932459872	0.9955498437384808	0.4673951682126981	0.8983775004055503	0.9922899032567092	0.4716302415893651	0.8678676124360698	0.9709911448951148	0.4751084136663444				
NadigOConner2024_jurkat	MCM6	0.9996393352672576	0.9999999809091804	0.4470993564777643	0.997164131837178	0.9999999997133712	0.4566932304336884	0.9894077087841	0.9999999984302912	0.463918415281556	0.3347000443666403	0.5926979952325923	0.5066847220391386				
ReplogleWeissman2022_K562_gwps	MDC1	0.5430017826223945	0.8348190671609602	0.4976672056220068	0.5244982934586876	0.8261402458426447	0.4986726274952577	0.5900745257092203	0.8728375314222961	0.495080332297975	0.5900745257092203	0.8569066927310038	0.495080332297975				
ReplogleWeissman2022_K562_gwps	MECP2	0.8459134594836275	0.9741417727909524	0.4708520076260752	0.8532557554505988	0.9816359340726348	0.4699528166154889	0.9000859741930327	0.9922899032567092	0.4633300616366629	0.9445094962002748	0.99999607242354	0.4544129143984874				
NadigOConner2024_hepg2	MED1	0.1214022161583083	0.2428044323166166	0.6017949144091741	0.2660878781186194	0.4695668437387401	0.5544475836980408	0.2941123295806159	0.4901872159676932	0.5471903680313187	0.2941123295806159	0.4726805296831328	0.5471903680313187				
NadigOConner2024_jurkat	MED1	0.1194876194598841	0.2819794904489635	0.5311886586695748	0.381052234159124	0.588898907336828	0.5080180633615748	0.316467225049036	0.5379942825833613	0.5126499454743729	0.316467225049036	0.5723343431737886	0.5126499454743729				
ReplogleWeissman2022_K562_essential	MED1	0.0099763885311874	0.0451871715824374	0.5440335818715989	0.0015973504836173	0.0073544065825991	0.5557857371767042	0.0609515488273335	0.2445051967431674	0.5292677093381031	0.0609515488273335	0.2395579889073698	0.5292677093381031	viper, z-aggregate	0.1390839442357812	0.3245292032168228	
ReplogleWeissman2022_K562_gwps	MED1	0.6057256869428614	0.8604711934747354	0.4942063112057163	0.6420910080734012	0.8826360143585346	0.492135532231189	0.7475951466246661	0.9386472396509696	0.4855923723156898	0.7475951466246661	0.9347977731237102	0.4855923723156898				
ReplogleWeissman2022_rpe1	MED1	0.9246767770431688	0.9960643397298504	0.4423312821411481	0.6783480601677765	0.7546622169366514	0.4814196361773686	0.4937430031038335	0.6103212121700164	0.50063018555089	0.4937430031038335	0.6277589610891597	0.50063018555089				
TianKampmann2021_CRISPRa	MEF2C	0.864238467245906	0.898495306320028	0.4696765031864782	0.6581748068672676	0.7521997792768772	0.4885702410640067	0.5851173426786236	0.7200019498409456	0.493973399833749	0.5884811609234915	0.6725498981982759	0.4937309504017733				
ReplogleWeissman2022_K562_gwps	MLXIPL	0.4803234947840675	0.8040971097866612	0.5008409604488224	0.6136725556607934	0.8561110961687611	0.4950761594704669	0.3731785852871548	0.7602413715539595	0.5055126035873038	0.3731785852871548	0.7270548299560085	0.5055126035873038				
NadigOConner2024_hepg2	MNAT1	0.1041126317855897	0.2179101595512343	0.5443386983068669	0.1496519892046854	0.3132250936842253	0.5365899559092375	0.2573018074062018	0.4631432533311633	0.5229743939013752	0.2573018074062018	0.4540620130697679	0.5229743939013752				
NadigOConner2024_jurkat	MNAT1	0.0013844908096914	0.0108716190105215	0.5764669084392144	0.0007129378891249	0.0075749650719521	0.5815032946224141	0.0163115724676645	0.0770268699861936	0.5546026847287276	0.0163115724676645	0.0866552287344678	0.5546026847287276	viper, z-aggregate	0.4160368272679348	0.8221148564516225	
ReplogleWeissman2022_K562_essential	MNAT1	0.9977632933006216	0.9999881318155772	0.4095717832819159	0.9849094638880732	0.99999102861759	0.4310437315672609	0.998943474952894	0.999974251399644	0.4022179267511526	0.998943474952894	0.9999654569773756	0.4022179267511526				
ReplogleWeissman2022_K562_gwps	MNAT1	0.6802538505002003	0.879855710281378	0.4876470325448413	0.6550889829474669	0.8908260148108718	0.4894744130983493	0.8043858832564883	0.9567958400840336	0.4773874779423262	0.8043858832564883	0.96185825193633	0.4773874779423262				
ReplogleWeissman2022_rpe1	MNAT1	1.4475917953635704e-12	1.1712333617032523e-11	0.7365687290028554	3.446568674148909e-13	3.408273466658365e-12	0.7434276461953384	5.674567395756657e-14	5.611516646914917e-13	0.7516518653926249	5.674567395756657e-14	5.611516646914917e-13	0.7516518653926249	ulm, zscore	1.0	1.0	
ReplogleWeissman2022_K562_gwps	MOV10	0.5792952917557433	0.8534806015070802	0.4951481926471379	0.4926797506404525	0.8247823973684612	0.500445007375891	0.6338968389644711	0.9089224339858288	0.4917024764684063	0.7486654731654493	0.9347977731237102	0.483746518513345				
SunshineHein2023	MOV10	0.1071240076292942	0.2261506827729545	0.5362633431311882	0.2423725172760411	0.5756347285305976	0.5204014542079208	0.2982401646608312	0.5666563128555794	0.5154606280940595	0.3972556823064341	0.6289881636518541	0.5076062293729373				
ReplogleWeissman2022_K562_gwps	MTA1	0.4754683528752317	0.8019093115656892	0.5014868399040482	0.5693472912158265	0.8298497066840947	0.4957783756148696	0.5241594240929165	0.8332381472140221	0.4985358406252328	0.4210825891287327	0.7574457107414296	0.5048115993100245				
TianKampmann2021_CRISPRi	MTA1	0.8465289789212366	0.8465289789212366	0.4716042251196567	0.9810645972063428	0.9810645972063428	0.4422842053144083	0.9811194053515184	0.9811194053515184	0.4422511965670903	0.9867067659291427	0.9867067659291427	0.4383561643835617				
NadigOConner2024_hepg2	MYB	0.4038020866582992	0.5768601237975703	0.5113048641385023	0.3751025733741006	0.5632028619306088	0.5147788767532826	0.2825262025416102	0.4889876582450946	0.526706146450205	0.2733051626784997	0.4582159361698146	0.5279822080553342				
NadigOConner2024_jurkat	MYB	0.0436682643894566	0.1484720989241524	0.6369625676730786	0.1036164548536747	0.2516399617874958	0.601040181192853	0.0147089782242198	0.0770268699861936	0.6744723274376827	0.0227375570418111	0.1001303641882762	0.660244042510631	ulm, zscore	0.2393778761313015	0.7713287119786384	
ReplogleWeissman2022_K562_gwps	MYB	7.330137857209043e-06	0.0001656611155729	0.5931024933516915	3.724663351445691e-07	1.4029565290445436e-05	0.6063261760277343	5.3899566158082004e-08	3.0453254879316334e-06	0.6141416175779684	2.1622736883063593e-07	8.6946031263407e-06	0.6085780302051451	ulm, zscore	0.3272728524357318	0.8181821310893295	
ReplogleWeissman2022_rpe1	MYB	0.4390916057143635	0.570194355333847	0.5054629356740984	0.485134674434003	0.6257534206467575	0.5013288939513421	0.2803822952474247	0.38990662932845	0.5207312766674898	0.2789035117150784	0.3940065482959045	0.5208879295009147				
WesselsSatija2023	MYB	0.0535273268938999	0.08564372303024	0.6312431644185199	0.1449524088277813	0.1932698784370418	0.5862194677360555	0.0948556210986051	0.1264741614648068	0.6068173532628509	0.147003692243997	0.1960049229919961	0.5854903390448415	z-aggregate, ulm	0.5571270770367152	0.8735154439240104	
NadigOConner2024_hepg2	MYBL2	1.9031341265334115e-05	0.0001070512946175	0.603368343071537	1.273570384226512e-05	0.0001146213345803	0.6056684709227993	1.336401786922222e-05	0.0001002301340191	0.6053951440417726	6.998870385335532e-06	5.726348497092708e-05	0.6090141114337265	zscore, viper	0.5874408766118693	0.7989195921921421	
NadigOConner2024_jurkat	MYBL2	0.4759330432720342	0.6856662487817442	0.5026328633198862	0.454318779255249	0.654527054859257	0.5050045374472856	0.5688630776388945	0.7944771686426124	0.4924369523606164	0.4034255268391874	0.6723758780653124	0.5106610946305603				
ReplogleWeissman2022_K562_essential	MYBL2	6.569884533291621e-07	1.0117622181269098e-05	0.6382724538502085	6.739594437601537e-07	1.0378975433906368e-05	0.638127452035406	3.255671716251081e-07	6.267168053783331e-06	0.642210301877363	7.115726664542397e-08	1.8263698438992152e-06	0.6504088321608552	zscore, ulm	0.0076121037059803	0.0319708355651173	zscore
ReplogleWeissman2022_K562_gwps	MYBL2	0.4564197379019781	0.7886027772090635	0.5040146947880842	0.26517691378538	0.6053533587423826	0.5230138366193774	0.381788809840624	0.7602413715539595	0.5110321153966706	0.3288614820535523	0.6756608631282076	0.5162502999267206				
ReplogleWeissman2022_rpe1	MYBL2	0.000646166840001	0.0017426923866694	0.5323611528816119	0.0008624147687699	0.0026467211869148	0.5315195924041101	0.0021586795970414	0.0051924995712617	0.5287041290830828	0.0008572964749725	0.0025433128757518	0.5315371557485813	z-aggregate, zscore	0.6586559898668474	1.0	
FrangiehIzar2021_RNA	MYC	1.1075052361885025e-08	8.121705065382353e-08	0.6189287668429526	8.607228726646642e-06	3.787180639724523e-05	0.5913761969431083	2.411007478386021e-07	1.060843290489849e-06	0.607001537717309	4.4099123170726246e-08	1.940361419511955e-07	0.61372435516514	z-aggregate, zscore	0.5391001498203478	0.8086502247305217	
GasperiniShendure2019_lowMOI	MYC	0.3388797213178549	0.5382768544546106	0.5276422764227643	0.2799612459258034	0.5711411536092568	0.5387533875338754	0.4654232384990569	0.7563127625609675	0.5058265582655826	0.4548867184361573	0.7391909174587556	0.5075880758807588				
NadigOConner2024_hepg2	MYC	3.3853138649212394e-17	3.0467824784291154e-15	0.8361029078579352	4.718688783070796e-17	4.246819904763716e-15	0.8345208518883107	3.8590729555752456e-18	1.7365828300088603e-16	0.8462749417959655	3.224545527174035e-19	2.9020909744566306e-17	0.857556368068251	zscore, ulm	0.1904005463244398	0.3808010926488796	
NadigOConner2024_jurkat	MYC	1.9647085478584644e-52	1.6700022656796948e-50	0.910969680833604	2.2430416063729902e-20	9.532926827085208e-19	0.7482010190274379	2.5105113036745303e-55	2.1339346081233512e-53	0.9226173759861114	5.2018938287771794e-51	4.4216097544606016e-49	0.905120302863416	ulm, z-aggregate	0.0019774472730367	0.0191153236393552	ulm
PapalexiSatija2021_eccite_RNA	MYC	0.0026363207265035	0.005272641453007	0.5789006205926005	0.0072819354764202	0.012136559127367	0.5690918738512885	0.0051486202710743	0.0102972405421486	0.5725601175050179	0.0267745145460823	0.0446241909101371	0.5545959996001137	z-aggregate, ulm	0.5115217299333426	0.585960175386393	
ReplogleWeissman2022_K562_essential	MYC	1.983650482038508e-06	2.545684785282752e-05	0.6564032024375995	0.0005713689534109	0.0036990662209889	0.6102838804979167	4.886012890039082e-07	7.524459850660187e-06	0.6660009933629969	1.0742059270907831e-06	2.0678464096497575e-05	0.6606700310618948	ulm, zscore	0.5861458977454044	0.7303101967782117	
ReplogleWeissman2022_K562_gwps	MYC	1.4439229767895594e-06	4.079082409430505e-05	0.6365224478855404	2.716726510984502e-07	1.2279603829649947e-05	0.6462013847956928	9.20156917930888e-08	4.1591092690476144e-06	0.6521671108971632	2.308301714957708e-07	8.6946031263407e-06	0.6471135502381613	ulm, zscore	0.6301836580267279	0.945275487040092	
ReplogleWeissman2022_rpe1	MYC	1.6940435844430214e-23	3.7692469753857225e-22	0.8099892207784268	2.373806828956584e-22	5.2817201944284005e-21	0.8016460217744352	1.5506944671932634e-27	3.4502951895050113e-26	0.837767621174548	1.7167016268961253e-25	3.819661119843879e-24	0.8239991523334265	ulm, zscore	0.0313394386451264	0.1384158540159751	
ReplogleWeissman2022_K562_gwps	MYCN	0.7971777509323665	0.9478530748557328	0.4837545672044959	0.5471913530639771	0.8261402458426447	0.497683726233019	0.4340098795192941	0.795888275585157	0.5032463449359681	0.2758430830634388	0.654056099094671	0.5116283068916633				
NadigOConner2024_hepg2	NANOG	0.0426554252224209	0.1096853791433682	0.5941499085923219	0.0959006273491713	0.2374777723443163	0.5714213168509329	0.0385745157923079	0.1119905297196037	0.5967107744987087	0.0227626381579954	0.0787937474699843	0.609420794521343	zscore, ulm	0.4359249013010086	0.7268546376853405	
NadigOConner2024_jurkat	NANOG	0.6663111818079974	0.8455708565235106	0.4872874024830131	0.7733687746195241	0.9004978882556104	0.4778140116880575	0.7669405394968387	0.9586756743710484	0.4784405321141962	0.8091868649699019	0.9560921710540908	0.4741186771244023				
ReplogleWeissman2022_K562_essential	NANOG	0.354696222555056	0.682790228418483	0.5096795040390757	0.1778583975879527	0.3912884746934959	0.5239872252489197	0.2388153877593561	0.6167874863621575	0.5184437347360511	0.1877691649425297	0.5163652035919568	0.5230155927108773				
ReplogleWeissman2022_K562_gwps	NANOG	0.780563678415035	0.9333724408560736	0.4859549097440351	0.6123458966205576	0.8561110961687611	0.4948210261494569	0.8176467580928084	0.9624383715050766	0.4835536858234475	0.7720144041583771	0.9534166958458644	0.486473714674964				
ReplogleWeissman2022_rpe1	NANOG	0.4420607923374768	0.570194355333847	0.5049748337665626	0.3631472938565454	0.4896986235338263	0.5119478762035494	0.3832598132364988	0.5016194614418882	0.5101346417827624	0.2548144857264094	0.3657820843492005	0.5225060116631133				
ReplogleWeissman2022_K562_gwps	NCOA1	0.3145491317862661	0.7108810378369613	0.510236273804094	0.2616956757821443	0.603502272722088	0.5135239750432147	0.1752295779154915	0.5551848384068339	0.5197881022222318	0.1752295779154915	0.5908814566976147	0.5197881022222318				
ReplogleWeissman2022_K562_gwps	NCOA2	0.3475061890560088	0.7590365183523944	0.5080137371842123	0.129797848729863	0.4681280814938175	0.5230428868190042	0.1902281523109726	0.5551848384068339	0.5179269583863835	0.1902281523109726	0.5908814566976147	0.5179269583863835				
ReplogleWeissman2022_K562_gwps	NCOA3	0.3727516164120699	0.7728611496250257	0.5101687485957326	0.283759328608856	0.6349466164911035	0.5179113173112172	0.2270156066465529	0.5868983996776548	0.5234566460773146	0.2270156066465529	0.6107800845490591	0.5234566460773146				
ReplogleWeissman2022_K562_gwps	NCOA6	0.0001648930769349	0.0033878032170269	0.5640292156262732	0.0004541649638005	0.0073315201299236	0.5591571333606302	0.0004408572561816	0.0066422493264707	0.5593051173463577	0.0004408572561816	0.0071166957069329	0.5593051173463577	z-aggregate, ulm	0.4718126081312721	0.9443843250080984	
NadigOConner2024_hepg2	NELFA	7.489291644376618e-05	0.0003964919105846	0.6736745886654478	0.0007303497017367	0.0035529823276159	0.6458612634572415	0.0005726121474659	0.0025767546635966	0.6490605321958155	0.0005726121474659	0.0025767546635966	0.6490605321958155	z-aggregate, ulm	0.0523501312955213	0.1369157280036711	
NadigOConner2024_jurkat	NELFA	0.0014069154013616	0.0108716190105215	0.5791229762603808	0.0019115148410494	0.0147707964990187	0.5766078069513183	0.0077863702656819	0.0509108825063818	0.5640634174985321	0.0077863702656819	0.0551534560485803	0.5640634174985321	z-aggregate, viper	0.700796687515084	1.0	
ReplogleWeissman2022_K562_essential	NELFA	0.001005986326524	0.0055329247958821	0.5959801425606941	0.0006297995371868	0.0037303511048758	0.6002243571056854	0.0008552750712378	0.0070620887095535	0.597469018637403	0.0008552750712378	0.0073173533872567	0.597469018637403	viper, ulm	0.7026666071895165	0.7766315132094656	
ReplogleWeissman2022_K562_gwps	NELFA	0.1763301618902337	0.5612762899604624	0.5216421352553497	0.155685058370547	0.4754705836722113	0.5235739131872617	0.2151124111465052	0.5738160332863387	0.5183684036930704	0.2151124111465052	0.6049978475876887	0.5183684036930704				
ReplogleWeissman2022_rpe1	NELFA	1.0577315438324964e-08	5.5375357294760116e-08	0.7246771562792765	9.171306902864614e-06	3.71021051979523e-05	0.6719024863684463	2.9970860749886447e-06	1.2701936222570924e-05	0.6816299226927458	2.9970860749886447e-06	1.2701936222570924e-05	0.6816299226927458	z-aggregate, ulm	0.0001687280541394	0.0011178233586736	z-aggregate
NadigOConner2024_hepg2	NELFB	0.0016369982338701	0.0066968109567413	0.5829171104162988	0.0013155660782104	0.0056381403351875	0.5848572692359533	0.0014775235643903	0.006332243847387	0.5838568155197519	0.0014775235643903	0.006332243847387	0.5838568155197519	viper, ulm	0.843637450759445	0.9252797847039074	
NadigOConner2024_jurkat	NELFB	0.3237698327605079	0.53961638793418	0.5092971820583067	0.3061038866074341	0.520376607232638	0.5103087193945507	0.8520486343291325	0.9787045124050846	0.4787444170054484	0.8520486343291325	0.9787045124050846	0.4787444170054484				
ReplogleWeissman2022_K562_essential	NELFB	0.5263045182800863	0.8155985603347663	0.4983565354565646	0.197860654951089	0.4009281692429963	0.521158181476611	0.4512299133207874	0.8153773710477139	0.50305348045662	0.4512299133207874	0.8313085811442766	0.50305348045662				
ReplogleWeissman2022_K562_gwps	NELFB	0.6115544558931846	0.8604711934747354	0.4944262647020136	0.5272839848870604	0.8261402458426447	0.4986537063096736	0.7662890384212566	0.9463460255912788	0.4857059448378218	0.7662890384212566	0.9515457290285934	0.4857059448378218				
ReplogleWeissman2022_rpe1	NELFB	1.0867783967749648e-15	1.3817611044710267e-14	0.6912407810814649	4.957224585900817e-09	3.676608234543106e-08	0.6382951081192952	4.209040051860495e-10	3.121704705129867e-09	0.6480577200228413	4.209040051860495e-10	3.121704705129867e-09	0.6480577200228413	z-aggregate, ulm	2.592145358675335e-08	6.869185200489639e-07	z-aggregate
NadigOConner2024_hepg2	NELFCD	0.0682127942238976	0.1497570688536545	0.5617281647576765	0.1466142281618971	0.3132250936842253	0.543566847823834	0.3657412781318418	0.567529569514927	0.5142251903808446	0.4411621807690742	0.6845620046416669	0.5061373726821625				
NadigOConner2024_jurkat	NELFCD	0.0243559560967663	0.0941025576465972	0.5555148437908052	0.0234515073426994	0.088555894218587	0.5559675093738179	0.0754102808552598	0.2136624624232363	0.5404621304088393	0.1558868333110701	0.41407440098253	0.5284886509141155	viper, z-aggregate	0.9513551118546394	1.0	
ReplogleWeissman2022_K562_essential	NELFCD	0.975934141287634	0.9999881318155772	0.4591818287379033	0.9638760672005104	0.99999102861759	0.4628718456079004	0.9247555958684992	0.999974251399644	0.4703023854950122	0.8924394664722444	0.9999654569773756	0.4743962155319147				
ReplogleWeissman2022_K562_gwps	NELFCD	0.1243276579006699	0.4683008447591899	0.5162761240082303	0.1402065884723013	0.4681280814938175	0.5152290387568298	0.1426438580139948	0.5128379885779304	0.5150755986828983	0.1756728126616169	0.5908814566976147	0.5131492572402148				
ReplogleWeissman2022_rpe1	NELFCD	1.12792937519723e-10	8.365476199379457e-10	0.6803703940850176	7.995574708531311e-06	3.388600709806127e-05	0.622693251285646	1.1999990378238708e-05	4.449996431930187e-05	0.6201177469687065	0.0002872290797339	0.0009467921517154	0.5979197136868214	z-aggregate, viper	4.0928218389072154e-08	7.230651915402746e-07	z-aggregate
NadigOConner2024_hepg2	NELFE	0.0202581191408128	0.0607743574224385	0.580875106266128	0.0359309340556305	0.1115097953450603	0.5711061457557497	0.0337970904963406	0.1081089431641185	0.5722007809149796	0.0337970904963406	0.1086335051668092	0.5722007809149796	z-aggregate, ulm	0.4665939339768139	0.7268546376853405	
NadigOConner2024_jurkat	NELFE	0.6730806760470096	0.8455708565235106	0.4884965344769734	0.5588003997920582	0.7307389843434607	0.4962054882140759	0.8514868022478645	0.9787045124050846	0.4732483642311886	0.8514868022478645	0.9787045124050846	0.4732483642311886				
ReplogleWeissman2022_K562_essential	NELFE	0.4032423370687507	0.7112748856869288	0.5083059043334817	0.3351106732318056	0.5985926464188795	0.514438505426181	0.4156605510015601	0.798400376388726	0.507222469562174	0.4156605510015601	0.8313085811442766	0.507222469562174				
ReplogleWeissman2022_K562_gwps	NELFE	0.0029246679173499	0.034788155227426	0.5675434617125705	0.0025700261751101	0.0341662303279349	0.568576631022462	0.0028229052243884	0.0354431433728775	0.5678303540910487	0.0028229052243884	0.033577714774305	0.5678303540910487	viper, ulm	0.8833597405843815	0.9880113414132295	
ReplogleWeissman2022_rpe1	NELFE	7.21292120781311e-17	1.0699166458256112e-15	0.7641740377361717	1.1925636672506054e-11	9.648924216845808e-11	0.7137325215362028	2.4985002450251533e-12	2.0215138346112602e-11	0.7209440240376294	2.4985002450251533e-12	2.0215138346112602e-11	0.7209440240376294	z-aggregate, ulm	9.88776125192376e-06	8.734189105865987e-05	z-aggregate
NadigOConner2024_hepg2	NF1	0.99263805727342	0.9983473175584424	0.3559144153294062	0.993547479267266	0.9949179113747584	0.3531214029385876	0.999398996154188	0.999967658746436	0.3086955785767486	0.999393540166182	0.9998294649312244	0.3088479247071568				
ReplogleWeissman2022_rpe1	NF1	0.0004540648006018	0.0012628677266738	0.6209606422083422	0.0022310648156653	0.0055248985028793	0.6037072733822054	0.0004212051717141	0.0012926641476745	0.6217596475197456	0.0008184447171441	0.0025117786146837	0.6148585781460574	ulm, z-aggregate	0.9656369264015296	1.0	
ReplogleWeissman2022_K562_gwps	NFATC2	0.4900314626972124	0.8060095249236381	0.5004334962640354	0.411111630374964	0.7843860927420261	0.5038974168115753	0.3902123853993774	0.7602413715539595	0.5048354695590844	0.3119375759773786	0.6756608631282076	0.5085058696994692				
ReplogleWeissman2022_K562_gwps	NFE2L2	0.065046920528555	0.3000123273357845	0.537098689339087	0.0293089934330987	0.2015114625335298	0.5463459668504558	0.0851033034066726	0.3846669313981604	0.5336138460403694	0.0851033034066726	0.3876321191571744	0.5336138460403694				
ReplogleWeissman2022_K562_gwps	NFKB1	0.3295577602362127	0.7364066510260594	0.5071564007608027	0.2978519579026993	0.6518861534424408	0.5086075818130554	0.3653005535508521	0.7602413715539595	0.5055859070271418	0.1346799998601341	0.5024802922847881	0.5179185647750697				
ReplogleWeissman2022_K562_gwps	NFKB2	0.9236468361862732	0.9984915547777272	0.4740040773202307	0.9141874574978884	0.9955498437384808	0.4751483438435881	0.8853185036150393	0.9856255261921129	0.4781479844228039	0.8721734620075589	0.9709911448951148	0.4793346821986593				
PapalexiSatija2021_eccite_RNA	NFKBIA	0.0135758515309823	0.0226264192183039	0.5262213611590696	0.0512100341468068	0.0731571916382955	0.519384039254823	0.025466711343457	0.0363810162049386	0.5231677585577026	0.0594431859072561	0.0849188370103659	0.5185085382648252	z-aggregate, ulm	0.5420053646317959	0.585960175386393	
ReplogleWeissman2022_K562_gwps	NFKBIA	0.2260641955424085	0.6307470147232634	0.5135850991612014	0.5371343274781577	0.8261402458426447	0.4983053720561332	0.4805749133066777	0.8246185229807445	0.5008855736125286	0.1917417683780652	0.5908814566976147	0.5158435701157906				
SunshineHein2023	NFKBIA	0.9299300887469446	0.9680896040210912	0.4666265443313954	0.9464153169232016	0.9464153169232016	0.4635549146075581	0.6404286205206681	0.8775056108097334	0.4918657642926356	0.637703273099196	0.8654544420631947	0.4920304172722868				
ReplogleWeissman2022_K562_gwps	NFYA	0.3894353879403542	0.7858249792367863	0.5071988965930623	0.3342444186098715	0.6867203509620997	0.5109787196321696	0.2183547737284297	0.5738160332863387	0.5199401019722765	0.2183547737284297	0.6049978475876887	0.5199401019722765				
NadigOConner2024_hepg2	NFYB	0.0139839424934908	0.0449483865862205	0.5628720761261895	0.0011478048890971	0.0051651220009369	0.587225972280817	0.0027387107158599	0.0112038165648816	0.5794582727855123	0.0027387107158599	0.0112038165648816	0.5794582727855123	viper, ulm	0.4703177067375733	0.7268546376853405	
NadigOConner2024_jurkat	NFYB	0.0360159803928143	0.1275565972245509	0.6108242902136032	0.0088729477219652	0.0443647386098261	0.6460600468234057	0.0158152182941814	0.0770268699861936	0.6323943232340179	0.0158152182941814	0.0866552287344678	0.6323943232340179	viper, ulm	0.3813080558280775	0.8221148564516225	
ReplogleWeissman2022_K562_essential	NFYB	0.7364852183395589	0.945156030202434	0.4654464453449988	0.583545357841403	0.8023748670319292	0.4884765572582593	0.7122888913677741	0.9251412300389404	0.4694050079171251	0.7122888913677741	0.8945628576063837	0.4694050079171251				
ReplogleWeissman2022_K562_gwps	NFYB	0.5510993122777956	0.8392270941569527	0.4960675286696427	0.7465269191227766	0.9109777113491266	0.4796819930323977	0.8147871441109755	0.9624383715050766	0.4725763036772286	0.8147871441109755	0.9691678661530552	0.4725763036772286				
ReplogleWeissman2022_rpe1	NFYB	0.1830417913625089	0.2761138886654796	0.5294584124033552	0.0003768449749174	0.0012421926950982	0.6098120397902902	8.943377600219788e-05	0.0003183842425678	0.6221275538554192	8.943377600219788e-05	0.000346069828878	0.6221275538554192	ulm, zscore	1.0	1.0	
NadigOConner2024_hepg2	NFYC	0.0031755301462152	0.0119082380483071	0.5773477592662858	2.3072671553401266e-05	0.0001781165118389	0.6154745342424277	0.0004090379955183	0.0020451899775918	0.5948493593797309	0.0004090379955183	0.0020451899775918	0.5948493593797309	viper, ulm	0.0218264937968905	0.074210078909428	viper
NadigOConner2024_jurkat	NFYC	0.2959741815048404	0.5134246005696212	0.5346321617313984	0.0372716527511959	0.1218496339942945	0.6152126499454743	0.0241834822095488	0.0955789839979	0.6275438302155859	0.0241834822095488	0.1001303641882762	0.6275438302155859	ulm, zscore	1.0	1.0	
ReplogleWeissman2022_K562_essential	NFYC	0.8159664762483729	0.9923877742199604	0.44324271132462	0.7780251869203949	0.901197295274289	0.4517279013803529	0.7313150042908755	0.9251412300389404	0.4611076818478659	0.7313150042908755	0.8945628576063837	0.4611076818478659				
ReplogleWeissman2022_K562_gwps	NFYC	0.4459611894009737	0.7886027772090635	0.5075501152831448	0.8817349319324993	0.9816359340726348	0.4342265605416446	0.572991157414474	0.8575894144084181	0.4897764077821706	0.572991157414474	0.85194737878731	0.4897764077821706				
ReplogleWeissman2022_rpe1	NFYC	0.1085841875091059	0.1757089579692806	0.5332466455373032	0.0052248112920618	0.0122370580261448	0.5689821347102668	0.0021313350176914	0.0051924995712617	0.5769955314115482	0.0021313350176914	0.0054196804735582	0.5769955314115482	ulm, zscore	1.0	1.0	
ReplogleWeissman2022_K562_gwps	NPAS2	0.3492911411887124	0.7590365183523944	0.5082687119929664	0.2259352895200399	0.5937369236224306	0.5160735125190916	0.2713220030265608	0.6593416417634704	0.5130079398471352	0.2713220030265608	0.6523273689787527	0.5130079398471352				
GasperiniShendure2019_lowMOI	NPM1	0.2742314400258431	0.5092869600479943	0.5324766150887315	0.3954054140371777	0.5711411536092568	0.5143806276772446	0.1514342953942647	0.2870609539073149	0.5557303960136375	0.1699706328681425	0.3674555161651616	0.5516216452487106				
NadigOConner2024_hepg2	NPM1	0.6210207695769897	0.7644125203619232	0.4869630609254865	0.8358139253793868	0.9644006831300616	0.4586461291117247	0.7282541509255426	0.8652039260487813	0.4742956422523889	0.6978647526601994	0.8487544289110533	0.4780729619113065				
NadigOConner2024_jurkat	NPM1	0.9789069093003804	0.9999999809091804	0.4514903293529247	0.9852864399685224	0.9999999997133712	0.4480034098354709	0.9915016748922364	0.9999999984302912	0.4430116510269182	0.9798319131631764	0.99999999998846	0.4510459624963442				
ReplogleWeissman2022_K562_essential	NPM1	0.8632891454217904	0.9999881318155772	0.4390764049790914	0.8743994483258648	0.9482923594519944	0.4361714711141725	0.8276859354663282	0.9921142109241444	0.4474293944517503	0.6433111901712681	0.8945628576063837	0.4795680519896187				
ReplogleWeissman2022_K562_gwps	NPM1	0.2772815138742594	0.6834057540939562	0.5179926586104968	0.1354778590686454	0.4681280814938175	0.533518729477987	0.2163493010138757	0.5738160332863387	0.5238887027481814	0.1411606784559166	0.5086786811997034	0.532734853730632				
ReplogleWeissman2022_rpe1	NPM1	0.9999666024352925	0.99999994418258	0.3241265060854716	0.99998672087362	0.9999993961427562	0.3147002907740867	0.9999998634129468	0.9999999999999952	0.2732420597482675	0.999992118114612	0.999999999999992	0.3095572368514891				
ReplogleWeissman2022_K562_gwps	NR1H4	0.2591933288799949	0.6656555946236233	0.5146799533672437	0.1699506191992971	0.4988161031044305	0.5217360504419581	0.157836890488532	0.5412459692613036	0.5228526727053949	0.1050971436525374	0.4242355999574035	0.5285384227023774				
ReplogleWeissman2022_K562_gwps	NR1I2	0.4546378861730594	0.7886027772090635	0.5028521346924236	0.4347343000604732	0.810985357816867	0.504117225315517	0.3875557562904979	0.7602413715539595	0.5071577959842983	0.3202535700269234	0.6756608631282076	0.5116999091577364				
ReplogleWeissman2022_K562_gwps	NR3C1	0.851889653909808	0.9741417727909524	0.4759089013624503	0.5782695458325182	0.8298497066840947	0.4954457937155957	0.7364967767906334	0.9360845083614904	0.4854107134244536	0.7160882953065816	0.9347977731237102	0.4868249796940643				
ReplogleWeissman2022_K562_gwps	NR4A1	0.2659564475397863	0.6753500802695698	0.5146991643194446	0.3420790379847367	0.6902666302192009	0.5095662369257109	0.1695154787784719	0.5551848384068339	0.5224832284757117	0.262468126983319	0.6447586597633707	0.514950432085589				
NadigOConner2024_hepg2	NRF1	0.0006032468731393	0.0027146109291269	0.6711625702484936	0.0024216076023434	0.0094758558352568	0.6489538899045297	0.0148237170620546	0.051312866753266	0.6149840882930463	0.0148237170620546	0.0555889389827048	0.6149840882930463	z-aggregate, viper	0.2558755015294148	0.4833203917777836	
NadigOConner2024_jurkat	NRF1	3.2440404584289057e-13	6.893585974161424e-12	0.7314056219908637	1.053084387941248e-11	2.2378043243751518e-10	0.7155916367112296	2.0279424025638859e-13	4.309377605448257e-12	0.7334613365147716	2.0279424025638859e-13	4.309377605448257e-12	0.7334613365147716	ulm, zscore	1.0	1.0	
ReplogleWeissman2022_K562_essential	NRF1	6.081030781345229e-07	1.0117622181269098e-05	0.6692069144837688	4.516176454109149e-05	0.0004058435985223	0.636510412837917	4.6520173693476286e-06	5.9700889573294565e-05	0.6545548848720483	4.6520173693476286e-06	5.9700889573294565e-05	0.6545548848720483	z-aggregate, ulm	0.2119013350678906	0.4449928036425704	
ReplogleWeissman2022_K562_gwps	NRF1	0.029976577573296	0.1831001765287811	0.5520519707587636	0.099247429732851	0.4577534514209046	0.535580137058306	0.0192010920340661	0.149636096541343	0.5572926957771607	0.0192010920340661	0.1446482266566316	0.5572926957771607				
ReplogleWeissman2022_rpe1	NRF1	4.095357927157935e-06	1.735651692938363e-05	0.6772746735351445	0.0013238178945815	0.0036225190022895	0.619475639332175	0.0030051007431672	0.0070062388709529	0.6091927609858999	0.0030051007431672	0.007384954485599	0.6091927609858999	z-aggregate, viper	8.069985073324157e-06	8.554184177723606e-05	z-aggregate
ReplogleWeissman2022_K562_gwps	PARP1	0.3988982971160653	0.7866076685626742	0.5046124628389557	0.3083173738565099	0.6573559102978419	0.509012933056356	0.516090472149719	0.8272088418853653	0.4992737135902282	0.5879326170719998	0.8569066927310038	0.4959991522372988				
TianKampmann2021_CRISPRi	PARP1	0.0387182525666422	0.1382461872562276	0.5433967755078284	0.0228704471377864	0.1372226828267189	0.5491182119783482	0.0114594118681272	0.0687564712087634	0.5559280600663523	0.012677308486557	0.0760638509193424	0.5549735172574355	ulm, zscore	0.8867359986435034	0.8867359986435034	
ReplogleWeissman2022_K562_gwps	PITX1	0.0878109587398609	0.3744391825511051	0.5268135548646574	0.0367872974528931	0.2367048080943836	0.5355248135396924	0.0980761723935381	0.4262541338642235	0.5256638796134623	0.0486705453052439	0.2820395702303878	0.5329165818497216				
ReplogleWeissman2022_K562_gwps	PML	0.9251697470236896	0.9984915547777272	0.4672041947837407	0.9512414972921466	0.9999096669210472	0.4622608063004999	0.9434169852718868	0.999996985483837	0.463920922432878	0.9434169852718868	0.99999607242354	0.463920922432878				
ReplogleWeissman2022_K562_gwps	POLE3	0.5926106880321591	0.8598056075062562	0.4940417138728158	0.3558650542093579	0.7066456198921215	0.5094004520362149	0.4170433954835362	0.7854317281606598	0.5053284898655475	0.4170433954835362	0.7574457107414296	0.5053284898655475				
NadigOConner2024_hepg2	POLR2A	1.7941870702284302e-06	1.3456403026713227e-05	0.7856997765590088	0.0006732614292495	0.0035529823276159	0.6977729765663953	8.241549695806982e-05	0.0004944929817484	0.7324247964101712	8.241549695806982e-05	0.0004944929817484	0.7324247964101712	z-aggregate, ulm	0.0417859409587905	0.1291534521750435	
NadigOConner2024_jurkat	POLR2A	0.2302009041783636	0.4348239301146869	0.5533145289824679	0.2441222628558385	0.4414977094201334	0.5500587199060482	0.315445908172396	0.5379942825833613	0.534702415904706	0.315445908172396	0.5723343431737886	0.534702415904706				
ReplogleWeissman2022_K562_essential	POLR2A	0.0257347749425448	0.1042935616092607	0.5292780121432921	0.0015652194844562	0.0073544065825991	0.5444177839328096	0.0823031487430566	0.2880610206006983	0.5208924916371018	0.0823031487430566	0.2880610206006983	0.5208924916371018	viper, z-aggregate	0.0002203597473692	0.0011568886736883	viper
ReplogleWeissman2022_K562_gwps	POLR2A	0.3811588269520361	0.776053107127569	0.5058552287392171	0.2592378625087553	0.603502272722088	0.5125007925587522	0.2809308391071397	0.6683196804022482	0.5112304147839327	0.2809308391071397	0.654056099094671	0.5112304147839327				
ReplogleWeissman2022_rpe1	POLR2A	0.126693815081303	0.2013526703970709	0.604267063874529	0.1170345544460165	0.1893831881035541	0.6086830806974503	0.1365348233053986	0.2169928441817942	0.6001051432576886	0.1365348233053986	0.2250296161885273	0.6001051432576886				
NadigOConner2024_hepg2	POLR2B	7.299175359925802e-08	6.059863723615837e-07	0.6418989185594912	0.0001337861891455	0.0009262120787001	0.5984329616261366	1.1987060960048552e-05	9.807595330948817e-05	0.6140807755676739	1.1987060960048552e-05	8.990295720036416e-05	0.6140807755676739	z-aggregate, ulm	0.0026320912255125	0.0149151836112378	z-aggregate
NadigOConner2024_jurkat	POLR2B	0.393870021671973	0.6106442913713599	0.512799352494009	0.4907531582119116	0.6770166648554896	0.5011029820190125	0.4222177496092799	0.6771416739016753	0.5093283032214331	0.4222177496092799	0.6771416739016753	0.5093283032214331				
ReplogleWeissman2022_K562_essential	POLR2B	0.6354864064660015	0.8584640929453002	0.4938703353131307	0.0980735815318613	0.297296046900487	0.5228726123898019	0.7164706067844989	0.9251412300389404	0.4898718602457096	0.7164706067844989	0.8945628576063837	0.4898718602457096				
ReplogleWeissman2022_K562_gwps	POLR2B	0.7153628700376851	0.8981778257139823	0.4872344299129103	0.6989412693580501	0.9109777113491266	0.4883056719271376	0.7266721342126456	0.9360845083614904	0.4864793490116735	0.7266721342126456	0.9347977731237102	0.4864793490116735				
ReplogleWeissman2022_rpe1	POLR2B	0.0009194508722118	0.0022432882949235	0.6876102385151943	0.0025677317883178	0.0061764359232509	0.6686234995180934	0.0011373424116233	0.0030673780192265	0.6838921291128728	0.0011373424116233	0.0031632335823273	0.6838921291128728	z-aggregate, ulm	0.8745096226458655	1.0	
SunshineHein2023	POLR2B	0.6410513037993605	0.9369211363221422	0.4536783854166666	0.5265697021913254	0.8214738472741585	0.4911458333333333	0.743041447949412	0.8775056108097334	0.4134114583333333	0.743041447949412	0.9279698012073512	0.4134114583333333				
NadigOConner2024_hepg2	POLR2C	7.32116104793162e-09	8.236306178923073e-08	0.7159147422023296	2.1240175979255107e-06	2.4137244652952332e-05	0.6753626538345696	2.746786104441085e-07	3.09013436749622e-06	0.6909720033341038	2.746786104441085e-07	3.09013436749622e-06	0.6909720033341038	z-aggregate, ulm	0.0572305732712791	0.1389885350873923	
NadigOConner2024_jurkat	POLR2C	0.2271813249539377	0.4348239301146869	0.5683331935240332	0.1067053073430971	0.2519430867823128	0.6136397953191846	0.2293196913034614	0.4873043440198556	0.5676872745575036	0.2293196913034614	0.5129519410735323	0.5676872745575036				
ReplogleWeissman2022_K562_essential	POLR2C	0.5680310288803534	0.8190456366864579	0.4959459947024843	0.1232118361515706	0.3271486684024462	0.5274231654957308	0.627555850563017	0.9124805922409664	0.4923019310178371	0.627555850563017	0.8945628576063837	0.4923019310178371				
ReplogleWeissman2022_K562_gwps	POLR2C	0.1699463540776245	0.5486839431649021	0.531412941410931	0.0570735196214096	0.3224653858609643	0.5519996588548488	0.0874883443762805	0.3876934476282234	0.5446451959887596	0.0874883443762805	0.3876321191571744	0.5446451959887596				
ReplogleWeissman2022_rpe1	POLR2C	0.0001131825658166	0.0003730832725067	0.7509954535276536	0.0003362506004493	0.001151011670769	0.7315731573157315	0.0001968815387348	0.0006258020338357	0.7413573215728653	0.0001968815387348	0.000673940651823	0.7413573215728653	z-aggregate, ulm	0.6565015241063786	1.0	
NadigOConner2024_hepg2	POLR2D	0.0007224327293871	0.0030961402688018	0.602344396387291	0.0090851839119818	0.0314487135414757	0.5759352566103357	0.006444720888155	0.0252184730406068	0.5799433222851424	0.006444720888155	0.0252184730406068	0.5799433222851424	z-aggregate, ulm	0.0455835713558977	0.1291534521750435	
NadigOConner2024_jurkat	POLR2D	0.172586490116854	0.3667462914983149	0.5279260338897743	0.2738718229826269	0.4849813531984018	0.5177837429745826	0.2544044589918697	0.5029014588440124	0.5195453401560272	0.2544044589918697	0.5396991265643061	0.5195453401560272				
ReplogleWeissman2022_K562_essential	POLR2D	0.268320145163555	0.6359749155028492	0.5115039963099236	0.1072646312360601	0.3059028372287642	0.5231084158483892	0.2633077203480158	0.6335842020874132	0.5117884651512304	0.2633077203480158	0.6335842020874132	0.5117884651512304				
ReplogleWeissman2022_K562_gwps	POLR2D	0.5010319912950317	0.8088087859476941	0.4999589458820338	0.4904919409876077	0.8247823973684612	0.5003784890954288	0.410578995509093	0.7818094998627368	0.5035894297554757	0.410578995509093	0.7574457107414296	0.5035894297554757				
ReplogleWeissman2022_rpe1	POLR2D	0.4833638026445429	0.5853600833535333	0.501404278193904	0.5479721833894078	0.6680756756391409	0.4959422754042924	0.3678061622523242	0.4885783349321919	0.5113692067604273	0.3678061622523242	0.495981036976619	0.5113692067604273				
NadigOConner2024_hepg2	POLR2E	5.70074996942193e-12	1.0261349944959473e-10	0.673355941033907	5.7756333188333535e-06	5.775633318833353e-05	0.6120934141504357	4.9770280276897696e-08	8.958650449841586e-07	0.6361602262630773	4.9770280276897696e-08	1.119831306230198e-06	0.6361602262630773	z-aggregate, ulm	1.3611638893302575e-05	0.0001542652407907	z-aggregate
NadigOConner2024_jurkat	POLR2E	0.6390260692832244	0.8455708565235106	0.475068712158968	0.5898348206251454	0.7495828228298036	0.4840888792393058	0.654829850344157	0.8433414739280809	0.472088306843583	0.654829850344157	0.88350059173418	0.472088306843583				
ReplogleWeissman2022_K562_essential	POLR2E	0.1021381177054194	0.2912827801228628	0.5251307039878244	0.0718310242692778	0.2404777769014954	0.528947935703767	0.0946858420701049	0.3169917321477426	0.5259815027560598	0.0946858420701049	0.3169917321477426	0.5259815027560598				
ReplogleWeissman2022_K562_gwps	POLR2E	0.2929454260852979	0.6858545805559533	0.507545261710342	0.1967067680934764	0.5488361677669837	0.5118199281099882	0.1913669556349049	0.5551848384068339	0.5120889827889957	0.1913669556349049	0.5908814566976147	0.5120889827889957				
ReplogleWeissman2022_rpe1	POLR2E	1.0725084184616748e-06	4.772662462154453e-06	0.6515548166083606	3.794606095943928e-07	1.9865878972882917e-06	0.6582341916470946	3.0918419759845573e-08	1.6186702109566213e-07	0.6732000094030555	3.0918419759845573e-08	1.528744088125698e-07	0.6732000094030555	ulm, zscore	1.0	1.0	
NadigOConner2024_hepg2	POLR2F	3.9799648269566577e-10	5.969947240434987e-09	0.7012138836821223	3.9207186740896036e-07	5.881078011134406e-06	0.6617195956977966	8.220131901668979e-08	1.2330197852503467e-06	0.6714234656751955	8.220131901668979e-08	1.479623742300416e-06	0.6714234656751955	z-aggregate, ulm	0.0109419808632717	0.0465034186689049	z-aggregate
NadigOConner2024_jurkat	POLR2F	0.0641770833570308	0.1948232887624149	0.5686767152043637	0.0212171551260405	0.08587896122445	0.5916470422149066	0.065103619786874	0.2084044143691286	0.5683452648636041	0.065103619786874	0.2164199687679412	0.5683452648636041	viper, z-aggregate	0.1205998935706904	0.499628130507146	
ReplogleWeissman2022_K562_essential	POLR2F	0.0546162456527342	0.1911568597845698	0.5266410828237775	0.0075510332416195	0.0323016422002612	0.5404180276705473	0.0396973916271673	0.1698166197384381	0.5291786101701078	0.0396973916271673	0.1798058326642286	0.5291786101701078	viper, ulm	0.0156117420642735	0.0546410972249572	viper
ReplogleWeissman2022_K562_gwps	POLR2F	0.0474655728967312	0.2465309387747354	0.5363805032500167	0.180068353123465	0.5159435913305103	0.51993605051385	0.1162423018452468	0.4691207181611748	0.5260115562919958	0.1162423018452468	0.4529441416728584	0.5260115562919958				
ReplogleWeissman2022_rpe1	POLR2F	0.0009326029990131	0.0022432882949235	0.6026779669117355	0.0009944098916441	0.002854918721172	0.602063493327841	0.0009010062395926	0.0025059236038671	0.6030261686092756	0.0009010062395926	0.0025867598491532	0.6030261686092756	ulm, zscore	1.0	1.0	
NadigOConner2024_hepg2	POLR2G	2.0318541298258177e-06	1.4066682437255664e-05	0.7358095927280114	0.0003422108682615	0.0021872602643099	0.673871369083892	1.9209721129782308e-05	0.0001234910644057	0.7107899146861669	1.9209721129782308e-05	0.0001234910644057	0.7107899146861669	z-aggregate, ulm	0.1610039044616081	0.351885069502739	
NadigOConner2024_jurkat	POLR2G	0.9549434620144412	0.9999999809091804	0.3269650197131113	0.9790067956803612	0.9999999997133712	0.2938931297709923	0.9766599752525288	0.9999999984302912	0.2981608086569919	0.9766599752525288	0.99999999998846	0.2981608086569919				
ReplogleWeissman2022_K562_essential	POLR2G	0.83772993927659	0.9923877742199604	0.4727434973442864	0.6523878101553768	0.8514213793553222	0.4891611019076733	0.9342715144339648	0.999974251399644	0.4582677232592693	0.9342715144339648	0.9999654569773756	0.4582677232592693				
ReplogleWeissman2022_K562_gwps	POLR2G	0.1242464232452031	0.4683008447591899	0.5533585224666107	0.0630449238506432	0.3475159217133017	0.5707297460296187	0.1670229265915483	0.5551848384068339	0.5446653505086796	0.1670229265915483	0.5837898132574535	0.5446653505086796				
ReplogleWeissman2022_rpe1	POLR2G	0.2438069108766265	0.3557182798036026	0.5708402698676946	0.3158385098300262	0.4392129277323803	0.5498225707526504	0.3125753211390253	0.4279877474057424	0.5507754315254534	0.3125753211390253	0.4279877474057424	0.5507754315254534				
NadigOConner2024_hepg2	POLR2H	5.838829550409857e-06	3.503297730245915e-05	0.7209141998904339	0.0016004862729734	0.0065474438439822	0.6486436577844256	0.0004663921287624	0.0022092258730851	0.6669128826350033	0.0004663921287624	0.0022092258730851	0.6669128826350033	z-aggregate, ulm	0.0013885972914627	0.0094424615819468	z-aggregate
NadigOConner2024_jurkat	POLR2H	0.1083641493527404	0.270910373381851	0.5989623999019185	0.1346606884152141	0.293491243981877	0.5884960606041052	0.096987928999383	0.2576241864046113	0.6040600620753294	0.096987928999383	0.2944276416052701	0.6040600620753294				
ReplogleWeissman2022_K562_essential	POLR2H	0.3029669399837872	0.6359749155028492	0.5174912952063802	0.1516457992104548	0.3538401981577279	0.5349015258158573	0.5291276705098086	0.8523820996295155	0.4975230262057393	0.5291276705098086	0.852733256046013	0.4975230262057393				
ReplogleWeissman2022_K562_gwps	POLR2H	0.202891527427845	0.5878651948550383	0.5366082323368486	0.1871287264677366	0.5286386522713559	0.5391268979209555	0.3260375879702522	0.7284865111448448	0.5198549453083972	0.3260375879702522	0.6756608631282076	0.5198549453083972				
ReplogleWeissman2022_rpe1	POLR2H	0.0049284805246198	0.0104436849212182	0.6924033996319986	0.0240981007897151	0.0476606882285477	0.6473611962966208	0.023133908101054	0.0467935868407683	0.6486521218493531	0.023133908101054	0.0467935868407683	0.6486521218493531	z-aggregate, ulm	0.1177084973081863	0.2835704707879035	
NadigOConner2024_hepg2	POLR2I	7.313876989756482e-15	1.6456223226952086e-13	0.6949870104878284	1.3340719736419722e-07	3.0016619406944374e-06	0.6305403973064898	1.2228620311767938e-07	1.5722511829415916e-06	0.6309542900517595	1.2228620311767938e-07	1.8342930467651904e-06	0.6309542900517595	z-aggregate, ulm	1.655517166433695e-12	5.628758365874562e-11	z-aggregate
NadigOConner2024_jurkat	POLR2I	0.0076707198375502	0.0407506991369857	0.5655748168194235	0.0043419385209781	0.0283895980217798	0.5709858014537736	0.0243671968279836	0.0955789839979	0.553312933332847	0.0243671968279836	0.1001303641882762	0.553312933332847	viper, z-aggregate	0.4535806104560675	0.8221148564516225	
ReplogleWeissman2022_K562_essential	POLR2I	7.324902689768483e-05	0.0006148226077274	0.57656176545406	2.239072289627949e-05	0.000246297951859	0.5822961113952542	0.0037387492800334	0.0208738777964223	0.5539349415329522	0.0037387492800334	0.0208738777964223	0.5539349415329522	viper, z-aggregate	0.346519954989946	0.661538095889897	
ReplogleWeissman2022_K562_gwps	POLR2I	0.0015586606057638	0.023483819793508	0.5833322803087595	0.0040482081944212	0.0508275028855108	0.5746526135750823	0.0073142232740684	0.0751370209063397	0.5688289409444673	0.0073142232740684	0.0790416383054724	0.5688289409444673	z-aggregate, viper	0.3239865784460199	0.8181821310893295	
ReplogleWeissman2022_rpe1	POLR2I	7.500159094976486e-14	6.675141594529074e-13	0.6799766883082425	3.706488959544832e-08	2.356267981424929e-07	0.6311662139665294	1.924397335273e-09	1.3174720218407464e-08	0.6435908890652247	1.924397335273e-09	1.22336687742355e-08	0.6435908890652247	z-aggregate, ulm	2.0072530758906327e-06	2.6596103255550883e-05	z-aggregate
GasperiniShendure2019_lowMOI	POLR2K	0.821224953086573	0.8896603658437873	0.4149051490514905	0.8487775142155063	0.9195089737334652	0.4046070460704607	0.9247596149485102	0.9681048291097586	0.3669376693766937	0.9247596149485102	0.9760451044915645	0.3669376693766937				
NadigOConner2024_hepg2	POLR2K	2.262921982395521e-09	2.9094711202228124e-08	0.6789815912302201	2.374886824519102e-05	0.0001781165118389	0.6242374322813079	3.3701849364766004e-06	3.0331664428289404e-05	0.6374965680267326	3.3701849364766004e-06	3.0331664428289404e-05	0.6374965680267326	z-aggregate, ulm	0.0001044164948401	0.0008875402061409	z-aggregate
NadigOConner2024_jurkat	POLR2K	0.302668165670003	0.5145358816390051	0.529868299639292	0.0869914086567958	0.2240687798735651	0.5785789782736348	0.2556460706967433	0.5029014588440124	0.5379649358275312	0.2556460706967433	0.5396991265643061	0.5379649358275312				
ReplogleWeissman2022_K562_essential	POLR2K	0.1705545964438419	0.4528518595233045	0.57627277850836	0.1003856781741904	0.297296046900487	0.602501481235278	0.142424386741168	0.4371124663871727	0.5856876544458736	0.142424386741168	0.4545969650426596	0.5856876544458736				
ReplogleWeissman2022_K562_gwps	POLR2K	0.1308171394013115	0.4692805318205778	0.5763884235371203	0.2506685531266805	0.603502272722088	0.5457563641507889	0.3461546470183395	0.7450566688204261	0.5269293484330675	0.3461546470183395	0.6984906270191494	0.5269293484330675				
ReplogleWeissman2022_rpe1	POLR2K	9.723212859771336e-07	4.554557602734995e-06	0.8073271707701744	2.4145494921579563e-06	1.193860582233656e-05	0.7953999824761238	1.368774292908395e-06	6.091045603442358e-06	0.8029922018750548	1.368774292908395e-06	6.4116269509919555e-06	0.8029922018750548	z-aggregate, ulm	0.8531663766792078	1.0	
NadigOConner2024_hepg2	POLR2L	0.741789931406974	0.8559114593157392	0.4616934118762272	0.8080473954470676	0.9568982314504748	0.4485662536393797	0.7386532822874897	0.8652039260487813	0.4622435506804794	0.7386532822874897	0.8633609792970659	0.4622435506804794				
NadigOConner2024_jurkat	POLR2L	0.1527040578254381	0.3415748661884801	0.5500868814936427	0.1486043185996398	0.3080821239260825	0.5509437127757738	0.197774983305097	0.4543479346198175	0.5415197670377605	0.197774983305097	0.4706850064201248	0.5415197670377605				
ReplogleWeissman2022_K562_essential	POLR2L	0.2577329165256394	0.6359749155028492	0.5243072515498779	0.1342486214731001	0.3408222466564051	0.5413566910889849	0.1475964172216427	0.4371124663871727	0.539124240716388	0.1475964172216427	0.4545969650426596	0.539124240716388				
ReplogleWeissman2022_K562_gwps	POLR2L	0.1178640440639851	0.4592633441113902	0.5390278755620845	0.1676889982125307	0.4986541262635781	0.5317081363988823	0.1051203256531619	0.4482489358040489	0.5412391401401654	0.1051203256531619	0.4242355999574035	0.5412391401401654				
ReplogleWeissman2022_rpe1	POLR2L	0.4416315029615046	0.570194355333847	0.5109495020298491	0.5579378145442951	0.6710333174924631	0.4891322760594643	0.5427207656389288	0.6497271581846101	0.4920003504775256	0.5427207656389288	0.6616732622173241	0.4920003504775256				
TianKampmann2021_CRISPRa	POU4F1	0.356177755298211	0.7123555105964221	0.5107615576443507	0.6197743661988779	0.7521997792768772	0.4911183579512757	0.6300017061108274	0.7200019498409456	0.4903318626510646	0.5430844010723175	0.6725498981982759	0.496854018799156				
TianKampmann2021_CRISPRi	POU4F1	0.4420773879149241	0.530492865497909	0.503952114189241	0.3585726674896102	0.5378590012344153	0.5098150564039597	0.5189917354912447	0.778487603236867	0.498718440641547	0.5681962273519945	0.8522943410279917	0.4953572250786586				
ReplogleWeissman2022_K562_gwps	PPARA	0.7523597795442036	0.9141575815967206	0.4882758111189856	0.9412532421753506	0.9955498437384808	0.4730870766755801	0.9263189046476108	0.999996985483837	0.4750894876384285	0.939371053409242	0.99999607242354	0.4733598550296706				
ReplogleWeissman2022_K562_gwps	PPARD	0.6180422713906691	0.8622071193474767	0.4908553537790286	0.5483231720194545	0.8261402458426447	0.4963029477242436	0.5086184941948367	0.8256445796078529	0.4993422531960358	0.5086184941948367	0.7982484700557855	0.4993422531960358				
ReplogleWeissman2022_K562_gwps	PPARG	0.7339321194139183	0.9046582954203908	0.4835912505129638	0.6582652410328124	0.8908260148108718	0.4892910881921134	0.6918171654015969	0.9241133890000136	0.4868412672656275	0.4452013217541216	0.7647139733129406	0.5036191845412511				
TianKampmann2021_CRISPRa	PPARGC1A	0.001450964337615	0.0074052932151559	0.584032875557585	0.0052014618585004	0.0416116948680035	0.5723016402655333	0.0019832538769526	0.015866031015621	0.5812932457588423	0.0025608533300935	0.020486826640748	0.5789926591970778	z-aggregate, ulm	0.8691163242741029	1.0	
NadigOConner2024_hepg2	RAD51	0.4341442970991017	0.6105154177956118	0.507094030681186	0.5354824800109503	0.7104732547912244	0.4961935546547262	0.6509873084975313	0.8251951797856031	0.4834097271900308	0.6509873084975313	0.8285346381000566	0.4834097271900308				
NadigOConner2024_jurkat	RAD51	0.8891635192653717	0.9999999809091804	0.4402986326650448	0.7376940982665274	0.8742604336522234	0.4689084089302192	0.8098663095987592	0.9651213932810452	0.4571236832959842	0.8098663095987592	0.9560921710540908	0.4571236832959842				
ReplogleWeissman2022_K562_essential	RAD51	0.1009045484593796	0.2912827801228628	0.5241948205026987	0.0180137556342199	0.0693529591917468	0.5397518610028449	0.0037952505084404	0.0208738777964223	0.5506186432415338	0.0037952505084404	0.0208738777964223	0.5506186432415338	ulm, zscore	1.0	1.0	
ReplogleWeissman2022_K562_gwps	RAD51	0.0747413018768627	0.3312065534151172	0.5269271521284855	0.023540618395445	0.1773393252456858	0.5371358188211339	0.0206154134737993	0.1553027815026217	0.5381763064343967	0.0206154134737993	0.1502930143573758	0.5381763064343967				
ReplogleWeissman2022_rpe1	RAD51	0.1618807300896933	0.2484031892755639	0.5601526966855978	0.200369463194269	0.3022522410896601	0.5517711063141713	0.1541666518005207	0.2407163510569534	0.5627633559816159	0.1541666518005207	0.2450148573258276	0.5627633559816159				
NadigOConner2024_hepg2	RAD51D	0.677830423783299	0.8026939229012752	0.4780264725420118	0.719348575833382	0.8748834030405997	0.472327903772145	0.759456779531708	0.8652039260487813	0.4664371867296913	0.759456779531708	0.8762962840750477	0.4664371867296913				
NadigOConner2024_jurkat	RAD51D	0.3784000112738535	0.6068679426090103	0.5083772516895648	0.348989736143279	0.5816495602387983	0.5104970038259119	0.3055008730788814	0.5379942825833613	0.5137590587308476	0.3055008730788814	0.5723343431737886	0.5137590587308476				
ReplogleWeissman2022_K562_essential	RAD51D	0.2797588214059572	0.6359749155028492	0.5142316892147549	0.1889922899798195	0.393308279147192	0.5215005040575975	0.2458628154718019	0.6167874863621575	0.5167681837786062	0.2458628154718019	0.6167874863621575	0.5167681837786062				
ReplogleWeissman2022_K562_gwps	RAD51D	0.8985577942795859	0.9954610858195412	0.4806341429281731	0.9650246194986188	0.99998213924301	0.4724372959830999	0.8454581252173767	0.9650178600966016	0.4845299424707976	0.8454581252173767	0.9705182213284496	0.4845299424707976				
ReplogleWeissman2022_rpe1	RAD51D	0.4246124049826292	0.570194355333847	0.5049718656303359	0.2799457139678075	0.4134033420211029	0.5152575261843042	0.1988738072957283	0.2854801427309648	0.5221310173322534	0.1988738072957283	0.2999960821918613	0.5221310173322534				
ReplogleWeissman2022_K562_gwps	RARA	0.3575704774107736	0.7696278847127128	0.5073127632101196	0.1429240602790858	0.4681280814938175	0.5213925071778721	0.2301213415218841	0.5868983996776548	0.514801493822133	0.2103127740390489	0.6049978475876887	0.5161422223825896				
FrangiehIzar2021_RNA	RB1	0.1065195462031763	0.2130390924063526	0.5130014202240594	0.3975470356655187	0.6247167703315295	0.5027114984252542	0.2352510382888203	0.4705020765776407	0.5075347329927165	0.1204136823243005	0.2480221068158682	0.5122462302712416				
ReplogleWeissman2022_K562_gwps	RB1	0.2939836887200133	0.6858545805559533	0.507537924857997	0.4646066749391525	0.8247823973684612	0.5012359828954144	0.5049610297142975	0.8256445796078529	0.4998269948940357	0.5601973370438857	0.85194737878731	0.4978926000273304				
GasperiniShendure2019_lowMOI	RBBP4	0.0450153101953403	0.195066344179808	0.7018970189701896	0.3575804154907261	0.5711411536092568	0.5447154471544715	0.1536410402393662	0.2870609539073149	0.6237579042457091	0.1346384172157781	0.3674555161651616	0.6336946702800361				
NadigOConner2024_hepg2	RBBP4	0.1749166611669254	0.3279687396879851	0.5433939071964666	0.3401841626920133	0.5467245471835929	0.5191226946254369	0.1515149711235862	0.3193160697329866	0.5478054344599135	0.094576439168984	0.2300507979786099	0.5609462647853872				
NadigOConner2024_jurkat	RBBP4	0.0728500564248493	0.2019633952994577	0.569156859233195	0.1416830388263565	0.3010764575060077	0.550994497559383	0.074394948223419	0.2136624624232363	0.5686308739743855	0.0414248332297228	0.1530917749794104	0.5824425213738191				
ReplogleWeissman2022_K562_essential	RBBP4	0.5117342668945577	0.8155985603347663	0.4990965641998788	0.4397018434562534	0.7203625945985428	0.5046628263609056	0.4203310632723008	0.798400376388726	0.5061784032405482	0.4642372596000506	0.8313085811442766	0.5027588565204634				
ReplogleWeissman2022_K562_gwps	RBBP4	0.2222698466587638	0.6307470147232634	0.5186042963809969	0.416488190836474	0.7843860927420261	0.5051317329668183	0.158062982173655	0.5412459692613036	0.5243936367442706	0.1417998093609792	0.5086786811997034	0.5260925707045576				
ReplogleWeissman2022_rpe1	RBBP4	0.4193327305727232	0.570194355333847	0.5080171733987557	0.1102868085031055	0.1817689991995628	0.5482393372080571	0.0956689678350972	0.1548097843149755	0.5514536704407903	0.4431117677797235	0.5715499613390637	0.5056352242893906				
ReplogleWeissman2022_K562_gwps	RBL1	0.0055211033691289	0.0567167891555975	0.5462011977691014	0.0063983869296696	0.0723017723052668	0.5452561621329411	0.0095179186462996	0.0896270672526548	0.5426283379847909	0.0891896911335091	0.3876321191571744	0.5244655900288145	z-aggregate, viper	0.8642647779391899	0.9880113414132295	
ReplogleWeissman2022_K562_gwps	RBL2	0.0813390026522185	0.3535118192192573	0.517125101206504	0.0766830564108191	0.3886152631588581	0.5175131025044452	0.0747992405834669	0.3674919211274678	0.5176751289835012	0.1356252116343896	0.5024802922847881	0.5134952253107169				
GasperiniShendure2019_lowMOI	RBMX	0.9689894000510132	0.9689894000510132	0.2323848238482384	0.9609644262070104	0.9609644262070104	0.2445799457994579	0.9681048291097586	0.9681048291097586	0.2323848238482385	0.9760451044915645	0.9760451044915645	0.2161246612466124				
NadigOConner2024_hepg2	RBMX	0.3121576484122235	0.476172684018646	0.5392740511570494	0.4012051635424087	0.5731502336320126	0.5200706261035328	0.4018080846537122	0.5928316003087557	0.5199456241503774	0.2748886489571907	0.4582159361698146	0.5479616869013579				
ReplogleWeissman2022_K562_essential	RBMX	0.948838628829834	0.9999881318155772	0.4602969827467291	0.9504714671762968	0.99999102861759	0.4599140292358402	0.9624964860887804	0.999974251399644	0.4567308513391549	0.9757551822602382	0.9999654569773756	0.4520493596202782				
ReplogleWeissman2022_K562_gwps	RBMX	0.1483372305679877	0.5003614046024661	0.5321319135197041	0.2372668924824245	0.603502272722088	0.5220195488355377	0.0775740379113567	0.3692964683955392	0.5437722734278387	0.0828005132090982	0.3876321191571744	0.5426914220270114				
ReplogleWeissman2022_rpe1	RBMX	0.6729156640265039	0.7678140269020365	0.4750852666387583	0.5802154391943268	0.6885223211772679	0.488740909489179	0.4882013711600272	0.6103212121700164	0.5016469198542273	0.6597686940858356	0.7829255169818583	0.4770940220865744				
ReplogleWeissman2022_K562_gwps	RELA	0.4366553837334356	0.7886027772090635	0.5033976587059952	0.5100475707716604	0.8261402458426447	0.499463332061102	0.4462817726659672	0.8011289244230806	0.502877889106107	0.316120298965548	0.6756608631282076	0.5101974192157422				
SunshineHein2023	RELA	0.0201902157448111	0.0705273465286965	0.5499685551303855	8.881291573787546e-05	0.0004218613497549	0.5913849914965986	0.0003488223768685	0.0013255250321003	0.5826490752551021	0.0001852231614188	0.0007038480133916	0.5867878401360545	viper, zscore	0.6460963298725875	0.726858371106661	
ReplogleWeissman2022_K562_gwps	RUNX1	0.1792024089190519	0.5624964502181352	0.5198400579211648	0.1499314684030961	0.4706182202652739	0.5223960464462453	0.1832079098766055	0.5551848384068339	0.5195116682770438	0.2666488876376726	0.6479854688829463	0.513458023065891				
ReplogleWeissman2022_K562_gwps	RUNX2	0.4171959321971412	0.7886027772090635	0.5048792132949139	0.6444023998635319	0.8826360143585346	0.4913218557013722	0.643035179123776	0.9089224339858288	0.4914078233175917	0.643035179123776	0.9146389272813372	0.4914078233175917				
ReplogleWeissman2022_K562_gwps	RUNX3	0.2517297416426081	0.6615223443166213	0.5121632813925714	0.321329958586543	0.6724126911162844	0.5084351052133494	0.1989821765971395	0.5551848384068339	0.5153666555511971	0.3279853651292913	0.6756608631282076	0.5080987805914895				
NadigOConner2024_hepg2	RUVBL1	3.242491236882005e-16	1.459121056596902e-14	0.8493240345769291	9.180393944404205e-16	4.1311772749818916e-14	0.8437944342880357	2.875741685578596e-18	1.7365828300088603e-16	0.8734285778770848	3.226308245933545e-18	1.451838710670095e-16	0.8728598189902272	ulm, zscore	0.7002385940932883	0.8735763333563774	
NadigOConner2024_jurkat	RUVBL1	0.77609189418015	0.9162195972960104	0.4561295193356262	0.7405500143877657	0.8742604336522234	0.46271957050583	0.718873612279223	0.9120038364736412	0.4665078433017364	0.7240391687476626	0.9406413456546544	0.4656186561530072				
ReplogleWeissman2022_K562_essential	RUVBL1	9.61765962721394e-55	3.7027989564773677e-53	0.82746512467382	1.0076494924875895e-53	3.8794505460772194e-52	0.8242763548091704	8.155149950643858e-57	3.1397327309978846e-55	0.8338470905179832	8.155149950643858e-57	3.1397327309978846e-55	0.8338470905179832	ulm, zscore	1.0	1.0	
ReplogleWeissman2022_K562_gwps	RUVBL1	3.53562653820346e-07	1.3317526627233032e-05	0.6804489501132267	1.514907721768594e-05	0.0004279614313996	0.6517707299587618	7.817190402147008e-07	2.9444750514753733e-05	0.6747566609122597	7.817190402147008e-07	2.5238357584074623e-05	0.6747566609122597	z-aggregate, ulm	0.4631880204253837	0.9443843250080984	
ReplogleWeissman2022_rpe1	RUVBL1	4.9925838674103875e-39	4.4433996419952455e-37	0.8583691901837877	1.941933198487444e-40	1.7283205466538254e-38	0.8651348272832544	6.537680699197099e-45	5.818535822285418e-43	0.8858193162057177	6.188331201607916e-45	5.5076147694310464e-43	0.8859266696820364	zscore, ulm	0.9277438532728148	1.0	
FrangiehIzar2021_RNA	RUVBL2	0.9686166554036691	0.9963376581906388	0.4333322851052718	0.9466040006619912	0.9466040006619912	0.4422194360624178	0.9024528109442784	0.9454267543225774	0.4535810432968322	0.9024528109442784	0.9454267543225774	0.4535810432968322				
NadigOConner2024_hepg2	RUVBL2	3.620156770221561e-15	1.0860470310664685e-13	0.9183354696813688	1.4382320681932158e-15	4.3146962045796476e-14	0.924569403293478	4.869155359972084e-17	1.4607466079916252e-15	0.9467103742461492	4.869155359972084e-17	1.4607466079916252e-15	0.9467103742461492	ulm, zscore	1.0	1.0	
NadigOConner2024_jurkat	RUVBL2	0.5448284867492166	0.7469422802207002	0.4882874758828958	0.376185208503064	0.588898907336828	0.5328202332019126	0.5561159382855442	0.7944771686426124	0.4853200234879624	0.5561159382855442	0.8441045491834153	0.4853200234879624				
ReplogleWeissman2022_K562_essential	RUVBL2	0.0006559448340745	0.0038852117095186	0.7480945224229085	0.0002724542039055	0.0020978973700728	0.7669547247792597	0.0012868795662654	0.0090081569638582	0.7327433509567645	0.0012868795662654	0.0099089726602441	0.7327433509567645	viper, z-aggregate	0.3828598269575589	0.6700046971757282	
ReplogleWeissman2022_K562_gwps	RUVBL2	0.6656069864391176	0.879855710281378	0.4447684781880319	0.3673734756831284	0.7157448750378191	0.5450753869865308	0.6951295403982402	0.9241133890000136	0.4322080010721705	0.6951295403982402	0.9347977731237102	0.4322080010721705				
ReplogleWeissman2022_rpe1	RUVBL2	5.0774329901368656e-20	9.037830722443622e-19	0.8395674523204533	2.038765539507386e-21	3.629002660323147e-20	0.852396390081486	3.136125515583233e-24	5.582303417738156e-23	0.8769444201057275	3.136125515583233e-24	5.582303417738156e-23	0.8769444201057275	ulm, zscore	1.0	1.0	
ReplogleWeissman2022_K562_gwps	RXRA	0.780024801355838	0.9333724408560736	0.4767427868857235	0.5455794886833512	0.8261402458426447	0.4965518647899798	0.643484909016516	0.9089224339858288	0.4889240128310836	0.643484909016516	0.9146389272813372	0.4889240128310836				
ReplogleWeissman2022_K562_gwps	SIRT1	0.9910956905246348	0.99999988097155	0.4488110849848589	0.94268879008865	0.9955498437384808	0.4659164717804656	0.981899343414072	0.999996985483837	0.4547499510522731	0.9944653064731598	0.99999607242354	0.4451186107306145				
SunshineHein2023	SIRT1	0.792591374792067	0.9580959476207856	0.481399084689349	0.7216399335152481	0.9140772491193144	0.4865939349112426	0.6994980460044185	0.8775056108097334	0.4880712986932939	0.1020331554911199	0.1938629954331279	0.5289732803254438				
FrangiehIzar2021_RNA	SMAD3	0.0097971381626776	0.0269421299473636	0.5254279638167211	0.0090613132437564	0.0249186114203302	0.5257447263758717	0.0037456837159757	0.0117721488216379	0.5291336682751785	0.0050076051729032	0.0137709142254839	0.5280565355795651	ulm, zscore	0.2943457915222387	0.6622780309250371	
ReplogleWeissman2022_K562_gwps	SMAD3	0.6762615239182989	0.879855710281378	0.48906468731268	0.7497427181899892	0.9109777113491266	0.4838893534756957	0.838295593514301	0.9650178600966016	0.4763850781041309	0.8453846798489041	0.9705182213284496	0.4756829349565211				
SunshineHein2023	SMAD3	0.3922619503834804	0.6775433688441934	0.5072323378696236	0.3190811394919998	0.6336776643510489	0.5124380460349462	0.4171840937335274	0.7205907073579109	0.505531228998656	0.3651976265426687	0.6289881636518541	0.5091145833333333				
FrangiehIzar2021_RNA	SMAD4	2.823181935109327e-05	0.0001242200051448	0.5466486129195174	5.3949644279911425e-09	3.9563072471935046e-08	0.5662329925686437	5.833129552006939e-14	4.277628338138422e-13	0.585956382542375	7.309349461109416e-14	5.360189604813573e-13	0.5856096138368752	ulm, zscore	0.7441576972516557	0.8371774094081127	
PapalexiSatija2021_eccite_RNA	SMAD4	7.531433623625105e-12	1.882858405906276e-11	0.585728967790106	1.5305570881782078e-17	3.8263927204455185e-17	0.6072893599105557	7.923221547570743e-18	2.6410738491902477e-17	0.6082624108513623	1.414420112654184e-18	4.71473370884728e-18	0.6107694479812055	zscore, ulm	0.0107435723395715	0.0429742893582861	zscore
ReplogleWeissman2022_K562_gwps	SMAD4	0.2921143964480896	0.6858545805559533	0.5125806142417151	0.2454789849535918	0.603502272722088	0.5158353811167369	0.2896066482958388	0.6747536341738101	0.5127489042909722	0.2493090153281492	0.6330768254400193	0.5155567355462682				
ReplogleWeissman2022_K562_gwps	SMARCD3	0.0970084730581518	0.4015690623164969	0.5158889668091807	0.1323927679429877	0.4681280814938175	0.5136424256519175	0.1262782400605936	0.4775320677180016	0.5139973312797733	0.1262782400605936	0.4837098687066808	0.5139973312797733				
NormanWeissman2019_filtered	SNAI1	0.0206160961717064	0.0329857538747303	0.5279482786283194	0.6646727132631594	0.7596259580150393	0.4941775186164849	0.0213657622246421	0.0284876829661895	0.527744781570011	6.317408448701605e-05	0.0001123094835324	0.552488441514283	zscore, z-aggregate	5.531603364173471e-06	1.1063206728346942e-05	zscore
ReplogleWeissman2022_K562_gwps	SOX2	0.5570091332900129	0.8392270941569527	0.4843549267190626	0.7119570930764864	0.9109777113491266	0.4377825217066656	0.6805113864382172	0.9241133890000136	0.4477613654856836	0.6664241788985792	0.9297028668585116	0.4520998267295928				
NadigOConner2024_hepg2	SP1	0.0353504158961463	0.0964102251713083	0.5599294063645069	0.0392937311047449	0.1140785741750661	0.5583228471711104	0.0881263938642681	0.2143614985887603	0.5448425229046802	0.1242099320629409	0.279472347141617	0.5382711945783243	z-aggregate, viper	0.945043026300006	0.9736806937636426	
NadigOConner2024_jurkat	SP1	0.2484918205394641	0.4494001009756265	0.5141926618278235	0.1244039590448348	0.2857928788867828	0.5240967814746047	0.0577259262225533	0.1962681491566812	0.5328913629850122	0.0544990902846195	0.1930176114246944	0.5334880748432334				
ReplogleWeissman2022_K562_gwps	SP1	0.0011602585396911	0.0201706484592467	0.5627271091433487	0.0007121077692276	0.0107290903896964	0.5656903407032582	0.0001997936329323	0.0032252400744789	0.5729119803145147	0.0007153865952698	0.0107784913687317	0.5656629921924083	ulm, viper	0.2017899468563594	0.6286359597189406	
ReplogleWeissman2022_rpe1	SP1	0.5153250724833781	0.6115190860136087	0.4991888289900252	0.453293042296287	0.5932805994760227	0.5024782450299059	0.3327410380458989	0.4486962482740151	0.5091304006972658	0.2891567214511317	0.40210856576798	0.5117382301807265				
ReplogleWeissman2022_K562_gwps	SP3	0.9170758621037404	0.9984915547777272	0.4667487123556094	0.8753859337074086	0.9816359340726348	0.4723505258025681	0.7617724631884424	0.9459372345087252	0.4829140854085454	0.5952847378706531	0.8569066927310038	0.4942130060748624				
NormanWeissman2019_filtered	SPI1	2.921116312736104e-66	1.5579287001259222e-65	0.7061243443964134	6.176544990175255e-70	3.2941573280934695e-69	0.7119496444910254	6.130059908856411e-76	3.26936528472342e-75	0.7211381776811057	1.1187398061856592e-91	5.966612299656849e-91	0.7435961890827123	zscore, ulm	1.2071428669819446e-22	1.6900000137747224e-21	zscore
PapalexiSatija2021_eccite_RNA	SPI1	0.0211216611381893	0.0301738016259847	0.5854987426655491	0.0054131740877479	0.0108263481754959	0.6072663453478625	0.0096851036347958	0.0161418393913264	0.5984300782341436	0.0143749148604583	0.0287498297209166	0.5920560910868957	viper, ulm	0.585960175386393	0.585960175386393	
ReplogleWeissman2022_K562_gwps	SPI1	0.0582035605623868	0.2798724401510519	0.5500787783794209	0.1227653575052235	0.4681280814938175	0.537040711424336	0.1785960956656681	0.5551848384068339	0.5293681549024832	0.2562854364107588	0.6386566418651929	0.5208872210681498				
TianKampmann2021_CRISPRa	SPI1	0.0018513233037889	0.0074052932151559	0.6478802992518703	0.0282013730905024	0.1128054923620097	0.597221232632704	0.0231178460765061	0.0616475895373496	0.6015675097969363	0.0250174805514728	0.0500349611029456	0.5998574991093695	z-aggregate, ulm	0.1159808746367514	0.1933014577279191	
ReplogleWeissman2022_K562_gwps	SREBF1	0.9403615533932737	0.9984915547777272	0.4599032706517797	0.9292125265363964	0.9955498437384808	0.4621648270646461	0.9637654919458472	0.999996985483837	0.4537684983975943	0.9619812384042852	0.99999607242354	0.4543348979789374				
SunshineHein2023	SREBF1	0.0222717936406409	0.0705273465286965	0.5959318693693694	0.5110608849347149	0.8214738472741585	0.498680320945946	0.012139403018976	0.0384414428934241	0.6075714386261262	0.0184417688906021	0.05839893482024	0.5996621621621622	ulm, zscore	0.4099784428133562	0.6149676642200345	
ReplogleWeissman2022_K562_gwps	SREBF2	7.805666644924927e-44	1.764080661753033e-41	0.7916540368216419	9.851683277090153e-39	2.226480420622375e-36	0.773276507347647	7.754834717698846e-51	1.7525926461999392e-48	0.8151585942590405	7.754834717698846e-51	1.7525926461999392e-48	0.8151585942590405	ulm, zscore	1.0	1.0	
SunshineHein2023	SREBF2	2.2627037942245593e-05	0.0001074784302256	0.6423502604166667	0.0001671109038304	0.0006350214345557	0.6251953125	3.337385427292469e-07	1.5852580779639228e-06	0.6734747023809524	6.023297902126644e-08	3.677551336246972e-07	0.6847191220238096	zscore, ulm	0.0414945924939805	0.1867256662229123	
NadigOConner2024_hepg2	SRF	0.0067471402736504	0.0233554855626361	0.6092428043025381	0.0003645433773849	0.0021872602643099	0.64939132406502	1.4744000605631855e-05	0.0001020738503466	0.6847214545866814	1.9109804718055795e-05	0.0001234910644057	0.6820949600593323	ulm, zscore	0.5445484636578704	0.7989195921921421	
ReplogleWeissman2022_rpe1	SRF	7.061963084986018e-14	6.675141594529074e-13	0.7199453992907442	1.4364157337131175e-16	1.8263000042923923e-15	0.7432447762708267	1.1362975824493937e-22	1.6855080806332677e-21	0.7893519393858341	3.9370651717702707e-22	5.8399800047925676e-21	0.7855677044183226	ulm, zscore	0.0861607243147652	0.25369546603792	
NadigOConner2024_hepg2	SSRP1	0.1169202088155008	0.2391549725771608	0.6300165404370157	0.0481724180324183	0.1354849257161766	0.6819302980180493	0.2752913276186052	0.4858082252093034	0.5664664403238444	0.2752913276186052	0.4582159361698146	0.5664664403238444				
NadigOConner2024_jurkat	SSRP1	0.0167536419230377	0.0712029781729103	0.6489610524186187	0.0640194881162402	0.1813885496626807	0.6066358428280296	0.0300690531709317	0.1111247617186607	0.6317126968227103	0.0300690531709317	0.1161758872513271	0.6317126968227103	z-aggregate, ulm	0.3338890145277118	0.8068984517753035	
ReplogleWeissman2022_K562_essential	SSRP1	0.141105103294868	0.3880390340608872	0.5137671936005224	0.1875749019467485	0.393308279147192	0.5113539857068576	0.8215138333455769	0.9921142109241444	0.4882073131861521	0.8215138333455769	0.9731779256555296	0.4882073131861521				
ReplogleWeissman2022_K562_gwps	SSRP1	0.0405137686684221	0.2180026599776999	0.5284827934138343	0.1397093250822706	0.4681280814938175	0.5176578196952424	0.3168711234365433	0.7161287389665879	0.5077784431418864	0.3168711234365433	0.6756608631282076	0.5077784431418864				
ReplogleWeissman2022_rpe1	SSRP1	0.3598810218297938	0.5084033482992326	0.5366358538508718	0.5438102729178514	0.6680756756391409	0.4885547183036888	0.7526078219297493	0.8478746348322492	0.4291597301323052	0.7526078219297493	0.8587448224583036	0.4291597301323052				
WesselsSatija2023	SSRP1	0.2009026577964217	0.2009026577964217	0.5451001375936401	0.2002366810734738	0.2288419212268272	0.5452530194159915	0.3011993136845087	0.34422778706801	0.5280538144014677	0.3011993136845087	0.34422778706801	0.5280538144014677				
FrangiehIzar2021_RNA	STAT1	1.0225882040774071e-39	2.249694048970296e-38	0.6435097765071346	3.3160338869745705e-55	7.295274551344055e-54	0.6704925243976178	5.32431673857789e-64	1.1713496824871356e-62	0.684074026875197	4.105473032611568e-61	9.032040671745449e-60	0.6797277198182737	ulm, zscore	0.0131427020690283	0.0591421593106275	ulm
PapalexiSatija2021_eccite_RNA	STAT1	2.3872792295233124e-86	2.3872792295233125e-85	0.7933799264478224	2.5140175961161778e-102	2.514017596116178e-101	0.8200293755616471	9.63794992168771e-75	9.637949921687708e-74	0.7724007536455149	4.260658654780221e-75	4.2606586547802214e-74	0.773065290772751	viper, z-aggregate	6.685242307631671e-06	5.3481938461053366e-05	viper
ReplogleWeissman2022_K562_gwps	STAT1	0.2864755813880349	0.6858545805559533	0.5145094554161096	0.142332370582731	0.4681280814938175	0.5275382944618353	0.1227782193492051	0.4775320677180016	0.5298885602175825	0.0935775898483931	0.3990289680327707	0.5339510013838232				
SunshineHein2023	STAT1	3.664373633842275e-08	2.320769968100108e-07	0.6131516894693201	1.4683471289381572e-09	9.299531816608333e-09	0.6247586935116087	2.9230666025146087e-08	1.851275514925919e-07	0.6140035499585407	7.742213339467309e-08	3.677551336246972e-07	0.6102884017412935	viper, ulm	0.2608253273867725	0.6149676642200345	
FrangiehIzar2021_RNA	STAT3	0.0938090767359242	0.2063799688190332	0.5166313604396824	0.3088900475871398	0.566298420576423	0.5062983306160196	0.0167081172309332	0.0408420643422811	0.5268473761090761	0.0270466856859392	0.0661141205656293	0.5243109024336251	ulm, zscore	0.1672971451360988	0.5018914354082965	
PapalexiSatija2021_eccite_RNA	STAT3	0.1597902468508409	0.1997378085635511	0.5142174857051529	0.0634645371205961	0.0793306714007451	0.5218022983971748	0.2945297570558112	0.368162196319764	0.5077165820225827	0.264052232661952	0.3300652908274399	0.5090121720856449	viper, z-aggregate	0.3502680134910658	0.5604288215857054	
ReplogleWeissman2022_K562_gwps	STAT3	0.1982706044771056	0.5819370988548815	0.5187924680024124	0.5124779346774622	0.8261402458426447	0.4993066368140769	0.1856063178245342	0.5551848384068339	0.5198207267896772	0.2359293355472599	0.6272944686315384	0.5159473532762296				
ReplogleWeissman2022_K562_gwps	STAT4	0.9407811197548602	0.9984915547777272	0.4573781124055868	0.876167349630419	0.9816359340726348	0.4684426484525325	0.9495321683740338	0.999996985483837	0.4552224035764543	0.9488029003435184	0.99999607242354	0.455412905294799				
NadigOConner2024_hepg2	STAT5A	0.3049327726104898	0.4731715437059324	0.527439814522964	0.2076205752155575	0.3892885785291704	0.5438091435695924	0.1402599798144072	0.3100553643160539	0.5580281157410325	0.1166629558168766	0.2692222057312537	0.5640869388584198				
NadigOConner2024_jurkat	STAT5A	0.4415708052791096	0.6584827798021811	0.5040287547784821	0.4938239202475336	0.6770166648554896	0.5004246707490982	0.474108159758647	0.7327126105360908	0.5017803216412813	0.3856574988878027	0.6556177481092647	0.5079661341929609				
PapalexiSatija2021_eccite_RNA	STAT5A	0.8693895706489367	0.9587056862517052	0.4857254062964663	0.7637955128130852	0.7637955128130852	0.4908704926436076	0.8044344307481701	0.8173610181329788	0.4891043733869932	0.8205553888899784	0.8205553888899784	0.4883431041215385				
ReplogleWeissman2022_K562_essential	STAT5A	0.9999881318155772	0.9999881318155772	0.4135506385987382	0.99999102861759	0.99999102861759	0.4122707573509883	0.999974251399644	0.999974251399644	0.4171866859034453	0.9999654569773756	0.9999654569773756	0.4186044574663904				
ReplogleWeissman2022_K562_gwps	STAT5A	0.99999988097155	0.99999988097155	0.4309833884864289	0.99998213924301	0.99998213924301	0.4447860150189411	0.999996985483837	0.999996985483837	0.439552169220438	0.99999607242354	0.99999607242354	0.4403038576750724				
ReplogleWeissman2022_rpe1	STAT5A	0.0657794038419311	0.1125839796525359	0.544850516723773	0.0862982543245722	0.1536108926977386	0.5405654678183235	0.0863373057184057	0.1449815133761907	0.5405580893440998	0.1399800062917827	0.2265131010903394	0.53213371639912				
NadigOConner2024_hepg2	STAT5B	0.3492241990547837	0.5152488182775498	0.5118338902616781	0.380024634798636	0.5632028619306088	0.509329386843098	0.4576866616162814	0.6538380880232593	0.5032467025154411	0.4598906897155499	0.6958633432934764	0.5030770570075872				
NadigOConner2024_jurkat	STAT5B	0.93581461302968	0.9999999809091804	0.4683888319189768	0.785582010140986	0.9023577143511328	0.4835520064917167	0.7867812164806938	0.9651213932810452	0.4834664089610342	0.7866195523650238	0.9560921710540908	0.4834779646276764				
ReplogleWeissman2022_K562_gwps	STAT5B	1.1941918759007826e-07	5.397747279071536e-06	0.632974666781542	0.0001016220305691	0.0022966578908634	0.5956195241392587	3.4052834558270684e-06	0.0001099420087167	0.6158137699449768	6.096038874838535e-06	0.0001722130982141	0.6125860900772112	z-aggregate, ulm	0.0012430837354742	0.009323128016057	z-aggregate
ReplogleWeissman2022_rpe1	STAT5B	0.2963289837493785	0.425375476672495	0.5118990706709236	0.3620141284431973	0.4896986235338263	0.5078532073048945	0.4430007919496901	0.5632438640503203	0.5031888843285819	0.4249817649519711	0.5562261335400799	0.5042075236866956				
NadigOConner2024_hepg2	SUPT16H	0.0682226646999981	0.1497570688536545	0.5567533113394553	0.11807307648233	0.2721641762341052	0.5451750054284253	0.072406514246514	0.181016285616285	0.5556010842841833	0.072406514246514	0.181016285616285	0.5556010842841833				
NadigOConner2024_jurkat	SUPT16H	0.3611529311229774	0.5903461374125593	0.5138662863853704	0.5265544612328305	0.6993301438248529	0.4974018348064149	0.8066978026042233	0.9651213932810452	0.4662208020986647	0.8066978026042233	0.9560921710540908	0.4662208020986647				
ReplogleWeissman2022_K562_essential	SUPT16H	0.0272360855058424	0.1048589291974932	0.5587669860354437	0.1506528823971338	0.3538401981577279	0.5315872419479408	0.3990819792966267	0.798400376388726	0.5078151418373098	0.3990819792966267	0.8313085811442766	0.5078151418373098				
ReplogleWeissman2022_K562_gwps	SUPT16H	0.2590962418464042	0.6656555946236233	0.5186640085773638	0.438453280634755	0.810985357816867	0.5044744354352342	0.5475114747846969	0.8405712692854931	0.4965516317094418	0.5475114747846969	0.8476373001481424	0.4965516317094418				
ReplogleWeissman2022_rpe1	SUPT16H	0.0001242249026196	0.0003948577261839	0.6965635074340514	0.0078019014066311	0.0178043391074402	0.6297930067648205	0.0030701496176085	0.0070062388709529	0.6470842384818281	0.0030701496176085	0.007384954485599	0.6470842384818281	z-aggregate, ulm	0.069954337498581	0.2428272858327809	
WesselsSatija2023	SUPT16H	0.0003124738028281	0.0024251605944117	0.5986577909627003	0.0011324491624392	0.0045297966497569	0.5882384863065736	0.0013365553017634	0.0028497258434097	0.5867913606598893	0.0013365553017634	0.0037996344578796	0.5867913606598893	z-aggregate, viper	0.1789212953641364	0.4473032384103412	
NadigOConner2024_hepg2	SUPT4H1	0.0293633932649261	0.0825845435576048	0.7063056788833754	0.0630873448936358	0.1720563951644612	0.6678564173993791	0.0451726241790018	0.1195745934150047	0.685151330489539	0.0451726241790018	0.1270480055034425	0.685151330489539	z-aggregate, ulm	0.5789551684175518	0.7989195921921421	
NadigOConner2024_jurkat	SUPT4H1	0.9911561613386424	0.9999999809091804	0.3384736552675483	0.9935362903144496	0.9999999997133712	0.3307328803512009	0.9946961559997228	0.9999999984302912	0.3259933450773145	0.9946961559997228	0.99999999998846	0.3259933450773145				
ReplogleWeissman2022_K562_essential	SUPT4H1	0.8027697532032432	0.9923877742199604	0.4711294228458047	0.7841586854984073	0.901197295274289	0.4733413282755887	0.8794903165340544	0.999974251399644	0.4602500392455588	0.8794903165340544	0.9999654569773756	0.4602500392455588				
ReplogleWeissman2022_K562_gwps	SUPT4H1	0.2378710764444762	0.6433917562701827	0.5172922410156172	0.152565930056132	0.4723273998998061	0.5248664270013298	0.4644268915299434	0.823505835306506	0.5021651048150458	0.4644268915299434	0.7774850184130905	0.5021651048150458				
ReplogleWeissman2022_rpe1	SUPT4H1	4.6440378399673875e-05	0.0001722164032321	0.7821398843424165	0.0002540022804419	0.0009042481183734	0.7510842898449137	0.0001156444602096	0.0003860492009983	0.7659357749934286	0.0001156444602096	0.0004169331370782	0.7659357749934286	z-aggregate, ulm	0.3378525472651114	0.6886994232711886	
NadigOConner2024_hepg2	SUPT5H	0.0002072468586026	0.0009816956460125	0.7475116798699979	0.0976297508526634	0.2374777723443163	0.5908520629458365	0.0485876897072659	0.1249397735329695	0.6163506231255451	0.0485876897072659	0.1286144727545275	0.6163506231255451	z-aggregate, ulm	2.329482759073131e-07	3.960120690424323e-06	z-aggregate
NadigOConner2024_jurkat	SUPT5H	0.0012838949901629	0.0108716190105215	0.6300058719906048	0.0014483066857707	0.0136784520322794	0.6284222986513063	0.0187651070850078	0.0839491632750349	0.5896802095275377	0.0187651070850078	0.093825535425039	0.5896802095275377	z-aggregate, viper	0.9109094956871104	1.0	
ReplogleWeissman2022_K562_essential	SUPT5H	4.235230351914227e-06	4.658753387105649e-05	0.5708211313832314	2.504213739456416e-07	4.820611448453601e-06	0.579935297432894	0.2483170399639855	0.6167874863621575	0.5108118486921351	0.2483170399639855	0.6167874863621575	0.5108118486921351	viper, z-aggregate	0.1223678243992043	0.3212155390479113	
ReplogleWeissman2022_K562_gwps	SUPT5H	0.007077424790896	0.0639799201096999	0.5624054643292934	0.1110875054808675	0.4681280814938175	0.5310545555037824	0.3612525814078111	0.7602413715539595	0.5090336076614477	0.3612525814078111	0.7126268853736865	0.5090336076614477	z-aggregate, viper	0.0007218165402305	0.0072181654023058	z-aggregate
ReplogleWeissman2022_rpe1	SUPT5H	0.0030304058908423	0.0067426531071241	0.7994079433227772	0.0617923902384651	0.1145733902338207	0.668886357662315	0.0271904339798058	0.0537766360933938	0.7089033808564169	0.0271904339798058	0.0537766360933938	0.7089033808564169	z-aggregate, ulm	0.1870723851069893	0.4217037445697933	
WesselsSatija2023	SUPT5H	0.0011499907573121	0.0024251605944117	0.6083363713695467	0.0008144129763323	0.0045297966497569	0.6122250577226881	0.0014248629217048	0.0028497258434097	0.6062705067444404	0.0014248629217048	0.0037996344578796	0.6062705067444404	viper, z-aggregate	0.6988123551392084	0.8735154439240104	
GasperiniShendure2019_lowMOI	TAF12	0.2345499450854313	0.5081915476851012	0.6490514905149051	0.3477817440081589	0.5711411536092568	0.5840108401084011	0.1545712828731695	0.2870609539073149	0.7235772357723577	0.1545712828731695	0.3674555161651616	0.7235772357723577				
ReplogleWeissman2022_K562_gwps	TAF9	0.4636355898190209	0.7886027772090635	0.5021394914949372	0.4592724035517447	0.8247823973684612	0.5023970416559391	0.4466470994571157	0.8011289244230806	0.5031440341119501	0.4466470994571157	0.7647139733129406	0.5031440341119501				
ReplogleWeissman2022_K562_gwps	TBL1X	0.6813042004391201	0.879855710281378	0.4867746254673361	0.5819101230675214	0.8298497066840947	0.494198015220269	0.5475886983257912	0.8405712692854931	0.4966450420333814	0.5475886983257912	0.8476373001481424	0.4966450420333814				
ReplogleWeissman2022_K562_gwps	TBL1XR1	0.1600572208320662	0.5242453899716951	0.5336084136007764	0.1190305895941892	0.4681280814938175	0.5398831811518305	0.1883617258666752	0.5551848384068339	0.5298807852914367	0.1883617258666752	0.5908814566976147	0.5298807852914367				
NadigOConner2024_hepg2	TBP	0.6420295991375238	0.7704355189650285	0.4877784548716907	0.7890845047409808	0.9469014056891768	0.4730205159455616	0.749253436896228	0.8652039260487813	0.4774243347552305	0.7773445151453862	0.8855823590263893	0.4743638702688063				
ReplogleWeissman2022_K562_gwps	TCEA1	0.1863239144229065	0.572128429262222	0.524016502102095	0.2441930953688881	0.603502272722088	0.518666196620915	0.2418804287821331	0.6036610060148755	0.5188652474004236	0.2418804287821331	0.6283330678708288	0.5188652474004236				
ReplogleWeissman2022_K562_gwps	TCF4	0.5548197145373066	0.8392270941569527	0.4968408480092989	0.5209093249937436	0.8261402458426447	0.4987983177375517	0.6696740881445022	0.9241133890000136	0.4899387505758069	0.5937232222432929	0.8569066927310038	0.4945654359043088				
ReplogleWeissman2022_K562_gwps	TCF7L2	0.6129905404842142	0.8604711934747354	0.4938821093205993	0.302123175409923	0.6518861534424408	0.5110439385949322	0.4966241304658315	0.8246185229807445	0.5001803460663289	0.4966241304658315	0.795582659495507	0.5001803460663289				
FrangiehIzar2021_RNA	TFAP2A	0.5240235256390723	0.6781480920035053	0.4992884687980369	0.6661972893821958	0.796748522239919	0.4949287915558176	0.4332006315318035	0.6001986961647581	0.5019866607984005	0.3833402875697977	0.4685270181408639	0.5035039799722462				
ReplogleWeissman2022_K562_gwps	TFAP2A	0.0060835974407105	0.0572872092333576	0.5431823312388939	0.0095913095045763	0.0955403448544701	0.5403354714959963	0.0049204091171672	0.0556006230239894	0.544458812922886	0.0335699671048805	0.211864336532083	0.531530651671488	ulm, z-aggregate	0.8401245260550506	0.9880113414132295	
NadigOConner2024_hepg2	TFDP1	0.4491135555693603	0.6218495384806528	0.5030812347996991	0.9224807422733398	0.9949179113747584	0.4657523153866847	0.5948970195429711	0.7840530269770861	0.4942163369951304	0.6540151142233925	0.8285346381000566	0.4904584657783926				
NadigOConner2024_jurkat	TFDP1	0.9642766684908168	0.9999999809091804	0.4712545026269628	0.9541990588772457	0.9999999997133712	0.4730982429580295	0.9498783640467794	0.9999999984302912	0.4737892410893973	0.8759933851602796	0.9927925031816502	0.4815789008599391				
ReplogleWeissman2022_K562_essential	TFDP1	8.78318011039267e-05	0.0006148226077274	0.5854792663853701	4.743626476235589e-05	0.0004058435985223	0.588935156958632	0.0001449190480839	0.0013948458378081	0.5825754423735866	3.698913774051623e-06	5.6963272120395e-05	0.602117330856141	zscore, viper	0.0788691079985897	0.2366073239957691	
ReplogleWeissman2022_K562_gwps	TFDP1	8.354649487593377e-07	2.6973582631372903e-05	0.5780680721885574	2.004596150162784e-05	0.0005033763665964	0.566940857247096	1.348637349766203e-05	0.0003809900513089	0.5684188357377395	5.0627725898735034e-08	2.860466513278529e-06	0.5867854988943242	zscore, z-aggregate	0.2095453199063135	0.6286359597189406	
ReplogleWeissman2022_rpe1	TFDP1	6.317807718844589e-05	0.0002162634180681	0.5862612809953561	1.8023316842120062e-05	6.974239995429067e-05	0.5929670493412544	6.932400814182669e-07	3.247282486643461e-06	0.6086168152610927	4.6381616031517614e-10	3.175356789850052e-09	0.637744750575953	zscore, ulm	9.084646704361991e-05	0.0006878375361874	zscore
ReplogleWeissman2022_K562_gwps	TFDP2	0.0264049447048029	0.1737648515870974	0.5403953489021421	0.0257666004348725	0.187846828976813	0.5406152276128571	0.0408972342893267	0.2498047283618334	0.5363045578413634	0.0337483013944911	0.211864336532083	0.5381399517523286				
NadigOConner2024_hepg2	TGS1	0.0607850202037528	0.1439645215352041	0.5611603885014407	0.1735562347892844	0.3323417261922468	0.5371423627568255	0.0360363143880395	0.1081089431641185	0.5710534828958553	0.0360363143880395	0.1118368377559846	0.5710534828958553				
NadigOConner2024_jurkat	TGS1	0.0025516115610923	0.0166836140532958	0.5655666579875958	0.0210781562424666	0.08587896122445	0.5475745628417384	0.0161081262322687	0.0770268699861936	0.5501439672650141	0.0161081262322687	0.0866552287344678	0.5501439672650141	z-aggregate, ulm	0.0723795163784523	0.3498343291625196	
ReplogleWeissman2022_K562_essential	TGS1	0.2164231751995941	0.5554861496789582	0.5180349427014841	0.257877027338606	0.4964132776268167	0.5149439930490325	0.2171352870096388	0.5971220392765069	0.5179791705804997	0.2171352870096388	0.5765316241290411	0.5179791705804997				
ReplogleWeissman2022_K562_gwps	TGS1	0.6011069482032605	0.8604711934747354	0.4961453479211302	0.9574899060841312	0.99998213924301	0.4740888271505439	0.8647360093201564	0.9701891228895394	0.4834229766857255	0.8647360093201564	0.9709911448951148	0.4834229766857255				
ReplogleWeissman2022_rpe1	TGS1	0.0423320218033869	0.0784906237604465	0.5628863771332886	0.3006063975369069	0.4246661806473764	0.5190627785913864	0.6738694050684569	0.7689022698858035	0.4835658028508287	0.6738694050684569	0.7891365401459561	0.4835658028508287	z-aggregate, viper	0.0703313925638045	0.2428272858327809	
FrangiehIzar2021_RNA	TIMP3	0.6266051490824947	0.7658507377674935	0.495851008490956	0.5255907066972343	0.7226872217086971	0.4991643211277393	0.6858700195487022	0.7941652857932341	0.4936965015013551	0.752878656820826	0.871754234213588	0.4911005217044294				
NadigOConner2024_hepg2	TNRC6A	0.7351308664264677	0.8559114593157392	0.48037945276803	0.4876818647325492	0.6752518127066067	0.5009654425275682	0.6064816072563143	0.7840530269770861	0.4915655111708822	0.8539951512749813	0.9574638121393476	0.4670990728483006				
NadigOConner2024_jurkat	TNRC6A	0.7912793503726996	0.9213526682421844	0.4815958106313719	0.7209283105758768	0.8742604336522234	0.4867087390360524	0.9123654391800172	0.9999999984302912	0.4692349635097727	0.9983750784328616	0.99999999998846	0.4332009918958346				
ReplogleWeissman2022_K562_gwps	TNRC6A	0.983865005452131	0.99999988097155	0.4677884672852173	0.9366485952018864	0.9955498437384808	0.4770231331646596	0.9191606079646336	0.999996985483837	0.4789456507368455	0.9995728150493806	0.99999607242354	0.449832455252277				
ReplogleWeissman2022_rpe1	TNRC6A	0.7599405419221269	0.8561355472287253	0.4805583643750646	0.2953783682080135	0.4240108833953743	0.5148064914121165	0.5475228861106265	0.6497271581846101	0.4967126944696383	0.9506633749208544	0.999999999999992	0.4545330400057465				
ReplogleWeissman2022_K562_gwps	TNRC6B	0.6303538971069116	0.8633938227040122	0.4895740093263064	0.723425667169968	0.9109777113491266	0.4814203105352574	0.5504626011250132	0.8405712692854931	0.4960265835208974	0.5722181729353116	0.85194737878731	0.4942973932855324				
ReplogleWeissman2022_K562_gwps	TNRC6C	0.4240444404134774	0.7886027772090635	0.5036129578645558	0.3564495604765568	0.7066456198921215	0.5069401651883927	0.2430670422449277	0.6036610060148755	0.5131360558669255	0.2251422411818704	0.6107800845490591	0.5142388516369847				
FrangiehIzar2021_RNA	TP53	7.506628065037195e-05	0.0002752430290513	0.5469747554314439	0.0002459726639162	0.0009018997676928	0.5431860721608115	3.980437768766661e-05	0.0001459493848547	0.5488920447284469	0.0002090460805547	0.0007665022953672	0.543722479834276	ulm, z-aggregate	0.7357721328763777	0.8371774094081127	
ReplogleWeissman2022_K562_gwps	TP53	0.8534516416487105	0.9741417727909524	0.4794612343362594	0.9074979748044972	0.9955498437384808	0.4741055225041055	0.9282426640313106	0.999996985483837	0.4714228320293794	0.944008508693839	0.99999607242354	0.4689512710146484				
TianKampmann2021_CRISPRa	TP53	0.6275706402099195	0.8743943174399442	0.4898171238570241	0.3799833662676342	0.6079733860282147	0.5095825251685601	0.5101438735420821	0.7200019498409456	0.4992149256488408	0.0072217783042659	0.0288871132170637	0.5766371109263877	zscore, viper	0.0051764546700774	0.025882273350387	zscore
ReplogleWeissman2022_K562_gwps	TP53BP2	0.4893892676011733	0.8060095249236381	0.5005010400909063	0.4645225986148819	0.8247823973684612	0.5016795151280118	0.4998793701254955	0.8246185229807445	0.5000057315496143	0.4998793701254955	0.795582659495507	0.5000057315496143				
ReplogleWeissman2022_K562_gwps	TP63	0.8966962444206596	0.9954610858195412	0.4701023194231506	0.7824688955788648	0.9400998931130314	0.4815219244020873	0.8671601894853405	0.9701891228895394	0.4736504661288124	0.853561934385372	0.9709911448951148	0.4751000550027051				
NormanWeissman2019_filtered	TP73	2.6644606374916953e-52	1.065784254996678e-51	0.782181686998781	1.1638707027755736e-41	4.655482811102293e-41	0.7505203970774833	1.1485593254985977e-66	3.6753898415955124e-66	0.8200327995289474	2.407482223826668e-68	9.629928895306672e-68	0.8241693688613186	zscore, ulm	7.795898514432026e-05	0.0001364282240025	zscore
ReplogleWeissman2022_K562_gwps	TP73	0.5795149042702861	0.8534806015070802	0.495835944100679	0.7937787092331111	0.9400998931130314	0.4829910378430583	0.7318614442707674	0.9360845083614904	0.4871654562147546	0.7452524091127707	0.9347977731237102	0.4863110358258303				
ReplogleWeissman2022_K562_gwps	TRIM28	0.3139540213540932	0.7108810378369613	0.5185389090900541	0.4850985661269726	0.8247823973684612	0.5014292079458178	0.411660754352503	0.7818094998627368	0.5085405667220386	0.2402872824196602	0.6283330678708288	0.5269814286436456				
NadigOConner2024_hepg2	TRRAP	0.0001857970255207	0.0009289851276037	0.7496743974859902	0.0007500740469411	0.0035529823276159	0.7226822477924747	0.0002318654411004	0.0013042431061899	0.7455640391439938	0.0002318654411004	0.0013042431061899	0.7455640391439938	z-aggregate, ulm	0.8138801518941515	0.9223975054800384	
NadigOConner2024_jurkat	TRRAP	3.9517154557095065e-15	1.119652712451027e-13	0.8796673337567558	1.9233552865591113e-14	5.449506645250815e-13	0.8697448680000479	3.0342094446361696e-15	8.596926759802482e-14	0.8812995074718084	3.0342094446361696e-15	8.596926759802482e-14	0.8812995074718084	ulm, zscore	1.0	1.0	
ReplogleWeissman2022_K562_essential	TRRAP	8.271384320818178e-05	0.0006148226077274	0.5551171545860204	9.900790764283751e-10	2.5412029628328298e-08	0.5877882828673624	0.0040836409445701	0.0209626901821265	0.5387048638172102	0.0017414744635129	0.0121903212445907	0.5427504496645419	viper, z-aggregate	2.4716868679620525e-10	5.19054242272031e-09	viper
ReplogleWeissman2022_K562_gwps	TRRAP	3.241053296623266e-06	8.13864494485398e-05	0.5743378781641866	4.185421216052743e-09	2.3647629870697997e-07	0.5949544893222438	0.0001240002406679	0.0026614947137308	0.560398269558626	6.160311097696983e-05	0.0012861465613137	0.5632883868794879	viper, z-aggregate	0.0002821299292346	0.0042319489385204	viper
ReplogleWeissman2022_rpe1	TRRAP	5.1621185424995644e-08	2.552380834902562e-07	0.8842931306404976	4.951225417158529e-08	2.937727080847394e-07	0.8848407517742923	3.941552678611308e-09	2.3386545893093762e-08	0.9167944449312188	3.105519344774104e-09	1.8426081445659683e-08	0.9196858845176552	zscore, ulm	0.2021375071047475	0.4285315150620647	
FrangiehIzar2021_RNA	TSC22D3	0.4233919745894404	0.5821639650604806	0.5021661470221912	0.3830019227355503	0.6247167703315295	0.5033363371285485	0.0874396408895156	0.1923672099569345	0.5152092529360246	0.1247622517436026	0.2480221068158682	0.5129090039712982				
ReplogleWeissman2022_K562_gwps	TWIST1	0.9921596911064784	0.99999988097155	0.449464669070864	0.9870643614414696	0.99998213924301	0.4533992821088919	0.9900152165796964	0.999996985483837	0.4513333190657943	0.8766291100823502	0.9711675435226036	0.475774595804712				
ReplogleWeissman2022_K562_gwps	TWIST2	0.9544431703800316	0.99999988097155	0.4677902216887268	0.97672967444373	0.99998213924301	0.4620537308910377	0.9858183554564858	0.999996985483837	0.4582072027713275	0.9166672471552396	0.99999607242354	0.4736343956950025				
SunshineHein2023	TYK2	0.7448875426531093	0.9580959476207856	0.4830418555184479	0.6052965190441167	0.8214738472741585	0.4931218193384223	0.8280849475693	0.8775056108097334	0.4756182410941475	0.8302887695013141	0.9279698012073512	0.475394600826972				
ReplogleWeissman2022_K562_gwps	USF1	0.9410561998568844	0.9984915547777272	0.4642751122428466	0.8798104818042973	0.9816359340726348	0.4731774777189573	0.9464514678470454	0.999996985483837	0.4631858540507941	0.9469515443192564	0.99999607242354	0.463080563559606				
NadigOConner2024_hepg2	USF2	0.9458024501029104	0.9966961233902358	0.4359935458897206	0.9404129291520892	0.9949179113747584	0.4378753559533802	0.8944138723907515	0.9816737623800932	0.450151196348292	0.8811301150275879	0.967094028688816	0.4529298364626569				
NadigOConner2024_jurkat	USF2	0.6690607567715642	0.8455708565235106	0.4892297553618878	0.9380190651370828	0.9999999997133712	0.4621129872379254	0.983018830184285	0.9999999984302912	0.4477751914733627	0.983018830184285	0.99999999998846	0.4477751914733627				
ReplogleWeissman2022_K562_essential	USF2	0.2901241187100711	0.6359749155028492	0.5118711661452761	0.5307525588289613	0.7774831550329584	0.4983439381192364	0.5021299948358214	0.8523820996295155	0.4998856480082334	0.5294185894073771	0.852733256046013	0.4984159186140538				
ReplogleWeissman2022_K562_gwps	USF2	0.0132867507821153	0.1072430598842167	0.5318983622099618	0.0180187559961945	0.145911515891935	0.5301547780665028	0.0084160929309038	0.0826972609732287	0.5343813137893864	0.0079085409902387	0.0812422847179074	0.5347086236094255	zscore, ulm	0.7298853848098896	0.9880113414132295	
ReplogleWeissman2022_rpe1	USF2	0.8969142288677499	0.9854983502374042	0.4640516212955536	0.9484111769365308	0.9999993961427562	0.4536586146701804	0.947648635794601	0.9999999999999952	0.4538624982307624	0.947648635794601	0.999999999999992	0.4538624982307624				
NadigOConner2024_hepg2	VHL	0.2474806189480828	0.4124676982468048	0.539508429819216	0.318250699448473	0.5404257160445769	0.5273613650213285	0.3086481809367354	0.4981845775403924	0.5289295145236644	0.2800208498815534	0.4582159361698146	0.5337395896810888				
NadigOConner2024_jurkat	VHL	0.063217328949628	0.1948232887624149	0.5566344555207026	0.0491491894566921	0.1505317751830562	0.5612619141589232	0.0447970480773028	0.1586562119404475	0.562906621597649	0.085613939897883	0.2695253663451875	0.55070470763125				
ReplogleWeissman2022_K562_essential	VHL	0.6599418602183569	0.8761297109795427	0.4905199135825662	0.5440198730815483	0.7774831550329584	0.4974579654330265	0.6597356536854537	0.9236299151596352	0.4905328292316363	0.7197817960325495	0.8945628576063837	0.4866135168138268				
ReplogleWeissman2022_K562_gwps	VHL	0.2943712137784401	0.6858545805559533	0.5081012647767027	0.180351963341196	0.5159435913305103	0.5136961693799394	0.231123706067749	0.5868983996776548	0.5110158509841134	0.2195124933725242	0.6049978475876887	0.5115955919564937				
ReplogleWeissman2022_rpe1	VHL	0.0956081223972283	0.1575763498769133	0.5480493381910272	0.0947168742496091	0.1652902315336316	0.5482429487596205	0.0814584739543168	0.1394193111910422	0.551296908166409	0.1210345829838306	0.2071553439530948	0.5430069841126277				
ReplogleWeissman2022_K562_gwps	WT1	0.4981373540247435	0.8088087859476941	0.5000805797160894	0.5838323157644737	0.8298497066840947	0.4963473469861779	0.4734484333843474	0.823505835306506	0.5011491731099836	0.8343602693637155	0.9705182213284496	0.4832376305127889				
ReplogleWeissman2022_K562_gwps	XBP1	0.637307234376276	0.867659246801436	0.4938061977133174	0.4693907482319942	0.8247823973684612	0.501354238000422	0.4366820627104401	0.795888275585157	0.50281043682228	0.4172613200586809	0.7574457107414296	0.5036835682152273				
SunshineHein2023	XBP1	0.858585961296805	0.9595960743905468	0.4743157679738562	0.8642098893812485	0.9464153169232016	0.473707278050109	0.9095124338372764	0.9095124338372764	0.4680074720860567	0.907272971591309	0.9431457709382992	0.4683329929193899				
NadigOConner2024_hepg2	YBX1	0.4688286215367567	0.6297697901240016	0.5038333188241781	0.331207833987025	0.5467245471835929	0.5213835930472128	0.6098190209821781	0.7840530269770861	0.486346884884362	0.6392111629498032	0.8285346381000566	0.4825512898639041				
NadigOConner2024_jurkat	YBX1	0.6774478126132355	0.8455708565235106	0.4835889301538156	0.5135939488601988	0.6929442167161413	0.4987862010762774	0.608639022935596	0.8083487023363385	0.4901739481892154	0.6268546376956781	0.859998523729427	0.4884720877087289				
ReplogleWeissman2022_K562_essential	YBX1	0.7229689299821843	0.9435357221801388	0.4811785183190021	0.7123767554515339	0.901197295274289	0.4821755555002274	0.8374990092216804	0.9921142109241444	0.4686912217723042	0.7304831701159844	0.8945628576063837	0.4804598819852017				
ReplogleWeissman2022_K562_gwps	YBX1	0.5934941361547609	0.8598056075062562	0.4944918547243817	0.4758025461639155	0.8247823973684612	0.5014133156262754	0.5992923407318809	0.8794809675675654	0.4941431817529116	0.8717498515323636	0.9709911448951148	0.4735770896663479				
ReplogleWeissman2022_rpe1	YBX1	0.9884102733923816	0.99999994418258	0.3781320152155588	0.960984992984883	0.9999993961427562	0.4054118564129834	0.9841423080421312	0.9999999999999952	0.3847064901790759	0.9913898948182832	0.999999999999992	0.3721467050580553				
NadigOConner2024_hepg2	YY1	0.7904243036813126	0.894939402962677	0.4668494820231565	0.6224422631955907	0.8118812128638139	0.4872029250457038	0.6960836531562496	0.846588226811655	0.4789437334958358	0.5298110704012898	0.7224696414563043	0.4969327645744464				
NadigOConner2024_jurkat	YY1	0.2548814900849138	0.4513526386920348	0.5236692843269473	0.1543996132425708	0.3124754077528219	0.5365424944990418	0.2383745959935069	0.4941912355962949	0.5255483213204881	0.777518346387138	0.9560921710540908	0.4725752227807425				
ReplogleWeissman2022_K562_essential	YY1	0.5395257466207869	0.8155985603347663	0.4968246404237479	0.5452479269062306	0.7774831550329584	0.4963629990423518	0.5534948698892957	0.8523820996295155	0.4956963109927925	0.6696029869144472	0.8945628576063837	0.485957167011084				
ReplogleWeissman2022_K562_gwps	YY1	0.0002067029580586	0.0038929057101053	0.5769328004970973	0.0003312024196423	0.0057578266799359	0.5741727991568841	0.0005584411615769	0.0078879814072742	0.5710054796439906	0.0024623778039583	0.0309165213163665	0.5612590083641481	z-aggregate, viper	0.7395765937641714	0.9880113414132295	
ReplogleWeissman2022_rpe1	YY1	0.0010704135664871	0.0025070212478252	0.5959279401906027	0.002234790405659	0.0055248985028793	0.5888348456166875	0.0005760033240993	0.0017088098614946	0.6015692019912013	0.0070975976127656	0.0161970817316959	0.5766272243606332	ulm, z-aggregate	0.6042701107260013	1.0	
NadigOConner2024_hepg2	ZBTB17	0.0075204522959427	0.0250681743198092	0.5630872923334309	0.0054513438222722	0.0204425393335207	0.5660558426540375	0.0099196528329428	0.0371986981235356	0.5604402283352606	0.0387017554246645	0.1161052662739936	0.5458213975538249	viper, z-aggregate	0.7642898526025619	0.896063965120245	
NadigOConner2024_jurkat	ZBTB17	0.7725695877386091	0.9162195972960104	0.489083293372914	0.4920989350769991	0.6770166648554896	0.5002900521300886	0.5724570106702063	0.7944771686426124	0.4973265123088524	0.9992663611109448	0.99999999998846	0.4534318175083812				
ReplogleWeissman2022_K562_essential	ZBTB17	0.0055900953376855	0.0269023338126118	0.5585134287304293	0.0016237001545998	0.0073544065825991	0.5678868373511414	0.000917154377864	0.0070620887095535	0.5718662455677687	0.0480040958488036	0.2053508544643269	0.5383921914747559	ulm, viper	0.5441234139158316	0.7303101967782117	
ReplogleWeissman2022_K562_gwps	ZBTB17	0.1277141631323764	0.4692805318205778	0.5185319561048303	0.1427928446938558	0.4681280814938175	0.5174054325431394	0.035027263328316	0.2261760432056977	0.5295273408789458	0.7133709974281732	0.9347977731237102	0.4908192212085531				
ReplogleWeissman2022_rpe1	ZBTB17	0.378592890936275	0.5264807389582574	0.5054086910261109	0.4240389588739859	0.5632756319370857	0.5033513628268336	0.1904825847890318	0.2854801427309648	0.5153263256671086	0.4216144421822985	0.5562261335400799	0.503459709373735				
ReplogleWeissman2022_K562_gwps	ZNF382	0.6289040222567113	0.8633938227040122	0.4930285141143893	0.7401366966656233	0.9109777113491266	0.4863565586498145	0.8280513594945914	0.9650178600966016	0.4799408288713604	0.716078230276394	0.9347977731237102	0.4878938407120711				
