Dataset	TF	CausalPath_MWU-pvalue	CausalPath_MWU-adjusted-pvalue	CausalPath_ROC-AUC	CollecTRI_MWU-pvalue	CollecTRI_MWU-adjusted-pvalue	CollecTRI_ROC-AUC	DoRothEA_MWU-pvalue	DoRothEA_MWU-adjusted-pvalue	DoRothEA_ROC-AUC	Ensemble_MWU-pvalue	Ensemble_MWU-adjusted-pvalue	Ensemble_ROC-AUC	Best3_Top, Second	Best3_DeLongs-pvalue	Best3_DeLongs-adjusted-pvalue	Best3_Winner	Best4_Top, Second	Best4_DeLongs-pvalue	Best4_DeLongs-adjusted-pvalue	Best4_Winner
ReplogleWeissman2022_K562_gwps	ABL1				0.598294433977656	0.9409120818571264	0.4952027221217062				0.598294433977656	0.9572710943642496	0.4952027221217062								
NadigOConner2024_hepg2	ACTL6A	0.1834991496004067	0.3370392543680939	0.5869050037240164							0.1834991496004067	0.3589014974516168	0.5869050037240164								
NadigOConner2024_jurkat	ACTL6A	4.629852816964324e-06	7.870749788839351e-05	0.9268238123199956							4.629852816964324e-06	7.812876628627296e-05	0.9268238123199956	CausalPath			CausalPath	CausalPath, Ensemble	1.0	1.0	
ReplogleWeissman2022_K562_essential	ACTL6A	0.3680662634101385	0.6911808723186602	0.5133968289976925							0.3680662634101385	0.6702359973999129	0.5133968289976925								
ReplogleWeissman2022_K562_gwps	ACTL6A	0.150781434330971	0.5011265317470509	0.5388415334309342							0.150781434330971	0.6614421090513276	0.5388415334309342								
ReplogleWeissman2022_rpe1	ACTL6A	0.0918217734277343	0.1541912799069501	0.5991763778147726							0.0918217734277343	0.184974297195001	0.5991763778147726								
ReplogleWeissman2022_K562_gwps	ADNP										0.3212847170349422	0.8071946609803508	0.5108405282191503								
ReplogleWeissman2022_K562_gwps	AGO1	0.3062549775439046	0.7062614788257392	0.5114298929627371							0.3062549775439046	0.7991546195137081	0.5114298929627371								
ReplogleWeissman2022_K562_gwps	AGO2	0.663068819405631	0.879855710281378	0.4812485042264577							0.663068819405631	0.9743285581947684	0.4812485042264577								
ReplogleWeissman2022_K562_gwps	AGO3	0.0269104858652584	0.1737648515870974	0.5408662676290261							0.0269104858652584	0.3029921371495767	0.5408662676290261								
NormanWeissman2019_filtered	AHR	0.0106776492077397	0.0213552984154794	0.5288087168533523	0.3610024307367981	0.5415036461051973	0.5044538399413481	0.012057338015761	0.0197301894803363	0.5282325287811702	0.1412096645464115	0.2452588910542937	0.5134559868924272	CausalPath, DoRothEA	0.9744001843973648	0.9744001843973648		CausalPath, DoRothEA	0.9744001843973648	1.0	
ReplogleWeissman2022_K562_gwps	AHR				0.1637592901235248	0.6406723104832637	0.5250045022783623	0.8932044160986233	0.9999995011210674	0.468237682604034	0.2749623397355504	0.7643052367853997	0.5152682729679019								
ReplogleWeissman2022_K562_gwps	AIRE				0.4224083961298758	0.8618637173533806	0.5045728421145759				0.4224083961298758	0.8561805032139952	0.5045728421145759								
ReplogleWeissman2022_K562_gwps	AKT1	0.445415843678867	0.7886027772090635	0.5026279345082535							0.445415843678867	0.874096614996425	0.5026279345082535								
ReplogleWeissman2022_K562_gwps	AP1				0.9017988102933884	0.9899555729331274	0.4813497679464368				0.9017988102933884	0.9999973175522412	0.4813497679464368								
ReplogleWeissman2022_K562_gwps	APC	0.194712797571907	0.5790143717269868	0.5131809394668543							0.194712797571907	0.7137208344532978	0.5131809394668543								
GasperiniShendure2019_lowMOI	APEX1	0.607268110681119	0.7176804944413224	0.4779028559516365	0.5020391282774714	0.7337223026399716	0.4996873045653534				0.5336059196676802	0.6936876955679843	0.4932249322493225								
ReplogleWeissman2022_K562_gwps	APEX1				0.6569200004688259	0.9535266025170543	0.4918220065617883				0.6311173853543373	0.9640112170735534	0.4932237117858603								
TianKampmann2021_CRISPRi	APEX1	0.0460820624187425	0.1382461872562276	0.5415623785464438	0.0011518814040348	0.0092150512322786	0.5829071123202487				0.0003608140110771	0.0043297681329253	0.5919704624951418	CollecTRI, CausalPath	0.1604998435317666	0.1604998435317666		Ensemble, CollecTRI	0.1569712851990475	0.1569712851990475	
ReplogleWeissman2022_K562_gwps	AR	0.0497696782837777	0.2499543842696395	0.5292601897286575	0.7480285683487082	0.9559333566863149	0.4881278613865643	0.8182143272615082	0.9999995011210674	0.4838593079695898	0.7739744325567148	0.9999973175522412	0.4866409328894615								
GasperiniShendure2019_lowMOI	ARID1A				0.9811139812891572	0.9811139812891572	0.36610002463661				0.9811139812891572	0.9811139812891572	0.36610002463661								
ReplogleWeissman2022_K562_gwps	ARID2							0.03267834368906	0.4560374197162795	0.5381454543580121	0.03267834368906	0.3387765438272883	0.5381454543580121								
NadigOConner2024_hepg2	ARID3A				0.9755030605587416	0.99999999992544	0.3976856493221416	0.0002900078367934	0.0025392844362169	0.6789788550123514	0.0422926960008095	0.1343967895136837	0.589713851375702	DoRothEA, CollecTRI	7.245561167795649e-05	0.0013042010102032	DoRothEA	DoRothEA, Ensemble	0.0045251653675614	0.1063413861376944	
NadigOConner2024_jurkat	ARID3A				0.8040802711310222	0.946739674073623	0.4760106840437867	0.7601964870417488	0.9394447688875062	0.4801826196917871	0.8361339089561886	0.9647698949494484	0.472564319464512								
ReplogleWeissman2022_K562_essential	ARID3A				0.832521139714669	0.9649676846692754	0.4499615181834159	0.5689000179337941	0.6981954765551109	0.4909885887778539	0.8534481165735097	0.9999748558123746	0.4454103616078733								
ReplogleWeissman2022_K562_gwps	ARID3A				0.5068929811434812	0.9037171005689472	0.4993175028037004	0.0936869036028695	0.7026517770215218	0.5522962528400506	0.1226500132594941	0.6299268000300609	0.5460867674186611								
ReplogleWeissman2022_rpe1	ARID3A				0.2802188323101567	0.7887641205767376	0.5155190260288965	0.4035876616983526	0.5427558209046811	0.5065202185435282	0.3641273149486631	0.6248604540477057	0.5092817141321152								
ReplogleWeissman2022_K562_gwps	ARID3B				0.832600740726692	0.9861500865045688	0.4829377320432151				0.832600740726692	0.9999973175522412	0.4829377320432151								
ReplogleWeissman2022_K562_gwps	ARID4A				0.8689618475253265	0.9861500865045688	0.4794533124289029				0.8689618475253265	0.9999973175522412	0.4794533124289029								
NadigOConner2024_jurkat	ARID5B				0.5800819175427315	0.8803761215621544	0.4952378376946477				0.5800819175427315	0.8115222097123123	0.4952378376946477								
ReplogleWeissman2022_K562_gwps	ARNT	0.0022039494558237	0.0292995633538924	0.5852882070614819	0.2094192086602416	0.7174266107083231	0.5242152728090218	0.176117867096093	0.8299473673295268	0.5278642551477513	0.0253543733821507	0.2958370645170652	0.558526457319617	CausalPath, DoRothEA	0.0891107498920372	0.1520124556981812		CausalPath, Ensemble	0.262810367720342	0.6600008666097198	
ReplogleWeissman2022_K562_gwps	ARNTL	0.9752005231081476	0.99999988097155	0.4651370620758889							0.9752005231081476	0.9999973175522412	0.4651370620758889								
ReplogleWeissman2022_K562_gwps	ARX				0.0875367944695424	0.5717500951932137	0.5188106302005467				0.0875367944695424	0.5831057965736678	0.5188106302005467								
ReplogleWeissman2022_K562_gwps	ASCL1				0.1174256284872639	0.6089747709920899	0.5228968259286559	0.1887436220362359	0.8299473673295268	0.5170101335001154	0.055599201478466	0.433388647421889	0.5307004400366325								
NadigOConner2024_hepg2	ASF1B	0.9605430381606348	0.9966961233902358	0.4241948224885458							0.9605430381606348	0.9999999990003032	0.4241948224885458								
NadigOConner2024_jurkat	ASF1B	0.3951227767697035	0.6106442913713599	0.5080247498933195							0.3951227767697035	0.6428716261423865	0.5080247498933195								
ReplogleWeissman2022_K562_essential	ASF1B	0.6238922406759462	0.857851830929426	0.494523067772431							0.6238922406759462	0.8473152086213354	0.494523067772431								
ReplogleWeissman2022_K562_gwps	ASF1B	0.2391367589676785	0.6433917562701827	0.5078239979979826							0.2391367589676785	0.7380464439205511	0.5078239979979826								
ReplogleWeissman2022_K562_gwps	ATF1				0.6549176285394502	0.9535266025170543	0.4938080803262704	0.4178169447121059	0.9252298752282914	0.5032228262622287	0.524614034939741	0.9174275484590948	0.4990410524264712								
PapalexiSatija2021_eccite_RNA	ATF2	0.9587056862517052	0.9587056862517052	0.4817465919618829	0.8210722344067156	0.9481264908610472	0.490331531635691	0.2122855223125965	0.2653569028907457	0.5083970621121698	0.4687867808057698	0.639254701098777	0.5008237708471833								
ReplogleWeissman2022_K562_gwps	ATF2	0.2782005724630264	0.6834057540939562	0.5124324831819382	0.2165086149089399	0.7174266107083231	0.5165719499132981	0.1905805065719654	0.8299473673295268	0.5185106004047157	0.1674175182723058	0.6831533631514225	0.5203846053233694								
ReplogleWeissman2022_K562_gwps	ATF3	0.8882733447193938	0.9954610858195412	0.479896628400517	0.4428259190261109	0.8677503936330341	0.502378089880997	0.3552022461450246	0.8942275200343378	0.5061401906694014	0.265076754848185	0.7627855882055198	0.5103810891552673								
NadigOConner2024_hepg2	ATF4	0.0641261161368183	0.1479833449311192	0.5938359832326926	0.0138262107156513	0.0980404032564371	0.635855815928942	1.1245676646773128e-05	0.0001499423552903	0.7614813583734973	0.000141851597416	0.0009659418300234	0.723921112403745	DoRothEA, CollecTRI	0.0317481839127656	0.0714334138037227	DoRothEA	DoRothEA, Ensemble	0.1193971762883532	0.7428076800709382	
NadigOConner2024_jurkat	ATF4	0.1679039065219309	0.3659444116503623	0.5386164041478193	0.0098037381833118	0.0550517605678279	0.5936340523833183	6.156976932866569e-07	7.1577182345763305e-06	0.6946080930226556	7.369852435376486e-07	1.5009617312594046e-05	0.6931723590560936	DoRothEA, CollecTRI	0.0465571968230692	0.1489830298338214		DoRothEA, Ensemble	0.9510581693356992	1.0	
ReplogleWeissman2022_K562_essential	ATF4	0.0004297231925114	0.0027573904852817	0.613776431419208	0.0608446255646271	0.1824091130367392	0.5528354415847371	1.1216912285723686e-12	3.0285663171453955e-11	0.7395905086939278	2.1151925119656026e-08	2.961269516751844e-07	0.6871047028617947	DoRothEA, CausalPath	0.0004201590974447	0.0018206894222605	DoRothEA	DoRothEA, Ensemble	0.0003641646043483	0.005280386763051	DoRothEA
ReplogleWeissman2022_K562_gwps	ATF4	0.0258487531631877	0.1737648515870974	0.5553805326891637	0.0037178437405462	0.0753708321947107	0.5761884469727774	8.956108012970441e-10	1.2090745817510096e-07	0.6712295934665263	7.319273585224366e-08	4.04556212710583e-06	0.6496357678152379	DoRothEA, CollecTRI	0.0009532094152109	0.004607178840186	DoRothEA	DoRothEA, Ensemble	0.0898175282990476	0.3316339506426375	
ReplogleWeissman2022_rpe1	ATF4	0.4778833687404365	0.5853600833535333	0.5022933031970345	0.0402302838321174	0.1528750785620465	0.5722457562714914	2.7250823942112497e-05	0.0001771303556237	0.6667834925085429	0.0003002360894615	0.0011923661838614	0.641819121410064	DoRothEA, CollecTRI	0.0366982542246133	0.0633878936606957	DoRothEA	DoRothEA, Ensemble	0.2422387601131796	1.0	
SunshineHein2023	ATF4	1.3156714614669502e-11	1.2498878883936028e-10	0.6630201644549086	2.977961254164853e-07	1.0422864389576987e-06	0.6221004120291095	1.7346633031467977e-12	6.938653212587191e-12	0.6701470640696345	3.7519729021971606e-10	2.8765125583511563e-09	0.6505288598744292	DoRothEA, CausalPath	0.6892740560894308	0.7754333131006097		DoRothEA, CausalPath	0.6892740560894308	0.9843157890925868	
NadigOConner2024_hepg2	ATF5				2.5824848532614865e-05	0.0008359696003669	0.6644959832399342				2.5824848532614865e-05	0.0002172325494214	0.6644959832399342	CollecTRI			CollecTRI	CollecTRI, Ensemble	1.0	1.0	
NadigOConner2024_jurkat	ATF5				0.5909373966650078	0.8803761215621544	0.4861461140916833				0.5909373966650078	0.814046413773225	0.4861461140916833								
ReplogleWeissman2022_K562_essential	ATF5				1.6422214217692965e-08	2.093832312755853e-07	0.6352240977532266				1.6422214217692965e-08	2.6275542748308744e-07	0.6352240977532266	CollecTRI			CollecTRI	CollecTRI, Ensemble	1.0	1.0	
ReplogleWeissman2022_K562_gwps	ATF5				0.0128605568664214	0.1977864952559981	0.5920109623960822				0.0128605568664214	0.1861718708281955	0.5920109623960822								
ReplogleWeissman2022_rpe1	ATF5				6.761419700086598e-08	1.027735794413163e-06	0.6851010973039001				6.761419700086598e-08	4.271987901418351e-07	0.6851010973039001	CollecTRI			CollecTRI	CollecTRI, Ensemble	1.0	1.0	
ReplogleWeissman2022_K562_gwps	ATF6	0.0024706033212901	0.0310197972561979	0.5720636801723915	0.0773179826677033	0.566710149823864	0.5364914170959482	0.0001994449698418	0.0067312677321627	0.5907785952139618	0.0773179826677033	0.5429044340260708	0.5364914170959482	DoRothEA, CausalPath	0.2265277398052483	0.2856219327979218		DoRothEA, CausalPath	0.2265277398052483	0.6040739728139956	
SunshineHein2023	ATF6	0.0359856312892904	0.0854658743120647	0.5447429539745864	0.0992035933855836	0.1543167008220189	0.5319818447104019	0.0486547573779606	0.0973095147559213	0.5412303302304965	0.0992035933855836	0.2239865614067061	0.5319818447104019	CausalPath, DoRothEA	0.8257707241139165	0.8257707241139165		CausalPath, DoRothEA	0.8257707241139165	0.9843157890925868	
ReplogleWeissman2022_K562_gwps	ATF7							0.8527634372974371	0.9999995011210674	0.4417471414992019	0.8679151842998631	0.9999973175522412	0.437955827569176								
ReplogleWeissman2022_K562_gwps	ATM	0.659788574321435	0.879855710281378	0.4904703117026376							0.659788574321435	0.9743285581947684	0.4904703117026376								
TianKampmann2021_CRISPRa	ATM	0.898495306320028	0.898495306320028	0.4659236056200961							0.898495306320028	0.9999999958196356	0.4659236056200961								
NadigOConner2024_hepg2	ATR	6.946884341895037e-08	6.059863723615837e-07	0.6534257566524477							6.946884341895037e-08	1.0437820764693895e-06	0.6534257566524477	CausalPath			CausalPath	CausalPath, Ensemble	1.0	1.0	
NadigOConner2024_jurkat	ATR	0.0113005757904191	0.0513495959420933	0.5589495927554815							0.0113005757904191	0.0553410561308694	0.5589495927554815	CausalPath			CausalPath	CausalPath, Ensemble	1.0	1.0	
ReplogleWeissman2022_K562_essential	ATR	0.0721934547969543	0.2416911312767601	0.5361025574006157							0.0721934547969543	0.2310190553502538	0.5361025574006157								
ReplogleWeissman2022_K562_gwps	ATR	2.8132371058139924e-08	1.5894789647849055e-06	0.6822991355625545							2.8132371058139924e-08	1.7104481603349077e-06	0.6822991355625545	CausalPath			CausalPath	CausalPath, Ensemble	1.0	1.0	
ReplogleWeissman2022_rpe1	ATR	8.553553366466268e-25	2.537554165384993e-23	0.7381763297654345							8.553553366466268e-25	1.9815731965646857e-23	0.7381763297654345	CausalPath			CausalPath	CausalPath, Ensemble	1.0	1.0	
ReplogleWeissman2022_K562_gwps	BACH1				0.1433918870190649	0.629499124647665	0.522395669906224	0.9856620062741138	0.9999995011210674	0.4539997383393483	0.9773538698839764	0.9999973175522412	0.4579099695899267								
ReplogleWeissman2022_K562_gwps	BACH2							0.9096057278102144	0.9999995011210674	0.4780467708513564	0.8058432095887147	0.9999973175522412	0.4858490950221856								
ReplogleWeissman2022_K562_gwps	BATF							0.7049006873180723	0.9999995011210674	0.4898425534766411	0.667213565100768	0.9743285581947684	0.4918477689016384								
ReplogleWeissman2022_K562_gwps	BCL11A				0.8296898724879012	0.9861500865045688	0.4765610326244771	0.6211243000277855	0.9999995011210674	0.4924136169535014	0.7993165140468433	0.9999973175522412	0.4793590673670737								
ReplogleWeissman2022_K562_gwps	BCL11B				0.668248369682925	0.9535266025170543	0.4897687599878049				0.668248369682925	0.9743285581947684	0.4897687599878049								
SunshineHein2023	BCL2	0.6231399139353179	0.9369211363221422	0.4913637038559941							0.6231399139353179	0.8671294986756946	0.4913637038559941								
TianKampmann2021_CRISPRa	BCL2	0.6557957380799582	0.8743943174399442	0.4898149363433522							0.6557957380799582	0.9999999958196356	0.4898149363433522								
ReplogleWeissman2022_K562_gwps	BCL6	0.2246544733857756	0.6307470147232634	0.5177914619550336	0.283965460431544	0.791553720952929	0.5134300446486224	0.5692163009434772	0.9999995011210674	0.4958993473339744	0.425273868372741	0.8561805032139952	0.5044309131244583								
ReplogleWeissman2022_rpe1	BCLAF1				0.971461317719612	1.0	0.4392119170906946				0.971461317719612	0.9999999999778226	0.4392119170906946								
ReplogleWeissman2022_K562_gwps	BHLHE22							0.8403772246281223	0.9999995011210674	0.4801825992702507	0.6038519139459442	0.960791235007061	0.4947601796647751								
ReplogleWeissman2022_K562_gwps	BHLHE40				3.315044213183842e-07	2.4641828651333224e-05	0.5706503666613112	0.9556509663075872	0.9999995011210674	0.4758103323970679	0.1608362678470079	0.6675817821914125	0.5140824586289943	CollecTRI, DoRothEA	2.128746051171684e-06	2.0577878494659613e-05	CollecTRI	CollecTRI, Ensemble	0.0001620617646742	0.0019447411760908	CollecTRI
ReplogleWeissman2022_K562_gwps	BHLHE41				0.3598500287655992	0.8487040402070734	0.510749013394205				0.2469312833746113	0.7582536378371905	0.5204932992948029								
NadigOConner2024_hepg2	BRCA1	0.963472919277228	0.9966961233902358	0.4241575583129124	0.8855176373228493	0.9974158144449194	0.4490991049394721				0.80040845895085	0.9230516905642868	0.4643293961042609								
NadigOConner2024_jurkat	BRCA1	0.9801345640125816	0.9999999809091804	0.4489868520068553	0.997881336909044	0.9999999999727516	0.4290582098572292				0.992387787138389	0.9999681819073516	0.4397974010165462								
ReplogleWeissman2022_K562_essential	BRCA1	0.3206900356972797	0.6498192828602773	0.5132498301998584	0.381386978041388	0.7292768883528153	0.508586648650992				0.4189225811693001	0.679990276680603	0.5058219771962023								
ReplogleWeissman2022_K562_gwps	BRCA1	0.578961715783133	0.8534806015070802	0.4958758893946188	0.4837224297565552	0.9037171005689472	0.5008448497157203				0.6917526125953976	0.9779210315771036	0.4896331768033168								
ReplogleWeissman2022_rpe1	BRCA1	0.9289139348042426	0.9960643397298504	0.3866893642588026	0.9898252420204168	1.0	0.32090598440375				0.942315743399305	0.9999999999778226	0.3784468838792855								
NadigOConner2024_hepg2	BRD4				0.4447061279073886	0.7540669125386156	0.50839449257699				0.4447061279073886	0.6765210243697509	0.50839449257699								
NadigOConner2024_jurkat	BRD4				0.6560336194307531	0.8884222029756293	0.4861007585653169				0.6560336194307531	0.8598498895451618	0.4861007585653169								
PapalexiSatija2021_eccite_RNA	BRD4				0.3158376590483118	0.5865556525182934	0.5080116662938501				0.3158376590483118	0.5263960984138532	0.5080116662938501								
ReplogleWeissman2022_K562_essential	BRD4				0.0081836550771078	0.0373349394861291	0.5649739849218731				0.0081836550771078	0.0398508421146123	0.5649739849218731	CollecTRI			CollecTRI	CollecTRI, Ensemble	1.0	1.0	
ReplogleWeissman2022_K562_gwps	BRD4				0.1614054637864105	0.6406723104832637	0.518568454493969				0.1614054637864105	0.6675817821914125	0.518568454493969								
ReplogleWeissman2022_rpe1	BRD4				0.4463089657035963	0.9747683719290506	0.5044566403543009				0.4463089657035963	0.7130683475034469	0.5044566403543009								
SunshineHein2023	BRD4				0.7831712782381353	0.8434152227179917	0.4791426528346995				0.7831712782381353	0.8836574153494964	0.4791426528346995								
GasperiniShendure2019_lowMOI	BTF3	0.0090178356076506	0.0818434379599987	0.6794941282746161							0.0090178356076506	0.2344637257989156	0.6794941282746161	CausalPath			CausalPath	CausalPath, Ensemble	1.0	1.0	
ReplogleWeissman2022_rpe1	BTF3	0.4660206978419694	0.5841667902526096	0.5023693406119049							0.4660206978419694	0.7197430777781528	0.5023693406119049								
SunshineHein2023	BTF3	0.8068176401017141	0.9580959476207856	0.4718505859374999							0.8068176401017141	0.8836574153494964	0.4718505859374999								
ReplogleWeissman2022_K562_gwps	CARM1	0.0012834821761724	0.0207190694153553	0.5699894728423109							0.0012834821761724	0.0300137370428019	0.5699894728423109	CausalPath			CausalPath	CausalPath, Ensemble	1.0	1.0	
ReplogleWeissman2022_K562_gwps	CBFB	0.9932239480000812	0.99999988097155	0.4423216958163015							0.9691703035364186	0.9999973175522412	0.4563425146689826								
FrangiehIzar2021_RNA	CCND1	0.3455863323698012	0.5809318272557525	0.5045908543019628							0.3277395781596695	0.6827907878326448	0.5051559418942014								
NadigOConner2024_hepg2	CCND1	0.5902982065722258	0.7378727582152822	0.4894060844700698							0.5902982065722258	0.7889032106526008	0.4894060844700698								
NadigOConner2024_jurkat	CCND1	0.5186846424747581	0.7260260065931703	0.4991852389935872							0.5186846424747581	0.772957228738818	0.4991852389935872								
ReplogleWeissman2022_K562_essential	CCND1	0.0229176781184524	0.0980367341733798	0.5480362423085139							0.0229176781184524	0.0916707124738096	0.5480362423085139	CausalPath			CausalPath	CausalPath, Ensemble	1.0	1.0	
ReplogleWeissman2022_K562_gwps	CCND1	0.714378832200114	0.8981778257139823	0.4906979483931493							0.714378832200114	0.9870652520763848	0.4906979483931493								
ReplogleWeissman2022_rpe1	CCND1	0.2118196145856881	0.3141990949687708	0.5298986535821724							0.2118196145856881	0.3925723523654754	0.5298986535821724								
NadigOConner2024_hepg2	CCNH	0.0474136375218386	0.1185340938045966	0.5496711862685355							0.0474136375218386	0.14425851416219	0.5496711862685355								
NadigOConner2024_jurkat	CCNH	7.523745257837458e-06	0.0001065863911526	0.5893063168371006							7.523745257837458e-06	0.0001128561788675	0.5893063168371006	CausalPath			CausalPath	CausalPath, Ensemble	1.0	1.0	
ReplogleWeissman2022_K562_essential	CCNH	0.8917873397361271	0.9999881318155772	0.4580921768803769							0.8917873397361271	0.9999748558123746	0.4580921768803769								
ReplogleWeissman2022_K562_gwps	CCNH	0.4488361861960264	0.7886027772090635	0.5039823584823551							0.4488361861960264	0.874096614996425	0.5039823584823551								
ReplogleWeissman2022_rpe1	CCNH	1.5229844182059543e-09	9.681829515737853e-09	0.7178606456135194							1.5229844182059543e-09	1.2452637301801628e-08	0.7178606456135194	CausalPath			CausalPath	CausalPath, Ensemble	1.0	1.0	
NadigOConner2024_hepg2	CCNK	0.2087615188277498	0.3613180133557208	0.5244856816479155							0.2087615188277498	0.3778847745869395	0.5244856816479155								
NadigOConner2024_jurkat	CCNK	0.0051154099130231	0.0289873228404642	0.5486308068200039							0.0051154099130231	0.0287741807607549	0.5486308068200039	CausalPath			CausalPath	CausalPath, Ensemble	1.0	1.0	
ReplogleWeissman2022_K562_essential	CCNK	0.5273440934010574	0.8155985603347663	0.4988766320683825							0.5273440934010574	0.7670459540379017	0.4988766320683825								
ReplogleWeissman2022_K562_gwps	CCNK	0.8469960804731227	0.9741417727909524	0.4889803193583812							0.8469960804731227	0.9999973175522412	0.4889803193583812								
ReplogleWeissman2022_rpe1	CCNK	0.8521601806710369	0.9480282009965286	0.4835341404108184							0.8521601806710369	0.9999999999778226	0.4835341404108184								
ReplogleWeissman2022_K562_gwps	CCNT1	0.9893679056273336	0.99999988097155	0.4481809856251993							0.9893679056273336	0.9999973175522412	0.4481809856251993								
ReplogleWeissman2022_K562_gwps	CCNT2	0.8389913700839715	0.9741417727909524	0.4836245449954647							0.8389913700839715	0.9999973175522412	0.4836245449954647								
NadigOConner2024_hepg2	CDC6	0.0389039656287691	0.1029810854879183	0.5608597757579398							0.0389039656287691	0.1264378882934997	0.5608597757579398								
NadigOConner2024_jurkat	CDC6	0.6521599908326624	0.8455708565235106	0.4821166428990856							0.6521599908326624	0.8598498895451618	0.4821166428990856								
ReplogleWeissman2022_K562_essential	CDC6	0.5206130916574933	0.8155985603347663	0.4988994385177431							0.5206130916574933	0.7670459540379017	0.4988994385177431								
ReplogleWeissman2022_K562_gwps	CDC6	0.3635253323106159	0.7719967256735721	0.5093616195319883							0.3635253323106159	0.843819083453071	0.5093616195319883								
ReplogleWeissman2022_rpe1	CDC6	0.0126575011219429	0.02560267272393	0.570697888372908							0.0126575011219429	0.0314177259991083	0.570697888372908	CausalPath			CausalPath	CausalPath, Ensemble	1.0	1.0	
NadigOConner2024_hepg2	CDK12	0.3700619600786381	0.5371867162431844	0.5232581759089987							0.3700619600786381	0.5945939358566882	0.5232581759089987								
NadigOConner2024_jurkat	CDK12	0.0006687732113445	0.0071057153705361	0.6545754923617519							0.0006687732113445	0.0069449525793475	0.6545754923617519	CausalPath			CausalPath	CausalPath, Ensemble	1.0	1.0	
ReplogleWeissman2022_K562_gwps	CDK12	0.4002649640916262	0.7866076685626742	0.5099287453371754							0.4002649640916262	0.8459701870336926	0.5099287453371754								
ReplogleWeissman2022_rpe1	CDK12	0.0008553201836607	0.0021749570384517	0.6134390333391746							0.0008553201836607	0.0027648722216011	0.6134390333391746	CausalPath			CausalPath	CausalPath, Ensemble	1.0	1.0	
NadigOConner2024_hepg2	CDK7	0.5465104915826586	0.7026563463205611	0.4920441465231228							0.5465104915826586	0.7442952409173351	0.4920441465231228								
NadigOConner2024_jurkat	CDK7	0.0114781449752914	0.0513495959420933	0.664242722925929							0.0114781449752914	0.0553410561308694	0.664242722925929	CausalPath			CausalPath	CausalPath, Ensemble	1.0	1.0	
ReplogleWeissman2022_K562_essential	CDK7	0.031773146005087	0.1165015353519857	0.6300129294625985							0.031773146005087	0.1147933016957982	0.6300129294625985								
ReplogleWeissman2022_K562_gwps	CDK7	0.3766229728544813	0.7737890169555708	0.5168543350116805							0.3766229728544813	0.843819083453071	0.5168543350116805								
ReplogleWeissman2022_rpe1	CDK7	0.0191208733528221	0.0371087512158207	0.8452787756651772							0.0191208733528221	0.0451863178963926	0.8452787756651772	CausalPath			CausalPath	CausalPath, Ensemble	1.0	1.0	
NadigOConner2024_hepg2	CDK9	0.0286962953557822	0.0825845435576048	0.5695214235738306							0.0286962953557822	0.0999753627829629	0.5695214235738306	CausalPath			CausalPath	CausalPath, Ensemble	1.0	1.0	
NadigOConner2024_jurkat	CDK9	0.0723742171537983	0.2019633952994577	0.5540422535792326							0.0723742171537983	0.2252992220026041	0.5540422535792326								
ReplogleWeissman2022_K562_essential	CDK9	0.0023446429976397	0.0120358340545505	0.5707008718280557							0.0023446429976397	0.0119363643516203	0.5707008718280557	CausalPath			CausalPath	CausalPath, Ensemble	1.0	1.0	
ReplogleWeissman2022_K562_gwps	CDK9	0.52817046576522	0.8289689877573613	0.4988178334401993							0.52817046576522	0.9174275484590948	0.4988178334401993								
ReplogleWeissman2022_rpe1	CDK9	0.0191798039991882	0.0371087512158207	0.6151399800747037							0.0191798039991882	0.0451863178963926	0.6151399800747037	CausalPath			CausalPath	CausalPath, Ensemble	1.0	1.0	
FrangiehIzar2021_RNA	CDKN1A	0.2673991811407138	0.4902318320913087	0.5056179318412481							0.2673991811407138	0.6077254116834405	0.5056179318412481								
NormanWeissman2019_filtered	CDKN1A	0.9970843841378212	0.9970843841378212	0.4566459290151069							0.9970843841378212	1.0	0.4566459290151069								
FrangiehIzar2021_RNA	CDKN2A	0.0002882697955263	0.00090599078594	0.5340472095733007							0.0002882697955263	0.0012011241480265	0.5340472095733007	CausalPath			CausalPath	CausalPath, Ensemble	1.0	1.0	
ReplogleWeissman2022_K562_gwps	CDX1				0.4753806037638657	0.9022116990582304	0.5013647836672698				0.4753806037638657	0.894834077673159	0.5013647836672698								
ReplogleWeissman2022_K562_gwps	CDX2				0.7353133884004218	0.9559333566863149	0.489764461789931	0.2517252684271278	0.8412247588103643	0.510888255916235	0.4503204408226126	0.874096614996425	0.5020318224268545								
NormanWeissman2019_filtered	CEBPA	1.0989208128452682e-122	8.791366502762144e-122	0.8258777012208315	2.78259845206329e-91	2.78259845206329e-90	0.7801937739324227	3.850000903199169e-37	2.3100005419195012e-36	0.6756322230775088	9.67885609563249e-59	1.0646741705195738e-57	0.7232514771285391	CausalPath, CollecTRI	0.0003773006096923	0.0010690183941282	CausalPath	CausalPath, CollecTRI	0.0003773006096923	0.0016601226826462	CausalPath
ReplogleWeissman2022_K562_gwps	CEBPA	0.024305875903009	0.1737648515870974	0.560719724890803	0.0107196057084428	0.1707480052130535	0.5708247793217304	0.1417647571627108	0.7720589050930561	0.5330213276638258	0.1131422017529986	0.6253678060529377	0.5372570102282628								
GasperiniShendure2019_lowMOI	CEBPB	0.1239680327409921	0.4028961064082245	0.5853658536585367	0.0189679791210904	0.360391603300718	0.6532859078590787	0.0968105603714185	0.3906889767230923	0.5960365853658536	0.0195054177848989	0.2535704312036858	0.6524390243902438								
NormanWeissman2019_filtered	CEBPB	1.3498467137773855e-48	4.319509484087634e-48	0.6963015697608523	7.332368264932414e-08	2.4441227549774716e-07	0.5706652711662701	2.9318552955425145e-08	7.53905647425218e-08	0.5728993114586876	3.3780368018560585e-10	1.2386134940138883e-09	0.5829651549926329	CausalPath, DoRothEA	5.58315744969363e-16	4.745683832239585e-15	CausalPath	CausalPath, Ensemble	1.1473551003292238e-12	1.2620906103621462e-11	CausalPath
ReplogleWeissman2022_K562_gwps	CEBPB	0.0549565729000487	0.2700040320741526	0.5357499435224572	0.3674946161188333	0.8487040402070734	0.5075699970427034	0.0991814244625801	0.7237563406728819	0.5287646244734949	0.3596695880221695	0.843819083453071	0.5080361825434435								
ReplogleWeissman2022_K562_gwps	CEBPD				0.9998782080621428	0.9998782080621428	0.4202965051104143	0.6767429494745347	0.9999995011210674	0.4900371814485735	0.9771142426306488	0.9999973175522412	0.4566064365816086								
NormanWeissman2019_filtered	CEBPE				0.3463944057523377	0.5415036461051973	0.5034471786617056				0.3463944057523377	0.5195477365211054	0.5034471786617056								
ReplogleWeissman2022_K562_gwps	CEBPE				0.1240662653573035	0.6273753630944386	0.5259832798263409				0.1240662653573035	0.6299268000300609	0.5259832798263409								
NadigOConner2024_hepg2	CEBPG				0.6378369258107416	0.9540554052512628	0.4840346209677819	0.933873513824297	0.999927694428874	0.431850497664026	0.8605710943035605	0.969810328018674	0.4509742720827573								
NadigOConner2024_jurkat	CEBPG				0.1392485150169836	0.3630407712942787	0.6297989542264352	0.6182387889383265	0.8314245782274046	0.4636495819701927	0.2887496048104184	0.5568742378486641	0.5672063305651092								
ReplogleWeissman2022_K562_gwps	CEBPG				0.1084865027806749	0.5796180866535	0.54722522986418	0.7495917867134756	0.9999995011210674	0.474249451276788	0.2042556335442003	0.7137208344532978	0.5316150390719142								
ReplogleWeissman2022_rpe1	CEBPG				0.6315496631467137	1.0	0.4719910044101755	0.1735600094647743	0.3223257318631524	0.5783974415140629	0.5727291944783794	0.8207150312628324	0.4847177195595666								
NadigOConner2024_hepg2	CEBPZ				0.99999999992544	0.99999999992544	0.3368773044275787				0.9999999990003032	0.9999999990003032	0.3472768513901969								
NadigOConner2024_jurkat	CEBPZ				0.3173930843234849	0.7383495354275442	0.5111211035420413				0.3173930843234849	0.5920321572663446	0.5111211035420413								
ReplogleWeissman2022_K562_essential	CEBPZ										0.1823639365408051	0.474994439362097	0.5247460926784583								
ReplogleWeissman2022_K562_gwps	CEBPZ										0.523706616505974	0.9174275484590948	0.4981373403076971								
ReplogleWeissman2022_rpe1	CEBPZ				0.9999999996077548	1.0	0.248448260755279				0.999999999658192	0.9999999999778226	0.2475562954525541								
ReplogleWeissman2022_K562_gwps	CHD9	0.8077582666585927	0.950798793046052	0.4814189707529617							0.8077582666585927	0.9999973175522412	0.4814189707529617								
NadigOConner2024_hepg2	CHEK1	0.4995078856788817	0.6611133781044023	0.5000467517225592							0.4995078856788817	0.7145747553307669	0.5000467517225592								
NadigOConner2024_jurkat	CHEK1	0.6864045776484968	0.8455708565235106	0.4755600633463229							0.6864045776484968	0.8677268563928148	0.4755600633463229								
ReplogleWeissman2022_K562_essential	CHEK1	4.161504843533097e-10	1.068119576506828e-08	0.6051198726642459							4.161504843533097e-10	7.768142374595114e-09	0.6051198726642459	CausalPath			CausalPath	CausalPath, Ensemble	1.0	1.0	
ReplogleWeissman2022_K562_gwps	CHEK1	0.0682795728204919	0.3086236691486235	0.5307336846150374							0.0682795728204919	0.5187240105415745	0.5307336846150374								
ReplogleWeissman2022_rpe1	CHEK1	2.7704004118677117e-05	0.00010720245072	0.6572297937758377							2.7704004118677117e-05	0.0001375305918748	0.6572297937758377	CausalPath			CausalPath	CausalPath, Ensemble	1.0	1.0	
NadigOConner2024_hepg2	CLOCK	0.9082627631691356	0.9966961233902358	0.4738212923465817	0.9972149552085576	0.99999999992544	0.4454411266842711	0.8064190392938049	0.9727557727085164	0.4829801160087571	0.9685120598093218	0.9999999990003032	0.4634048795901325								
NadigOConner2024_jurkat	CLOCK	0.986626523636814	0.9999999809091804	0.4690029466474396	0.9999999999727516	0.9999999999727516	0.4081935097669636	0.4599347190447545	0.7281094579807673	0.5014083647048283	0.9998929444497452	0.9999681819073516	0.4481793500332213								
ReplogleWeissman2022_K562_gwps	CLOCK	0.6262355848470591	0.8633938227040122	0.4931226928469605	0.9972547338994222	0.9998782080621428	0.4406726112074771	0.8371973932615002	0.9999995011210674	0.4789973961051063	0.985922728578751	0.9999973175522412	0.4530994624866665								
ReplogleWeissman2022_rpe1	CLOCK	2.0022448035827977e-10	1.3707675962989924e-09	0.5696012215244669	1.0	1.0	0.3978682143231342	0.2434773736334014	0.3980877337381151	0.5077367301059582	0.9999999999778226	0.9999999999778226	0.4266717073341098	CausalPath, DoRothEA	3.611510581882047e-07	4.204575754774471e-06	CausalPath	CausalPath, DoRothEA	3.611510581882047e-07	2.3835969840421508e-05	CausalPath
ReplogleWeissman2022_K562_gwps	CREB1	0.5355286381087379	0.8289689877573613	0.4981588480731702	0.903152129471436	0.9899555729331274	0.4731648311673392	0.6243883904752101	0.9999995011210674	0.4934544266007682	0.7963459530367629	0.9999973175522412	0.4828912225615301								
ReplogleWeissman2022_K562_gwps	CREB3							0.7094350860585189	0.9999995011210674	0.4856850110135253	0.748598974017618	0.9921533085126588	0.4826143018030189								
ReplogleWeissman2022_K562_gwps	CREB3L1							0.1393257501796638	0.7720589050930561	0.5263623242336667	0.1058834292979319	0.5984293400503303	0.5303863853359776								
ReplogleWeissman2022_K562_gwps	CREB5	0.7017752700193687	0.8910180394627939	0.4919589429595339	0.7017752700193687	0.9535266025170543	0.4919589429595339				0.7017752700193687	0.9795489893724132	0.4919589429595339								
ReplogleWeissman2022_K562_gwps	CREBBP	0.0224218417833809	0.1689112081014699	0.5478121021242378	0.2092628530634546	0.7174266107083231	0.5192806064327493				0.0432082198463719	0.3920984726357338	0.5408646015532796								
TianKampmann2021_CRISPRi	CREBBP	0.3450637520559019	0.530492865497909	0.5086179111349858	0.553750818625649	0.7383344248341986	0.4970838769089095				0.3711863526603604	0.6148787026967413	0.5071061315324994								
ReplogleWeissman2022_K562_gwps	CREBZF				0.9585392668649232	0.9986814806952088	0.4696497699178125				0.9585392668649232	0.9999973175522412	0.4696497699178125								
ReplogleWeissman2022_K562_gwps	CREM				0.6952649372923443	0.9535266025170543	0.4851694591157165	0.5222497982364366	0.9999995011210674	0.4983800343446527	0.7442349300025828	0.9921533085126588	0.480941560617229								
ReplogleWeissman2022_K562_gwps	CRX				0.9443993996172172	0.997941949167192	0.4710999403235822				0.9443993996172172	0.9999973175522412	0.4710999403235822								
NadigOConner2024_hepg2	CTBP2				0.4744426385654823	0.7873728895342047	0.5027738280632856				0.4744426385654823	0.7034908618249698	0.5027738280632856								
NadigOConner2024_jurkat	CTBP2				0.0929174124316699	0.2826237961463292	0.553054403025043				0.0929174124316699	0.2668904399633071	0.553054403025043								
ReplogleWeissman2022_rpe1	CTBP2				0.9997226418075144	1.0	0.3983624208602778				0.9997226418075144	0.9999999999778226	0.3983624208602778								
NadigOConner2024_hepg2	CTCF				0.013344067274532	0.0980404032564371	0.5918533165856227	0.1238033245808412	0.3301421988822432	0.5479237398798642	0.114741955310462	0.2630613032710222	0.5498099300658715	CollecTRI, DoRothEA	0.2558767434009625	0.3070520920811551		CollecTRI, Ensemble	0.2317582224824296	0.7886104049334894	
NadigOConner2024_jurkat	CTCF				0.0440030440862097	0.1779756137148129	0.5743855381259961	0.1794259645636888	0.4305974306292461	0.5400077022214427	0.1678432204892271	0.3975234169481696	0.541977106862603								
ReplogleWeissman2022_K562_essential	CTCF				0.4639659392354648	0.7887420967002903	0.5032006976202961	0.7486792407532837	0.865124615698464	0.4762842746627561	0.7649051954694264	0.9515718773652566	0.4744504978395641								
ReplogleWeissman2022_K562_gwps	CTCF				0.2126965771567696	0.7174266107083231	0.5220561573877404	0.3958553480618858	0.9108496540562572	0.5073075426332236	0.3625752866378896	0.843819083453071	0.509728533075291								
ReplogleWeissman2022_rpe1	CTCF				0.0330942410992626	0.1323769643970506	0.6131843272822857	0.0273501213360703	0.103117694528745	0.6183658188827732	0.0166502942137923	0.040603349047669	0.6311303696741355					Ensemble, DoRothEA	0.0116011822220945	0.0957097533322802	Ensemble
GasperiniShendure2019_lowMOI	CTCFL				0.1719296460967528	0.7337223026399716	0.5699525745257453	0.8917130770560681	0.9141420315297644	0.4088753387533875	0.8389516044148524	0.94838007455592	0.4269986449864498								
ReplogleWeissman2022_K562_gwps	CTCFL				0.1259805635070149	0.6273753630944386	0.517375605028892	0.3771737597274996	0.8942275200343378	0.504746158485353	0.2859411041807138	0.7807509210429799	0.5085740132681096								
NadigOConner2024_hepg2	CTDP1	0.4606765528792582	0.6281952993808068	0.5031732584236263							0.4606765528792582	0.693439442755094	0.5031732584236263								
NadigOConner2024_jurkat	CTDP1	0.0767686237934799	0.203916656951431	0.5435925397757458							0.0767686237934799	0.2252992220026041	0.5435925397757458								
ReplogleWeissman2022_K562_essential	CTDP1	0.3055983360208496	0.6359749155028492	0.514002636865684							0.3055983360208496	0.6111966720416993	0.514002636865684								
ReplogleWeissman2022_K562_gwps	CTDP1	0.0041471022964361	0.0446307199521228	0.5717396499671766							0.0041471022964361	0.0764072180676728	0.5717396499671766	CausalPath			CausalPath	CausalPath, Ensemble	1.0	1.0	
ReplogleWeissman2022_rpe1	CTDP1	0.0041073353792381	0.0089159231402974	0.6665790472852595							0.0041073353792381	0.0114183923542821	0.6665790472852595	CausalPath			CausalPath	CausalPath, Ensemble	1.0	1.0	
ReplogleWeissman2022_K562_gwps	CTNNB1	0.0479971739207449	0.2465309387747354	0.5769665479375323	0.5505831250615023	0.9094817547312224	0.4941217910057955				0.3185421051405973	0.8036248959563616	0.5218140299692267								
ReplogleWeissman2022_K562_gwps	CUX1				0.3639595859803629	0.8487040402070734	0.506100531749254	0.272327785527274	0.8412247588103643	0.5106228147628414	0.2940657251954645	0.7807509210429799	0.5094962966758774								
NadigOConner2024_hepg2	CXXC1				0.1121008745864828	0.3643278424060693	0.5718058094657729				0.1121008745864828	0.2630613032710222	0.5718058094657729								
NadigOConner2024_jurkat	CXXC1				0.9906888352826666	0.9999999999727516	0.4441892458686352				0.9906888352826666	0.9999681819073516	0.4441892458686352								
ReplogleWeissman2022_K562_essential	CXXC1				0.4988601952480773	0.7959033971301948	0.5000770724047072				0.4988601952480773	0.7670459540379017	0.5000770724047072								
ReplogleWeissman2022_K562_gwps	CXXC1				0.3987662366770724	0.8525500707437125	0.5058248804769835				0.3987662366770724	0.8459701870336926	0.5058248804769835								
ReplogleWeissman2022_rpe1	CXXC1				0.9703718718059942	1.0	0.4417281329902902				0.9703718718059942	0.9999999999778226	0.4417281329902902								
ReplogleWeissman2022_K562_gwps	DBP				0.3080379070360116	0.8232369838816536	0.5165042020902103				0.3080379070360116	0.8003719977687823	0.5165042020902103								
ReplogleWeissman2022_K562_gwps	DDIT3	0.4058119394470886	0.7886027772090635	0.5042579644209231	0.4919163033178539	0.9037171005689472	0.5003620621480342				0.4919163033178539	0.9073847024967956	0.5003620621480342								
ReplogleWeissman2022_K562_gwps	DEAF1							0.3052880140528901	0.8473933899077585	0.5146927561482276	0.522159489015457	0.9174275484590948	0.4983946927561482								
NormanWeissman2019_filtered	DLX2				7.144688623731028e-14	3.06200941017044e-13	0.5815704616279729				7.144688623731028e-14	2.947184057289049e-13	0.5815704616279729	CollecTRI			CollecTRI	CollecTRI, Ensemble	1.0	1.0	
ReplogleWeissman2022_K562_gwps	DLX2				0.4071615707485432	0.8525500707437125	0.5038585167299665				0.4071615707485432	0.8459701870336926	0.5038585167299665								
ReplogleWeissman2022_K562_gwps	DLX3				0.1554669439091349	0.6307633796512496	0.5251020434307878				0.1554669439091349	0.6614421090513276	0.5251020434307878								
ReplogleWeissman2022_K562_gwps	DLX4				0.7131289592369281	0.9559333566863149	0.487813510100915				0.7131289592369281	0.9870652520763848	0.487813510100915								
ReplogleWeissman2022_K562_gwps	DLX5				0.7479032627823086	0.9559333566863149	0.4866450650820945				0.7479032627823086	0.9921533085126588	0.4866450650820945								
NadigOConner2024_hepg2	DMAP1				0.6495348916217	0.9540554052512628	0.4768301406883395				0.6495348916217	0.8293168705527062	0.4768301406883395								
ReplogleWeissman2022_K562_gwps	DMTF1				0.9696975015060147	0.9986814806952088	0.4146275882865375				0.9696975015060147	0.9999973175522412	0.4146275882865375								
FrangiehIzar2021_RNA	DNMT1	0.3735971744404039	0.5809318272557525	0.5051296850119837	0.5834097520503181	0.9915694900809894	0.4966482016192228				0.7225732804607792	0.999995150201828	0.4906028984140651								
NadigOConner2024_hepg2	DNMT1	0.1353519965453793	0.2591846742358328	0.535408708748879	0.7847546028728959	0.9872719197433208	0.4746585217223287				0.7083409504096339	0.8657500505006636	0.4823674836382733								
NadigOConner2024_jurkat	DNMT1	0.9999999809091804	0.9999999809091804	0.3724717447185478	0.687166209335097	0.8884222029756293	0.4886869342064557				0.9311208212922332	0.9999681819073516	0.4655804641704384								
ReplogleWeissman2022_K562_essential	DNMT1	0.7941966358700113	0.9923877742199604	0.4816760782840282	0.1659948520959047	0.44556512931006	0.5216507718999679				0.1958884471781902	0.4875445796434956	0.5191129504591616								
ReplogleWeissman2022_K562_gwps	DNMT1	0.9999200872030848	0.99999988097155	0.4508532893093637	0.9117693866261596	0.9899555729331274	0.4824031239148842				0.9676449820176528	0.9999973175522412	0.4759523669313926								
ReplogleWeissman2022_rpe1	DNMT1	0.0412164356290069	0.0780481440634387	0.5476078344244032	0.9999923206721728	1.0	0.3814853988559412				0.9996940917925444	0.9999999999778226	0.40607828165876	CausalPath, CollecTRI	4.425869215552075e-07	4.204575754774471e-06	CausalPath	CausalPath, Ensemble	4.040062738373542e-06	0.0001333220703663	CausalPath
ReplogleWeissman2022_K562_gwps	DNMT3A				0.6655438186717436	0.9535266025170543	0.4877683218298376				0.6655438186717436	0.9743285581947684	0.4877683218298376								
ReplogleWeissman2022_K562_gwps	DNMT3B				0.6546384173870067	0.9535266025170543	0.4940539391096518				0.6546384173870067	0.9743285581947684	0.4940539391096518								
WesselsSatija2023	DOT1L				0.4439848521568521	0.554981065196065	0.504739336492891				0.4439848521568521	0.5327818225882225	0.504739336492891								
FrangiehIzar2021_RNA	E2F1	0.9963376581906388	0.9963376581906388	0.4677723095461446	0.9995050277487012	0.9995050277487012	0.4604216448558502	0.9999911615781432	0.9999911615781432	0.4484159423232134	0.999995150201828	0.999995150201828	0.4468370172428716								
ReplogleWeissman2022_K562_gwps	E2F1	0.3960646314883979	0.7866076685626742	0.5050909549975588	0.1881652042891331	0.6822900903492144	0.5170893323824203	0.7225391068849739	0.9999995011210674	0.4885952652185983	0.6191201228438415	0.960791235007061	0.4941436875963279								
ReplogleWeissman2022_K562_gwps	E2F2	0.6983091146852307	0.8910180394627939	0.4897088937610563	0.5786847396556434	0.9381424482860112	0.4960675442230995	0.8779579995481797	0.9999995011210674	0.4769268473311669	0.8090774031432699	0.9999973175522412	0.4826778716031811								
ReplogleWeissman2022_K562_gwps	E2F3	0.0058972754045088	0.0572872092333576	0.5371445802739778	0.0315393122335878	0.3271286803762831	0.5274153816430838	0.4415726615163828	0.9462271318208204	0.5021680470571444	0.0078309860068229	0.1322566525596767	0.5356469356549769	CausalPath, CollecTRI	0.4545745006147297	0.5070254045318139		CausalPath, Ensemble	0.8776795167369691	1.0	
ReplogleWeissman2022_K562_gwps	E2F4	0.3323605239144162	0.7364066510260594	0.51005985564608	0.7048821315348489	0.9535266025170543	0.4875009565230549	0.7684808612039928	0.9999995011210674	0.4829664536016065	0.802356069513286	0.9999973175522412	0.4802689937377462								
ReplogleWeissman2022_K562_gwps	E2F5	0.4110011990512044	0.7886027772090635	0.509009324790334	0.3023124000486141	0.8221422586687921	0.5207343852287898	0.9995224834289448	0.9999995011210674	0.3677093696359259	0.9006813344263169	0.9999973175522412	0.4485229305305697								
NadigOConner2024_hepg2	E2F6	0.7955016915223796	0.894939402962677	0.4679674124372479	0.8653007591121747	0.9974158144449194	0.4571508371782594	0.3389839830208764	0.7253899937716413	0.516112416935086	0.690453144852331	0.8511620664989943	0.4807137053480746								
NadigOConner2024_jurkat	E2F6	0.0472391389686933	0.1544356466284206	0.5444745132345363	0.0968193642561435	0.2827125436279391	0.534571785261374	0.7939415256212217	0.9394447688875062	0.4781872819591723	0.5830937358673651	0.8115222097123123	0.4944201990837439								
ReplogleWeissman2022_K562_essential	E2F6	0.0779845175774177	0.2502003272275485	0.5336771244285804	0.1851026906639115	0.4720118611929744	0.5212705867618512	0.2306148945886723	0.4789693964533964	0.5174901371407101	0.1151764892042139	0.3224941697717989	0.5284714133633915								
ReplogleWeissman2022_K562_gwps	E2F6	0.0102731892222579	0.0892977217011654	0.5384271276764584	0.5185606388147074	0.9037171005689472	0.4992278785484787	0.7382630596796526	0.9999995011210674	0.4894153144034112	0.6194188489843262	0.960791235007061	0.4949572718904411	CausalPath, CollecTRI	0.0652069285820777	0.1260667285920169		CausalPath, CollecTRI	0.0652069285820777	0.316929473157621	
ReplogleWeissman2022_rpe1	E2F6	0.6098119177483029	0.7048475412934929	0.493511672474259	0.6658809518637602	1.0	0.4900271170752201	0.0857799476749439	0.2090886224576759	0.5318165070421269	0.1237377038747913	0.2422470540647323	0.5269131916595335								
ReplogleWeissman2022_K562_gwps	E2F7							0.9963633867930004	0.9999995011210674	0.433004947786698	0.9777671355956016	0.9999973175522412	0.449838024245855								
NadigOConner2024_hepg2	E4F1				0.8816813179696985	0.9974158144449194	0.4619580565092671				0.8816813179696985	0.976290489540318	0.4619580565092671								
ReplogleWeissman2022_K562_essential	E4F1				0.4993903668267888	0.7959033971301948	0.5000388440573535				0.4993903668267888	0.7670459540379017	0.5000388440573535								
ReplogleWeissman2022_K562_gwps	E4F1				0.4062251130573968	0.8525500707437125	0.5044100764087606				0.4062251130573968	0.8459701870336926	0.5044100764087606								
ReplogleWeissman2022_rpe1	E4F1				0.7734149100504859	1.0	0.468997938262311				0.7734149100504859	0.9542401438183404	0.468997938262311								
ReplogleWeissman2022_K562_gwps	EBF1				0.1859445055888577	0.6822900903492144	0.5241898382196751	0.4952070862590935	0.9949027450736468	0.5003265731640711	0.3178257288800414	0.8036248959563616	0.5128761862516672								
NormanWeissman2019_filtered	EGR1	0.0327912866608427	0.0476964169612257	0.5303010902173118	0.8048036789680781	1.0	0.4858654810427866	0.1302620519833581	0.1674797811214605	0.518516316675203	0.3772497647646926	0.5195477365211054	0.5051463056137798	CausalPath, DoRothEA	0.5795248259937218	0.6157451276183294		CausalPath, DoRothEA	0.5795248259937218	0.849969744790792	
ReplogleWeissman2022_K562_gwps	EGR1	0.9946596187938312	0.99999988097155	0.4617451263222702	0.9997224868088824	0.9998782080621428	0.4482633730720289	0.9999915469475992	0.9999995011210674	0.4355329655592183	0.9999973175522412	0.9999973175522412	0.4318209705262708								
ReplogleWeissman2022_K562_gwps	EGR2				0.9422742648524444	0.997941949167192	0.4678244655900288				0.9422742648524444	0.9999973175522412	0.4678244655900288								
TianKampmann2021_CRISPRa	EGR2				0.9753259886078702	0.9999999958196356	0.4491533596946859				0.9753259886078702	0.9999999958196356	0.4491533596946859								
ReplogleWeissman2022_K562_gwps	EGR3				0.0535686068793141	0.4562598465617139	0.5271774018191342				0.0535686068793141	0.433388647421889	0.5271774018191342								
ReplogleWeissman2022_K562_gwps	EHF				0.5768141647102961	0.9381424482860112	0.4932143828515792	0.2899956931816763	0.8412247588103643	0.5193386836742336	0.4050142060581393	0.8459701870336926	0.5084192974918306								
ReplogleWeissman2022_K562_gwps	ELF1				0.4017735850067876	0.8525500707437125	0.5103685027586053	0.247343745197699	0.8412247588103643	0.5284624963702562	0.3444329560717382	0.8298153566368749	0.5166887243405035								
ReplogleWeissman2022_K562_gwps	ELF3				0.8300268471178229	0.9861500865045688	0.4840898450361913	0.2079231552726858	0.8412247588103643	0.5135656280312025	0.6438657662852478	0.97139053573556	0.4938509821068195								
ReplogleWeissman2022_K562_gwps	ELF4				0.7623372630059718	0.96687792376495	0.4867045021984221				0.7623372630059718	0.9999973175522412	0.4867045021984221								
ReplogleWeissman2022_K562_gwps	ELF5							0.7004309682512627	0.9999995011210674	0.4906268400858247	0.8498037297782832	0.9999973175522412	0.4815334178058266								
ReplogleWeissman2022_K562_gwps	ELK1	0.0265330863902989	0.1737648515870974	0.5467406345580976	0.0232835970716643	0.274679983867637	0.5480906415168963	0.7004345213891219	0.9999995011210674	0.4872984818572167	0.4558072342806564	0.8797803125163146	0.5026822537510737								
ReplogleWeissman2022_K562_gwps	ELK3				0.4001020629405362	0.8525500707437125	0.506514180199096				0.4001020629405362	0.8459701870336926	0.506514180199096								
ReplogleWeissman2022_K562_gwps	ELK4				0.7246992921105487	0.9559333566863149	0.4842586946324466	0.9873446548523188	0.9999995011210674	0.4410119725703053	0.981656896108823	0.9999973175522412	0.4448991489646854								
NadigOConner2024_hepg2	ELL	0.0058951779663876	0.0212226406789954	0.5494612609406092							0.0058951779663876	0.0263440765372946	0.5494612609406092	CausalPath			CausalPath	CausalPath, Ensemble	1.0	1.0	
NadigOConner2024_jurkat	ELL	0.008180661269929	0.0409033063496451	0.5725359522654577							0.008180661269929	0.0424765104400161	0.5725359522654577	CausalPath			CausalPath	CausalPath, Ensemble	1.0	1.0	
ReplogleWeissman2022_K562_essential	ELL	0.5066490262688511	0.8155985603347663	0.4994703593634353							0.5066490262688511	0.7670459540379017	0.4994703593634353								
ReplogleWeissman2022_K562_gwps	ELL	0.8500743930605725	0.9741417727909524	0.4727702481554071							0.8500743930605725	0.9999973175522412	0.4727702481554071								
ReplogleWeissman2022_rpe1	ELL	3.1008446771787557e-25	1.3798758813445464e-23	0.7341310080716683							3.1008446771787557e-25	8.620348202556941e-24	0.7341310080716683	CausalPath			CausalPath	CausalPath, Ensemble	1.0	1.0	
ReplogleWeissman2022_K562_gwps	ELOA	0.9953235728684716	0.99999988097155	0.4471448485061601							0.9953235728684716	0.9999973175522412	0.4471448485061601								
NadigOConner2024_hepg2	ELOB	0.1256415279336527	0.2458203807397553	0.5416476234003657							0.1256415279336527	0.2807302889767553	0.5416476234003657								
NadigOConner2024_jurkat	ELOB	0.2109760429598041	0.4269753250376987	0.5167792780132435							0.2109760429598041	0.4634974611919033	0.5167792780132435								
ReplogleWeissman2022_K562_gwps	ELOB	0.5312610936771716	0.8289689877573613	0.4988591605257155							0.5312610936771716	0.9174275484590948	0.4988591605257155								
ReplogleWeissman2022_rpe1	ELOB	0.0002798483470793	0.000830216763002	0.5871550650640286							0.0002798483470793	0.0011440858895302	0.5871550650640286	CausalPath			CausalPath	CausalPath, Ensemble	1.0	1.0	
NadigOConner2024_hepg2	ENO1				0.9209802874720808	0.9974158144449194	0.4382859675364245				0.981078242886848	0.9999999990003032	0.4092201724742857								
NadigOConner2024_jurkat	ENO1				0.3512593132855289	0.7541744079365768	0.5132173715052669				0.2128655006955407	0.4634974611919033	0.5275648016106032								
ReplogleWeissman2022_K562_essential	ENO1				0.5478830672432912	0.7983438979830814	0.4958057323019872				0.5922845828568387	0.8221499405503965	0.4918619499192729								
ReplogleWeissman2022_K562_gwps	ENO1				0.1980202934218973	0.7009289751283032	0.5221095389939359				0.1928654894222726	0.7137208344532978	0.5225959382826423								
ReplogleWeissman2022_rpe1	ENO1				0.7672412409220165	1.0	0.4799063498791878				0.5322063379258015	0.7705904267884001	0.4977751781396747								
ReplogleWeissman2022_K562_gwps	EOMES				0.3935764430839817	0.8525500707437125	0.5081458896408974	0.83670861476479	0.9999995011210674	0.4703324473035657	0.7185107902547956	0.9870652520763848	0.4823942906922201								
ReplogleWeissman2022_K562_gwps	EP300	0.4238535779061798	0.7886027772090635	0.5056916028595915	0.6273127033204442	0.9409120818571264	0.4903757886977714				0.2039754109140451	0.7137208344532978	0.5245244183298828								
WesselsSatija2023	EP300	0.0012125802972058	0.0024251605944117	0.596691757271629	0.0018534272330487	0.0092671361652437	0.5925332218195335				0.0009595250221918	0.0045999630292486	0.5989220332682836	CausalPath, CollecTRI	0.8998723624914082	0.8998723624914082		Ensemble, CausalPath	0.9037772964154172	1.0	
ReplogleWeissman2022_K562_gwps	EPAS1	0.0321468430338365	0.1885523103849364	0.5354251532133961	0.6049267398230865	0.9409120818571264	0.4949045450858265	0.2849358363716445	0.8412247588103643	0.5108802966338315	0.3328978133818719	0.8261300838211353	0.5082702316334964								
NadigOConner2024_hepg2	ERCC2	0.2756964860436889	0.4430836382845	0.5231130843562288							0.2756964860436889	0.4807877744420428	0.5231130843562288								
NadigOConner2024_jurkat	ERCC2	0.2394279653453803	0.4424212403121159	0.5221243340362813							0.2394279653453803	0.4753349312003875	0.5221243340362813								
ReplogleWeissman2022_K562_essential	ERCC2	0.9178462925996048	0.9999881318155772	0.4623598167100932							0.9178462925996048	0.9999748558123746	0.4623598167100932								
ReplogleWeissman2022_K562_gwps	ERCC2	0.1407713823655169	0.489451267917028	0.5279397141887495							0.1407713823655169	0.6533511486888113	0.5279397141887495								
ReplogleWeissman2022_rpe1	ERCC2	0.0004360245761672	0.0012518124928673	0.5995272281888328							0.0004360245761672	0.0016380382726283	0.5995272281888328	CausalPath			CausalPath	CausalPath, Ensemble	1.0	1.0	
NadigOConner2024_hepg2	ERCC3	0.542828691321932	0.7026563463205611	0.4949485230443567							0.542828691321932	0.7442952409173351	0.4949485230443567								
NadigOConner2024_jurkat	ERCC3	0.1152668316459876	0.2799337339973985	0.5378993053475061							0.1152668316459876	0.3112204454441665	0.5378993053475061								
ReplogleWeissman2022_K562_essential	ERCC3	0.9980446388865112	0.9999881318155772	0.4342614352117042							0.9980446388865112	0.9999748558123746	0.4342614352117042								
ReplogleWeissman2022_K562_gwps	ERCC3	0.0398046605684703	0.2180026599776999	0.5310228461156784							0.0398046605684703	0.3838774088812852	0.5310228461156784								
ReplogleWeissman2022_rpe1	ERCC3	0.000754063137866	0.0019738711550022	0.6911054899256761							0.000754063137866	0.0025444508611432	0.6911054899256761	CausalPath			CausalPath	CausalPath, Ensemble	1.0	1.0	
ReplogleWeissman2022_K562_gwps	ERF				0.822591464782926	0.9861500865045688	0.4865921924693795				0.822591464782926	0.9999973175522412	0.4865921924693795								
ReplogleWeissman2022_K562_gwps	ERG	0.0370415686764377	0.2092848630218732	0.5246529152680731	0.2353952121645447	0.7228623317410735	0.5099544022954194	0.8387519055772299	0.9999995011210674	0.4863444774082715	0.7297749301593346	0.9895381939239372	0.4915509616028948								
ReplogleWeissman2022_K562_gwps	ESR1	0.3668755252005263	0.7719967256735721	0.5074312518547592	0.4591184907049103	0.877611946492592	0.5022427891749074	0.0108869474768467	0.2079300237823136	0.5501245440882244	0.1240175594984792	0.6299268000300609	0.5252368635184423								
ReplogleWeissman2022_K562_gwps	ESR2				0.2721601361324972	0.7684867879508099	0.5101252652505082	0.3964618269897039	0.9108496540562572	0.5043841050727066	0.3115632332959819	0.8026713806947332	0.5082069289016954								
ReplogleWeissman2022_K562_gwps	ESRRA	1.1367347861868656e-08	8.563402055941054e-07	0.6131320188733538	0.0036138022170207	0.0753708321947107	0.5543655799115196	0.2138825841490893	0.8412247588103643	0.5160500372500404	0.0012625658417783	0.0300137370428019	0.56112830175292	CausalPath, CollecTRI	0.0081597719614857	0.0295791733603859	CausalPath	CausalPath, Ensemble	0.0172942849469412	0.1185893824933111	
ReplogleWeissman2022_K562_gwps	ESRRG				0.8452577411101538	0.9861500865045688	0.487077195370403				0.8452577411101538	0.9999973175522412	0.487077195370403								
ReplogleWeissman2022_K562_gwps	ETS1	0.4640892449947144	0.7886027772090635	0.5013941279520586	0.4495628334321642	0.8677503936330341	0.5019606551727439	0.5630662900966341	0.9999995011210674	0.4975447296120083	0.5290947702447737	0.9174275484590948	0.4988710427815165								
NormanWeissman2019_filtered	ETS2	1.2482019580915374e-06	3.3285385549107665e-06	0.5380388220782786	0.0023011914237094	0.0049311244793773	0.5248366408260646	0.6113747764900285	0.7163128554565816	0.4975204830281448	0.0010279806172651	0.0026094892592114	0.527013909537501	CausalPath, CollecTRI	0.1898909065699622	0.3586828235210397		CausalPath, Ensemble	0.2672851917175654	0.6533638019762709	
ReplogleWeissman2022_K562_gwps	ETS2				0.0004864051527805	0.0166874383184703	0.6004245497256286	0.0667975144094443	0.6441188889482136	0.5456728986575533	0.0006102225775951	0.0154589719657431	0.5984693277342209	CollecTRI, DoRothEA	0.0452421337634622	0.0939047247944247	CollecTRI	CollecTRI, Ensemble	0.7136615182737556	1.0	
ReplogleWeissman2022_K562_gwps	ETV1							0.4102410148917565	0.9230422835064522	0.5057951651812638	0.5742449061867925	0.9539338564325702	0.4952196274207598								
ReplogleWeissman2022_K562_gwps	ETV3				0.2691887699201604	0.7684867879508099	0.5100764050330157				0.2691887699201604	0.7627855882055198	0.5100764050330157								
NadigOConner2024_hepg2	ETV4				0.7358790363555444	0.9872719197433208	0.4619487940368633	0.0032160505906668	0.0183774319466679	0.6644234250942779	0.025681945393373	0.0932905285973736	0.6175714702063959	DoRothEA, CollecTRI	0.0005498357196617	0.0032990143179706	DoRothEA	DoRothEA, Ensemble	0.0357699088000704	0.4202964284008273	
NadigOConner2024_jurkat	ETV4				0.0503082604011847	0.1836251504643244	0.5852426322753828	0.4854063053205115	0.7281094579807673	0.5019009554838167	0.0735782364680927	0.2252992220026041	0.5752629542336511								
ReplogleWeissman2022_K562_gwps	ETV4				0.9993745974111874	0.9998782080621428	0.4011948978539273	0.6023866028399758	0.9999995011210674	0.4920538163320777	0.9573163052356924	0.9999973175522412	0.4473262372312703								
ReplogleWeissman2022_rpe1	ETV4	0.9943520524284938	0.99999994418258	0.4129341015866512	0.9987988075708418	1.0	0.395682956055795	0.1550303852042598	0.3182202643666387	0.534886705671689	0.7608078525795479	0.9542401438183404	0.4756374927035269								
ReplogleWeissman2022_K562_gwps	ETV5										0.6625971631657841	0.9743285581947684	0.471692093487309								
ReplogleWeissman2022_K562_gwps	ETV6				0.3488933030246862	0.8487040402070734	0.5071006634054815	0.1221021592514679	0.7706954707553041	0.5212970850365207	0.0934434182243391	0.5831057965736678	0.5241374790591704								
PapalexiSatija2021_eccite_RNA	ETV7				0.5311771737931363	0.854602561618358	0.4990944999217592				0.5311771737931363	0.6639714672414204	0.4990944999217592								
GasperiniShendure2019_lowMOI	EWSR1				0.4357542800833202	0.7337223026399716	0.5087857330186205				0.4357542800833202	0.6047913462683662	0.5087857330186205								
NadigOConner2024_hepg2	EWSR1				0.1313813056635367	0.3941439169906102	0.5513304895388991				0.1313813056635367	0.2890388724597808	0.5513304895388991								
NadigOConner2024_jurkat	EWSR1				0.8594813044339207	0.9959069083123208	0.4668901730399286				0.8594813044339207	0.98330488219135	0.4668901730399286								
ReplogleWeissman2022_K562_essential	EWSR1				0.4165796444671837	0.7407108753313737	0.508798296699856				0.4165796444671837	0.679990276680603	0.508798296699856								
ReplogleWeissman2022_K562_gwps	EWSR1				0.0300151857909918	0.318732687209104	0.5432347654669498				0.0300151857909918	0.325879160016483	0.5432347654669498								
ReplogleWeissman2022_rpe1	EWSR1				0.5832937969967857	1.0	0.4943341984488348				0.5832937969967857	0.822193768750752	0.4943341984488348								
TianKampmann2021_CRISPRi	EWSR1				0.7051767906120938	0.7598994283079443	0.4842999906603157				0.7051767906120938	0.7598994283079443	0.4842999906603157								
ReplogleWeissman2022_K562_gwps	EZH2	0.883825972091805	0.9954610858195412	0.4753408312329823	0.8945298058288255	0.9899555729331274	0.4741711534174749				0.8945298058288255	0.9999973175522412	0.4741711534174749								
ReplogleWeissman2022_K562_gwps	FANCD2	0.690485059320393	0.8866455875364136	0.4879013451081984							0.690485059320393	0.9779210315771036	0.4879013451081984								
ReplogleWeissman2022_K562_gwps	FANCI	0.5327876755654334	0.8289689877573613	0.4946890705622193							0.5327876755654334	0.9174275484590948	0.4946890705622193								
NormanWeissman2019_filtered	FEV				0.8786044039162836	1.0	0.4869353980723083				0.8786044039162836	1.0	0.4869353980723083								
TianKampmann2021_CRISPRa	FEZF2				0.9422434811838046	0.9999999958196356	0.4572242862232174				0.9422434811838046	0.9999999958196356	0.4572242862232174								
ReplogleWeissman2022_K562_gwps	FLI1				0.1232140511888726	0.6273753630944386	0.5280072202808918	0.3808746844590698	0.8942275200343378	0.5073260452607768	0.2533323580477051	0.7587491314926341	0.5160455841150072								
WesselsSatija2023	FLI1	0.1684270429473859	0.1924880490827268	0.5228793663331578	1.0458535821447857e-06	1.0458535821447855e-05	0.6146765841671055	0.9948710644280736	0.9948710644280736	0.4379607688256977	0.2041828772570728	0.3062743158856092	0.5199885904862209	CollecTRI, CausalPath	0.0002525066278606	0.0012625331393034	CollecTRI	CollecTRI, CausalPath	0.0002525066278606	0.0020200530228854	CollecTRI
FrangiehIzar2021_RNA	FOS	0.7733435368042292	0.8954504110364759	0.4918131515172877	0.7121293004707961	0.9915694900809894	0.4938905607109399	0.9561864887505492	0.9999911615781432	0.4813528493159957	0.927791097579762	0.999995150201828	0.4840659408525459								
ReplogleWeissman2022_K562_gwps	FOS	0.5132820464001481	0.8227073935208048	0.4995180928767674	0.8668500888802105	0.9861500865045688	0.483912048515714	0.8976560132229865	0.9999995011210674	0.4816444414661931	0.9006139571261651	0.9999973175522412	0.4814020304228372								
NormanWeissman2019_filtered	FOSB				2.2707490689295785e-13	8.515309008485919e-13	0.585776402584155				8.278208296296498e-08	2.48346248888895e-07	0.5620284257055423	CollecTRI			CollecTRI	CollecTRI, Ensemble	2.6952696433360137e-08	1.9765310717797437e-07	CollecTRI
ReplogleWeissman2022_K562_gwps	FOSB				0.6210408208582996	0.9409120818571264	0.4949197656193569				0.6527816698688045	0.9743285581947684	0.4935248996798282								
ReplogleWeissman2022_K562_gwps	FOSL1	0.0622513144244407	0.2930999387484085	0.5322700267014413	0.3474109505672945	0.8487040402070734	0.5082484443068775	0.0256548568032178	0.3848228520482674	0.5409747462015773	0.018842325745997	0.2386694594492962	0.5436950951391748								
ReplogleWeissman2022_K562_gwps	FOSL2	0.4533253861340958	0.7886027772090635	0.5036313612944918	0.7652643656704647	0.96687792376495	0.4776001096818072	0.5668134739389631	0.9999995011210674	0.4947892668957353	0.5474469919323646	0.9244541169531528	0.4963083291162835								
NormanWeissman2019_filtered	FOXA1	0.9160793558080192	0.9771513128618872	0.4857409288868709	0.9999994000259655	1.0	0.4497981256120876	0.0168220322195331	0.0232920446116613	0.5219630782637378	0.021954626187626	0.04261780377598	0.52083245952841	DoRothEA, CausalPath	0.0106372063084651	0.0258332153205582	DoRothEA	DoRothEA, Ensemble	0.5273252902430551	0.8389782468790206	
ReplogleWeissman2022_K562_gwps	FOXA1	0.7626298058032328	0.9216809417728912	0.4866035002086341	0.2261042149616414	0.7223380964891203	0.5140890464609082	0.4196149108422249	0.9252298752282914	0.5038023760063565	0.4372404169419994	0.8659354185691714	0.5029606883965139								
ReplogleWeissman2022_K562_gwps	FOXA2	0.6735769682627177	0.879855710281378	0.4859078169899602	0.8431926232151227	0.9861500865045688	0.4684306498850964	0.9552419971162688	0.9999995011210674	0.4468044983858316	0.9556042648676548	0.9999973175522412	0.4466837215352535								
NormanWeissman2019_filtered	FOXA3				0.9952918694571627	1.0	0.4753489546107459				0.9993860296157014	1.0	0.4569968738940663								
TianKampmann2021_CRISPRi	FOXC1				0.0836914269383391	0.3347657077533565	0.5330073918863861				0.0836914269383391	0.3347657077533565	0.5330073918863861								
ReplogleWeissman2022_K562_gwps	FOXC2				0.7224408506151172	0.9559333566863149	0.4867640635583949				0.7224408506151172	0.9870652520763848	0.4867640635583949								
ReplogleWeissman2022_K562_gwps	FOXF2				0.1550692020684207	0.6307633796512496	0.5314283821702364				0.1550692020684207	0.6614421090513276	0.5314283821702364								
ReplogleWeissman2022_K562_gwps	FOXH1				0.6572394998847237	0.9535266025170543	0.4930657844772757				0.6572394998847237	0.9743285581947684	0.4930657844772757								
ReplogleWeissman2022_K562_gwps	FOXJ1				0.4120407009877401	0.8547448960024749	0.5050311023992692				0.4120407009877401	0.8463538722991419	0.5050311023992692								
ReplogleWeissman2022_K562_gwps	FOXJ2							0.1949452629457718	0.835479698339022	0.5171521748148432	0.1949452629457718	0.7137208344532978	0.5171521748148432								
ReplogleWeissman2022_K562_gwps	FOXK1							0.8756526341811423	0.9999995011210674	0.4737279525581214	0.8665474818191308	0.9999973175522412	0.4747142994493888								
ReplogleWeissman2022_K562_gwps	FOXK2							0.2747484265699131	0.8412247588103643	0.513892259837056	0.3145449685237467	0.8036248959563616	0.5112112283917659								
NadigOConner2024_hepg2	FOXL2				0.0752449493717733	0.293455302549916	0.573621267519805	0.7908855161767381	0.9727557727085164	0.4585555047735121	0.2578253328960943	0.4551731185696478	0.5332876294942108								
NadigOConner2024_jurkat	FOXL2				0.3337744475220405	0.7383495354275442	0.5129776463165112	0.3665065622185366	0.6346962559633537	0.5101752296823654	0.3606265995068046	0.6250723807897688	0.5107802088386224								
NormanWeissman2019_filtered	FOXL2				0.0005469697925927	0.0013674244814817	0.5379524922032957	0.9977995821830372	0.9977995821830372	0.4675604998665511	0.0005789679333129	0.0015921618166105	0.5377649195050013	CollecTRI, DoRothEA	8.671391986817427e-07	3.6853415943974063e-06	CollecTRI	CollecTRI, Ensemble	0.9758635450779952	1.0	
ReplogleWeissman2022_K562_essential	FOXL2				0.2797629605879266	0.620343956086272	0.5133363136447237				0.2574671808140993	0.6013768052264921	0.5148818428297419								
ReplogleWeissman2022_K562_gwps	FOXL2				0.1318191095282741	0.627925739165579	0.5167725146792964				0.2501684011597349	0.7587491314926341	0.5101124301882279								
ReplogleWeissman2022_rpe1	FOXL2				0.354436931823863	0.9185077223740642	0.5120936651187242	0.6920525962845049	0.8178803410635058	0.4837657714886533	0.3913200629307514	0.6633352286265177	0.5089360816612635								
FrangiehIzar2021_RNA	FOXM1	0.822075600416857	0.9042831604585428	0.4833681447858809	0.9060703000172704	0.9915694900809894	0.4762774383896537	0.8178128096720387	0.9999911615781432	0.4836607318410361	0.92126405464836	0.999995150201828	0.4745357634799824								
ReplogleWeissman2022_K562_gwps	FOXM1	0.0206953962541513	0.1612813639116623	0.5397543145723807	0.1407905244765872	0.627925739165579	0.520987737050191	0.0593424652469051	0.616248677564015	0.5304126028765846	0.0328746975095559	0.3387765438272883	0.5358664782245832								
ReplogleWeissman2022_K562_gwps	FOXN1				0.9856753337240658	0.9998782080621428	0.4410478135588776				0.9856753337240658	0.9999973175522412	0.4410478135588776								
NadigOConner2024_hepg2	FOXO1	0.8383027389318238	0.9314474877020265	0.4568306465015788	0.3810195132821516	0.7224418605217579	0.5132402636973021	0.3479453383100188	0.7253899937716413	0.517090465902166	0.2011696967687153	0.3688111107426448	0.5366138533414585								
NadigOConner2024_jurkat	FOXO1	0.8981075992982221	0.9999999809091804	0.4566334852594395	0.9509689782213712	0.9999999999727516	0.4435473347687088	0.886664174571792	0.9989523152766095	0.4587446056911706	0.81034479555111	0.943073684477585	0.4699992543503993								
ReplogleWeissman2022_K562_gwps	FOXO1	0.5212497888084494	0.8289689877573613	0.4988645335912757	0.9392813077363836	0.9974272934533978	0.4669992191801975	0.9930468763229438	0.9999995011210674	0.4475898015610569	0.8581222165595499	0.9999973175522412	0.477159782535858								
ReplogleWeissman2022_rpe1	FOXO1	0.486703889529904	0.5853600833535333	0.5011976895443119	0.8858548646836294	1.0	0.4567382674278319	0.5590423157002931	0.703311300397143	0.4946666756532699	0.843757799097745	0.9999999999778226	0.4637316420546072								
ReplogleWeissman2022_K562_gwps	FOXO3	0.581575277133143	0.8534806015070802	0.4969387446588176	0.5946864600376053	0.9409120818571264	0.4964378797970303	0.7754148514009591	0.9999995011210674	0.4887494768660301	0.4115439687577759	0.8463538722991419	0.5033236754300926								
NormanWeissman2019_filtered	FOXO4	0.1333230942669288	0.1777641256892383	0.522119796813977	0.8417295054300589	1.0	0.4800555790356766	0.7738891256362345	0.8194120153795424	0.4850313565542904	0.9764443992870288	1.0	0.460467067276373								
ReplogleWeissman2022_K562_gwps	FOXO4	0.4921651081392126	0.8060095249236381	0.500331897140246	0.5230405206230351	0.9037171005689472	0.4990235655660376	0.3712102088834833	0.8942275200343378	0.5055533993727528	0.4616243649892043	0.8821639084551679	0.5016279929805768								
ReplogleWeissman2022_K562_gwps	FOXP1							0.5900875848242483	0.9999995011210674	0.4976700853199634	0.5781619658846748	0.9539338564325702	0.4979828627534386								
ReplogleWeissman2022_K562_gwps	FOXP2							0.8016607028244752	0.9999995011210674	0.482037361682443	0.8145959616284051	0.9999973175522412	0.4810329584339394								
ReplogleWeissman2022_K562_gwps	FOXP3				0.6122176168151018	0.9409120818571264	0.4943659069829486				0.6122176168151018	0.960791235007061	0.4943659069829486								
NadigOConner2024_hepg2	GABPA	0.2138622843506049	0.3631623696519706	0.5254963015809317	0.0029203500586714	0.0318243614423234	0.5886159044405801	0.0921660694487139	0.2633316269963255	0.5426767338971379	0.0172379830919331	0.0684730995040675	0.5679736230634701	CollecTRI, DoRothEA	0.1902891198168483	0.2634772428233285		CollecTRI, Ensemble	0.4429699052646048	1.0	
NadigOConner2024_jurkat	GABPA	0.0017955133375658	0.012718219474425	0.5771271985012443	0.0004254108354286	0.0038818738732868	0.5883489919749462	0.1018952604061738	0.3311595963200648	0.5336590890026005	0.003590485234201	0.022032523028052	0.5712027794088863	CollecTRI, CausalPath	0.7520088191214305	0.8021427403961925		CollecTRI, CausalPath	0.7520088191214305	1.0	
ReplogleWeissman2022_K562_essential	GABPA	0.5743956413125809	0.8190456366864579	0.4947872052560551	0.5183320312590373	0.7983438979830814	0.4987228695965405	0.4337630124550664	0.5855800668143397	0.5046362763634358	0.6862809697231463	0.883488144930947	0.486511710475744								
ReplogleWeissman2022_K562_gwps	GABPA	0.1300746577495436	0.4692805318205778	0.5234286956289264	0.1679152128911583	0.6456050426677296	0.520024762693745	0.7422398553139002	0.9999995011210674	0.486470409935076	0.3816615920223594	0.843819083453071	0.5062652184495262								
ReplogleWeissman2022_rpe1	GABPA	0.0062483859632585	0.0129327058309304	0.5883530302574571	0.0013672458640161	0.0074221918332303	0.6059795650678528	0.0283890855422179	0.103117694528745	0.5673851891859375	0.0018760612868054	0.005548351465233	0.6025192533782503	CollecTRI, CausalPath	0.6678472125414636	0.7049498354604339		CollecTRI, Ensemble	0.8984917629810186	1.0	
NadigOConner2024_hepg2	GABPB1	0.9354624846896556	0.9966961233902358	0.4304387568555758							0.9354624846896556	0.9982920545568712	0.4304387568555758								
NadigOConner2024_jurkat	GABPB1	0.770385350177742	0.9162195972960104	0.4784375929414097							0.770385350177742	0.9354679081635736	0.4784375929414097								
ReplogleWeissman2022_K562_gwps	GABPB1	0.730760935973434	0.9046582954203908	0.4856296745953848							0.730760935973434	0.9895381939239372	0.4856296745953848								
ReplogleWeissman2022_rpe1	GABPB1	0.0515025046212477	0.0914072427407325	0.5680820847571483							0.0515025046212477	0.1118570022242724	0.5680820847571483	CausalPath			CausalPath	CausalPath, Ensemble	1.0	1.0	
NadigOConner2024_hepg2	GATA1	0.2726317256983648	0.4430836382845	0.5391326426975421	0.3890071556655619	0.7224418605217579	0.5182409100142189	0.8080804024961081	0.9727557727085164	0.4436725573837091	0.5046037236045272	0.7145747553307669	0.4992585821653463								
NadigOConner2024_jurkat	GATA1	0.8485536417372159	0.9746899938873426	0.4473539342337052	0.4509975318481985	0.8230704956229623	0.5062940399295361	0.537874886870086	0.7769303921456798	0.4951425006291419	0.3245213306497	0.5920321572663446	0.523257277074071								
ReplogleWeissman2022_K562_essential	GATA1	1.2444350087794142e-05	0.000119776869595	0.6193571473300948	0.0001100484380204	0.0006236078154491	0.6046053514398433	0.9999184045846164	0.9999184045846164	0.393262839608885	0.9837349069910072	0.9999748558123746	0.4394746965102027	CausalPath, CollecTRI	0.6804254559543248	0.7270145004879384		CausalPath, CollecTRI	0.6804254559543248	1.0	
ReplogleWeissman2022_K562_gwps	GATA1	0.1094437534050036	0.4339348819215935	0.5523472666936652	0.1034172367027707	0.5796180866535	0.5537448758700461	0.4230195976338331	0.9252298752282914	0.508267366685216	0.5805670091168856	0.9539338564325702	0.4913425147641954								
ReplogleWeissman2022_rpe1	GATA1	0.6003283031027726	0.7030160391598259	0.4908102328485061	0.4368226752652115	0.9747683719290506	0.5057554981161834	0.0528872054049197	0.1586616162147592	0.5585324848856568	0.0826798370532944	0.1709154313494696	0.5502017983878034								
GasperiniShendure2019_lowMOI	GATA2	0.4275041760070989	0.5557554288092286	0.5140018066847335	0.5406374861557686	0.7337223026399716	0.4923215898825655	0.2140087279886293	0.4823729925184915	0.5604336043360434	0.1694534851472629	0.4895322904254263	0.57289972899729								
ReplogleWeissman2022_K562_gwps	GATA2	0.411936116813034	0.7886027772090635	0.503556318971536	0.3305838836898068	0.8473586903773209	0.5070123268865805	0.6860081704502632	0.9999995011210674	0.4922475230136515	0.6354792929286637	0.9640112170735534	0.4944580139312488								
WesselsSatija2023	GATA2	0.0933008323649655	0.124401109819954	0.5587123121911868	0.049911363131072	0.0998227262621441	0.5731572047998386	0.1193454540601877	0.2386909081203754	0.5523847937884441	0.1317552603621456	0.225866160620821	0.5497126147020268	CollecTRI, CausalPath	0.8142731409610333	0.8998723624914082		CollecTRI, CausalPath	0.8142731409610333	1.0	
ReplogleWeissman2022_K562_gwps	GATA3				0.0837516712563848	0.5717500951932137	0.5367095724152343	0.8961392841306651	0.9999995011210674	0.4664930825696201	0.8409115842101142	0.9999973175522412	0.473451741538769								
ReplogleWeissman2022_K562_gwps	GATA4				0.3185289777438977	0.8307831817180024	0.5103673229708263				0.2671770865079351	0.7627855882055198	0.5136535564646109								
ReplogleWeissman2022_K562_gwps	GATA5				0.0997417809928642	0.5796180866535	0.5219020472338725				0.0997417809928642	0.5831057965736678	0.5219020472338725								
ReplogleWeissman2022_K562_gwps	GATA6				0.4410354423678037	0.8677503936330341	0.5042225170112729	0.3300163795943288	0.8650914804899881	0.5125203878290434	0.387970878362237	0.8459701870336926	0.5081011977991879								
TianKampmann2021_CRISPRa	GBX2				0.599634881011983	0.9999999958196356	0.4942643391521197				0.599634881011983	0.9999999958196356	0.4942643391521197								
ReplogleWeissman2022_K562_gwps	GFI1				0.097282936534461	0.5785091959249284	0.5214160158957131				0.097282936534461	0.5831057965736678	0.5214160158957131								
WesselsSatija2023	GFI1				0.3927551114427619	0.554981065196065	0.5099269885999743				0.3927551114427619	0.5236734819236825	0.5099269885999743								
ReplogleWeissman2022_K562_gwps	GFI1B							0.9915222689655514	0.9999995011210674	0.3909884071567378	0.9063673052523596	0.9999973175522412	0.4397929370769953								
ReplogleWeissman2022_K562_gwps	GLI1				0.1778151811805138	0.6664333681219258	0.5197361025211752				0.200698889154402	0.7137208344532978	0.5179286457366394								
ReplogleWeissman2022_K562_gwps	GLI2	0.8748880091947877	0.9935914074272464	0.4779222130832077	0.5215707461460845	0.9037171005689472	0.4989596744112402				0.5923194358607481	0.9539338564325702	0.4955091594076732								
ReplogleWeissman2022_K562_gwps	GLI3				0.6601266708393309	0.9535266025170543	0.4933448222615222				0.6601266708393309	0.9743285581947684	0.4933448222615222								
TianKampmann2021_CRISPRa	GLIS3				0.98208444993485	0.9999999958196356	0.457090298943998				0.98208444993485	0.9999999958196356	0.457090298943998								
ReplogleWeissman2022_K562_gwps	GRHL2							0.9886627086837853	0.9999995011210674	0.4614921328805272	0.9894107466240996	0.9999973175522412	0.4610542537014238								
ReplogleWeissman2022_K562_gwps	GRHL3				0.964001805571604	0.9986814806952088	0.4515313100000291				0.964001805571604	0.9999973175522412	0.4515313100000291								
NadigOConner2024_hepg2	GTF2F1	0.1899516041799231	0.3419128875238616	0.5598325321055364							0.1664957031283109	0.3501306698139479	0.565971516916063								
NadigOConner2024_jurkat	GTF2F1	0.1227440134895488	0.2819794904489635	0.5500750309910617							0.1227440134895488	0.3249106239429233	0.5500750309910617								
ReplogleWeissman2022_K562_essential	GTF2F1	0.952627891946596	0.9999881318155772	0.4245233524099283							0.952627891946596	0.9999748558123746	0.4245233524099283								
ReplogleWeissman2022_K562_gwps	GTF2F1	0.6613702412826912	0.879855710281378	0.4865599242779602							0.6613702412826912	0.9743285581947684	0.4865599242779602								
ReplogleWeissman2022_rpe1	GTF2F1	0.1494680133117466	0.2333798804341307	0.5480760805828709							0.1494680133117466	0.2846034774018189	0.5480760805828709								
NadigOConner2024_hepg2	GTF2F2	0.0027036891680599	0.0105796532663217	0.5933834382828899							0.0027036891680599	0.0128875850344193	0.5933834382828899	CausalPath			CausalPath	CausalPath, Ensemble	1.0	1.0	
NadigOConner2024_jurkat	GTF2F2	0.0236413838381485	0.0941025576465972	0.5566720391444323							0.0236413838381485	0.102211491393835	0.5566720391444323	CausalPath			CausalPath	CausalPath, Ensemble	1.0	1.0	
ReplogleWeissman2022_K562_essential	GTF2F2	0.3524477912133061	0.682790228418483	0.5143958877221168							0.3524477912133061	0.6587748849858535	0.5143958877221168								
ReplogleWeissman2022_K562_gwps	GTF2F2	0.0290510961614396	0.1823763259023712	0.5700671095228731							0.0290510961614396	0.3211466630210058	0.5700671095228731								
ReplogleWeissman2022_rpe1	GTF2F2	1.7451487416719195e-09	1.0354549200586723e-08	0.7187970864401108							1.7451487416719195e-09	1.3476426394022046e-08	0.7187970864401108	CausalPath			CausalPath	CausalPath, Ensemble	1.0	1.0	
NadigOConner2024_hepg2	GTF2H1	2.7547115581707134e-06	1.770886001681173e-05	0.7031862104988248							2.7547115581707134e-06	3.001032247997862e-05	0.7031862104988248	CausalPath			CausalPath	CausalPath, Ensemble	1.0	1.0	
NadigOConner2024_jurkat	GTF2H1	0.0006205288848683	0.0071057153705361	0.6377182392781463							0.0006205288848683	0.0069449525793475	0.6377182392781463	CausalPath			CausalPath	CausalPath, Ensemble	1.0	1.0	
ReplogleWeissman2022_K562_essential	GTF2H1	0.9928753514137	0.9999881318155772	0.4640936215281873							0.9928753514137	0.9999748558123746	0.4640936215281873								
ReplogleWeissman2022_K562_gwps	GTF2H1	0.2303783492040961	0.6349452063429966	0.515038291088283							0.2303783492040961	0.7378857881542935	0.515038291088283								
ReplogleWeissman2022_rpe1	GTF2H1	0.0017148663677005	0.0039134129929577	0.693876327548917							0.0017148663677005	0.0051818788067474	0.693876327548917	CausalPath			CausalPath	CausalPath, Ensemble	1.0	1.0	
NadigOConner2024_hepg2	GTF2H2	0.9347904692074857	0.9966961233902358	0.4200419798226014							0.9347904692074857	0.9982920545568712	0.4200419798226014								
NadigOConner2024_jurkat	GTF2H2	0.218141960521462	0.4312108521935877	0.5265660971767842							0.218141960521462	0.4638376427474491	0.5265660971767842								
ReplogleWeissman2022_K562_essential	GTF2H2	0.5945905820051974	0.8324268148072764	0.4944095313702557							0.5945905820051974	0.8221499405503965	0.4944095313702557								
ReplogleWeissman2022_K562_gwps	GTF2H2	0.1062059029266017	0.4286166796680711	0.5187602123332204							0.1062059029266017	0.5984293400503303	0.5187602123332204								
ReplogleWeissman2022_rpe1	GTF2H2	1.4982369693052763e-05	6.061049557644073e-05	0.6779902018674356							1.4982369693052763e-05	7.713145879016052e-05	0.6779902018674356	CausalPath			CausalPath	CausalPath, Ensemble	1.0	1.0	
NadigOConner2024_hepg2	GTF2H3	0.6285169611864702	0.7644125203619232	0.4837198742995065							0.6285169611864702	0.8097110400870742	0.4837198742995065								
NadigOConner2024_jurkat	GTF2H3	0.0965979044122266	0.2488127840920988	0.540190725305229							0.0965979044122266	0.2716816061593873	0.540190725305229								
ReplogleWeissman2022_K562_essential	GTF2H3	0.377007748537451	0.6911808723186602	0.5104140917765012							0.377007748537451	0.6702359973999129	0.5104140917765012								
ReplogleWeissman2022_K562_gwps	GTF2H3	0.0977269841920678	0.4015690623164969	0.5341419844088543							0.0977269841920678	0.5831057965736678	0.5341419844088543								
ReplogleWeissman2022_rpe1	GTF2H3	0.0001803945099414	0.00055362453051	0.6270627062706271							0.0001803945099414	0.0007835886525582	0.6270627062706271	CausalPath			CausalPath	CausalPath, Ensemble	1.0	1.0	
TianKampmann2021_CRISPRi	GTF2H3	0.4316497437550536	0.530492865497909	0.5042627362240841							0.4316497437550536	0.6148787026967413	0.5042627362240841								
NadigOConner2024_hepg2	GTF2H4	0.0584231410156262	0.1421103430109828	0.5649616336479748							0.0584231410156262	0.1640048658327671	0.5649616336479748								
NadigOConner2024_jurkat	GTF2H4	0.4173009608693649	0.6334032441767146	0.5054200150994044							0.4173009608693649	0.655065461829817	0.5054200150994044								
ReplogleWeissman2022_K562_essential	GTF2H4	0.3012597478441102	0.6359749155028492	0.5140955165851228							0.3012597478441102	0.6111966720416993	0.5140955165851228								
ReplogleWeissman2022_K562_gwps	GTF2H4	0.9821649081437204	0.99999988097155	0.4497663347650358							0.9821649081437204	0.9999973175522412	0.4497663347650358								
ReplogleWeissman2022_rpe1	GTF2H4	3.880491565881821e-09	2.1585234335217633e-08	0.7231618705486225							3.880491565881821e-09	2.8388859350398583e-08	0.7231618705486225	CausalPath			CausalPath	CausalPath, Ensemble	1.0	1.0	
ReplogleWeissman2022_K562_gwps	GTF2H5	0.2512268346121734	0.6615223443166213	0.5196685943168057							0.2512268346121734	0.7587491314926341	0.5196685943168057								
ReplogleWeissman2022_K562_gwps	GTF2I				0.9374388562039708	0.9974272934533978	0.4704407663040646				0.7758145870502601	0.9999973175522412	0.4853876566374053								
GasperiniShendure2019_lowMOI	GTF3A				0.4419629068884214	0.7337223026399716	0.5097560975609756				0.4419629068884214	0.6047913462683662	0.5097560975609756								
NadigOConner2024_hepg2	GTF3A				0.7637825830367959	0.9872719197433208	0.4678573846763974				0.7637825830367959	0.8923257843574048	0.4678573846763974								
NadigOConner2024_jurkat	GTF3A				0.0154460721715934	0.0751708845684215	0.5842157842157842				0.0154460721715934	0.0719041290746592	0.5842157842157842	CollecTRI			CollecTRI	CollecTRI, Ensemble	1.0	1.0	
ReplogleWeissman2022_K562_essential	GTF3A				0.6352035979228442	0.854982746983694	0.4892582827504151				0.6352035979228442	0.8473152086213354	0.4892582827504151								
ReplogleWeissman2022_K562_gwps	GTF3A				0.0843998890294118	0.5717500951932137	0.5348706436631117				0.0843998890294118	0.5765745228076672	0.5348706436631117								
ReplogleWeissman2022_rpe1	GTF3A				0.0125447276629182	0.0560823119048108	0.6064847814606862				0.0285874219534995	0.0662275275256072	0.5904149132923339	CollecTRI			CollecTRI	CollecTRI, Ensemble	0.2515856608925169	1.0	
GasperiniShendure2019_lowMOI	H3F3B	0.1682157388355694	0.4373609209724804	0.5732610659439927							0.1682157388355694	0.4895322904254263	0.5732610659439927								
ReplogleWeissman2022_K562_gwps	HAND2				0.9096920458267126	0.9899555729331274	0.474308351151181				0.9096920458267126	0.9999973175522412	0.474308351151181								
ReplogleWeissman2022_K562_gwps	HBP1				0.7677600174275636	0.9671349925413943	0.4841979517201336	0.2733330834556844	0.8412247588103643	0.5130212932906612	0.5220689086958757	0.9174275484590948	0.4988044026374495								
NadigOConner2024_hepg2	HCFC1				0.074106404274708	0.293455302549916	0.5688851557224501				0.1973465890046422	0.367503956229382	0.5405515204418313								
NadigOConner2024_jurkat	HCFC1				0.3159766367009456	0.7383495354275442	0.5282554595531694				0.3602667761118557	0.6250723807897688	0.5211042138523054								
ReplogleWeissman2022_K562_essential	HCFC1				0.3860877644220787	0.7292768883528153	0.5114040397715017				0.1922455384357644	0.4875445796434956	0.5342521273856987								
ReplogleWeissman2022_K562_gwps	HCFC1				0.1105547506520099	0.5800872798917229	0.5346602946406941				0.0474044406037239	0.4008203933501751	0.5473217001118563								
ReplogleWeissman2022_rpe1	HCFC1				0.0055459271973997	0.0263431541876488	0.6683514182810922				0.0042987094893635	0.0117160905690497	0.6741758013714738	CollecTRI			CollecTRI	Ensemble, CollecTRI	0.844455687867847	1.0	
ReplogleWeissman2022_K562_gwps	HDAC1	0.6800674832701524	0.879855710281378	0.4893436826641771	0.5369509550003508	0.9037171005689472	0.4978874995161497				0.5918506662459057	0.9539338564325702	0.4947091134074168								
ReplogleWeissman2022_K562_gwps	HDAC2	0.9722075130440208	0.99999988097155	0.4438548811735292							0.9722075130440208	0.9999973175522412	0.4438548811735292								
SunshineHein2023	HDAC2	0.1659711349921208	0.3153451564850295	0.529640087182971							0.1659711349921208	0.3181113420682315	0.529640087182971								
NadigOConner2024_hepg2	HDAC3	0.5717826638404512	0.7247949259949381	0.4919087277405375	0.9137705249395912	0.9974158144449194	0.4389648201348384				0.7345856553788752	0.8796645718886879	0.4719634756197827								
NadigOConner2024_jurkat	HDAC3	0.202692393295195	0.4202159373193067	0.5220367418840701	0.0071810925615794	0.0436849797496086	0.5648393591141683				0.0249850312296041	0.102211491393835	0.5519181835975728	CollecTRI, CausalPath	0.1540826864126067	0.2618917885718919		CollecTRI, Ensemble	0.4794058729520567	1.0	
ReplogleWeissman2022_K562_essential	HDAC3	0.540201643858092	0.8155985603347663	0.4961965503077467	0.9304920648544036	0.9958647180348495	0.444242605641651				0.6482152512280794	0.8541189192652341	0.4856602463883944								
ReplogleWeissman2022_K562_gwps	HDAC3	0.4342055197027067	0.7886027772090635	0.5040453374943759	0.1378997023789736	0.627925739165579	0.5266136165650339				0.2040613852246565	0.7137208344532978	0.5202007447755622								
ReplogleWeissman2022_rpe1	HDAC3	6.267045648496695e-05	0.0002162634180681	0.644523714408339	0.1143422508635461	0.3620837944012293	0.5453593656950816				0.0006591121530382	0.0022904147318077	0.6210313246713902	CausalPath, CollecTRI	0.02619571135285	0.0541564916069247	CausalPath	CausalPath, Ensemble	0.3591210916777398	1.0	
WesselsSatija2023	HDAC3	0.0009028271314264	0.0024251605944117	0.6028284763537359	0.1430513697651249	0.2384189496085416	0.5351668851467177				0.0308029249956918	0.0616058499913837	0.561611374407583	CausalPath, CollecTRI	0.0545219262208945	0.1177526154491324		CausalPath, Ensemble	0.1066185105411359	0.3600324094796623	
ReplogleWeissman2022_K562_gwps	HDAC5	0.3689187892599371	0.7719967256735721	0.5086412115526369	0.3689187892599371	0.8487040402070734	0.5086412115526369				0.3689187892599371	0.843819083453071	0.5086412115526369								
NadigOConner2024_hepg2	HDAC7	0.9983473175584424	0.9983473175584424	0.3743652244566321	0.893418790102447	0.9974158144449194	0.4467627551245706				0.9067863921770264	0.9860004513451996	0.4434994568529263								
NadigOConner2024_jurkat	HDAC7				0.3283024971634588	0.7383495354275442	0.516649154959415				0.6265742846594659	0.8458752842902789	0.4878849317327774								
ReplogleWeissman2022_K562_essential	HDAC7	0.8365422499527994	0.9923877742199604	0.4780582645147162	0.5810878154828634	0.823207738600723	0.4954192868505214				0.7829927397065488	0.9532085526862334	0.4824897425151764								
ReplogleWeissman2022_K562_gwps	HDAC7	0.7335079324106141	0.9046582954203908	0.4740205275972213	0.6731103088343163	0.9535266025170543	0.4813124036721838				0.7837969201598538	0.9999973175522412	0.4672813498179544								
ReplogleWeissman2022_rpe1	HDAC7	0.99999994418258	0.99999994418258	0.3421702859619916	0.9999999999974036	1.0	0.2947765014042158				0.9999999392979488	0.9999999999778226	0.3426259067453089								
TianKampmann2021_CRISPRa	HDAC9	0.257801351106272	0.6874702696167253	0.5149245207591708	0.2495075053608239	0.9356531451030896	0.5155194075879005				0.2495075053608239	0.8483255182268012	0.5155194075879005								
ReplogleWeissman2022_K562_gwps	HES1	0.4528795027850334	0.7886027772090635	0.5022126413497235	0.2373584833716781	0.7228623317410735	0.5133692985218123				0.3481416564223962	0.8298153566368749	0.5073005444685789								
ReplogleWeissman2022_K562_gwps	HESX1				0.4088060915444985	0.8525500707437125	0.5054594344930373				0.4088060915444985	0.8459701870336926	0.5054594344930373								
ReplogleWeissman2022_K562_gwps	HEY1	0.2735784469059004	0.6834057540939562	0.5138914375847298	0.8827587561477861	0.9899555729331274	0.4724936296922493				0.8186599765032284	0.9999973175522412	0.4789393244295074								
ReplogleWeissman2022_K562_gwps	HEY2				0.6893627028900808	0.9535266025170543	0.4893883671882527				0.7787022455373467	0.9999973175522412	0.4830407135326232								
GasperiniShendure2019_lowMOI	HHEX				0.0552198457782614	0.5245885348934836	0.625725900116144	0.9141420315297644	0.9141420315297644	0.3941153697251258	0.2141916456094735	0.5568982785846313	0.5624274099883855								
NadigOConner2024_hepg2	HHEX				0.026343366663923	0.1580601999835381	0.5703743906154783	0.8268424068022389	0.9727557727085164	0.4657951198456226	0.1152953218429636	0.2630613032710222	0.5435456022750356								
NadigOConner2024_jurkat	HHEX				0.730210029842983	0.8884222029756293	0.4873731230601459				0.9548150708048844	0.9999681819073516	0.4651426054861169								
ReplogleWeissman2022_K562_gwps	HHEX				0.9370056579632112	0.9974272934533978	0.4705735459725707				0.9688931170029076	0.9999973175522412	0.464137587699453								
ReplogleWeissman2022_rpe1	HHEX				0.4491157307841659	0.9747683719290506	0.5025835080104335				0.5855912453692407	0.822193768750752	0.4956329320814995								
ReplogleWeissman2022_K562_gwps	HIC1	0.1369632348802775	0.4836514231709801	0.5212748822537896	0.5826579779713568	0.9381424482860112	0.4959414284427785				0.5442643118930599	0.9217624000862964	0.4978378299706214								
ReplogleWeissman2022_K562_gwps	HIF1A	0.0021461412228372	0.0292995633538924	0.5648425704625307	0.1385958355887543	0.627925739165579	0.5246726612247397	0.3107109096328447	0.8473933899077585	0.5112127025727955	0.5386868993419357	0.9174275484590948	0.497794770356141	CausalPath, CollecTRI	0.0852389358186573	0.1520124556981812		CausalPath, CollecTRI	0.0852389358186573	0.3316339506426375	
NadigOConner2024_hepg2	HINFP				0.2196248238649868	0.5353355081709054	0.5408964723407137	0.368055363430157	0.7253899937716413	0.517821111788205	0.2397056440832339	0.4284738387987806	0.5373958968108876								
NadigOConner2024_jurkat	HINFP				0.9814323964298106	0.9999999999727516	0.4370270038623838	0.3743080483886444	0.6346962559633537	0.509682857799353	0.8092153067601757	0.943073684477585	0.4735632770813653								
ReplogleWeissman2022_K562_essential	HINFP				0.9372844405033878	0.9958647180348495	0.4646564629346718	0.0070723666053036	0.0238692372928999	0.5565913674725913	0.1110428015067246	0.3188921479167478	0.5281624657207301	DoRothEA, CollecTRI	0.0083367988349157	0.027094596213476	DoRothEA	DoRothEA, Ensemble	0.066047219671217	0.3942450705623442	
ReplogleWeissman2022_K562_gwps	HINFP				0.0015775115441672	0.0413864793352109	0.5844397974964294	0.1785778071225021	0.8299473673295268	0.5263374866799899	0.0161677392325752	0.2129227233590623	0.5612169266285888	CollecTRI, DoRothEA	0.1772593954495305	0.2447867841922088		CollecTRI, Ensemble	0.4313846261890498	0.9002809590032343	
ReplogleWeissman2022_rpe1	HINFP				0.3786752563561699	0.9185077223740642	0.5282222027512486	0.3099679109474239	0.4355590517366655	0.5452992201875055	0.2934170647043929	0.5162654682773495	0.5496363795671603								
ReplogleWeissman2022_K562_gwps	HLF				0.3493959396365789	0.8487040402070734	0.5049202992832701				0.3493959396365789	0.8298153566368749	0.5049202992832701								
ReplogleWeissman2022_K562_gwps	HLX				0.7016139746606697	0.9535266025170543	0.4795838877667263				0.7016139746606697	0.9795489893724132	0.4795838877667263								
NadigOConner2024_hepg2	HMBOX1							0.6524899926266535	0.8999861967264187	0.485650445431067	0.627684228948846	0.8097110400870742	0.4880783107474149								
NadigOConner2024_jurkat	HMBOX1							0.9096201159155508	0.9989523152766095	0.4515731167687274	0.9197900013647126	0.9999681819073516	0.4492125241171043								
ReplogleWeissman2022_K562_gwps	HMBOX1							0.8522753348994538	0.9999995011210674	0.4748937881123098	0.8843232040796433	0.9999973175522412	0.4712790023268871								
ReplogleWeissman2022_rpe1	HMBOX1							0.3127090627852983	0.4355590517366655	0.5323615267907786	0.4928395508681954	0.7287733784114805	0.5011920847417765								
NadigOConner2024_hepg2	HMGA1	0.3229748391520339	0.4844622587280509	0.5194376374896815	0.0841490467004173	0.3079113465675654	0.5582956249648847				0.0841490467004173	0.2111107662835031	0.5582956249648847								
NadigOConner2024_jurkat	HMGA1				0.5151283467165373	0.8745202165187725	0.4986064169762766				0.5151283467165373	0.772957228738818	0.4986064169762766								
ReplogleWeissman2022_K562_essential	HMGA1				0.773152150359271	0.9326167468446328	0.4795444381453668				0.773152150359271	0.9515718773652566	0.4795444381453668								
ReplogleWeissman2022_K562_gwps	HMGA1				0.4486647122869596	0.8677503936330341	0.5024815883778618				0.4486647122869596	0.874096614996425	0.5024815883778618								
ReplogleWeissman2022_rpe1	HMGA1	0.998167523936921	0.99999994418258	0.3987132649394219	0.7239142326696734	1.0	0.4792767464510976				0.7239142326696734	0.9542401438183404	0.4792767464510976								
ReplogleWeissman2022_K562_gwps	HMGA2				0.8931245909495373	0.9899555729331274	0.4735792201770892				0.8931245909495373	0.9999973175522412	0.4735792201770892								
TianKampmann2021_CRISPRa	HMGA2				0.7198978661096116	0.9999999958196356	0.4863755246031263				0.7198978661096116	0.9999999958196356	0.4863755246031263								
ReplogleWeissman2022_K562_gwps	HNF1A				0.2091191437502819	0.7174266107083231	0.52647281687019				0.2091191437502819	0.7187302832470975	0.52647281687019								
ReplogleWeissman2022_K562_gwps	HNF1B							0.4644293295071368	0.9680018095046352	0.5017147172478855	0.1182322772092829	0.6299268000300609	0.5239603165530771								
NormanWeissman2019_filtered	HNF4A	0.012943508133017	0.0230106811253636	0.5425116708719262	4.45576843621864e-06	1.336730530865592e-05	0.5848380087354598	2.1909098963160377e-23	7.887275626737735e-23	0.6889812959593026	3.8411264867327055e-24	2.1126195677029878e-23	0.6922804424059434	DoRothEA, CollecTRI	7.471623500546364e-06	2.5403519901857636e-05	DoRothEA	Ensemble, DoRothEA	0.6205452126896596	0.8532496674482819	
ReplogleWeissman2022_K562_gwps	HNF4A				0.3485918704318849	0.8487040402070734	0.5060617061301153	0.7096729912992503	0.9999995011210674	0.4913944140306714	0.6315827631901594	0.9640112170735534	0.4947651470786753								
ReplogleWeissman2022_K562_gwps	HNF4G							0.7637357592257099	0.9999995011210674	0.4827615784013106	0.6932086089764549	0.9779210315771036	0.4878825788472781								
ReplogleWeissman2022_K562_gwps	HOXA1				0.5858098255900861	0.939824396450282	0.4936089984140812				0.5858098255900861	0.9539338564325702	0.4936089984140812								
ReplogleWeissman2022_K562_gwps	HOXA10				0.2722441984220358	0.7684867879508099	0.5118125163719214				0.2722441984220358	0.7627855882055198	0.5118125163719214								
ReplogleWeissman2022_K562_gwps	HOXA7				0.3168327808491818	0.8307831817180024	0.5111337983785174				0.3168327808491818	0.8036248959563616	0.5111337983785174								
ReplogleWeissman2022_K562_gwps	HOXA9				0.3732124125379498	0.8487040402070734	0.5078134891979293	0.5477341641936647	0.9999995011210674	0.4971019063359745	0.4320536159955728	0.8641072319911457	0.5041355883277748								
ReplogleWeissman2022_K562_gwps	HOXB13				0.824901488301405	0.9861500865045688	0.4802563318797635	0.9455433260900794	0.9999995011210674	0.4661160445366428	0.9461882429474706	0.9999973175522412	0.4659919494044472								
GasperiniShendure2019_lowMOI	HOXB2				0.7925083704421865	0.8857446493177378	0.4206564287865101				0.7925083704421865	0.94838007455592	0.4206564287865101								
ReplogleWeissman2022_K562_gwps	HOXB2				0.4081376972443652	0.8525500707437125	0.505161525416269				0.4081376972443652	0.8459701870336926	0.505161525416269								
ReplogleWeissman2022_K562_gwps	HOXB7				0.6011295176017053	0.9409120818571264	0.4954559722364277				0.8986534575685059	0.9999973175522412	0.4774116907896626								
ReplogleWeissman2022_K562_gwps	HOXD1				0.5923471233094106	0.9409120818571264	0.4953526046660377				0.5923471233094106	0.9539338564325702	0.4953526046660377								
NadigOConner2024_hepg2	HSF1	0.985076269041105	0.9983473175584424	0.38878732480195	0.5735443136221121	0.9129889073984642	0.4905101056266504	0.0076146897130094	0.0338430653911529	0.6242636603696933	0.057895504772489	0.1640048658327671	0.5805276254316474	DoRothEA, CollecTRI	0.0085500929452324	0.0384754182535461	DoRothEA	DoRothEA, Ensemble	0.0574331353547514	0.5369480329289579	
NadigOConner2024_jurkat	HSF1	0.0287326878947076	0.1061860204804413	0.597081830383357	0.1104950485032898	0.3102360977207753	0.5625445642144116	0.0037781279273134	0.0245578315275371	0.6365080530156866	0.0224202918148903	0.1008913131670063	0.6025186645415653	DoRothEA, CausalPath	0.5392434619522595	0.6162782422311537		DoRothEA, Ensemble	0.1382267239143223	1.0	
ReplogleWeissman2022_K562_essential	HSF1	0.5515373915960805	0.8166995990941961	0.4966749542081533	0.0131507557488235	0.0479063245135714	0.5570313967687394	7.019634396509867e-06	3.790602574115328e-05	0.6114899375352245	4.927104582333334e-06	4.244890101702565e-05	0.6134691139864739	DoRothEA, CollecTRI	0.0572393132976559	0.146758283142242		Ensemble, DoRothEA	0.8830415267498288	1.0	
ReplogleWeissman2022_K562_gwps	HSF1	0.1446356417897407	0.4952675006739607	0.5200297996954165	0.0001195032607086	0.0048453140250958	0.5694377004234272	3.7102004004690805e-09	3.339180360422172e-07	0.6092688908476619	1.0333805687622156e-08	6.981059842304746e-07	0.6059649219268599	DoRothEA, CollecTRI	0.0403568625928557	0.0939047247944247	DoRothEA	DoRothEA, Ensemble	0.7122810462390483	1.0	
ReplogleWeissman2022_rpe1	HSF1	0.0523794312334534	0.0914072427407325	0.6075297329453485	0.3343486012356339	0.907517631925292	0.5283679276171679	0.0005595262739404	0.0027276905854598	0.7160071386738115	0.0093867217382038	0.024162117066858	0.655771119729579	DoRothEA, CausalPath	0.1755810702378695	0.2260294478873673		DoRothEA, Ensemble	0.2805974024054506	1.0	
ReplogleWeissman2022_K562_gwps	HSF2				0.2605306802164864	0.7641502909490435	0.5249880294603205				0.2605306802164864	0.7627855882055198	0.5249880294603205								
ReplogleWeissman2022_K562_gwps	HSF4				0.5186845156406967	0.9037171005689472	0.4988434547954438				0.5186845156406967	0.9174275484590948	0.4988434547954438								
GasperiniShendure2019_lowMOI	ID1				0.890599909027837	0.9400776817516058	0.3376693766937669				0.890599909027837	0.96481656811349	0.3376693766937669								
ReplogleWeissman2022_K562_gwps	ID1				0.056597907738154	0.4589575791130313	0.5511509079943712				0.056597907738154	0.4355889608202238	0.5511509079943712								
GasperiniShendure2019_lowMOI	ID2				0.4012532472550778	0.7337223026399716	0.5245408009635653				0.3858144861015046	0.6047913462683662	0.5284552845528455								
ReplogleWeissman2022_K562_gwps	ID2				0.9250084145616382	0.9941054286614232	0.4766824978463111				0.9094678428375772	0.9999973175522412	0.4783363376093413								
GasperiniShendure2019_lowMOI	ID3				0.3452677309676726	0.7337223026399716	0.5294715447154472				0.3675057970082103	0.6047913462683662	0.5250677506775068								
ReplogleWeissman2022_K562_gwps	ID3				0.5601384068418458	0.9184622406303796	0.4968993260883254				0.4514248965606537	0.874096614996425	0.5025012147785769								
ReplogleWeissman2022_K562_gwps	IKZF1				0.5329976352663626	0.9037171005689472	0.4978161227635194	0.0443263419517749	0.5503459054447316	0.5449024994974201	0.1205474940838107	0.6299268000300609	0.5309167057562152								
WesselsSatija2023	IKZF1				0.8632816973261654	0.9592018859179616	0.4503949447077409	0.5552190994046898	0.7402921325395865	0.4937335439705108	0.7606011118437622	0.8297466674659224	0.4679304897314376								
NormanWeissman2019_filtered	IKZF3				6.276035494960524e-24	3.138017747480262e-23	0.6134079159963779				6.276035494960524e-24	2.958702447624247e-23	0.6134079159963779	CollecTRI			CollecTRI	CollecTRI, Ensemble	1.0	1.0	
NormanWeissman2019_filtered	IRF1	4.1470673377993105e-187	6.635307740478897e-186	0.9178903353248814	1.0537466750222037e-178	1.5806200125333052e-177	0.9082734249769272	4.098980586233905e-193	7.378165055221029e-192	0.9246282038827088	5.76939924226984e-185	1.903901749949047e-183	0.9154589870630334	DoRothEA, CausalPath	0.3526872250150199	0.5318424901190298		DoRothEA, CausalPath	0.3526872250150199	0.7456223145786399	
PapalexiSatija2021_eccite_RNA	IRF1	8.825273596790945e-20	4.412636798395472e-19	0.5957976359456257	3.1800170913052567e-32	1.378007406232278e-31	0.6247893701141092	4.9794864113400945e-39	1.6598288037800316e-38	0.6381278957947455	1.6724518723411615e-31	8.362259361705806e-31	0.623292989784304	DoRothEA, CollecTRI	0.0996299309610159	0.1992598619220318		DoRothEA, CollecTRI	0.0996299309610159	0.2656798158960424	
ReplogleWeissman2022_K562_gwps	IRF1	0.8010616694577211	0.9478530748557328	0.4852022555835462	0.2267429002432216	0.7223380964891203	0.5131209071033503	0.0812091356595789	0.6943768486860512	0.5244520897137663	0.2708878644220679	0.7627855882055198	0.5106794119459134								
ReplogleWeissman2022_K562_gwps	IRF2				0.729462942923909	0.9559333566863149	0.4766216284529591	0.3751518632624182	0.8942275200343378	0.512173014456667	0.5154576962421542	0.9174275484590948	0.4985176537806353								
FrangiehIzar2021_RNA	IRF3	0.3960898822198312	0.5809318272557525	0.5026856947721823	0.8937864155515133	0.9915694900809894	0.4871117323403153	0.6299881164123623	0.9599715182529684	0.496570267556724	0.8624433856814103	0.999995150201828	0.4887195763667039								
ReplogleWeissman2022_K562_gwps	IRF3				0.0160111511725674	0.2294040978131509	0.5336936885649184	0.9067606708041372	0.9999995011210674	0.4792402770801619	0.5839826156705765	0.9539338564325702	0.496667119334511								
SunshineHein2023	IRF3	0.9680896040210912	0.9680896040210912	0.4493022907448377	0.6929783332210924	0.8434152227179917	0.4860544570427729	0.5803368699717707	0.6330947672419317	0.4943941279498525	0.6445187207570932	0.8671294986756946	0.489753295538348								
FrangiehIzar2021_RNA	IRF4				0.4398632306797171	0.8308527690616879	0.5016938539976584	0.8971142647678504	0.9999911615781432	0.4858364035820843	0.7317720805081235	0.999995150201828	0.4930800522601452								
ReplogleWeissman2022_K562_gwps	IRF4				0.2565226537879799	0.7576761827115168	0.5138998933262822	0.2513122121983323	0.8412247588103643	0.514245487194626	0.2962407166507297	0.7831058944506246	0.5113740987519719								
PapalexiSatija2021_eccite_RNA	IRF7				0.9919595425299416	0.9919595425299416	0.4685509391100638				0.9919595425299416	0.9919595425299416	0.4685509391100638								
ReplogleWeissman2022_K562_gwps	IRF7				0.1774266311145862	0.6664333681219258	0.5205640631771695				0.1774266311145862	0.7004895566082366	0.5205640631771695								
ReplogleWeissman2022_K562_gwps	IRF8				0.1309651256559774	0.627925739165579	0.5263812071947254				0.1309651256559774	0.63631269922171	0.5263812071947254								
ReplogleWeissman2022_K562_gwps	IRF9				0.3768896279857213	0.8489534044526853	0.5079585801429248	0.8854413704025941	0.9999995011210674	0.4694067271424839	0.8649574245885088	0.9999973175522412	0.4719447167293398								
SunshineHein2023	IRF9	1.1853764286408511e-25	2.2522152144176173e-24	0.7406551702235772	1.5368763524069463e-48	2.1516268933697246e-47	0.8376901518038616	3.3748194875986146e-35	2.024891692559169e-34	0.7851622046493902	3.1192994480609786e-39	3.5871943652701264e-38	0.8019999682418699	CollecTRI, DoRothEA	1.51349758206241e-06	1.3621478238561691e-05	CollecTRI	CollecTRI, Ensemble	1.893414955041001e-05	0.0001893414955041	CollecTRI
ReplogleWeissman2022_K562_gwps	ISL1				0.8611759434576383	0.9861500865045688	0.4862352926375829				0.8611759434576383	0.9999973175522412	0.4862352926375829								
FrangiehIzar2021_RNA	JAK1	1.5237709088172313e-07	8.380739998494772e-07	0.547346117185793							1.5237709088172313e-07	9.523568180107696e-07	0.547346117185793	CausalPath			CausalPath	CausalPath, Ensemble	1.0	1.0	
SunshineHein2023	JAK1	0.02653199424213	0.0720154129429244	0.5433947172619047							0.02653199424213	0.0871765525098558	0.5433947172619047	CausalPath			CausalPath	CausalPath, Ensemble	1.0	1.0	
FrangiehIzar2021_RNA	JAK2	1.756142053537265e-20	1.9317562588909917e-19	0.5813454744297208							1.756142053537265e-20	2.1951775669215817e-19	0.5813454744297208	CausalPath			CausalPath	CausalPath, Ensemble	1.0	1.0	
PapalexiSatija2021_eccite_RNA	JAK2	9.497816654176584e-14	3.1659388847255285e-13	0.579339359152347							9.497816654176584e-14	3.561681245316219e-13	0.579339359152347	CausalPath			CausalPath	CausalPath, Ensemble	1.0	1.0	
ReplogleWeissman2022_K562_gwps	JARID2				0.4083288432698889	0.8525500707437125	0.5055069627692426				0.4083288432698889	0.8459701870336926	0.5055069627692426								
ReplogleWeissman2022_K562_gwps	JDP2				0.262437784553848	0.7641502909490435	0.5116517265200989				0.3417573041398833	0.8298153566368749	0.5074704769624636								
NormanWeissman2019_filtered	JUN	0.2950961178301745	0.3631952219448301	0.5096578624906174	3.88054039626511e-05	0.0001058329198981	0.570863459354731	3.65116251161291e-07	8.215115651129047e-07	0.5888226312446672	4.699281636162483e-08	1.5507629399336197e-07	0.5957237622936621	DoRothEA, CollecTRI	0.4038425243969149	0.5318424901190298		Ensemble, DoRothEA	0.7164144931883649	0.9271246382437665	
ReplogleWeissman2022_K562_gwps	JUN	0.1885792172100781	0.572128429262222	0.5175344757174882	0.0076571626804292	0.136603782218858	0.5481445634761588	0.0337805496086132	0.4560374197162795	0.5362926544943287	0.0030040294950013	0.0608816644320268	0.5545473050969821					Ensemble, CollecTRI	0.3079669466811163	0.6719278836678902	
ReplogleWeissman2022_K562_gwps	JUNB				0.6122706651830596	0.9409120818571264	0.4948942245801756	0.583258813479844	0.9999995011210674	0.4962367997354491	0.5521480881125349	0.9244541169531528	0.4976535230787519								
ReplogleWeissman2022_K562_gwps	JUND	0.938956352430929	0.9984915547777272	0.4615526120505012	0.6723593086566985	0.9535266025170543	0.48889812146798	0.1211574524551237	0.7706954707553041	0.5290760223468124	0.2092356252216057	0.7187302832470975	0.5201200235281854								
ReplogleWeissman2022_K562_gwps	KAT2A	0.9382099671462272	0.9984915547777272	0.456379027726947							0.9382099671462272	0.9999973175522412	0.456379027726947								
ReplogleWeissman2022_K562_gwps	KAT2B	0.8928426002891323	0.9954610858195412	0.4710869041164557	0.965808988440484	0.9986814806952088	0.4575756850534039				0.8666088171427162	0.9999973175522412	0.4741408494340209								
NadigOConner2024_hepg2	KAT5	0.0158820664201415	0.049289171648715	0.7496783803913603	0.1810029513965819	0.486835524445979	0.609553795111382				0.0592307824748617	0.1640048658327671	0.6850836210982463	CausalPath, CollecTRI	0.1235578089047429	0.2021855054804884		CausalPath, Ensemble	0.2489395415209413	0.7886104049334894	
NadigOConner2024_jurkat	KAT5	0.0051126420792179	0.0289873228404642	0.6273284416526446	0.423263695397912	0.8131118358959888	0.5095974972490465				0.1413448099186396	0.3469372607093883	0.553264876120736	CausalPath, CollecTRI	0.0894461433998434	0.238523049066249		CausalPath, Ensemble	0.2024182761137096	1.0	
ReplogleWeissman2022_K562_essential	KAT5	0.9258334966329744	0.9999881318155772	0.4613740499336107	0.7863239238101807	0.9326167468446328	0.4787896783068042				0.93238105014547	0.9999748558123746	0.4600828830435239								
ReplogleWeissman2022_K562_gwps	KAT5	0.1898656291799409	0.572128429262222	0.5165322099773186	0.6907620112697079	0.9535266025170543	0.4906269698576989				0.5511387377524145	0.9244541169531528	0.4975808017881623								
ReplogleWeissman2022_rpe1	KAT5	0.0481790140981926	0.0875088215252887	0.5836831470757695	0.9837315653392126	1.0	0.3924153477294632				0.8804608357568475	0.9999999999778226	0.4407520398057504	CausalPath, CollecTRI	0.000914565691934	0.0034753496293492	CausalPath	CausalPath, Ensemble	0.0022573608808001	0.0352841035782399	CausalPath
ReplogleWeissman2022_K562_gwps	KAT6A				0.835287770856934	0.9861500865045688	0.4765967830264322				0.835287770856934	0.9999973175522412	0.4765967830264322								
NadigOConner2024_hepg2	KAT7				0.9728249196915236	0.99999999992544	0.4177198420899239				0.9728249196915236	0.9999999990003032	0.4177198420899239								
NadigOConner2024_jurkat	KAT7				0.9213273679376672	0.9999999999727516	0.4560752926112231				0.9213273679376672	0.9999681819073516	0.4560752926112231								
ReplogleWeissman2022_K562_gwps	KAT7				0.0552422235747366	0.4562598465617139	0.5412438785766936				0.0552422235747366	0.433388647421889	0.5412438785766936								
ReplogleWeissman2022_rpe1	KAT7				0.8863354683796236	1.0	0.4576102586833384				0.8863354683796236	0.9999999999778226	0.4576102586833384								
NadigOConner2024_hepg2	KDM2A				0.4434075638519841	0.7540669125386156	0.5099891266683394				0.4434075638519841	0.6765210243697509	0.5099891266683394								
NadigOConner2024_jurkat	KDM2A				0.974601173200328	0.9999999999727516	0.4264110194372842				0.974601173200328	0.9999681819073516	0.4264110194372842								
ReplogleWeissman2022_K562_essential	KDM2A				0.3432441700600894	0.7002181069225825	0.5109230656135393				0.3432441700600894	0.6587748849858535	0.5109230656135393								
ReplogleWeissman2022_K562_gwps	KDM2A				0.7732049375213624	0.9686780958835046	0.487396454341325				0.7732049375213624	0.9999973175522412	0.487396454341325								
ReplogleWeissman2022_rpe1	KDM2A				0.906713393282147	1.0	0.4555325719130153				0.906713393282147	0.9999999999778226	0.4555325719130153								
ReplogleWeissman2022_K562_gwps	KDM5A				0.7449783010293585	0.9559333566863149	0.4860010033487216				0.7449783010293585	0.9921533085126588	0.4860010033487216								
ReplogleWeissman2022_K562_gwps	KDM5B				0.8601100259701693	0.9861500865045688	0.4775124395037878	0.8225749153623443	0.9999995011210674	0.4807497138158957	0.820689926324639	0.9999973175522412	0.4808999148999405								
NadigOConner2024_hepg2	KDM5C				0.1558401818339773	0.4502049697426011	0.5543998262903892				0.1558401818339773	0.3326141194366978	0.5543998262903892								
NadigOConner2024_jurkat	KDM5C				0.560724060261179	0.8803761215621544	0.4956141000146388				0.560724060261179	0.8052951929282891	0.4956141000146388								
ReplogleWeissman2022_K562_gwps	KDM5C				0.0105255261344378	0.1707480052130535	0.5449367663094796				0.0105255261344378	0.1681216801011276	0.5449367663094796								
ReplogleWeissman2022_rpe1	KDM5C				0.7757491816652695	1.0	0.4784477384089668				0.7757491816652695	0.9542401438183404	0.4784477384089668								
NormanWeissman2019_filtered	KLF1				6.7391699051646e-182	2.02175097154938e-180	0.7035528879405981	4.2912175162077417e-13	1.2873652548623226e-12	0.5506578093754911	2.0981615042357463e-98	3.4619664819889813e-97	0.6489037946206452	CollecTRI, DoRothEA	1.1044888633960651e-66	1.8776310677733106e-65	CollecTRI	CollecTRI, Ensemble	2.2269780602879463e-19	4.899351732633481e-18	CollecTRI
ReplogleWeissman2022_K562_gwps	KLF1				0.0001453758942332	0.0054031374023368	0.5841034730973838	0.2928708419562009	0.8412247588103643	0.5126505307892342	0.0081581905080554	0.134058914294532	0.5557477200165148	CollecTRI, DoRothEA	0.0204204492111335	0.0657992252358747	CollecTRI	CollecTRI, Ensemble	0.180753005799393	0.542259017398179	
ReplogleWeissman2022_K562_gwps	KLF10				0.9124334665832752	0.9899555729331274	0.4821324482932331				0.9124334665832752	0.9999973175522412	0.4821324482932331								
ReplogleWeissman2022_K562_gwps	KLF11				0.5337144080373412	0.9037171005689472	0.4986625473450278				0.5337144080373412	0.9174275484590948	0.4986625473450278								
ReplogleWeissman2022_K562_gwps	KLF13				0.694589391225448	0.9535266025170543	0.4901639176772605	0.3036561140060321	0.8473933899077585	0.5099494595425426	0.3943035068561004	0.8459701870336926	0.5051908616698755								
ReplogleWeissman2022_K562_gwps	KLF15				0.8228581138718041	0.9861500865045688	0.47543040027125				0.8228581138718041	0.9999973175522412	0.47543040027125								
ReplogleWeissman2022_K562_gwps	KLF2				0.0082558500776178	0.1416195821006759	0.5437568629188934				0.0023595060813452	0.0512349891949254	0.5515724410539842					Ensemble, CollecTRI	0.0139129212497007	0.1113033699976063	
ReplogleWeissman2022_K562_gwps	KLF3							0.8255237261824501	0.9999995011210674	0.4753037816346133	0.8927806884519611	0.9999973175522412	0.4672587058008889								
FrangiehIzar2021_RNA	KLF4	0.0557113160147592	0.1361832169249671	0.5172703372409777	0.4029673070383012	0.8308527690616879	0.5026654139874138	0.1067382432281557	0.209691927491365	0.5134972768505186	0.4396540963786852	0.7850966006762234	0.5016474447631342								
ReplogleWeissman2022_K562_gwps	KLF4	0.7365359573334156	0.9046582954203908	0.4914393449693872	0.7698047586372085	0.9671349925413943	0.4900118717129298	0.600642082551821	0.9999995011210674	0.496549653578325	0.8322607560852746	0.9999973175522412	0.4869684467603274								
ReplogleWeissman2022_K562_gwps	KLF5				0.6390008764516961	0.948712131448442	0.4920433474670975	0.1327694136587166	0.7720589050930561	0.5248994338602833	0.3634813701495228	0.843819083453071	0.507808667326608								
ReplogleWeissman2022_K562_gwps	KLF6				0.2205859265192022	0.7178081324699539	0.5154013890122404	0.8409220484146718	0.9999995011210674	0.4800387764046828	0.686161919326916	0.9779210315771036	0.4903018910150254								
ReplogleWeissman2022_rpe1	KLF7				0.5208668727733944	1.0	0.497822293291276				0.5208668727733944	0.7621104770052823	0.497822293291276								
ReplogleWeissman2022_K562_gwps	KLF8				0.4090711101774764	0.8525500707437125	0.5072899518734322				0.4090711101774764	0.8459701870336926	0.5072899518734322								
ReplogleWeissman2022_K562_gwps	KLF9				0.0848869353960639	0.5717500951932137	0.5219652933990817	0.4798854746420439	0.974203595137984	0.5008070173065774	0.3739504466365155	0.843819083453071	0.5051421763216315								
NormanWeissman2019_filtered	KMT2A				0.1508325230649257	0.2661750407028102	0.5195225999274242	0.0018878252432165	0.0033980854377897	0.5547439989256499	0.0115648776139169	0.0254427307506171	0.5429300758045483	DoRothEA, CollecTRI	0.1677466100157586	0.3564615462834871		DoRothEA, Ensemble	0.3839473870091527	0.7456223145786399	
ReplogleWeissman2022_K562_gwps	KMT2A				0.6025122013432301	0.9409120818571264	0.4947279119843109	0.1376135311499062	0.7720589050930561	0.522137118323981	0.3285607626041585	0.8220779574622568	0.5090060009196635								
ReplogleWeissman2022_K562_gwps	KMT2B				0.705524167781677	0.9535266025170543	0.4903461432810564	0.2843761238157794	0.8412247588103643	0.5101815272597809	0.517551235033016	0.9174275484590948	0.4992137757537036								
ReplogleWeissman2022_K562_gwps	LEF1	0.4607940291201019	0.7886027772090635	0.5020272253745197	0.9049524031214352	0.9899555729331274	0.4730150814791735	0.4732453290911549	0.9680018095046352	0.5013822223114186	0.8234828515628174	0.9999973175522412	0.4808734923878277								
ReplogleWeissman2022_K562_gwps	LHX2				0.7637872446784678	0.96687792376495	0.4755429724437297				0.7845394275984733	0.9999973175522412	0.4731917360971505								
ReplogleWeissman2022_K562_gwps	LIN37	0.6092587278372064	0.8604711934747354	0.494466738782895							0.6092587278372064	0.960791235007061	0.494466738782895								
NadigOConner2024_hepg2	LIN52	0.1940776291423129	0.3424899337805522	0.5441867255738371							0.1940776291423129	0.367503956229382	0.5441867255738371								
NadigOConner2024_jurkat	LIN52	0.0736572382856845	0.2019633952994577	0.5913693721763514							0.0736572382856845	0.2252992220026041	0.5913693721763514								
ReplogleWeissman2022_K562_essential	LIN52	0.4064427918211021	0.7112748856869288	0.5197413739119543							0.4064427918211021	0.6794267564770663	0.5197413739119543								
ReplogleWeissman2022_K562_gwps	LIN52	0.0118887382228171	0.0995131421613579	0.6685152672608278							0.0118887382228171	0.1793850332602394	0.6685152672608278	CausalPath			CausalPath	CausalPath, Ensemble	1.0	1.0	
ReplogleWeissman2022_rpe1	LIN52	0.4587517579094938	0.5832700921992136	0.5057617856180898							0.4587517579094938	0.7197430777781528	0.5057617856180898								
NadigOConner2024_hepg2	LIN54	0.2856672818104427	0.4510536028585938	0.5141559579569162							0.2856672818104427	0.4921737505890761	0.5141559579569162								
NadigOConner2024_jurkat	LIN54	0.521030428260981	0.7260260065931703	0.4990597302890797							0.521030428260981	0.772957228738818	0.4990597302890797								
ReplogleWeissman2022_K562_essential	LIN54	0.1011520456589267	0.2912827801228628	0.5214447050566413							0.1011520456589267	0.3010386627107098	0.5214447050566413								
ReplogleWeissman2022_K562_gwps	LIN54	0.0325377880752766	0.1885523103849364	0.5206192680624332							0.0325377880752766	0.3387765438272883	0.5206192680624332								
ReplogleWeissman2022_rpe1	LIN54	0.9893172449435748	0.99999994418258	0.4472822481500609							0.9893172449435748	0.9999999999778226	0.4472822481500609								
ReplogleWeissman2022_K562_gwps	LIN9	0.0039647572945836	0.0446307199521228	0.6024564191420723							0.0039647572945836	0.0753303885970891	0.6024564191420723	CausalPath			CausalPath	CausalPath, Ensemble	1.0	1.0	
ReplogleWeissman2022_K562_gwps	LITAF				0.9008237770571558	0.9899555729331274	0.4806745064918152				0.9008237770571558	0.9999973175522412	0.4806745064918152								
GasperiniShendure2019_lowMOI	LMO2	0.372653206930115	0.5382768544546106	0.5194579945799458	0.2003942239739411	0.7337223026399716	0.5502439024390244				0.1106423384948526	0.4821925290972303	0.5731165311653117								
NadigOConner2024_hepg2	LMO2				0.0686040472184616	0.293455302549916	0.5444348225835764				0.1384185995400656	0.2999069656701422	0.5325208206378225								
NadigOConner2024_jurkat	LMO2	0.4640243489200157	0.680035683762092	0.5019525411537558	0.046322420007965	0.1779756137148129	0.5363569836599232				0.0435526813196806	0.1658695685096991	0.5369896014322653								
ReplogleWeissman2022_K562_gwps	LMO2	0.7445488757500899	0.90955700497038	0.4884508002085985	0.0257348667872852	0.2805277812521817	0.5342138599299282				0.1821714736708712	0.7098016613520532	0.5159360485918737								
ReplogleWeissman2022_rpe1	LMO2				0.8933583646859398	1.0	0.4777165137499843				0.901552028437121	0.9999999999778226	0.4768941762098227								
ReplogleWeissman2022_K562_gwps	LMX1B				0.2896687185305775	0.8024363258673142	0.5256302008429596				0.2896687185305775	0.7807509210429799	0.5256302008429596								
ReplogleWeissman2022_K562_gwps	LRRFIP1				0.7360021163933508	0.9559333566863149	0.4891314183494182				0.7360021163933508	0.9921533085126588	0.4891314183494182								
NormanWeissman2019_filtered	LYL1				0.4127571478970662	0.5896530684243803	0.503131881838144	0.6367225381836281	0.7163128554565816	0.495032166883284	0.6413923154505579	0.7839239411062373	0.494855006720964								
ReplogleWeissman2022_K562_gwps	LYL1				0.974050323099587	0.9986814806952088	0.4394517437574899	0.9998895761973792	0.9999995011210674	0.38494722521346	0.9999711466909362	0.9999973175522412	0.3747277886951468								
ReplogleWeissman2022_K562_gwps	MAF				0.3662965837693863	0.8487040402070734	0.509049085023006	0.1235429698022782	0.7706954707553041	0.5306542210799752	0.1048174058899635	0.5984293400503303	0.5332261913677888								
ReplogleWeissman2022_K562_gwps	MAFA				0.7928743740282094	0.9807512218697872	0.4799223938925129				0.7928743740282094	0.9999973175522412	0.4799223938925129								
ReplogleWeissman2022_K562_gwps	MAFB				0.7206996307583429	0.9559333566863149	0.4872572386736764	0.6962958218514474	0.9999995011210674	0.4888071646573623	0.8012102805014096	0.9999973175522412	0.4815705469896986								
ReplogleWeissman2022_K562_gwps	MAFF							0.2234597090619134	0.8412247588103643	0.512851797360695	0.2753007349605305	0.7643052367853997	0.510085606683135								
ReplogleWeissman2022_K562_gwps	MAFG				0.4858584153398859	0.9037171005689472	0.5006380258555598	0.8154576713614192	0.9999995011210674	0.4837032725998709	0.6908355286498787	0.9779210315771036	0.4909603154460614								
ReplogleWeissman2022_K562_gwps	MAFK				0.1552018439662027	0.6307633796512496	0.5171407079664233	0.3098397192052216	0.8473933899077585	0.5083864634818233	0.2176687455336545	0.7378857881542935	0.5131818191174309								
ReplogleWeissman2022_K562_gwps	MAML1										0.717541351718793	0.9870652520763848	0.4877734894983437								
NormanWeissman2019_filtered	MAML2	0.0038850833798672	0.0088801905825536	0.531543873308727							0.41386449142025	0.54630112867473	0.5025844425061639	CausalPath			CausalPath	CausalPath, Ensemble	1.7645383092648343e-06	9.704960700956588e-06	CausalPath
NormanWeissman2019_filtered	MAPK1	0.3778528992880767	0.4318318849006591	0.5032835886929966							0.3778528992880767	0.5195477365211054	0.5032835886929966								
GasperiniShendure2019_lowMOI	MAX	0.0125912981476921	0.0818434379599987	0.718458295694068	0.6638583317403087	0.7883317689416166	0.4588979223125565	0.4532980875036959	0.7252769400059135	0.5115928937067149	0.1118862244422319	0.4821925290972303	0.6187895212285457	CausalPath, DoRothEA	0.0363658854130728	0.0363658854130728	CausalPath	CausalPath, Ensemble	0.0308157449453477	0.0616314898906955	CausalPath
NadigOConner2024_hepg2	MAX	7.406500106641577e-08	6.059863723615837e-07	0.7271898345633871	0.2131955785325119	0.5353355081709054	0.5343895998374976	0.4934191437361391	0.8113846262067602	0.5007154625679916	2.9380735295083963e-06	3.001032247997862e-05	0.6958855259891213	CausalPath, CollecTRI	0.0004081080920699	0.0032990143179706	CausalPath	CausalPath, Ensemble	0.1993885356140782	0.7886104049334894	
NadigOConner2024_jurkat	MAX	2.8493106307377796e-29	1.2109570180635564e-27	0.8710789010106005	1.832301565138603e-05	0.0002229300237585	0.6371220181987558	0.1987372756750366	0.4305974306292461	0.5281093956264707	9.464614237967294e-25	4.259076407085282e-23	0.8389948741495546	CausalPath, CollecTRI	1.7287856662904826e-09	2.7660570660647725e-08	CausalPath	CausalPath, Ensemble	0.0117794941148781	0.4122822940207363	
ReplogleWeissman2022_K562_essential	MAX	5.2528881467934e-67	4.044723873030918e-65	0.874382136222264	6.790581015360176e-19	1.731598158916845e-17	0.6909668733170519	0.4213955266220022	0.5855800668143397	0.5043036508234704	3.4277844948704015e-52	1.9195593171274248e-50	0.8288783476318701	CausalPath, CollecTRI	4.6434378342445303e-17	6.036469184517888e-16	CausalPath	CausalPath, Ensemble	1.996460896802058e-08	5.789736600725968e-07	CausalPath
ReplogleWeissman2022_K562_gwps	MAX	2.274204944562075e-31	2.569851587355145e-29	0.7317864238978591	1.4989066445040453e-06	9.550176620697202e-05	0.5934014704510266	0.2658331950560396	0.8412247588103643	0.512506913479626	1.7602375594508017e-27	5.351122180730438e-25	0.7159171466157856	CausalPath, CollecTRI	1.3234023526878244e-07	1.9189334113973454e-06	CausalPath	CausalPath, Ensemble	0.1359243227726727	0.4349578328725527	
ReplogleWeissman2022_rpe1	MAX	1.619446398287129e-15	1.8016341180944312e-14	0.744860418296941	1.6374825587742866e-07	1.5556084308355724e-06	0.6586630893788189	0.9977087079041588	0.9999840789178064	0.4119218757396032	2.966823791675795e-11	2.9456321931638246e-10	0.7033550166124333	CausalPath, CollecTRI	0.0105818530867129	0.0262129806361847	CausalPath	CausalPath, Ensemble	0.0081646524373442	0.07698100869496	CausalPath
ReplogleWeissman2022_K562_gwps	MAZ				0.5196327070352336	0.9037171005689472	0.4989182621077213	0.9810457813567096	0.9999995011210674	0.4543872417910979	0.9667999682426408	0.9999973175522412	0.4596636529948146								
ReplogleWeissman2022_K562_gwps	MBD1				0.1868518389190091	0.6822900903492144	0.5156852761150361	0.3801484704943966	0.8942275200343378	0.5053795854656131	0.3327231020740667	0.8261300838211353	0.5076244922199136								
ReplogleWeissman2022_K562_gwps	MBD2				0.9126184366632552	0.9899555729331274	0.4678745074829314	0.8718877539691376	0.9999995011210674	0.4731227909532917	0.963247054016414	0.9999973175522412	0.4576331207131732								
NadigOConner2024_hepg2	MCM5	0.0706695883520012	0.1514348321828598	0.5641608036489206							0.0706695883520012	0.1804598416845746	0.5641608036489206								
ReplogleWeissman2022_K562_essential	MCM5	0.9085377848633748	0.9999881318155772	0.4589666626816729							0.9085377848633748	0.9999748558123746	0.4589666626816729								
ReplogleWeissman2022_K562_gwps	MCM5	0.9248554257768288	0.9984915547777272	0.4682529045927827							0.9248554257768288	0.9999973175522412	0.4682529045927827								
NadigOConner2024_jurkat	MCM6	0.9996393352672576	0.9999999809091804	0.4470993564777643							0.9996393352672576	0.9999681819073516	0.4470993564777643								
ReplogleWeissman2022_K562_gwps	MDC1	0.5430017826223945	0.8348190671609602	0.4976672056220068							0.5430017826223945	0.9217624000862964	0.4976672056220068								
ReplogleWeissman2022_K562_gwps	MECOM				0.4005756673077031	0.8525500707437125	0.5066702630928402				0.4005756673077031	0.8459701870336926	0.5066702630928402								
ReplogleWeissman2022_K562_gwps	MECP2	0.8459134594836275	0.9741417727909524	0.4708520076260752	0.9648185125882468	0.9986814806952088	0.4482414301913219				0.8200798049215368	0.9999973175522412	0.4738093454898543								
NadigOConner2024_hepg2	MED1	0.1214022161583083	0.2428044323166166	0.6017949144091741	0.4184891178634471	0.7418670725761108	0.5179399109929275				0.1158941406019188	0.2630613032710222	0.6042139862980813								
NadigOConner2024_jurkat	MED1	0.1194876194598841	0.2819794904489635	0.5311886586695748	0.4196521897134042	0.8131118358959888	0.5053686771244023				0.1412256107966573	0.3469372607093883	0.5284679696893437								
ReplogleWeissman2022_K562_essential	MED1	0.0099763885311874	0.0451871715824374	0.5440335818715989							0.0010693049419814	0.005988107675096	0.5580925964223752	CausalPath			CausalPath	Ensemble, CausalPath	0.0679732880279903	0.3942450705623442	
ReplogleWeissman2022_K562_gwps	MED1	0.6057256869428614	0.8604711934747354	0.4942063112057163							0.1331176066407217	0.63631269922171	0.5240172550564031								
ReplogleWeissman2022_rpe1	MED1	0.9246767770431688	0.9960643397298504	0.4423312821411481	0.1391820200424637	0.4231133409290898	0.5434962829162426				0.8230662307147556	0.9999999999778226	0.4628005176283455								
NadigOConner2024_hepg2	MEF2A				0.7681913687471811	0.9872719197433208	0.4583977874654291	0.046826326991192	0.1440810061267448	0.5951733620837826	0.1978867456619749	0.367503956229382	0.5482116908076688								
NadigOConner2024_jurkat	MEF2A				0.4418255054243772	0.8230704956229623	0.5122053519000084	0.3403426914881842	0.6320649984780564	0.5343161927131392	0.3581515748165804	0.6250723807897688	0.530303665799849								
ReplogleWeissman2022_K562_gwps	MEF2A				0.7940638667218798	0.9807512218697872	0.4739836380972526	0.328118162703482	0.8650914804899881	0.514112040199934	0.4851343794891012	0.906636245628896	0.5011817288587439								
ReplogleWeissman2022_rpe1	MEF2A				0.1023211432387024	0.3451980980061129	0.5748269517217208	0.0828225256318798	0.2090886224576759	0.5817817401209148	0.0688478478486806	0.1449977401661608	0.5875682701013465								
ReplogleWeissman2022_K562_gwps	MEF2B							0.8683937927291292	0.9999995011210674	0.4695935892744999	0.8664774190242805	0.9999973175522412	0.4698364880723999								
ReplogleWeissman2022_K562_gwps	MEF2C				0.0791777914084565	0.5695692736801874	0.5287614063969505	0.7504425357980254	0.9999995011210674	0.4862193755473786	0.3398494274020777	0.8298153566368749	0.5084181718226531								
TianKampmann2021_CRISPRa	MEF2C	0.864238467245906	0.898495306320028	0.4696765031864782	0.7603156693235062	0.9999999958196356	0.4801537822111388	0.9538427236959292	0.9966573674292136	0.4527569963978941	0.949830450320076	0.9999999958196356	0.4538826544749238								
ReplogleWeissman2022_K562_gwps	MEF2D				0.8151618650924992	0.9861500865045688	0.4796940860836137				0.8151618650924992	0.9999973175522412	0.4796940860836137								
NormanWeissman2019_filtered	MEIS1				0.9998924952106074	1.0	0.4601563316021184	8.169795738895181e-05	0.0001633959147779	0.5406062141506267	0.0216232204859927	0.04261780377598	0.521772750809493	DoRothEA, CollecTRI	1.333643224760427e-07	7.557311606975753e-07	DoRothEA	DoRothEA, Ensemble	0.0005243314772027	0.0019225487497435	DoRothEA
ReplogleWeissman2022_K562_gwps	MEIS1							0.3692593159063955	0.8942275200343378	0.5057800172306249	0.6188818573786737	0.960791235007061	0.4947614720919838								
ReplogleWeissman2022_K562_gwps	MEIS2							0.278458191632696	0.8412247588103643	0.5153028908832276	0.2910157378716499	0.7807509210429799	0.5143388091389457								
ReplogleWeissman2022_K562_gwps	MITF				0.1404487435900446	0.627925739165579	0.5157037179038049	0.0468813178712178	0.5503459054447316	0.5244063152876751	0.035306342812426	0.3519058431140167	0.5263299112660179								
ReplogleWeissman2022_K562_gwps	MLX										1.4364288566694003e-09	1.2476410640785648e-07	0.6434999430643737					Ensemble			Ensemble
ReplogleWeissman2022_K562_gwps	MLXIPL	0.4803234947840675	0.8040971097866612	0.5008409604488224	0.0586051792565797	0.4667483919363315	0.5266996508000328				0.3151433160011173	0.8036248959563616	0.5082033373167444								
NadigOConner2024_hepg2	MNAT1	0.1041126317855897	0.2179101595512343	0.5443386983068669							0.1041126317855897	0.2566914887127472	0.5443386983068669								
NadigOConner2024_jurkat	MNAT1	0.0013844908096914	0.0108716190105215	0.5764669084392144							0.0013844908096914	0.010551865510212	0.5764669084392144	CausalPath			CausalPath	CausalPath, Ensemble	1.0	1.0	
ReplogleWeissman2022_K562_essential	MNAT1	0.9977632933006216	0.9999881318155772	0.4095717832819159							0.9977632933006216	0.9999748558123746	0.4095717832819159								
ReplogleWeissman2022_K562_gwps	MNAT1	0.6802538505002003	0.879855710281378	0.4876470325448413							0.6802538505002003	0.9779210315771036	0.4876470325448413								
ReplogleWeissman2022_rpe1	MNAT1	1.4475917953635704e-12	1.1712333617032523e-11	0.7365687290028554							1.4475917953635704e-12	1.5478096888887405e-11	0.7365687290028554	CausalPath			CausalPath	CausalPath, Ensemble	1.0	1.0	
ReplogleWeissman2022_K562_gwps	MNT							0.9208012838958464	0.9999995011210674	0.4690963035536443	0.8732481106173628	0.9999973175522412	0.4749813795106066								
ReplogleWeissman2022_K562_gwps	MOV10	0.5792952917557433	0.8534806015070802	0.4951481926471379							0.5792952917557433	0.9539338564325702	0.4951481926471379								
SunshineHein2023	MOV10	0.1071240076292942	0.2261506827729545	0.5362633431311882							0.1071240076292942	0.2239865614067061	0.5362633431311882								
ReplogleWeissman2022_K562_gwps	MSC				0.8564813514846029	0.9861500865045688	0.4714422541459954				0.8564813514846029	0.9999973175522412	0.4714422541459954								
ReplogleWeissman2022_K562_gwps	MSX1										0.4636250562022213	0.8821639084551679	0.5022871794510063								
ReplogleWeissman2022_K562_gwps	MSX2				0.0223648246953445	0.274679983867637	0.535004806491505				0.0239798142306259	0.2858770010239328	0.5344913099364617								
ReplogleWeissman2022_K562_gwps	MTA1	0.4754683528752317	0.8019093115656892	0.5014868399040482	0.3100982360809816	0.8232369838816536	0.511974803993835				0.3100982360809816	0.802296712924412	0.511974803993835								
TianKampmann2021_CRISPRi	MTA1	0.8465289789212366	0.8465289789212366	0.4716042251196567	0.4282768399164989	0.7378544432360895	0.505033833966001				0.3505680677518213	0.6148787026967413	0.5106783297573857								
ReplogleWeissman2022_K562_gwps	MTA3				0.5377606841591147	0.9037171005689472	0.4973018777946859				0.5377606841591147	0.9174275484590948	0.4973018777946859								
ReplogleWeissman2022_K562_gwps	MTF1				5.016936955768307e-06	0.000279694235284	0.5987670842059096				1.0210532719746092e-05	0.0004138669262403	0.59527378266318	CollecTRI			CollecTRI	CollecTRI, Ensemble	0.5335805874265773	1.0	
ReplogleWeissman2022_K562_gwps	MXD1				0.0691063237728084	0.5314038000460789	0.5567061794404258				0.0691063237728084	0.5187240105415745	0.5567061794404258								
ReplogleWeissman2022_K562_gwps	MXI1				0.6717145848232515	0.9535266025170543	0.4931422400138894	0.3154038187214681	0.8515903105479641	0.5074120637454083	0.3425749790596099	0.8298153566368749	0.506253122087321								
NadigOConner2024_hepg2	MYB	0.4038020866582992	0.5768601237975703	0.5113048641385023	0.6100419772328647	0.9516654844832688	0.4870336515674724	0.2398917039486174	0.564451068114394	0.5327999916665365	0.5601197802744827	0.7556332884835003	0.4929816611717891								
NadigOConner2024_jurkat	MYB	0.0436682643894566	0.1484720989241524	0.6369625676730786	0.0004988655534053	0.0040463539331763	0.7636620572615874	0.0064547563588407	0.0359622139992556	0.6991798571364044	0.0022025725037206	0.014940456904884	0.728126834997064	CollecTRI, DoRothEA	0.167891823887066	0.2618917885718919		CollecTRI, Ensemble	0.2551399043004978	1.0	
ReplogleWeissman2022_K562_gwps	MYB	7.330137857209043e-06	0.0001656611155729	0.5931024933516915	0.0017294692479011	0.0428524046979961	0.5628105675432228	0.0099538137287489	0.2079300237823136	0.550014753450771	0.0004115245792175	0.0125103472082135	0.5718597455890514	CausalPath, CollecTRI	0.2104744569409105	0.2774436023312002		CausalPath, Ensemble	0.2750003610873832	0.6600008666097198	
ReplogleWeissman2022_rpe1	MYB	0.4390916057143635	0.570194355333847	0.5054629356740984	0.7808539652284681	1.0	0.472378653794583	0.1660926809511944	0.3223257318631524	0.5345592081332027	0.6395946750243118	0.871604508121366	0.4872646556691067								
WesselsSatija2023	MYB	0.0535273268938999	0.08564372303024	0.6312431644185199	0.0239130732988958	0.0597826832472397	0.6611374407582938	0.0004904589029468	0.0019618356117875	0.7683193583667518	0.0045495443792367	0.0136486331377102	0.7123587313160773	DoRothEA, CollecTRI	0.0706515692694794	0.1177526154491324		DoRothEA, Ensemble	0.1350121535548733	0.3600324094796623	
ReplogleWeissman2022_K562_gwps	MYBL1				0.1277744536077062	0.6273753630944386	0.5201980986674994				0.1277744536077062	0.63631269922171	0.5201980986674994								
NadigOConner2024_hepg2	MYBL2	1.9031341265334115e-05	0.0001070512946175	0.603368343071537	0.124071642879989	0.3871035257855656	0.5289831045154199	0.0070701297737582	0.0338430653911529	0.5615777084752243	0.0103274096535631	0.0434358700135156	0.5580782282443751	CausalPath, DoRothEA	0.1359990769426692	0.2039986154140038		CausalPath, DoRothEA	0.1359990769426692	0.7428076800709382	
NadigOConner2024_jurkat	MYBL2	0.4759330432720342	0.6856662487817442	0.5026328633198862	0.7463021845378002	0.8931157290370395	0.4710976046853908	0.9242131838996857	0.9989523152766095	0.4374766454919127	0.883304516098347	0.9999681819073516	0.4480424155996675								
ReplogleWeissman2022_K562_essential	MYBL2	6.569884533291621e-07	1.0117622181269098e-05	0.6382724538502085	1.0135652878571203e-05	8.615304946785524e-05	0.6218161158117639	4.193229470338689e-06	2.830429892478615e-05	0.6273380402685543	1.0274190770695928e-07	1.0460994239254036e-06	0.6484672669802597	CausalPath, DoRothEA	0.7270145004879384	0.7270145004879384		Ensemble, CausalPath	0.698394021648433	1.0	
ReplogleWeissman2022_K562_gwps	MYBL2	0.4564197379019781	0.7886027772090635	0.5040146947880842	0.2382528313137619	0.7228623317410735	0.526111890500267	0.4717958233411926	0.9680018095046352	0.5025952578072816	0.3770180534868889	0.843819083453071	0.511491894953233								
ReplogleWeissman2022_rpe1	MYBL2	0.000646166840001	0.0017426923866694	0.5323611528816119	0.4798736389383436	0.985686393494976	0.5005076595915989	0.1844384640390568	0.3269590953419644	0.5090375247761562	0.2730602719113614	0.4866074076369134	0.506070602276683	CausalPath, DoRothEA	0.0285034166352235	0.0541564916069247	CausalPath	CausalPath, DoRothEA	0.0285034166352235	0.1710204998113413	
FrangiehIzar2021_RNA	MYC	1.1075052361885025e-08	8.121705065382353e-08	0.6189287668429526	5.470338464051187e-09	4.6497876944435096e-08	0.6215043112289872	3.128339653154259e-08	2.0334207745502685e-07	0.6150383084244907	8.634893742701245e-09	7.195744785584371e-08	0.6198435188890389	CollecTRI, CausalPath	0.850266698819835	0.850266698819835		CollecTRI, Ensemble	0.6130724231378923	0.9814975363352616	
GasperiniShendure2019_lowMOI	MYC	0.3388797213178549	0.5382768544546106	0.5276422764227643	0.2505374784713085	0.7337223026399716	0.5447154471544715	0.7138201688848849	0.9141420315297644	0.4626016260162602	0.3247999021008647	0.6031998181873203	0.5302168021680217								
NadigOConner2024_hepg2	MYC	3.3853138649212394e-17	3.0467824784291154e-15	0.8361029078579352	1.682537237841285e-20	1.3123790455162025e-18	0.8705409459522805	1.8932313418199472e-16	7.572925367279787e-15	0.8278215284613823	1.4210713625689211e-19	2.0321320484735572e-17	0.8612048625759777	CollecTRI, CausalPath	0.0155298836492827	0.0511083376140236	CollecTRI	CollecTRI, Ensemble	0.01033416736258	0.1619019553470872	
NadigOConner2024_jurkat	MYC	1.9647085478584644e-52	1.6700022656796948e-50	0.910969680833604	2.8814649650797452e-58	1.051734712254107e-56	0.9341352308494691	1.3647203650882376e-54	5.322409423844127e-53	0.919687945642144	5.312964803979411e-57	3.5862512426861014e-55	0.9292144297786514	CollecTRI, DoRothEA	0.0372417388164924	0.1489669552659696		CollecTRI, Ensemble	0.0940037798375981	1.0	
PapalexiSatija2021_eccite_RNA	MYC	0.0026363207265035	0.005272641453007	0.5789006205926005	8.915325014363149e-07	2.3179845037344185e-06	0.6350846297592224	6.712806707084661e-06	1.6782016767711652e-05	0.6231072694694587	9.492920507304448e-07	2.8478761521913348e-06	0.634727039227297	CollecTRI, DoRothEA	0.1678914802891142	0.2089631822678486		CollecTRI, Ensemble	0.9316801908738188	1.0	
ReplogleWeissman2022_K562_essential	MYC	1.983650482038508e-06	2.545684785282752e-05	0.6564032024375995	7.336826105158524e-06	7.483562627261695e-05	0.6469250782981066	0.000433350233798	0.0016714937589351	0.6129204100067167	1.3182530900773942e-05	0.0001054602472061	0.6424922602611053	CausalPath, CollecTRI	0.6957207127428742	0.7270145004879384		CausalPath, CollecTRI	0.6957207127428742	1.0	
ReplogleWeissman2022_K562_gwps	MYC	1.4439229767895594e-06	4.079082409430505e-05	0.6365224478855404	8.4593778457929e-06	0.0004192091688026	0.6255350253751571	0.0002960296314447	0.0088808889433413	0.6002397340360791	1.6045829569041936e-05	0.0006097415236235	0.6213329103000846	CausalPath, CollecTRI	0.633085183850328	0.6556953689878396		CausalPath, CollecTRI	0.633085183850328	1.0	
ReplogleWeissman2022_rpe1	MYC	1.6940435844430214e-23	3.7692469753857225e-22	0.8099892207784268	9.82432702594277e-32	2.4888295132388354e-30	0.8644416098329323	1.004315674351423e-27	1.9584155649852748e-26	0.8390105937945102	2.4069040196310115e-30	8.363991468217763e-29	0.8558335150246863	CollecTRI, DoRothEA	0.0110370444783935	0.0262129806361847	CollecTRI	CollecTRI, Ensemble	0.0026730381498666	0.0352841035782399	CollecTRI
ReplogleWeissman2022_K562_gwps	MYCN	0.7971777509323665	0.9478530748557328	0.4837545672044959	0.8327659388551131	0.9861500865045688	0.4811451906697913	0.8579624877459211	0.9999995011210674	0.4790733069023728	0.9171275804720544	0.9999973175522412	0.4729235647098025								
ReplogleWeissman2022_K562_gwps	MYF5				0.4501112939974813	0.8677503936330341	0.5046746632714602				0.4501112939974813	0.874096614996425	0.5046746632714602								
ReplogleWeissman2022_K562_gwps	MYOD1				0.7153282436244721	0.9559333566863149	0.492018779342723	0.8267179551230931	0.9999995011210674	0.4867974066562029	0.7492022484439234	0.9921533085126588	0.4905745896226608								
ReplogleWeissman2022_K562_gwps	MYOG				0.8557621167723399	0.9861500865045688	0.480147490731361				0.8557621167723399	0.9999973175522412	0.480147490731361								
NadigOConner2024_hepg2	MZF1				0.6770024263140678	0.960112531863587	0.4781198017029827				0.6770024263140678	0.8428673965305371	0.4781198017029827								
NadigOConner2024_jurkat	MZF1				0.480134505589701	0.8441168085280555	0.5014741143080838				0.480134505589701	0.7450363017771222	0.5014741143080838								
ReplogleWeissman2022_K562_essential	MZF1				0.0097062858037852	0.0380785058456191	0.5600034637422506				0.0097062858037852	0.043484160400958	0.5600034637422506	CollecTRI			CollecTRI	CollecTRI, Ensemble	1.0	1.0	
ReplogleWeissman2022_K562_gwps	MZF1				0.8837610294264637	0.9899555729331274	0.4794721028488052				0.8837610294264637	0.9999973175522412	0.4794721028488052								
ReplogleWeissman2022_rpe1	MZF1				0.6350418007866678	1.0	0.4908165316420093				0.6350418007866678	0.871604508121366	0.4908165316420093								
NadigOConner2024_hepg2	NANOG	0.0426554252224209	0.1096853791433682	0.5941499085923219	0.3140935592732329	0.6755368496761728	0.5265009721134035	0.0102938306392937	0.0411753225571751	0.6266939438785873	0.1853829254049609	0.3589014974516168	0.5489756536374453	DoRothEA, CausalPath	0.6123590631205673	0.6252137924212304		DoRothEA, CausalPath	0.6123590631205673	1.0	
NadigOConner2024_jurkat	NANOG	0.6663111818079974	0.8455708565235106	0.4872874024830131	0.5768971569099358	0.8803761215621544	0.4942625758465453	0.3282003115702506	0.6320649984780564	0.5131612979895422	0.2258048324428751	0.4638376427474491	0.5222681262757598								
ReplogleWeissman2022_K562_essential	NANOG	0.354696222555056	0.682790228418483	0.5096795040390757	0.6954160042969074	0.8866554054785569	0.4867217734360323	0.2712918332137354	0.4904195434556309	0.5158151418373098	0.4749862474709287	0.7599779959534859	0.5016299079466466								
ReplogleWeissman2022_K562_gwps	NANOG	0.780563678415035	0.9333724408560736	0.4859549097440351	0.3595425271804647	0.8487040402070734	0.5065260990670746	0.7360235481441273	0.9999995011210674	0.4885488816343846	0.3814479494622623	0.843819083453071	0.505473715202607								
ReplogleWeissman2022_rpe1	NANOG	0.4420607923374768	0.570194355333847	0.5049748337665626	0.3732683508211982	0.9185077223740642	0.511031523506333	0.9481837313247098	0.9999840789178064	0.4444553968671203	0.8806951210068736	0.9999999999778226	0.4597802700624044								
ReplogleWeissman2022_K562_gwps	NCOA1	0.3145491317862661	0.7108810378369613	0.510236273804094	0.85838638390037	0.9861500865045688	0.4772576646138349	0.4473258503285192	0.951007713296852	0.5028064494512692	0.6737099346406482	0.9776029600513464	0.4904592679698438								
ReplogleWeissman2022_K562_gwps	NCOA2	0.3475061890560088	0.7590365183523944	0.5080137371842123	0.4164457644216946	0.8598833839447954	0.5043127387254573	0.7458560727335045	0.9999995011210674	0.4864789251490986	0.3790162681053248	0.843819083453071	0.5062968572002948								
ReplogleWeissman2022_K562_gwps	NCOA3	0.3727516164120699	0.7728611496250257	0.5101687485957326	0.9144881077319472	0.9899555729331274	0.4571127868154566	0.0924344507311308	0.7026517770215218	0.5415399048448704	0.6968433110985814	0.9792094244517237	0.4838547682022618								
ReplogleWeissman2022_K562_gwps	NCOA6	0.0001648930769349	0.0033878032170269	0.5640292156262732							0.0001648930769349	0.0055697217098024	0.5640292156262732	CausalPath			CausalPath	CausalPath, Ensemble	1.0	1.0	
ReplogleWeissman2022_K562_gwps	NCOR1				0.040474642657373	0.4001193851646936	0.5365960703541337				0.0037005431917009	0.0725783955017472	0.5561612770114659					Ensemble, CollecTRI	7.659383507151886e-05	0.0012255013611443	Ensemble
ReplogleWeissman2022_K562_gwps	NCOR2				0.0234032273250453	0.274679983867637	0.5278525156694295				0.0413540713040655	0.3838774088812852	0.5243099118802044								
NadigOConner2024_hepg2	NELFA	7.489291644376618e-05	0.0003964919105846	0.6736745886654478							7.489291644376618e-05	0.0005354843525729	0.6736745886654478	CausalPath			CausalPath	CausalPath, Ensemble	1.0	1.0	
NadigOConner2024_jurkat	NELFA	0.0014069154013616	0.0108716190105215	0.5791229762603808							0.0014069154013616	0.010551865510212	0.5791229762603808	CausalPath			CausalPath	CausalPath, Ensemble	1.0	1.0	
ReplogleWeissman2022_K562_essential	NELFA	0.001005986326524	0.0055329247958821	0.5959801425606941							0.001005986326524	0.0059300246616152	0.5959801425606941	CausalPath			CausalPath	CausalPath, Ensemble	1.0	1.0	
ReplogleWeissman2022_K562_gwps	NELFA	0.1763301618902337	0.5612762899604624	0.5216421352553497							0.1763301618902337	0.7004895566082366	0.5216421352553497								
ReplogleWeissman2022_rpe1	NELFA	1.0577315438324964e-08	5.5375357294760116e-08	0.7246771562792765							1.0577315438324964e-08	7.351234229635851e-08	0.7246771562792765	CausalPath			CausalPath	CausalPath, Ensemble	1.0	1.0	
NadigOConner2024_hepg2	NELFB	0.0016369982338701	0.0066968109567413	0.5829171104162988							0.0016369982338701	0.0083603838372651	0.5829171104162988	CausalPath			CausalPath	CausalPath, Ensemble	1.0	1.0	
NadigOConner2024_jurkat	NELFB	0.3237698327605079	0.53961638793418	0.5092971820583067							0.3237698327605079	0.5920321572663446	0.5092971820583067								
ReplogleWeissman2022_K562_essential	NELFB	0.5263045182800863	0.8155985603347663	0.4983565354565646							0.5263045182800863	0.7670459540379017	0.4983565354565646								
ReplogleWeissman2022_K562_gwps	NELFB	0.6115544558931846	0.8604711934747354	0.4944262647020136							0.6115544558931846	0.960791235007061	0.4944262647020136								
ReplogleWeissman2022_rpe1	NELFB	1.0867783967749648e-15	1.3817611044710267e-14	0.6912407810814649							1.0867783967749648e-15	1.510621971517201e-14	0.6912407810814649	CausalPath			CausalPath	CausalPath, Ensemble	1.0	1.0	
NadigOConner2024_hepg2	NELFCD	0.0682127942238976	0.1497570688536545	0.5617281647576765							0.0682127942238976	0.1773789282199952	0.5617281647576765								
NadigOConner2024_jurkat	NELFCD	0.0243559560967663	0.0941025576465972	0.5555148437908052							0.0243559560967663	0.102211491393835	0.5555148437908052	CausalPath			CausalPath	CausalPath, Ensemble	1.0	1.0	
ReplogleWeissman2022_K562_essential	NELFCD	0.975934141287634	0.9999881318155772	0.4591818287379033							0.975934141287634	0.9999748558123746	0.4591818287379033								
ReplogleWeissman2022_K562_gwps	NELFCD	0.1243276579006699	0.4683008447591899	0.5162761240082303							0.1243276579006699	0.6299268000300609	0.5162761240082303								
ReplogleWeissman2022_rpe1	NELFCD	1.12792937519723e-10	8.365476199379457e-10	0.6803703940850176							1.12792937519723e-10	9.798886447025935e-10	0.6803703940850176	CausalPath			CausalPath	CausalPath, Ensemble	1.0	1.0	
NadigOConner2024_hepg2	NELFE	0.0202581191408128	0.0607743574224385	0.580875106266128							0.0202581191408128	0.078294892895574	0.580875106266128	CausalPath			CausalPath	CausalPath, Ensemble	1.0	1.0	
NadigOConner2024_jurkat	NELFE	0.6730806760470096	0.8455708565235106	0.4884965344769734							0.6730806760470096	0.8677268563928148	0.4884965344769734								
ReplogleWeissman2022_K562_essential	NELFE	0.4032423370687507	0.7112748856869288	0.5083059043334817							0.4032423370687507	0.6794267564770663	0.5083059043334817								
ReplogleWeissman2022_K562_gwps	NELFE	0.0029246679173499	0.034788155227426	0.5675434617125705							0.0029246679173499	0.0608816644320268	0.5675434617125705	CausalPath			CausalPath	CausalPath, Ensemble	1.0	1.0	
ReplogleWeissman2022_rpe1	NELFE	7.21292120781311e-17	1.0699166458256112e-15	0.7641740377361717							7.21292120781311e-17	1.113995608762247e-15	0.7641740377361717	CausalPath			CausalPath	CausalPath, Ensemble	1.0	1.0	
ReplogleWeissman2022_K562_gwps	NEUROD1				0.0911766589647039	0.5717500951932137	0.520062881349486	0.0779540882257926	0.6943768486860512	0.5213480732625677	0.0193393423859277	0.2399657177682467	0.5311064183529505								
ReplogleWeissman2022_K562_gwps	NEUROD2				0.3055836807596946	0.8232369838816536	0.5165200773252061				0.3055836807596946	0.7991546195137081	0.5165200773252061								
ReplogleWeissman2022_K562_gwps	NEUROD6				0.9730607125416288	0.9986814806952088	0.396637913704141				0.9730607125416288	0.9999973175522412	0.396637913704141								
NadigOConner2024_hepg2	NF1	0.99263805727342	0.9983473175584424	0.3559144153294062							0.99263805727342	0.9999999990003032	0.3559144153294062								
ReplogleWeissman2022_rpe1	NF1	0.0004540648006018	0.0012628677266738	0.6209606422083422							0.0004540648006018	0.0016609212443067	0.6209606422083422	CausalPath			CausalPath	CausalPath, Ensemble	1.0	1.0	
ReplogleWeissman2022_K562_gwps	NFAT5				0.1609863179685104	0.6406723104832637	0.5323898576796788				0.1609863179685104	0.6675817821914125	0.5323898576796788								
ReplogleWeissman2022_K562_gwps	NFATC1				0.9242548748395316	0.9941054286614232	0.4752974013648312	0.3980750339949568	0.9108496540562572	0.504449269845253	0.7621248568074903	0.9999973175522412	0.4877174222474423								
ReplogleWeissman2022_K562_gwps	NFATC2	0.4900314626972124	0.8060095249236381	0.5004334962640354	0.1073961819240619	0.5796180866535	0.5215175551042113				0.2369112246709124	0.7378857881542935	0.5124244503077429								
ReplogleWeissman2022_K562_gwps	NFATC3				0.1352388590856729	0.627925739165579	0.5216745962608054				0.1962338137055911	0.7137208344532978	0.5168211324304268								
ReplogleWeissman2022_K562_gwps	NFATC4				0.3654719426862665	0.8487040402070734	0.5106488402920433				0.3654719426862665	0.843819083453071	0.5106488402920433								
ReplogleWeissman2022_K562_gwps	NFE2				0.0033932415666792	0.0753708321947107	0.5651870341828796	0.920597855793244	0.9999995011210674	0.4660693411363517	0.4642967939237725	0.8821639084551679	0.5021579292218574	CollecTRI, DoRothEA	0.0007305672402814	0.0042372899936323	CollecTRI	CollecTRI, Ensemble	0.0018884442712077	0.0181290650035944	CollecTRI
ReplogleWeissman2022_K562_gwps	NFE2L1				0.2146618562555454	0.7174266107083231	0.523601298258597	0.2806114795688406	0.8412247588103643	0.5174977930186552	0.2717570628907964	0.7627855882055198	0.5182952926471831								
ReplogleWeissman2022_K562_gwps	NFE2L2	0.065046920528555	0.3000123273357845	0.537098689339087	0.6194626554480444	0.9409120818571264	0.4925478848978714	0.2677425071404665	0.8412247588103643	0.5151865909269502	0.4201896244530359	0.8561805032139952	0.5049361783775419								
ReplogleWeissman2022_K562_gwps	NFIA				0.9845583161407646	0.9998782080621428	0.4118466796220599				0.9845583161407646	0.9999973175522412	0.4118466796220599								
ReplogleWeissman2022_K562_gwps	NFIB				0.4861240395970725	0.9037171005689472	0.5007998442638455				0.4861240395970725	0.906636245628896	0.5007998442638455								
ReplogleWeissman2022_K562_gwps	NFIC				0.2373398670155518	0.7228623317410735	0.5119786267493042	0.2431587163422673	0.8412247588103643	0.5116651608008358	0.1920757922744841	0.7137208344532978	0.5145822830125293								
ReplogleWeissman2022_K562_gwps	NFIL3				0.3748759998224068	0.8487040402070734	0.5073321607180128				0.1867899108821192	0.7098016613520532	0.5204537005460302								
ReplogleWeissman2022_K562_gwps	NFKB1	0.3295577602362127	0.7364066510260594	0.5071564007608027	0.7943806827648218	0.9807512218697872	0.4866695999632494	0.7955234703279632	0.9999995011210674	0.4866043594013208	0.9163536790004884	0.9999973175522412	0.4775972423640516								
ReplogleWeissman2022_K562_gwps	NFKB2	0.9236468361862732	0.9984915547777272	0.4740040773202307	0.5355055365636149	0.9037171005689472	0.4983799048554649	0.2095980878803962	0.8412247588103643	0.5146859014614945	0.1855512292468694	0.7098016613520532	0.5162601486047349								
PapalexiSatija2021_eccite_RNA	NFKBIA	0.0135758515309823	0.0226264192183039	0.5262213611590696							0.0135758515309823	0.0290911104235336	0.5262213611590696	CausalPath			CausalPath	CausalPath, Ensemble	1.0	1.0	
ReplogleWeissman2022_K562_gwps	NFKBIA	0.2260641955424085	0.6307470147232634	0.5135850991612014							0.2260641955424085	0.7378857881542935	0.5135850991612014								
SunshineHein2023	NFKBIA	0.9299300887469446	0.9680896040210912	0.4666265443313954							0.9299300887469446	0.9372340436985503	0.4666265443313954								
ReplogleWeissman2022_K562_gwps	NFKBIB				0.2291878016046781	0.7228623317410735	0.5137534267125428				0.2291878016046781	0.7378857881542935	0.5137534267125428								
ReplogleWeissman2022_K562_gwps	NFYA	0.3894353879403542	0.7858249792367863	0.5071988965930623	0.2638545847671585	0.7641502909490435	0.5161904601099292	0.2771582118031637	0.8412247588103643	0.5151597623707208	0.2847663694425323	0.7807509210429799	0.5145812546399602								
NadigOConner2024_hepg2	NFYB	0.0139839424934908	0.0449483865862205	0.5628720761261895	0.0563162626481618	0.2583922639150955	0.5453854747730433	0.3853345079229566	0.7253899937716413	0.5083399740620947	0.0601444186241695	0.1640048658327671	0.5444440538133408	CausalPath, CollecTRI	0.6252137924212304	0.6252137924212304		CausalPath, CollecTRI	0.6252137924212304	1.0	
NadigOConner2024_jurkat	NFYB	0.0360159803928143	0.1275565972245509	0.6108242902136032	0.5813682360536538	0.8803761215621544	0.4873485293332621	0.6006754544336228	0.8314245782274046	0.4842867056607514	0.3818643955289778	0.6428716261423865	0.5185196482906406								
ReplogleWeissman2022_K562_essential	NFYB	0.7364852183395589	0.945156030202434	0.4654464453449988	0.0516721707352039	0.1647050442184626	0.5889837900217385	0.2724553019197949	0.4904195434556309	0.5330741257615201	0.2968247049886537	0.6111966720416993	0.5291491103298355								
ReplogleWeissman2022_K562_gwps	NFYB	0.5510993122777956	0.8392270941569527	0.4960675286696427	0.6402743308654283	0.948712131448442	0.4890023468787717	0.0881541134300552	0.7026517770215218	0.5414019683062191	0.0989419155531191	0.5831057965736678	0.5394238740139456								
ReplogleWeissman2022_rpe1	NFYB	0.1830417913625089	0.2761138886654796	0.5294584124033552	0.931551501154136	1.0	0.4515215271947268	3.706646519330315e-06	2.8911842850776455e-05	0.6460609542527009	0.0005988217259183	0.0021342620487858	0.6055808000425897	DoRothEA, CausalPath	0.0011721309914317	0.0037117481395339	DoRothEA	DoRothEA, Ensemble	0.015610463380072	0.1030290583084756	
NadigOConner2024_hepg2	NFYC	0.0031755301462152	0.0119082380483071	0.5773477592662858	0.306419309225456	0.6755368496761728	0.5143425737489412				0.0254615482673057	0.0932905285973736	0.5553275154358248	CausalPath, CollecTRI	0.0756783752071655	0.151356750414331		CausalPath, Ensemble	0.0685465573951861	0.5369480329289579	
NadigOConner2024_jurkat	NFYC	0.2959741815048404	0.5134246005696212	0.5346321617313984	0.7032851296249732	0.8884222029756293	0.4655104437547186				0.4022823691421177	0.6465252361212606	0.5159885915611107								
ReplogleWeissman2022_K562_essential	NFYC	0.8159664762483729	0.9923877742199604	0.44324271132462	0.9891026611214178	0.9999748558123746	0.3553492033672383				0.9208504331543346	0.9999748558123746	0.4110374565005412								
ReplogleWeissman2022_K562_gwps	NFYC	0.4459611894009737	0.7886027772090635	0.5075501152831448	0.4513858549839997	0.8677503936330341	0.5067881793205119				0.269897900388635	0.7627855882055198	0.5340689614093086								
ReplogleWeissman2022_rpe1	NFYC	0.1085841875091059	0.1757089579692806	0.5332466455373032	0.3867400936311849	0.9185077223740642	0.5077543152545343				0.4833663248163258	0.7224507435426807	0.5011239451683954								
ReplogleWeissman2022_K562_gwps	NKX2-1				0.7264205198224007	0.9559333566863149	0.4833418274973611				0.7264205198224007	0.9880619151051894	0.4833418274973611								
ReplogleWeissman2022_K562_gwps	NKX2-5				0.5250086768373977	0.9037171005689472	0.4985487038592983				0.2888573109155457	0.7807509210429799	0.5128809083208332								
ReplogleWeissman2022_K562_gwps	NKX3-1				0.9608622971945324	0.9986814806952088	0.4519344540067585				0.9097987902063512	0.9999973175522412	0.4634340806616823								
NadigOConner2024_hepg2	NKX6-1				0.0328407270699692	0.182969765104114	0.618769043266301				0.0328407270699692	0.1092145109536185	0.618769043266301								
FrangiehIzar2021_RNA	NONO				0.705165800311177	0.9915694900809894	0.4936155653909322				0.705165800311177	0.999995150201828	0.4936155653909322								
ReplogleWeissman2022_K562_gwps	NONO				0.3491269001844348	0.8487040402070734	0.5078271713495129				0.3491269001844348	0.8298153566368749	0.5078271713495129								
ReplogleWeissman2022_K562_gwps	NOTO				0.1496998910003323	0.6307633796512496	0.5199120536817337				0.1496998910003323	0.6614421090513276	0.5199120536817337								
ReplogleWeissman2022_K562_gwps	NPAS2	0.3492911411887124	0.7590365183523944	0.5082687119929664							0.3492911411887124	0.8298153566368749	0.5082687119929664								
GasperiniShendure2019_lowMOI	NPM1	0.2742314400258431	0.5092869600479943	0.5324766150887315	0.6552391387507825	0.7883317689416166	0.4784509135413935				0.2967570605217422	0.6031998181873203	0.5288923856980505								
NadigOConner2024_hepg2	NPM1	0.6210207695769897	0.7644125203619232	0.4869630609254865	0.0868467900575184	0.3079113465675654	0.557565227914133				0.4771931020770774	0.7034908618249698	0.5024224115203928								
NadigOConner2024_jurkat	NPM1	0.9789069093003804	0.9999999809091804	0.4514903293529247	0.7195181033605421	0.8884222029756293	0.4861180700875357				0.7239634543307482	0.9049543179134352	0.485801798778898								
ReplogleWeissman2022_K562_essential	NPM1	0.8632891454217904	0.9999881318155772	0.4390764049790914	0.9870113101643984	0.9999748558123746	0.3761419695103707				0.943547886403808	0.9999748558123746	0.4118152531641166								
ReplogleWeissman2022_K562_gwps	NPM1	0.2772815138742594	0.6834057540939562	0.5179926586104968	0.3098673564004409	0.8232369838816536	0.5151089667701608				0.0776853384214936	0.5429044340260708	0.5432604406322827								
ReplogleWeissman2022_rpe1	NPM1	0.9999666024352925	0.99999994418258	0.3241265060854716	0.9993991236659404	1.0	0.3571610505360064				0.9997698488599293	0.9999999999778226	0.3454995221687223								
ReplogleWeissman2022_K562_gwps	NR0B1				0.3876234077158609	0.8525500707437125	0.5063852326172557				0.3876234077158609	0.8459701870336926	0.5063852326172557								
ReplogleWeissman2022_K562_gwps	NR1H2				0.2999974542101319	0.8214922305893972	0.5101983242484877	0.7479126467536288	0.9999995011210674	0.4870105152149056	0.4338827499208332	0.864570839143394	0.5032379487705061								
ReplogleWeissman2022_K562_gwps	NR1H3				0.4344858317795879	0.8677503936330341	0.5034775678269015	0.1489421127787989	0.788517067652465	0.5219443854338798	0.3810907680948833	0.843819083453071	0.5063793430389474								
ReplogleWeissman2022_K562_gwps	NR1H4	0.2591933288799949	0.6656555946236233	0.5146799533672437	0.4232021392385434	0.8618637173533806	0.5044118399918754				0.4232021392385434	0.8561805032139952	0.5044118399918754								
ReplogleWeissman2022_K562_gwps	NR1I2	0.4546378861730594	0.7886027772090635	0.5028521346924236	0.9113438620571712	0.9899555729331274	0.4662005815315612				0.9113438620571712	0.9999973175522412	0.4662005815315612								
ReplogleWeissman2022_K562_gwps	NR1I3				0.6243253682106082	0.9409120818571264	0.4906094795388255				0.6243253682106082	0.963425948913832	0.4906094795388255								
ReplogleWeissman2022_K562_gwps	NR2C1				0.6194575067808683	0.9409120818571264	0.4918441101100592				0.6194575067808683	0.960791235007061	0.4918441101100592								
ReplogleWeissman2022_K562_gwps	NR2C2				0.5823130465339216	0.9381424482860112	0.4957201961609357	0.0001300829085983	0.0050174836173652	0.5752120445018778	0.0005232164114535	0.0147376293566227	0.5675034381228037	DoRothEA, CollecTRI	0.0024659726766468	0.0102161725175369	DoRothEA	DoRothEA, Ensemble	0.3059061068022908	0.6719278836678902	
ReplogleWeissman2022_K562_gwps	NR2E1				0.5276282855672839	0.9037171005689472	0.4965686602993405				0.5276282855672839	0.9174275484590948	0.4965686602993405								
ReplogleWeissman2022_K562_gwps	NR2F1				0.2816797262231857	0.7901204899090619	0.515434157449838	0.3494456767803924	0.8900974785915655	0.5103316111022337	0.3034717126933496	0.79874805765176	0.513740334285801								
GasperiniShendure2019_lowMOI	NR2F2				0.1505161745122378	0.7337223026399716	0.5814943863724351	0.097672244180773	0.3906889767230923	0.6020131629887728	0.1077911075406236	0.4821925290972303	0.5975609756097562								
ReplogleWeissman2022_K562_gwps	NR2F2				0.3394741232164888	0.8487040402070734	0.5106114801387279	0.9380145350374708	0.9999995011210674	0.4605610638548222	0.8643980537892442	0.9999973175522412	0.4717909942956521								
TianKampmann2021_CRISPRa	NR2F2				0.4883887967914938	0.9999999958196356	0.5006801178871004	0.0254813353485065	0.101925341394026	0.5452771233970409	0.0937193623261724	0.5310763865149769	0.5305806629670882								
ReplogleWeissman2022_K562_gwps	NR2F6							0.593070719953144	0.9999995011210674	0.4960481989363581	0.593070719953144	0.9539338564325702	0.4960481989363581								
ReplogleWeissman2022_K562_gwps	NR3C1	0.851889653909808	0.9741417727909524	0.4759089013624503	0.9607702115122934	0.9986814806952088	0.4594159146463523	0.8638542578355342	0.9999995011210674	0.4746812832412328	0.9634684657681678	0.9999973175522412	0.4586607856636466								
ReplogleWeissman2022_K562_gwps	NR3C2				0.8536929946150731	0.9861500865045688	0.4700446108795376				0.8536929946150731	0.9999973175522412	0.4700446108795376								
ReplogleWeissman2022_K562_gwps	NR4A1	0.2659564475397863	0.6753500802695698	0.5146991643194446	0.1674822467305616	0.6456050426677296	0.522673254716374	0.4668806787515767	0.9680018095046352	0.5019545365991338	0.2587871850032192	0.7627855882055198	0.5152169658551868								
ReplogleWeissman2022_K562_gwps	NR4A2				0.4987231449606911	0.9037171005689472	0.5000628417890794				0.4987231449606911	0.9133243136629524	0.5000628417890794								
ReplogleWeissman2022_K562_gwps	NR4A3				0.4226000360213352	0.8618637173533806	0.5037715929868563				0.4226000360213352	0.8561805032139952	0.5037715929868563								
ReplogleWeissman2022_K562_gwps	NR5A1				0.3891711563331724	0.8525500707437125	0.504797357918798				0.3891711563331724	0.8459701870336926	0.504797357918798								
ReplogleWeissman2022_K562_gwps	NR5A2				0.0775096841687347	0.566710149823864	0.5251674701670824	0.841064893211914	0.9999995011210674	0.4823221626320982	0.2268574380346455	0.7378857881542935	0.5132602540732816								
NadigOConner2024_hepg2	NRF1	0.0006032468731393	0.0027146109291269	0.6711625702484936	0.296945231752409	0.6755368496761728	0.5281941905342271	0.0231003961255086	0.0840014404563949	0.6054032094251472	0.0260952527545101	0.0932905285973736	0.6026542081386689	CausalPath, DoRothEA	0.2189335656141094	0.2814860129324265		CausalPath, DoRothEA	0.2189335656141094	0.7886104049334894	
NadigOConner2024_jurkat	NRF1	3.2440404584289057e-13	6.893585974161424e-12	0.7314056219908637	6.406830724676585e-13	1.5589954763379688e-11	0.7283960973528404	1.156420712871046e-10	2.2550203900985398e-09	0.7040216404084089	4.927914453069419e-14	1.3305369023287432e-12	0.7395487370042076	CausalPath, CollecTRI	0.9142863432733384	0.9142863432733384		Ensemble, CausalPath	0.7759931536317946	1.0	
ReplogleWeissman2022_K562_essential	NRF1	6.081030781345229e-07	1.0117622181269098e-05	0.6692069144837688	0.0014416575430522	0.0073524534695663	0.60389967518589	1.3173179506859884e-08	1.7783792334260846e-07	0.6940022380318389	3.34752909108239e-08	4.16581398001364e-07	0.688250605112623	DoRothEA, CausalPath	0.4869509858777368	0.6479305389241664		DoRothEA, Ensemble	0.7656930182146364	1.0	
ReplogleWeissman2022_K562_gwps	NRF1	0.029976577573296	0.1831001765287811	0.5520519707587636	0.071412212279564	0.5398279097743318	0.5405470405574303	0.0001063073078094	0.0047838288514262	0.6024785335363736	0.0001151428585712	0.0041180504712548	0.6019169965455701	DoRothEA, CausalPath	0.1102282458868464	0.1775899517065859		DoRothEA, Ensemble	0.9735841581459684	1.0	
ReplogleWeissman2022_rpe1	NRF1	4.095357927157935e-06	1.735651692938363e-05	0.6772746735351445	1.0324771728564155e-07	1.3078044189514595e-06	0.7064188636262191	2.099659682475141e-12	2.7295575872176828e-11	0.7754546701956888	2.072444114410416e-13	2.400581099192065e-12	0.7881908912213647	DoRothEA, CollecTRI	0.0888982941021994	0.1322865435137163		Ensemble, DoRothEA	0.483154155944873	1.0	
SunshineHein2023	NRIP1										0.2761816291788637	0.4886290362395281	0.5164210464015151								
ReplogleWeissman2022_K562_gwps	NRL				0.3879703567747458	0.8525500707437125	0.5045783629442282				0.3879703567747458	0.8459701870336926	0.5045783629442282								
ReplogleWeissman2022_K562_gwps	ONECUT1				0.4390600071383743	0.8677503936330341	0.5045931120252422	0.1303000641248236	0.7720589050930561	0.533696487849095	0.2674897083554383	0.7627855882055198	0.5185836397449559								
ReplogleWeissman2022_K562_gwps	OTX2				0.6271237929778808	0.9409120818571264	0.4908622356668995	0.3446199002551999	0.8861654577990856	0.5112734896277079	0.4682143513957738	0.8840817566727655	0.5022486222928493								
ReplogleWeissman2022_K562_gwps	OVOL1				0.5194342116076187	0.9037171005689472	0.4990325178684542				0.5194342116076187	0.9174275484590948	0.4990325178684542								
GasperiniShendure2019_lowMOI	PARK7				0.3155311577207461	0.7337223026399716	0.5345129921887454				0.3155311577207461	0.6031998181873203	0.5345129921887454								
ReplogleWeissman2022_K562_gwps	PARK7				0.0548186058727671	0.4562598465617139	0.6632915633585741				0.0548186058727671	0.433388647421889	0.6632915633585741								
ReplogleWeissman2022_K562_gwps	PARP1	0.3988982971160653	0.7866076685626742	0.5046124628389557							0.3988982971160653	0.8459701870336926	0.5046124628389557								
TianKampmann2021_CRISPRi	PARP1	0.0387182525666422	0.1382461872562276	0.5433967755078284							0.0387182525666422	0.2323095153998532	0.5433967755078284								
ReplogleWeissman2022_K562_gwps	PAX2				0.041670902937771	0.4001193851646936	0.5377979279992069				0.041670902937771	0.3838774088812852	0.5377979279992069								
ReplogleWeissman2022_K562_gwps	PAX3				0.3811094805921343	0.8525500707437125	0.5047971378199885				0.3811094805921343	0.843819083453071	0.5047971378199885								
ReplogleWeissman2022_K562_gwps	PAX5				0.7512557468839285	0.9573144660292344	0.486776239240221	0.7279902628392139	0.9999995011210674	0.4881737769032549	0.8218358528476877	0.9999973175522412	0.4820215896145668								
ReplogleWeissman2022_K562_gwps	PAX6				0.106043509236842	0.5796180866535	0.5214916001431462	0.0666418489819843	0.6441188889482136	0.5258564175533696	0.0448636431176232	0.4008203933501751	0.5292245346442709								
ReplogleWeissman2022_K562_gwps	PAX8				0.6912665912208644	0.9535266025170543	0.4866603550648314				0.6912665912208644	0.9779210315771036	0.4866603550648314								
ReplogleWeissman2022_K562_gwps	PBX1				0.7468166552602902	0.9559333566863149	0.4885552930575536				0.7468166552602902	0.9921533085126588	0.4885552930575536								
ReplogleWeissman2022_K562_gwps	PBX2							0.0115516679879063	0.2079300237823136	0.6124935452972317	0.0107841209275394	0.1681216801011276	0.6137892160147581								
ReplogleWeissman2022_K562_gwps	PBX3							0.989249190237856	0.9999995011210674	0.4493362049216988	0.989249190237856	0.9999973175522412	0.4493362049216988								
ReplogleWeissman2022_K562_gwps	PDX1				0.4347547487508142	0.8677503936330341	0.5027855016576502	0.4249203871418819	0.9252298752282914	0.5032100636647274	0.3536837337713482	0.8367303896224891	0.5063650220041345								
ReplogleWeissman2022_K562_gwps	PGR				0.850950515453123	0.9861500865045688	0.474857461776982	0.7129978658594118	0.9999995011210674	0.4864161905239436	0.9051632176377398	0.9999973175522412	0.4683085058076681								
ReplogleWeissman2022_K562_gwps	PITX1	0.0878109587398609	0.3744391825511051	0.5268135548646574	0.3939293494650571	0.8525500707437125	0.5053427089246814				0.3939293494650571	0.8459701870336926	0.5053427089246814								
ReplogleWeissman2022_K562_gwps	PITX2				0.6781147360925873	0.9535266025170543	0.4932052923218915				0.6781147360925873	0.9779210315771036	0.4932052923218915								
ReplogleWeissman2022_K562_gwps	PKNOX1				0.2171582790260619	0.7174266107083231	0.5142124831049717	0.1676840524053472	0.823176257262614	0.5175135921710365	0.1337980225860901	0.63631269922171	0.5201543416944796								
ReplogleWeissman2022_K562_gwps	PLAGL1				0.8475814392800936	0.9861500865045688	0.4836043128388278				0.8475814392800936	0.9999973175522412	0.4836043128388278								
ReplogleWeissman2022_K562_gwps	PML	0.9251697470236896	0.9984915547777272	0.4672041947837407	0.8233606669500813	0.9861500865045688	0.4788636741067917				0.8233606669500813	0.9999973175522412	0.4788636741067917								
ReplogleWeissman2022_K562_gwps	POLE3	0.5926106880321591	0.8598056075062562	0.4940417138728158							0.5926106880321591	0.9539338564325702	0.4940417138728158								
NadigOConner2024_hepg2	POLR2A	1.7941870702284302e-06	1.3456403026713227e-05	0.7856997765590088							1.7941870702284302e-06	2.332443191296959e-05	0.7856997765590088	CausalPath			CausalPath	CausalPath, Ensemble	1.0	1.0	
NadigOConner2024_jurkat	POLR2A	0.2302009041783636	0.4348239301146869	0.5533145289824679							0.2302009041783636	0.4638376427474491	0.5533145289824679								
ReplogleWeissman2022_K562_essential	POLR2A	0.0257347749425448	0.1042935616092607	0.5292780121432921							0.0257347749425448	0.0993894756401732	0.5292780121432921								
ReplogleWeissman2022_K562_gwps	POLR2A	0.3811588269520361	0.776053107127569	0.5058552287392171							0.3811588269520361	0.843819083453071	0.5058552287392171								
ReplogleWeissman2022_rpe1	POLR2A	0.126693815081303	0.2013526703970709	0.604267063874529							0.126693815081303	0.2445894485597378	0.604267063874529								
NadigOConner2024_hepg2	POLR2B	7.299175359925802e-08	6.059863723615837e-07	0.6418989185594912							7.299175359925802e-08	1.0437820764693895e-06	0.6418989185594912	CausalPath			CausalPath	CausalPath, Ensemble	1.0	1.0	
NadigOConner2024_jurkat	POLR2B	0.393870021671973	0.6106442913713599	0.512799352494009							0.393870021671973	0.6428716261423865	0.512799352494009								
ReplogleWeissman2022_K562_essential	POLR2B	0.6354864064660015	0.8584640929453002	0.4938703353131307							0.6354864064660015	0.8473152086213354	0.4938703353131307								
ReplogleWeissman2022_K562_gwps	POLR2B	0.7153628700376851	0.8981778257139823	0.4872344299129103							0.7153628700376851	0.9870652520763848	0.4872344299129103								
ReplogleWeissman2022_rpe1	POLR2B	0.0009194508722118	0.0022432882949235	0.6876102385151943							0.0009194508722118	0.0028807070413962	0.6876102385151943	CausalPath			CausalPath	CausalPath, Ensemble	1.0	1.0	
SunshineHein2023	POLR2B	0.6410513037993605	0.9369211363221422	0.4536783854166666							0.6410513037993605	0.8671294986756946	0.4536783854166666								
NadigOConner2024_hepg2	POLR2C	7.32116104793162e-09	8.236306178923073e-08	0.7159147422023296							7.32116104793162e-09	1.3086575373177776e-07	0.7159147422023296	CausalPath			CausalPath	CausalPath, Ensemble	1.0	1.0	
NadigOConner2024_jurkat	POLR2C	0.2271813249539377	0.4348239301146869	0.5683331935240332							0.2271813249539377	0.4638376427474491	0.5683331935240332								
ReplogleWeissman2022_K562_essential	POLR2C	0.5680310288803534	0.8190456366864579	0.4959459947024843							0.5680310288803534	0.8053098130961972	0.4959459947024843								
ReplogleWeissman2022_K562_gwps	POLR2C	0.1699463540776245	0.5486839431649021	0.531412941410931							0.1699463540776245	0.6888492218613048	0.531412941410931								
ReplogleWeissman2022_rpe1	POLR2C	0.0001131825658166	0.0003730832725067	0.7509954535276536							0.0001131825658166	0.0005244125549504	0.7509954535276536	CausalPath			CausalPath	CausalPath, Ensemble	1.0	1.0	
NadigOConner2024_hepg2	POLR2D	0.0007224327293871	0.0030961402688018	0.602344396387291							0.0007224327293871	0.0041323152120942	0.602344396387291	CausalPath			CausalPath	CausalPath, Ensemble	1.0	1.0	
NadigOConner2024_jurkat	POLR2D	0.172586490116854	0.3667462914983149	0.5279260338897743							0.172586490116854	0.4017099338926775	0.5279260338897743								
ReplogleWeissman2022_K562_essential	POLR2D	0.268320145163555	0.6359749155028492	0.5115039963099236							0.268320145163555	0.6111966720416993	0.5115039963099236								
ReplogleWeissman2022_K562_gwps	POLR2D	0.5010319912950317	0.8088087859476941	0.4999589458820338							0.5010319912950317	0.9140179645874236	0.4999589458820338								
ReplogleWeissman2022_rpe1	POLR2D	0.4833638026445429	0.5853600833535333	0.501404278193904							0.4833638026445429	0.7224507435426807	0.501404278193904								
NadigOConner2024_hepg2	POLR2E	5.70074996942193e-12	1.0261349944959473e-10	0.673355941033907							5.70074996942193e-12	1.6304144912546718e-10	0.673355941033907	CausalPath			CausalPath	CausalPath, Ensemble	1.0	1.0	
NadigOConner2024_jurkat	POLR2E	0.6390260692832244	0.8455708565235106	0.475068712158968							0.6390260692832244	0.8541437559726267	0.475068712158968								
ReplogleWeissman2022_K562_essential	POLR2E	0.1021381177054194	0.2912827801228628	0.5251307039878244							0.1021381177054194	0.3010386627107098	0.5251307039878244								
ReplogleWeissman2022_K562_gwps	POLR2E	0.2929454260852979	0.6858545805559533	0.507545261710342							0.2929454260852979	0.7807509210429799	0.507545261710342								
ReplogleWeissman2022_rpe1	POLR2E	1.0725084184616748e-06	4.772662462154453e-06	0.6515548166083606							1.0725084184616748e-06	5.963146806646912e-06	0.6515548166083606	CausalPath			CausalPath	CausalPath, Ensemble	1.0	1.0	
NadigOConner2024_hepg2	POLR2F	3.9799648269566577e-10	5.969947240434987e-09	0.7012138836821223							3.9799648269566577e-10	9.485582837580034e-09	0.7012138836821223	CausalPath			CausalPath	CausalPath, Ensemble	1.0	1.0	
NadigOConner2024_jurkat	POLR2F	0.0641770833570308	0.1948232887624149	0.5686767152043637							0.0641770833570308	0.222151442389722	0.5686767152043637								
ReplogleWeissman2022_K562_essential	POLR2F	0.0546162456527342	0.1911568597845698	0.5266410828237775							0.0546162456527342	0.1853642276698858	0.5266410828237775								
ReplogleWeissman2022_K562_gwps	POLR2F	0.0474655728967312	0.2465309387747354	0.5363805032500167							0.0474655728967312	0.4008203933501751	0.5363805032500167								
ReplogleWeissman2022_rpe1	POLR2F	0.0009326029990131	0.0022432882949235	0.6026779669117355							0.0009326029990131	0.0028807070413962	0.6026779669117355	CausalPath			CausalPath	CausalPath, Ensemble	1.0	1.0	
NadigOConner2024_hepg2	POLR2G	2.0318541298258177e-06	1.4066682437255664e-05	0.7358095927280114							2.0318541298258177e-06	2.421292838042433e-05	0.7358095927280114	CausalPath			CausalPath	CausalPath, Ensemble	1.0	1.0	
NadigOConner2024_jurkat	POLR2G	0.9549434620144412	0.9999999809091804	0.3269650197131113							0.9549434620144412	0.9999681819073516	0.3269650197131113								
ReplogleWeissman2022_K562_essential	POLR2G	0.83772993927659	0.9923877742199604	0.4727434973442864							0.83772993927659	0.9981463106274264	0.4727434973442864								
ReplogleWeissman2022_K562_gwps	POLR2G	0.1242464232452031	0.4683008447591899	0.5533585224666107							0.1242464232452031	0.6299268000300609	0.5533585224666107								
ReplogleWeissman2022_rpe1	POLR2G	0.2438069108766265	0.3557182798036026	0.5708402698676946							0.2438069108766265	0.4459100080506721	0.5708402698676946								
NadigOConner2024_hepg2	POLR2H	5.838829550409857e-06	3.503297730245915e-05	0.7209141998904339							5.838829550409857e-06	5.2184539106788095e-05	0.7209141998904339	CausalPath			CausalPath	CausalPath, Ensemble	1.0	1.0	
NadigOConner2024_jurkat	POLR2H	0.1083641493527404	0.270910373381851	0.5989623999019185							0.1083641493527404	0.2985542890330603	0.5989623999019185								
ReplogleWeissman2022_K562_essential	POLR2H	0.3029669399837872	0.6359749155028492	0.5174912952063802							0.3029669399837872	0.6111966720416993	0.5174912952063802								
ReplogleWeissman2022_K562_gwps	POLR2H	0.202891527427845	0.5878651948550383	0.5366082323368486							0.202891527427845	0.7137208344532978	0.5366082323368486								
ReplogleWeissman2022_rpe1	POLR2H	0.0049284805246198	0.0104436849212182	0.6924033996319986							0.0049284805246198	0.0129256376023048	0.6924033996319986	CausalPath			CausalPath	CausalPath, Ensemble	1.0	1.0	
NadigOConner2024_hepg2	POLR2I	7.313876989756482e-15	1.6456223226952086e-13	0.6949870104878284							7.313876989756482e-15	2.6147110238379425e-13	0.6949870104878284	CausalPath			CausalPath	CausalPath, Ensemble	1.0	1.0	
NadigOConner2024_jurkat	POLR2I	0.0076707198375502	0.0407506991369857	0.5655748168194235							0.0076707198375502	0.0414218871227714	0.5655748168194235	CausalPath			CausalPath	CausalPath, Ensemble	1.0	1.0	
ReplogleWeissman2022_K562_essential	POLR2I	7.324902689768483e-05	0.0006148226077274	0.57656176545406							7.324902689768483e-05	0.0005469260675027	0.57656176545406	CausalPath			CausalPath	CausalPath, Ensemble	1.0	1.0	
ReplogleWeissman2022_K562_gwps	POLR2I	0.0015586606057638	0.023483819793508	0.5833322803087595							0.0015586606057638	0.0350987277149776	0.5833322803087595	CausalPath			CausalPath	CausalPath, Ensemble	1.0	1.0	
ReplogleWeissman2022_rpe1	POLR2I	7.500159094976486e-14	6.675141594529074e-13	0.6799766883082425							7.500159094976486e-14	9.477473765470289e-13	0.6799766883082425	CausalPath			CausalPath	CausalPath, Ensemble	1.0	1.0	
GasperiniShendure2019_lowMOI	POLR2K	0.821224953086573	0.8896603658437873	0.4149051490514905							0.821224953086573	0.94838007455592	0.4149051490514905								
NadigOConner2024_hepg2	POLR2K	2.262921982395521e-09	2.9094711202228124e-08	0.6789815912302201							2.262921982395521e-09	4.6228263354651355e-08	0.6789815912302201	CausalPath			CausalPath	CausalPath, Ensemble	1.0	1.0	
NadigOConner2024_jurkat	POLR2K	0.302668165670003	0.5145358816390051	0.529868299639292							0.302668165670003	0.5754958079640903	0.529868299639292								
ReplogleWeissman2022_K562_essential	POLR2K	0.1705545964438419	0.4528518595233045	0.57627277850836							0.1705545964438419	0.4659052390661049	0.57627277850836								
ReplogleWeissman2022_K562_gwps	POLR2K	0.1308171394013115	0.4692805318205778	0.5763884235371203							0.1308171394013115	0.63631269922171	0.5763884235371203								
ReplogleWeissman2022_rpe1	POLR2K	9.723212859771336e-07	4.554557602734995e-06	0.8073271707701744							9.723212859771336e-07	5.631360781284232e-06	0.8073271707701744	CausalPath			CausalPath	CausalPath, Ensemble	1.0	1.0	
NadigOConner2024_hepg2	POLR2L	0.741789931406974	0.8559114593157392	0.4616934118762272							0.741789931406974	0.8796645718886879	0.4616934118762272								
NadigOConner2024_jurkat	POLR2L	0.1527040578254381	0.3415748661884801	0.5500868814936427							0.1527040578254381	0.3681258536863241	0.5500868814936427								
ReplogleWeissman2022_K562_essential	POLR2L	0.2577329165256394	0.6359749155028492	0.5243072515498779							0.2577329165256394	0.6013768052264921	0.5243072515498779								
ReplogleWeissman2022_K562_gwps	POLR2L	0.1178640440639851	0.4592633441113902	0.5390278755620845							0.1178640440639851	0.6299268000300609	0.5390278755620845								
ReplogleWeissman2022_rpe1	POLR2L	0.4416315029615046	0.570194355333847	0.5109495020298491							0.4416315029615046	0.7130683475034469	0.5109495020298491								
ReplogleWeissman2022_K562_gwps	POU1F1				0.0923004637980076	0.5717500951932137	0.5318368544736544				0.0923004637980076	0.5831057965736678	0.5318368544736544								
ReplogleWeissman2022_K562_gwps	POU2F1				0.8081677524619457	0.9861500865045688	0.4837406464294489	0.934743136241786	0.9999995011210674	0.471778630302218	0.9369047064528736	0.9999973175522412	0.4714572583707476								
PapalexiSatija2021_eccite_RNA	POU2F2				0.8445626026374446	0.9481264908610472	0.4871474588675633	0.9756548522212378	0.9756548522212378	0.4749982906329216	0.9750902173058548	0.9919595425299416	0.4751223780208315								
ReplogleWeissman2022_K562_gwps	POU2F2				0.4479211574284767	0.8677503936330341	0.5024086667836867	0.8977769108058793	0.9999995011210674	0.4766526468801657	0.9164121808145108	0.9999973175522412	0.4745855716565007								
NormanWeissman2019_filtered	POU3F2				0.2163581794577908	0.3605969657629846	0.5121842633591723				0.2256920509141751	0.3723918840083889	0.5116959615891561								
ReplogleWeissman2022_K562_gwps	POU3F2				0.9720925247749388	0.9986814806952088	0.4452982828191251				0.9720925247749388	0.9999973175522412	0.4452982828191251								
ReplogleWeissman2022_K562_gwps	POU4F1				0.1717243611993094	0.654607393973436	0.5174302309208865				0.1717243611993094	0.6897168958127307	0.5174302309208865								
TianKampmann2021_CRISPRa	POU4F1	0.356177755298211	0.7123555105964221	0.5107615576443507	0.0001104416197706	0.0016566242965594	0.6077306733167082				0.0001104416197706	0.0018775075361007	0.6077306733167082	CollecTRI, CausalPath	0.0074600231632024	0.0223800694896074	CollecTRI	CollecTRI, Ensemble	1.0	1.0	
TianKampmann2021_CRISPRi	POU4F1	0.4420773879149241	0.530492865497909	0.503952114189241	0.4611590270225559	0.7378544432360895	0.5026475328063847				0.4611590270225559	0.6148787026967413	0.5026475328063847								
ReplogleWeissman2022_K562_gwps	POU4F2				0.8489902729901635	0.9861500865045688	0.4776413303647864	0.927121571440806	0.9999995011210674	0.4685171897387864	0.9629209787014872	0.9999973175522412	0.4613176854670454								
ReplogleWeissman2022_K562_gwps	POU5F1				0.801647159760315	0.98494389325923	0.4882083687795967	0.0215827935938407	0.3433190713643176	0.5281338120751962	0.2310075112937622	0.7378857881542935	0.5102335793331093								
ReplogleWeissman2022_K562_gwps	PPARA	0.7523597795442036	0.9141575815967206	0.4882758111189856	0.024215568516564	0.2769267579073736	0.5339307147716346	0.6769906618406882	0.9999995011210674	0.492103469186583	0.0343050234392406	0.3476242375176387	0.5313073541944052								
ReplogleWeissman2022_K562_gwps	PPARD	0.6180422713906691	0.8622071193474767	0.4908553537790286	0.191553489918031	0.688974649221305	0.5265560246301384				0.2840009461844058	0.7807509210429799	0.5173855420789684								
ReplogleWeissman2022_K562_gwps	PPARG	0.7339321194139183	0.9046582954203908	0.4835912505129638	0.9336400035198916	0.9974272934533978	0.4605121718485471	0.7281140906820919	0.9999995011210674	0.4840542885988294	0.9062003138725152	0.9999973175522412	0.4653907690331027								
TianKampmann2021_CRISPRa	PPARGC1A	0.001450964337615	0.0074052932151559	0.584032875557585	0.0377095641004032	0.2828217307530245	0.5501738611218432				0.0015990140714588	0.0135916196074001	0.5831899125425871	CausalPath, CollecTRI	0.300641066423164	0.3061049468826595		CausalPath, Ensemble	0.965498711212608	1.0	
NadigOConner2024_hepg2	PPARGC1B										0.5071803986358379	0.7145747553307669	0.4991971600746738								
NadigOConner2024_jurkat	PPARGC1B										0.4113638976571001	0.6533426609848061	0.5056821274407662								
ReplogleWeissman2022_K562_essential	PPARGC1B										9.403598346546339e-12	2.6330075370329747e-10	0.6637605078148773					Ensemble			Ensemble
ReplogleWeissman2022_K562_gwps	PPARGC1B										7.731143458900332e-15	1.5668450743371342e-12	0.6212790339616381					Ensemble			Ensemble
ReplogleWeissman2022_rpe1	PPARGC1B										0.0124378909910023	0.0314177259991083	0.574534694969264					Ensemble			Ensemble
NormanWeissman2019_filtered	PRDM1				0.1041226845962867	0.1952300336180376	0.5214504877095347	0.014896125741705	0.0223441886125575	0.5370376474289138	0.3022994209951907	0.4750419472781568	0.5088263629151083	DoRothEA, CollecTRI	0.5338952480139222	0.6050812810824452		DoRothEA, CollecTRI	0.5338952480139222	0.8389782468790206	
ReplogleWeissman2022_K562_gwps	PRDM1				0.7037393083781822	0.9535266025170543	0.4894237772590888	0.5877808600282628	0.9999995011210674	0.495616062767064	0.7024397357999541	0.9795489893724132	0.489497989993493								
ReplogleWeissman2022_K562_gwps	PRDM14							0.7724260399852548	0.9999995011210674	0.4847722121150596	0.7724260399852548	0.9999973175522412	0.4847722121150596								
NadigOConner2024_hepg2	PREB				0.5146937048885943	0.8363772704439657	0.4982707377829094				0.5146937048885943	0.7145747553307669	0.4982707377829094								
NadigOConner2024_jurkat	PREB				0.0759437344956789	0.2410388094862854	0.5540282002716715				0.0759437344956789	0.2252992220026041	0.5540282002716715								
ReplogleWeissman2022_rpe1	PREB				0.1044678454492183	0.3451980980061129	0.5789538245859984				0.1044678454492183	0.2074432931063051	0.5789538245859984								
ReplogleWeissman2022_K562_gwps	PROX1				0.0873764747292488	0.5717500951932137	0.5213885880258522	0.253446276005627	0.8412247588103643	0.5104599456239358	0.0893532051878849	0.5831057965736678	0.5211942173583048								
ReplogleWeissman2022_K562_gwps	PURA				0.7256963412639235	0.9559333566863149	0.4902840852636008				0.8142326520492169	0.9999973175522412	0.4855260556961472								
NadigOConner2024_hepg2	RAD51	0.4341442970991017	0.6105154177956118	0.507094030681186							0.4341442970991017	0.6748112444040386	0.507094030681186								
NadigOConner2024_jurkat	RAD51	0.8891635192653717	0.9999999809091804	0.4402986326650448							0.8891635192653717	0.9999681819073516	0.4402986326650448								
ReplogleWeissman2022_K562_essential	RAD51	0.1009045484593796	0.2912827801228628	0.5241948205026987							0.1009045484593796	0.3010386627107098	0.5241948205026987								
ReplogleWeissman2022_K562_gwps	RAD51	0.0747413018768627	0.3312065534151172	0.5269271521284855							0.0747413018768627	0.5409846612039587	0.5269271521284855								
ReplogleWeissman2022_rpe1	RAD51	0.1618807300896933	0.2484031892755639	0.5601526966855978							0.1618807300896933	0.3040732632765861	0.5601526966855978								
NadigOConner2024_hepg2	RAD51D	0.677830423783299	0.8026939229012752	0.4780264725420118							0.677830423783299	0.8428673965305371	0.4780264725420118								
NadigOConner2024_jurkat	RAD51D	0.3784000112738535	0.6068679426090103	0.5083772516895648							0.3784000112738535	0.6428716261423865	0.5083772516895648								
ReplogleWeissman2022_K562_essential	RAD51D	0.2797588214059572	0.6359749155028492	0.5142316892147549							0.2797588214059572	0.6111966720416993	0.5142316892147549								
ReplogleWeissman2022_K562_gwps	RAD51D	0.8985577942795859	0.9954610858195412	0.4806341429281731							0.8985577942795859	0.9999973175522412	0.4806341429281731								
ReplogleWeissman2022_rpe1	RAD51D	0.4246124049826292	0.570194355333847	0.5049718656303359							0.4246124049826292	0.7026324320545888	0.5049718656303359								
ReplogleWeissman2022_K562_gwps	RARA	0.3575704774107736	0.7696278847127128	0.5073127632101196	0.6444826788985103	0.951785678108396	0.4925743818267104	0.7649638726394741	0.9999995011210674	0.4855209949535822	0.6627515807079821	0.9743285581947684	0.491581850937376								
ReplogleWeissman2022_K562_gwps	RARB				0.2486227109068456	0.7392381937630209	0.5180541468805405				0.2085805474831635	0.7187302832470975	0.5215787937400691								
ReplogleWeissman2022_K562_gwps	RARG				0.5389882258998653	0.9037171005689472	0.4984103043361813	0.3199497060328615	0.8553110953353725	0.5076012489771361	0.3910769038316373	0.8459701870336926	0.5044928424376574								
FrangiehIzar2021_RNA	RB1	0.1065195462031763	0.2130390924063526	0.5130014202240594	0.1051432914823098	0.3574871910398534	0.5130799941058122				0.2653222098677547	0.6077254116834405	0.5065466194137807								
ReplogleWeissman2022_K562_gwps	RB1	0.2939836887200133	0.6858545805559533	0.507537924857997	0.2161719662843701	0.7174266107083231	0.5109244235884314				0.2709609531709367	0.7627855882055198	0.5084857619382267								
GasperiniShendure2019_lowMOI	RBBP4	0.0450153101953403	0.195066344179808	0.7018970189701896							0.0450153101953403	0.3901326883596161	0.7018970189701896								
NadigOConner2024_hepg2	RBBP4	0.1749166611669254	0.3279687396879851	0.5433939071964666							0.1749166611669254	0.3522969372798638	0.5433939071964666								
NadigOConner2024_jurkat	RBBP4	0.0728500564248493	0.2019633952994577	0.569156859233195							0.0728500564248493	0.2252992220026041	0.569156859233195								
ReplogleWeissman2022_K562_essential	RBBP4	0.5117342668945577	0.8155985603347663	0.4990965641998788							0.5117342668945577	0.7670459540379017	0.4990965641998788								
ReplogleWeissman2022_K562_gwps	RBBP4	0.2222698466587638	0.6307470147232634	0.5186042963809969							0.2222698466587638	0.7378857881542935	0.5186042963809969								
ReplogleWeissman2022_rpe1	RBBP4	0.4193327305727232	0.570194355333847	0.5080171733987557							0.4193327305727232	0.7022560186699823	0.5080171733987557								
ReplogleWeissman2022_K562_gwps	RBL1	0.0055211033691289	0.0567167891555975	0.5462011977691014							0.0055211033691289	0.0987303190714826	0.5462011977691014	CausalPath			CausalPath	CausalPath, Ensemble	1.0	1.0	
ReplogleWeissman2022_K562_gwps	RBL2	0.0813390026522185	0.3535118192192573	0.517125101206504							0.0813390026522185	0.5619785637789642	0.517125101206504								
GasperiniShendure2019_lowMOI	RBMX	0.9689894000510132	0.9689894000510132	0.2323848238482384							0.9689894000510132	0.9811139812891572	0.2323848238482384								
NadigOConner2024_hepg2	RBMX	0.3121576484122235	0.476172684018646	0.5392740511570494							0.3121576484122235	0.519052833987767	0.5392740511570494								
ReplogleWeissman2022_K562_essential	RBMX	0.948838628829834	0.9999881318155772	0.4602969827467291							0.948838628829834	0.9999748558123746	0.4602969827467291								
ReplogleWeissman2022_K562_gwps	RBMX	0.1483372305679877	0.5003614046024661	0.5321319135197041							0.1483372305679877	0.6614421090513276	0.5321319135197041								
ReplogleWeissman2022_rpe1	RBMX	0.6729156640265039	0.7678140269020365	0.4750852666387583							0.6729156640265039	0.9081094883464472	0.4750852666387583								
ReplogleWeissman2022_K562_gwps	RBPJ				0.6823227264388932	0.9535266025170543	0.4875963278161228	0.6459654470385878	0.9999995011210674	0.4902055689149657	0.5881938796902937	0.9539338564325702	0.4941696336274844								
ReplogleWeissman2022_K562_gwps	REL				0.2341764389639068	0.7228623317410735	0.5161689530063851				0.2341764389639068	0.7378857881542935	0.5161689530063851								
ReplogleWeissman2022_K562_gwps	RELA	0.4366553837334356	0.7886027772090635	0.5033976587059952	0.6234518298020955	0.9409120818571264	0.4932974777772274	0.102360877434882	0.7273009712478464	0.5270228477197441	0.4966091299921532	0.912200456299786	0.5001811472806785								
SunshineHein2023	RELA	0.0201902157448111	0.0705273465286965	0.5499685551303855	0.0071032366000279	0.0165742187333986	0.5597718253968254	0.0332467521219976	0.0797922050927942	0.5447336486678005	0.0081116518018903	0.0310946652405797	0.5585981788548753	CollecTRI, CausalPath	0.4987621510940514	0.6412656228352089		CollecTRI, Ensemble	0.7672414282027356	0.9843157890925868	
ReplogleWeissman2022_K562_gwps	RELB				0.3661452273390966	0.8487040402070734	0.5046847343582216	0.6844895420683852	0.9999995011210674	0.4934225369574254	0.6326909837578081	0.9640112170735534	0.495357630767095								
SunshineHein2023	RELB				0.0040634628420072	0.0113776959576203	0.5461536631367663	0.0845960273161851	0.130406136514606	0.5239739064230344	0.0052684768763044	0.0242349936310005	0.544600680024917	CollecTRI, DoRothEA	0.1749588275835101	0.3936573620628977		CollecTRI, Ensemble	0.885884210183328	0.9843157890925868	
ReplogleWeissman2022_K562_gwps	REST				0.0032178498724071	0.0753708321947107	0.536434035868846	0.9999995011210674	0.9999995011210674	0.4345846132392193	0.9755337754325152	0.9999973175522412	0.4736687419013909	CollecTRI, DoRothEA	7.566946963178052e-08	1.9189334113973454e-06	CollecTRI	CollecTRI, Ensemble	2.667533116815674e-07	1.2804158960715237e-05	CollecTRI
ReplogleWeissman2022_K562_gwps	RFX1				0.4865638690115524	0.9037171005689472	0.5007237150706962	0.9891492305853462	0.9999995011210674	0.4506842306158723	0.9642956432506928	0.9999973175522412	0.4612686190584966								
ReplogleWeissman2022_K562_gwps	RFX2							0.7115608835918887	0.9999995011210674	0.4867939089563562	0.7206866920451858	0.9870652520763848	0.4861549691098871								
ReplogleWeissman2022_K562_gwps	RFX5							0.0104079546334511	0.2079300237823136	0.5524787737546566	0.0136130187970367	0.19248175415345	0.5501391091553928								
ReplogleWeissman2022_K562_gwps	RORA				0.7844795059479689	0.97731245713071	0.4797327870369484				0.7844795059479689	0.9999973175522412	0.4797327870369484								
NormanWeissman2019_filtered	RREB1				1.0	1.0	0.3660534707840046				1.0	1.0	0.3660534707840046								
ReplogleWeissman2022_K562_gwps	RUNX1	0.1792024089190519	0.5624964502181352	0.5198400579211648	0.0156414924440349	0.2294040978131509	0.5465202564973194	0.4314129363256162	0.931851942463331	0.5037324934664611	0.2361925566438442	0.7378857881542935	0.5155237481642263								
ReplogleWeissman2022_K562_gwps	RUNX2	0.4171959321971412	0.7886027772090635	0.5048792132949139	0.7283208717401013	0.9559333566863149	0.4857553864222306	0.5988218058446347	0.9999995011210674	0.49413339352536	0.6216173256322896	0.9616878727339238	0.4927403654549495								
ReplogleWeissman2022_K562_gwps	RUNX3	0.2517297416426081	0.6615223443166213	0.5121632813925714	0.3496631679084863	0.8487040402070734	0.5070215776956757	0.2465889159736268	0.8412247588103643	0.5124579163818272	0.2001578007667	0.7137208344532978	0.5152902157292811								
NadigOConner2024_hepg2	RUVBL1	3.242491236882005e-16	1.459121056596902e-14	0.8493240345769291							3.242491236882005e-16	2.3183812343706337e-14	0.8493240345769291	CausalPath			CausalPath	CausalPath, Ensemble	1.0	1.0	
NadigOConner2024_jurkat	RUVBL1	0.77609189418015	0.9162195972960104	0.4561295193356262							0.77609189418015	0.9354679081635736	0.4561295193356262								
ReplogleWeissman2022_K562_essential	RUVBL1	9.61765962721394e-55	3.7027989564773677e-53	0.82746512467382							9.61765962721394e-55	1.0771778782479616e-52	0.82746512467382	CausalPath			CausalPath	CausalPath, Ensemble	1.0	1.0	
ReplogleWeissman2022_K562_gwps	RUVBL1	3.53562653820346e-07	1.3317526627233032e-05	0.6804489501132267							3.53562653820346e-07	1.7913841126897533e-05	0.6804489501132267	CausalPath			CausalPath	CausalPath, Ensemble	1.0	1.0	
ReplogleWeissman2022_rpe1	RUVBL1	4.9925838674103875e-39	4.4433996419952455e-37	0.8583691901837877							4.9925838674103875e-39	3.46984578785022e-37	0.8583691901837877	CausalPath			CausalPath	CausalPath, Ensemble	1.0	1.0	
FrangiehIzar2021_RNA	RUVBL2	0.9686166554036691	0.9963376581906388	0.4333322851052718							0.9686166554036691	0.999995150201828	0.4333322851052718								
NadigOConner2024_hepg2	RUVBL2	3.620156770221561e-15	1.0860470310664685e-13	0.9183354696813688							3.620156770221561e-15	1.7256080604722774e-13	0.9183354696813688	CausalPath			CausalPath	CausalPath, Ensemble	1.0	1.0	
NadigOConner2024_jurkat	RUVBL2	0.5448284867492166	0.7469422802207002	0.4882874758828958							0.5448284867492166	0.7908800614101531	0.4882874758828958								
ReplogleWeissman2022_K562_essential	RUVBL2	0.0006559448340745	0.0038852117095186	0.7480945224229085							0.0006559448340745	0.0040814345231306	0.7480945224229085	CausalPath			CausalPath	CausalPath, Ensemble	1.0	1.0	
ReplogleWeissman2022_K562_gwps	RUVBL2	0.6656069864391176	0.879855710281378	0.4447684781880319							0.6656069864391176	0.9743285581947684	0.4447684781880319								
ReplogleWeissman2022_rpe1	RUVBL2	5.0774329901368656e-20	9.037830722443622e-19	0.8395674523204533							5.0774329901368656e-20	8.822039820362804e-19	0.8395674523204533	CausalPath			CausalPath	CausalPath, Ensemble	1.0	1.0	
ReplogleWeissman2022_K562_gwps	RXRA	0.780024801355838	0.9333724408560736	0.4767427868857235	0.3690652226935625	0.8487040402070734	0.5100684965431243	0.1729781529188969	0.8299473673295268	0.5283825084710209	0.3346130021089331	0.8270109970822411	0.5128656086752577								
ReplogleWeissman2022_K562_gwps	RXRB										0.2894658272938454	0.7807509210429799	0.5149101620201091								
ReplogleWeissman2022_K562_gwps	SALL4				0.4908531263677749	0.9037171005689472	0.5008087285878454				0.4908531263677749	0.9073847024967956	0.5008087285878454								
ReplogleWeissman2022_K562_gwps	SATB1				0.9360506863002004	0.9974272934533978	0.4774560720599601	0.2273158991066047	0.8412247588103643	0.5110362338187688	0.8028767952613851	0.9999973175522412	0.4873846653659817								
ReplogleWeissman2022_K562_gwps	SATB2				0.1955053101221673	0.697562946515893	0.5131920695729604				0.1955053101221673	0.7137208344532978	0.5131920695729604								
NadigOConner2024_hepg2	SF1				0.9101542627801842	0.9974158144449194	0.4377307978770501				0.9101542627801842	0.9860004513451996	0.4377307978770501								
NadigOConner2024_hepg2	SFPQ				0.0004774893177676	0.0074488333571758	0.6095348892423846				0.0004774893177676	0.0028450405183657	0.6095348892423846	CollecTRI			CollecTRI	CollecTRI, Ensemble	1.0	1.0	
NadigOConner2024_jurkat	SFPQ				0.0291530136701469	0.1330106248700455	0.581636514460942				0.0291530136701469	0.1157546131020541	0.581636514460942								
ReplogleWeissman2022_K562_essential	SFPQ				1.9061873083812962e-30	9.721555272744611e-29	0.6928032437848332				1.9061873083812962e-30	7.11643261795684e-29	0.6928032437848332	CollecTRI			CollecTRI	CollecTRI, Ensemble	1.0	1.0	
ReplogleWeissman2022_K562_gwps	SFPQ				6.489998027563439e-09	6.396549497293877e-07	0.6214928435916393				6.489998027563439e-09	4.932398500948213e-07	0.6214928435916393	CollecTRI			CollecTRI	CollecTRI, Ensemble	1.0	1.0	
ReplogleWeissman2022_rpe1	SFPQ				2.3005002131532302e-22	4.3709504049911375e-21	0.7647114506014446				2.3005002131532302e-22	4.568136137547129e-21	0.7647114506014446	CollecTRI			CollecTRI	CollecTRI, Ensemble	1.0	1.0	
ReplogleWeissman2022_K562_gwps	SIM2				0.5235219915018954	0.9037171005689472	0.4986351733771824				0.5554706175601242	0.9252770834974124	0.4967726208210695								
NadigOConner2024_hepg2	SIN3A				0.8876196877151412	0.9974158144449194	0.4627214661340195				0.958327316800905	0.9999999990003032	0.4468255580382332								
NadigOConner2024_jurkat	SIN3A										0.7556489619898781	0.9273873624421232	0.4797330726603199								
ReplogleWeissman2022_K562_essential	SIN3A										0.9265539852493988	0.9999748558123746	0.4754443234603164								
ReplogleWeissman2022_K562_gwps	SIN3A										0.6375374738913463	0.9642357814078072	0.4952998013918256								
ReplogleWeissman2022_rpe1	SIN3A				0.9593166359274932	1.0	0.4581050328332627				0.2654169017342568	0.4791292122215804	0.515069333336534								
ReplogleWeissman2022_K562_gwps	SIRT1	0.9910956905246348	0.99999988097155	0.4488110849848589	0.98604919276429	0.9998782080621428	0.4525031100056641				0.9747089332989068	0.9999973175522412	0.4577667782138254								
SunshineHein2023	SIRT1	0.792591374792067	0.9580959476207856	0.481399084689349	0.8521901392230983	0.8521901392230983	0.4761425973865877				0.6786230859201088	0.8671294986756946	0.489419609837278								
ReplogleWeissman2022_K562_gwps	SIX2							0.648865516765067	0.9999995011210674	0.4922452827635062	0.648865516765067	0.9743285581947684	0.4922452827635062								
ReplogleWeissman2022_K562_gwps	SIX5							0.338126521374015	0.8778284689517697	0.5070561990687578	0.338126521374015	0.8298153566368749	0.5070561990687578								
ReplogleWeissman2022_K562_gwps	SMAD1				0.0206455801700493	0.2708214339953537	0.532113845154634	0.7829872843962661	0.9999995011210674	0.4876882791227709	0.0970040326231088	0.5831057965736678	0.5204400736403478								
ReplogleWeissman2022_K562_gwps	SMAD2				0.3248951398514651	0.8424606533357758	0.5073891546224204				0.2504664076726997	0.7587491314926341	0.5109525946271026								
FrangiehIzar2021_RNA	SMAD3	0.0097971381626776	0.0269421299473636	0.5254279638167211	1.9551628351640003e-06	1.1079256065929337e-05	0.5502898123676193	5.488640258782514e-05	0.0002378410778805	0.5421387575002992	7.720279037443975e-06	3.860139518721987e-05	0.5470891880721386	CollecTRI, DoRothEA	0.4572880773888286	0.5716100967360357		CollecTRI, Ensemble	0.6134359602095385	0.9814975363352616	
ReplogleWeissman2022_K562_gwps	SMAD3	0.6762615239182989	0.879855710281378	0.48906468731268	0.8283253590040751	0.9861500865045688	0.4773394750587261	0.8452120279483474	0.9999995011210674	0.4757002842904076	0.9296659126135232	0.9999973175522412	0.464766715716018								
SunshineHein2023	SMAD3	0.3922619503834804	0.6775433688441934	0.5072323378696236	0.3865902944969223	0.5412264122956911	0.5076234879032259	0.3949164587034028	0.4738997504440834	0.5070498886928763	0.4002577318932185	0.6575662738245732	0.5066836777553764								
FrangiehIzar2021_RNA	SMAD4	2.823181935109327e-05	0.0001242200051448	0.5466486129195174	0.001176258451154	0.0049990984174046	0.5352337892422906	0.0037915650710303	0.0123225864808487	0.5309292665428654	0.0262760900641065	0.0938431788003806	0.5224557926506544	CausalPath, CollecTRI	0.4169408044809922	0.5716100967360357		CausalPath, CollecTRI	0.4169408044809922	0.9814975363352616	
PapalexiSatija2021_eccite_RNA	SMAD4	7.531433623625105e-12	1.882858405906276e-11	0.585728967790106	8.571254036669866e-08	2.7856575619177064e-07	0.5664244003017094	0.0004027336661489	0.0008054673322978	0.5425757485178462	1.7126132152589485e-05	4.281533038147371e-05	0.5526420558976427	CausalPath, CollecTRI	0.1741359852232071	0.2089631822678486		CausalPath, CollecTRI	0.1741359852232071	0.3482719704464143	
ReplogleWeissman2022_K562_gwps	SMAD4	0.2921143964480896	0.6858545805559533	0.5125806142417151	0.5485536463692647	0.9094817547312224	0.4971950527475641	0.0045415035947579	0.1226205970584641	0.5599795405444149	0.1625310056220879	0.667694942015064	0.5226249176150654								
ReplogleWeissman2022_K562_gwps	SMAD5				0.1626125699246912	0.6406723104832637	0.5252218606695472	0.8661125901568147	0.9999995011210674	0.4715882738741286	0.5218241518687301	0.9174275484590948	0.4985968391021417								
ReplogleWeissman2022_K562_gwps	SMAD6				0.0421650473155618	0.4001193851646936	0.5393117381440047				0.0409254776197341	0.3838774088812852	0.5396296849708421								
ReplogleWeissman2022_K562_gwps	SMARCA1				0.5495979298419396	0.9094817547312224	0.4959998775607791				0.5495979298419396	0.9244541169531528	0.4959998775607791								
ReplogleWeissman2022_K562_gwps	SMARCA5				0.0465283774975894	0.4068952228220564	0.5410118130211276				0.0465283774975894	0.4008203933501751	0.5410118130211276								
WesselsSatija2023	SMARCA5				0.0095401470632362	0.0318004902107876	0.5833637136954672				0.0095401470632362	0.0228963529517671	0.5833637136954672	CollecTRI			CollecTRI	CollecTRI, Ensemble	1.0	1.0	
GasperiniShendure2019_lowMOI	SMARCC1				0.5207111678378679	0.7337223026399716	0.4957091237579042				0.4026959277945107	0.6047913462683662	0.5210027100271002								
NadigOConner2024_hepg2	SMARCC1										0.3596942713918509	0.5845031910117577	0.5252058166350025								
ReplogleWeissman2022_K562_gwps	SMARCC1				0.2221020678942906	0.7178081324699539	0.5211706945808052				0.1814055162910949	0.7098016613520532	0.5251803908381066								
ReplogleWeissman2022_rpe1	SMARCC1										0.0383518291782782	0.0859823267061399	0.5562949247265061					Ensemble			Ensemble
ReplogleWeissman2022_K562_gwps	SMARCD3	0.0970084730581518	0.4015690623164969	0.5158889668091807							0.0970084730581518	0.5831057965736678	0.5158889668091807								
NormanWeissman2019_filtered	SNAI1	0.0206160961717064	0.0329857538747303	0.5279482786283194	0.0008071153780026	0.0018625739492369	0.543175783187684				0.0035678900566645	0.0084100265621377	0.5368379353843481	CollecTRI, CausalPath	0.4431974115439742	0.5381682854462544		CollecTRI, Ensemble	0.0012495714172028	0.003927224454066	CollecTRI
ReplogleWeissman2022_K562_gwps	SNAI1				0.430912927504343	0.8677503936330341	0.5037918131255597				0.4310159416149869	0.8641072319911457	0.5037861019902165								
ReplogleWeissman2022_K562_gwps	SNAI2				0.32743522383039	0.8441393631696759	0.5104091479116608	0.9864781809470208	0.9999995011210674	0.448516758320417	0.92854476853101	0.9999973175522412	0.4658847886684112								
NadigOConner2024_hepg2	SNAPC4							0.5071153913792251	0.8113846262067602	0.4991949188230457	0.5071153913792251	0.7145747553307669	0.4991949188230457								
NadigOConner2024_jurkat	SNAPC4							0.2201873304759402	0.4519634678190351	0.5290706188623124	0.2201873304759402	0.4638376427474491	0.5290706188623124								
ReplogleWeissman2022_K562_essential	SNAPC4							0.4041458649969683	0.5855800668143397	0.5069354641608408	0.4041458649969683	0.6794267564770663	0.5069354641608408								
ReplogleWeissman2022_K562_gwps	SNAPC4							0.7829741419954339	0.9999995011210674	0.4859705462399291	0.7829741419954339	0.9999973175522412	0.4859705462399291								
ReplogleWeissman2022_rpe1	SNAPC4							0.9932457091032512	0.9999840789178064	0.4223687126651239	0.9932457091032512	0.9999999999778226	0.4223687126651239								
NadigOConner2024_hepg2	SNW1										0.0022870739105979	0.0112776403177762	0.6141189706089158					Ensemble			Ensemble
ReplogleWeissman2022_rpe1	SNW1										0.9179552654615188	0.9999999999778226	0.4706401287543752								
ReplogleWeissman2022_K562_gwps	SOX10				0.6675712744597556	0.9535266025170543	0.4871885503479263	0.6848730497051833	0.9999995011210674	0.485734842366252	0.7247563605030117	0.9880086708202492	0.482306295121977								
ReplogleWeissman2022_K562_gwps	SOX11				0.5561705019220059	0.9153211950450724	0.4974571953018962	0.1576854526604297	0.793427621557885	0.5181787292414788	0.2192144504626303	0.7378857881542935	0.5140312690109884								
ReplogleWeissman2022_K562_gwps	SOX13							0.8125417910855056	0.9999995011210674	0.478408501703544	0.8125417910855056	0.9999973175522412	0.478408501703544								
ReplogleWeissman2022_K562_gwps	SOX17				0.1280070808107486	0.6273753630944386	0.5213330539808994				0.1280070808107486	0.63631269922171	0.5213330539808994								
ReplogleWeissman2022_K562_gwps	SOX2	0.5570091332900129	0.8392270941569527	0.4843549267190626	0.06249649264566	0.4890076442099013	0.6673993164913221	0.9254368482353934	0.9999995011210674	0.3414977838619197	0.8689813058955028	0.9999973175522412	0.3760293315208546								
FrangiehIzar2021_RNA	SOX4				0.8340989177964164	0.9915694900809894	0.4890146035069184				0.8340989177964164	0.999995150201828	0.4890146035069184								
ReplogleWeissman2022_K562_gwps	SOX4				0.4481582871316479	0.8677503936330341	0.502038887340982				0.4481582871316479	0.874096614996425	0.502038887340982								
TianKampmann2021_CRISPRa	SOX5				0.9999999958196356	0.9999999958196356	0.3566576170411409				0.9999999958196356	0.9999999958196356	0.3566576170411409								
ReplogleWeissman2022_K562_gwps	SOX6				0.747469918550615	0.9559333566863149	0.4906398571490514	0.9769996302744792	0.9999995011210674	0.4719793764855671	0.9904132150181756	0.9999973175522412	0.4671100196695981								
ReplogleWeissman2022_K562_gwps	SOX9				0.6307908351463696	0.9409120818571264	0.4920944967162529	0.1255948174564199	0.7706954707553041	0.5271639157068926	0.2343877162290096	0.7378857881542935	0.517150455110282								
NadigOConner2024_hepg2	SP1	0.0353504158961463	0.0964102251713083	0.5599294063645069	0.0013319444158842	0.0173152774064956	0.5996079890046984	0.3989644965744027	0.7253899937716413	0.5084904938652653	0.0109504638120423	0.0447404664320586	0.5760002743549362	CollecTRI, CausalPath	0.117039025172586	0.2021855054804884		CollecTRI, Ensemble	2.174963066822296e-06	0.0001022232641406	CollecTRI
NadigOConner2024_jurkat	SP1	0.2484918205394641	0.4494001009756265	0.5141926618278235	0.7051412650089887	0.8884222029756293	0.4887329558770497	0.7857373579395067	0.9394447688875062	0.4834576771304559	0.792984374603378	0.9390604436092634	0.4829331760550773								
ReplogleWeissman2022_K562_gwps	SP1	0.0011602585396911	0.0201706484592467	0.5627271091433487	0.0006278727421552	0.0192443553661725	0.5664360298262043	0.0542461522021666	0.5858584437833999	0.5330543830580737	0.0120966880981411	0.1793850332602394	0.5464210017514612	CollecTRI, CausalPath	0.821426554306166	0.821426554306166		CollecTRI, CausalPath	0.821426554306166	1.0	
ReplogleWeissman2022_rpe1	SP1	0.5153250724833781	0.6115190860136087	0.4991888289900252	0.2287936109811716	0.6687813244065018	0.5156866361997168	0.1055323309049396	0.2421035826642734	0.5264103261746761	0.3000597338366225	0.5213537875411317	0.5110704782634761								
NadigOConner2024_hepg2	SP2				0.3204469671540819	0.6755368496761728	0.5287795689989474	0.1998176161561125	0.4995440403902813	0.5519638801174449	0.185725250429508	0.3589014974516168	0.5551400661089874								
NadigOConner2024_jurkat	SP2				0.0019004116614256	0.0126118228440067	0.6609810884620045	0.0895640265875271	0.3175451851739599	0.574724964037941	0.0038587804478814	0.0226493634984343	0.6481854306281787	CollecTRI, DoRothEA	0.1779800121963842	0.2618917885718919		CollecTRI, Ensemble	0.7531603100985077	1.0	
ReplogleWeissman2022_K562_essential	SP2				0.6370459683407916	0.854982746983694	0.4905525468526304	0.0875005220046177	0.2147740085567889	0.536552501506151	0.1821517584186565	0.474994439362097	0.5244490402741518								
ReplogleWeissman2022_K562_gwps	SP2				0.1846777956236574	0.6822900903492144	0.5170033065300301	0.2244231182638784	0.8412247588103643	0.5143450830141221	0.1724292239531826	0.6897168958127307	0.517892218682513								
ReplogleWeissman2022_rpe1	SP2				0.014345420878877	0.0605695548219251	0.5757181660011765	0.2783822251280837	0.4176687208492404	0.5203395876882252	0.065258834074609	0.1395535067133947	0.5523338048090523	CollecTRI, DoRothEA	0.1903405876946251	0.2260294478873673		CollecTRI, Ensemble	0.3852545512044026	1.0	
ReplogleWeissman2022_K562_gwps	SP3	0.9170758621037404	0.9984915547777272	0.4667487123556094	0.7960357451050739	0.9807512218697872	0.4801417853024838	0.9628293554674848	0.9999995011210674	0.4571779271524862	0.7627290325440133	0.9999973175522412	0.4828398653316912								
ReplogleWeissman2022_K562_gwps	SP4				0.8734442471477439	0.9887211528626746	0.4659513160464854	0.8666367245073257	0.9999995011210674	0.4669104238637773	0.8741275702531792	0.9999973175522412	0.4658530812782211								
ReplogleWeissman2022_K562_gwps	SP7				0.045981768510072	0.4068952228220564	0.5470613322845435				0.045981768510072	0.4008203933501751	0.5470613322845435								
NormanWeissman2019_filtered	SPI1	2.921116312736104e-66	1.5579287001259222e-65	0.7061243443964134	1.597171490313947e-38	9.583028941883685e-38	0.6553228037174817	1.7011945731688944e-58	1.531075115852005e-57	0.6932423606042393	1.2391264838591298e-47	8.178234793470257e-47	0.6736397923578874	CausalPath, DoRothEA	0.4067030806792581	0.5318424901190298		CausalPath, DoRothEA	0.4067030806792581	0.7456223145786399	
PapalexiSatija2021_eccite_RNA	SPI1	0.0211216611381893	0.0301738016259847	0.5854987426655491	0.1406682688532488	0.3047812491820391	0.5453513551271305	0.0269134769553663	0.0448557949256105	0.5811679240011176	0.099692396888627	0.1869232441661757	0.5540217239452362	CausalPath, DoRothEA	0.9363285887001886	0.9363285887001886		CausalPath, DoRothEA	0.9363285887001886	1.0	
ReplogleWeissman2022_K562_gwps	SPI1	0.0582035605623868	0.2798724401510519	0.5500787783794209	0.1473829462508111	0.6307633796512496	0.5334188672584307	0.0467960879050942	0.5503459054447316	0.553482511036328	0.0765254469403788	0.5429044340260708	0.5455750903418033								
TianKampmann2021_CRISPRa	SPI1	0.0018513233037889	0.0074052932151559	0.6478802992518703	0.0681540549960967	0.3407702749804839	0.5759173494834343	0.3186837504952886	0.6373675009905773	0.5240470252939081	0.3590943949931866	0.9999999958196356	0.5184182401140007	CausalPath, CollecTRI	0.3061049468826595	0.3061049468826595		CausalPath, CollecTRI	0.3061049468826595	0.9183148406479786	
ReplogleWeissman2022_K562_gwps	SPIB				0.5026260657679261	0.9037171005689472	0.4999013214068779	0.2824389861096295	0.8412247588103643	0.5086367546956094	0.2342296622241786	0.7378857881542935	0.5108780809589585								
ReplogleWeissman2022_K562_gwps	SREBF1	0.9403615533932737	0.9984915547777272	0.4599032706517797	0.9930811086343928	0.9998782080621428	0.4366446169702888	0.8115916070481004	0.9999995011210674	0.4772524355181997	0.9744972721253594	0.9999973175522412	0.4497718978587437								
SunshineHein2023	SREBF1	0.0222717936406409	0.0705273465286965	0.5959318693693694	0.0094807881659704	0.0189615763319408	0.6120407516891894	0.099262806055328	0.1323504080737706	0.561400267454955	0.079850743557101	0.2040630113125915	0.5671452702702703	CollecTRI, CausalPath	0.4918406555783944	0.6412656228352089		CollecTRI, CausalPath	0.4918406555783944	0.9836813111567888	
ReplogleWeissman2022_K562_gwps	SREBF2	7.805666644924927e-44	1.764080661753033e-41	0.7916540368216419	4.127305737613256e-27	9.20389179487756e-25	0.725969551499114	7.41532289889557e-08	5.0053429567545096e-06	0.6107703944076045	1.206325537028189e-14	1.8336148162828474e-12	0.6607694676645075	CausalPath, CollecTRI	1.3914208683375816e-05	0.0001008780129544	CausalPath	CausalPath, CollecTRI	1.3914208683375816e-05	0.000333941008401	CausalPath
SunshineHein2023	SREBF2	2.2627037942245593e-05	0.0001074784302256	0.6423502604166667	0.0230769440732452	0.0403846521281791	0.5695917038690477	0.0869374243430707	0.130406136514606	0.5474609374999999	0.0557552269614573	0.1602962775141899	0.5555431547619047	CausalPath, CollecTRI	0.0004396082253857	0.0013188246761573	CausalPath	CausalPath, CollecTRI	0.0004396082253857	0.0021980411269288	CausalPath
NadigOConner2024_hepg2	SRF	0.0067471402736504	0.0233554855626361	0.6092428043025381	0.0032640370710075	0.0318243614423234	0.6202778604462207	0.0003742937092516	0.0025392844362169	0.6490700981156319	0.0013460792786862	0.0074034360327745	0.6326970225188838	DoRothEA, CollecTRI	0.4188241564775223	0.4711771760372126		DoRothEA, Ensemble	0.2124177590754141	0.7886104049334894	
NadigOConner2024_jurkat	SRF				2.148757535419765e-10	3.921482502141072e-09	0.6939227307745338	7.341249471360339e-07	7.1577182345763305e-06	0.6495858270009361	2.2528211039371927e-05	0.0003041308490315	0.626735202149785	CollecTRI, DoRothEA	0.1800506046431756	0.2618917885718919		CollecTRI, DoRothEA	0.1800506046431756	1.0	
ReplogleWeissman2022_K562_essential	SRF				1.3132229215889085e-05	9.56776700014776e-05	0.6100524033607798	0.0003357256582481	0.0015107654621167	0.5890383654916768	0.0002173513494522	0.0014319618316853	0.592103755905115	CollecTRI, DoRothEA	0.4928636798493254	0.6479305389241664		CollecTRI, Ensemble	0.441143316804679	1.0	
ReplogleWeissman2022_K562_gwps	SRF				7.171019615800311e-09	6.396549497293877e-07	0.5858719876186341	1.5343684832546494e-06	8.285589809575108e-05	0.5706782304413799	1.478817570888813e-06	6.916316023849217e-05	0.5707929747131164	CollecTRI, DoRothEA	0.3484303848078447	0.4041792463770999		CollecTRI, Ensemble	0.2044551871824668	0.5772852343975533	
ReplogleWeissman2022_rpe1	SRF	7.061963084986018e-14	6.675141594529074e-13	0.7199453992907442	1.6892026700759127e-34	6.418970146288467e-33	0.8626478577061246	3.916116882292837e-38	1.5272855840942066e-36	0.8823972662753	1.4362305610212235e-34	6.654534932731669e-33	0.8630407614585399	DoRothEA, CollecTRI	0.2706272905322774	0.3024657953007806		DoRothEA, Ensemble	0.0148594833633581	0.1030290583084756	
NadigOConner2024_hepg2	SRSF2				0.3428201770502422	0.6856403541004845	0.5187893560836887				0.3428201770502422	0.5634860381400533	0.5187893560836887								
NadigOConner2024_jurkat	SRSF2				0.3952469997764302	0.8131118358959888	0.5126293141560317				0.3952469997764302	0.6428716261423865	0.5126293141560317								
ReplogleWeissman2022_K562_essential	SRSF2				0.008784691643795	0.0373349394861291	0.58279356470553				0.008784691643795	0.0409952276710437	0.58279356470553	CollecTRI			CollecTRI	CollecTRI, Ensemble	1.0	1.0	
ReplogleWeissman2022_K562_gwps	SRSF2				0.0257884283213889	0.2805277812521817	0.5475382678703057				0.0257884283213889	0.2958370645170652	0.5475382678703057								
ReplogleWeissman2022_rpe1	SRSF2				5.701201954245965e-07	4.814348316918815e-06	0.7224897047226847				5.701201954245965e-07	3.445509007131257e-06	0.7224897047226847	CollecTRI			CollecTRI	CollecTRI, Ensemble	1.0	1.0	
ReplogleWeissman2022_K562_gwps	SRY				0.5021085529148017	0.9037171005689472	0.4998077964237584				0.5021085529148017	0.9140179645874236	0.4998077964237584								
NadigOConner2024_hepg2	SSRP1	0.1169202088155008	0.2391549725771608	0.6300165404370157	0.8826591463650529	0.9974158144449194	0.36870665389861				0.6120209972820051	0.8065959028538009	0.4682684774092452								
NadigOConner2024_jurkat	SSRP1	0.0167536419230377	0.0712029781729103	0.6489610524186187	0.4104937718087187	0.8131118358959888	0.5158568418559437				0.1360575162908595	0.346561598099359	0.5769502163754522	CausalPath, CollecTRI	0.1532212615279647	0.2618917885718919		CausalPath, Ensemble	0.3445982190712064	1.0	
ReplogleWeissman2022_K562_essential	SSRP1	0.141105103294868	0.3880390340608872	0.5137671936005224	2.0440872163337657e-12	3.474948267767402e-11	0.5887720661027933				4.0462698888002424e-10	7.768142374595114e-09	0.5786455288019414	CollecTRI, CausalPath	1.3851869248584487e-05	9.003715011579916e-05	CollecTRI	CollecTRI, Ensemble	0.0385270421827723	0.3724280744334658	
ReplogleWeissman2022_K562_gwps	SSRP1	0.0405137686684221	0.2180026599776999	0.5284827934138343	0.0006472316827188	0.0192443553661725	0.5525216280089171				0.0005332694832988	0.0147376293566227	0.5534220463346666	CollecTRI, CausalPath	0.2665218577711771	0.322047244806839		Ensemble, CollecTRI	0.8869338621753613	1.0	
ReplogleWeissman2022_rpe1	SSRP1	0.3598810218297938	0.5084033482992326	0.5366358538508718	0.9107134596529732	1.0	0.3615942346447034				0.7395204962570975	0.9542401438183404	0.4333764128625251								
WesselsSatija2023	SSRP1	0.2009026577964217	0.2009026577964217	0.5451001375936401	0.9812493150635074	0.9812493150635074	0.3881669469500076				0.8969500113193345	0.8969500113193345	0.4320440299648371								
FrangiehIzar2021_RNA	STAT1	1.0225882040774071e-39	2.249694048970296e-38	0.6435097765071346	3.680382801803118e-111	6.256650763065302e-110	0.7444115973222096	1.5786313873489937e-42	2.0522208035536914e-41	0.6487676764741175	1.0990687247053204e-41	2.747671811763301e-40	0.6472110800422571	CollecTRI, DoRothEA	7.15714624934031e-36	3.578573124670155e-35	CollecTRI	CollecTRI, DoRothEA	7.15714624934031e-36	5.725716999472248e-35	CollecTRI
PapalexiSatija2021_eccite_RNA	STAT1	2.3872792295233124e-86	2.3872792295233125e-85	0.7933799264478224	2.8591443301230704e-124	3.716887629159991e-123	0.8533827205243802	1.513467732293405e-48	7.567338661467026e-48	0.7177982676725343	2.1137099839366295e-43	1.5852824879524722e-42	0.7053910574447037	CollecTRI, CausalPath	1.3041614147375704e-12	3.912484244212711e-12	CollecTRI	CollecTRI, CausalPath	1.3041614147375704e-12	1.0433291317900563e-11	CollecTRI
ReplogleWeissman2022_K562_gwps	STAT1	0.2864755813880349	0.6858545805559533	0.5145094554161096	0.8933961765343996	0.9899555729331274	0.4679601850344998	0.4039003818270948	0.9164126310362656	0.5062614543013927	0.435129402595195	0.864570839143394	0.5042040144700468								
SunshineHein2023	STAT1	3.664373633842275e-08	2.320769968100108e-07	0.6131516894693201	1.0638211323780151e-10	4.96449861776407e-10	0.6335186048922057	6.602319543886944e-05	0.0001980695863166	0.5803534411276948	6.86935281132984e-05	0.0003949877866514	0.5801477637852405	CollecTRI, CausalPath	0.294679628273819	0.5304233308928742		CollecTRI, CausalPath	0.294679628273819	0.7366990706845474	
PapalexiSatija2021_eccite_RNA	STAT2				3.0493709039899627e-35	1.9820910875934762e-34	0.6564991446575016	3.190145050853192e-115	3.190145050853192e-114	0.7891615614534102	3.969456633392939e-104	5.954184950089409e-103	0.7745947426554042	DoRothEA, CollecTRI	1.9523000713451582e-38	1.1713800428070952e-37	DoRothEA	DoRothEA, Ensemble	1.9827865261389243e-08	7.931146104555697e-08	DoRothEA
ReplogleWeissman2022_K562_gwps	STAT2				0.143966167520318	0.629499124647665	0.5369476355436167	0.158685524311577	0.793427621557885	0.5347644478370612	0.0995471710685951	0.5831057965736678	0.5446478395862044								
SunshineHein2023	STAT2				3.707085382404522e-44	2.5949597676831653e-43	0.8116387648809524	5.7953819982112034e-58	6.954458397853446e-57	0.8591480654761905	7.642000898818346e-57	1.7576602067282193e-55	0.8555282738095238	DoRothEA, CollecTRI	0.0002948839084091	0.0013188246761573	DoRothEA	DoRothEA, Ensemble	0.0785187468535057	0.2617291561783524	
FrangiehIzar2021_RNA	STAT3	0.0938090767359242	0.2063799688190332	0.5166313604396824	0.2232023977807794	0.5420629660390358	0.5096106121738887	0.1129110378799657	0.209691927491365	0.5152875491553706	0.2087447148755561	0.5798464302098781	0.5102336553175055								
PapalexiSatija2021_eccite_RNA	STAT3	0.1597902468508409	0.1997378085635511	0.5142174857051529	0.5916479272742479	0.854602561618358	0.4966896143664275	0.1019490984178362	0.1456415691683374	0.518148462379431	0.3716718102300577	0.5575077153450866	0.5046773861725515								
ReplogleWeissman2022_K562_gwps	STAT3	0.1982706044771056	0.5819370988548815	0.5187924680024124	0.4971955594009237	0.9037171005689472	0.500155858899212	0.9648594874212828	0.9999995011210674	0.4598779617723924	0.6358034507343666	0.9640112170735534	0.49230268318545								
ReplogleWeissman2022_K562_gwps	STAT4	0.9407811197548602	0.9984915547777272	0.4573781124055868	0.1067393288028478	0.5796180866535	0.5339596835182508	0.0822965153998283	0.6943768486860512	0.5379369453671704	0.7859198336392503	0.9999973175522412	0.4783707555929964								
NadigOConner2024_hepg2	STAT5A	0.3049327726104898	0.4731715437059324	0.527439814522964	0.7497245718191027	0.9872719197433208	0.4637836474815608	0.9684548146727192	0.999927694428874	0.4000714450818466	0.8654083713766993	0.969810328018674	0.4405920135605566								
NadigOConner2024_jurkat	STAT5A	0.4415708052791096	0.6584827798021811	0.5040287547784821	0.964771418402625	0.9999999999727516	0.4504236221793473	0.7949148044432744	0.9394447688875062	0.4774287871343487	0.9623292219017598	0.9999681819073516	0.4512617290016417								
PapalexiSatija2021_eccite_RNA	STAT5A	0.8693895706489367	0.9587056862517052	0.4857254062964663	0.875193683871736	0.9481264908610472	0.4853724368375463	0.6029197592483309	0.6699108436092565	0.4966852669911866	0.8948611819263688	0.9919595425299416	0.4840826673552221								
ReplogleWeissman2022_K562_essential	STAT5A	0.9999881318155772	0.9999881318155772	0.4135506385987382	0.9114069347105608	0.9958647180348495	0.4723978755637076	0.1759431419685581	0.3958720694292558	0.5190418196339152	0.4057927045495301	0.6794267564770663	0.5048761347031054								
ReplogleWeissman2022_K562_gwps	STAT5A	0.99999988097155	0.99999988097155	0.4309833884864289	0.9962617401655006	0.9998782080621428	0.4642707173419297	0.6081052144376613	0.9999995011210674	0.4963349164006438	0.8052390041162278	0.9999973175522412	0.4885060473551465								
ReplogleWeissman2022_rpe1	STAT5A	0.0657794038419311	0.1125839796525359	0.544850516723773	0.0010050078533491	0.0058754305272716	0.5918652321683029	0.2784458138994936	0.4176687208492404	0.517472688116506	0.0021836330219087	0.0063234372926108	0.5847745184392683	CollecTRI, CausalPath	0.1822048008759286	0.2260294478873673		CollecTRI, Ensemble	0.6952382549499299	1.0	
NadigOConner2024_hepg2	STAT5B	0.3492241990547837	0.5152488182775498	0.5118338902616781	0.0213065000668857	0.1384922504347573	0.5619261908110171	0.9540423002874692	0.999927694428874	0.4485248653438781	0.3074188159864437	0.5171869492477819	0.5153696597937915								
NadigOConner2024_jurkat	STAT5B	0.93581461302968	0.9999999809091804	0.4683888319189768	0.9478853201122308	0.9999999999727516	0.466224070368018	0.9986903891639244	0.9989523152766095	0.437440616713089	0.9949520551599218	0.9999681819073516	0.4465190908172681								
ReplogleWeissman2022_K562_gwps	STAT5B	1.1941918759007826e-07	5.397747279071536e-06	0.632974666781542	0.0039347811833951	0.0763005394693137	0.5684046890439707	0.0892349389067962	0.7026517770215218	0.5346315318103833	0.0005915952808323	0.0154589719657431	0.5834694287820335	CausalPath, CollecTRI	0.023523995037974	0.0682195856101247	CausalPath	CausalPath, Ensemble	0.0660269735745043	0.316929473157621	
ReplogleWeissman2022_rpe1	STAT5B	0.2963289837493785	0.425375476672495	0.5118990706709236	0.6495865982357756	1.0	0.4914550607366279	0.6290374440345775	0.7666393849171413	0.4926760957418518	0.473788260262331	0.7224507435426807	0.5014626287966477								
ReplogleWeissman2022_K562_gwps	STAT6				0.8636029330729093	0.9861500865045688	0.4339790635406682				0.8636029330729093	0.9999973175522412	0.4339790635406682								
NadigOConner2024_hepg2	SUPT16H	0.0682226646999981	0.1497570688536545	0.5567533113394553							0.0682226646999981	0.1773789282199952	0.5567533113394553								
NadigOConner2024_jurkat	SUPT16H	0.3611529311229774	0.5903461374125593	0.5138662863853704							0.3611529311229774	0.6250723807897688	0.5138662863853704								
ReplogleWeissman2022_K562_essential	SUPT16H	0.0272360855058424	0.1048589291974932	0.5587669860354437							0.0272360855058424	0.1016813858884783	0.5587669860354437								
ReplogleWeissman2022_K562_gwps	SUPT16H	0.2590962418464042	0.6656555946236233	0.5186640085773638							0.2590962418464042	0.7627855882055198	0.5186640085773638								
ReplogleWeissman2022_rpe1	SUPT16H	0.0001242249026196	0.0003948577261839	0.6965635074340514							0.0001242249026196	0.0005570084343268	0.6965635074340514	CausalPath			CausalPath	CausalPath, Ensemble	1.0	1.0	
WesselsSatija2023	SUPT16H	0.0003124738028281	0.0024251605944117	0.5986577909627003							0.0003124738028281	0.0037496856339373	0.5986577909627003	CausalPath			CausalPath	CausalPath, Ensemble	1.0	1.0	
NadigOConner2024_hepg2	SUPT4H1	0.0293633932649261	0.0825845435576048	0.7063056788833754							0.0293633932649261	0.0999753627829629	0.7063056788833754	CausalPath			CausalPath	CausalPath, Ensemble	1.0	1.0	
NadigOConner2024_jurkat	SUPT4H1	0.9911561613386424	0.9999999809091804	0.3384736552675483							0.9911561613386424	0.9999681819073516	0.3384736552675483								
ReplogleWeissman2022_K562_essential	SUPT4H1	0.8027697532032432	0.9923877742199604	0.4711294228458047							0.8027697532032432	0.9667764769759488	0.4711294228458047								
ReplogleWeissman2022_K562_gwps	SUPT4H1	0.2378710764444762	0.6433917562701827	0.5172922410156172							0.2378710764444762	0.7378857881542935	0.5172922410156172								
ReplogleWeissman2022_rpe1	SUPT4H1	4.6440378399673875e-05	0.0001722164032321	0.7821398843424165							4.6440378399673875e-05	0.0002225935378467	0.7821398843424165	CausalPath			CausalPath	CausalPath, Ensemble	1.0	1.0	
NadigOConner2024_hepg2	SUPT5H	0.0002072468586026	0.0009816956460125	0.7475116798699979							0.0002072468586026	0.0012885348165294	0.7475116798699979	CausalPath			CausalPath	CausalPath, Ensemble	1.0	1.0	
NadigOConner2024_jurkat	SUPT5H	0.0012838949901629	0.0108716190105215	0.6300058719906048							0.0012838949901629	0.010551865510212	0.6300058719906048	CausalPath			CausalPath	CausalPath, Ensemble	1.0	1.0	
ReplogleWeissman2022_K562_essential	SUPT5H	4.235230351914227e-06	4.658753387105649e-05	0.5708211313832314							4.235230351914227e-06	3.9528816617866114e-05	0.5708211313832314	CausalPath			CausalPath	CausalPath, Ensemble	1.0	1.0	
ReplogleWeissman2022_K562_gwps	SUPT5H	0.007077424790896	0.0639799201096999	0.5624054643292934							0.007077424790896	0.1229449792247078	0.5624054643292934	CausalPath			CausalPath	CausalPath, Ensemble	1.0	1.0	
ReplogleWeissman2022_rpe1	SUPT5H	0.0030304058908423	0.0067426531071241	0.7994079433227772							0.0030304058908423	0.0085964575270833	0.7994079433227772	CausalPath			CausalPath	CausalPath, Ensemble	1.0	1.0	
WesselsSatija2023	SUPT5H	0.0011499907573121	0.0024251605944117	0.6083363713695467							0.0011499907573121	0.0045999630292486	0.6083363713695467	CausalPath			CausalPath	CausalPath, Ensemble	1.0	1.0	
NadigOConner2024_hepg2	TADA2A				0.3876967677925051	0.7224418605217579	0.5134171504324492				0.3876967677925051	0.6160070866036471	0.5134171504324492								
NadigOConner2024_jurkat	TADA2A				0.6106225448729932	0.8884222029756293	0.4926497817951923				0.6106225448729932	0.8326671066449908	0.4926497817951923								
ReplogleWeissman2022_K562_essential	TADA2A				0.7560402976796017	0.9326167468446328	0.467459980027092				0.7560402976796017	0.9515718773652566	0.467459980027092								
ReplogleWeissman2022_K562_gwps	TADA2A				0.7209520676316763	0.9559333566863149	0.484743090411538				0.7209520676316763	0.9870652520763848	0.484743090411538								
ReplogleWeissman2022_rpe1	TADA2A				0.9594797162096572	1.0	0.4529989999305087				0.9594797162096572	0.9999999999778226	0.4529989999305087								
NadigOConner2024_hepg2	TAF1				0.6604998959431819	0.9540554052512628	0.4700893763965061				0.6604998959431819	0.8358538506183629	0.4700893763965061								
NadigOConner2024_jurkat	TAF1				0.0442318849359197	0.1779756137148129	0.6230339317171378				0.0442318849359197	0.1658695685096991	0.6230339317171378								
ReplogleWeissman2022_K562_essential	TAF1				0.5453206297927483	0.7983438979830814	0.4962656011406716				0.5453206297927483	0.7830244940613822	0.4962656011406716								
ReplogleWeissman2022_K562_gwps	TAF1				0.0864813042876915	0.5717500951932137	0.5473810002457058				0.0864813042876915	0.5831057965736678	0.5473810002457058								
ReplogleWeissman2022_rpe1	TAF1				0.4617323867032344	0.9747683719290506	0.5116241712666841				0.4617323867032344	0.7197430777781528	0.5116241712666841								
TianKampmann2021_CRISPRi	TAF1				0.7598994283079443	0.7598994283079443	0.4852714227697306				0.7598994283079443	0.7598994283079443	0.4852714227697306								
GasperiniShendure2019_lowMOI	TAF12	0.2345499450854313	0.5081915476851012	0.6490514905149051							0.1298210655261774	0.4821925290972303	0.7317073170731708								
NadigOConner2024_hepg2	TAF12										0.0034964818833955	0.0161289325588892	0.6166113706637777					Ensemble			Ensemble
ReplogleWeissman2022_K562_essential	TAF12										0.0020251328922501	0.0108007087586672	0.6121735863235017					Ensemble			Ensemble
ReplogleWeissman2022_K562_gwps	TAF12										0.0004032061544919	0.0125103472082135	0.6411305695477921					Ensemble			Ensemble
ReplogleWeissman2022_K562_gwps	TAF9	0.4636355898190209	0.7886027772090635	0.5021394914949372							0.4636355898190209	0.8821639084551679	0.5021394914949372								
ReplogleWeissman2022_K562_gwps	TAL1				0.8885989427850174	0.9899555729331274	0.4824435402060611	0.9999714515514032	0.9999995011210674	0.442043015532539	0.9998363418873424	0.9999973175522412	0.4482619028504739								
ReplogleWeissman2022_K562_gwps	TBL1X	0.6813042004391201	0.879855710281378	0.4867746254673361							0.6932302049502166	0.9779210315771036	0.4858296488009518								
ReplogleWeissman2022_K562_gwps	TBL1XR1	0.1600572208320662	0.5242453899716951	0.5336084136007764							0.1600572208320662	0.6675817821914125	0.5336084136007764								
NadigOConner2024_hepg2	TBP	0.6420295991375238	0.7704355189650285	0.4877784548716907	0.1977705021021581	0.5142033054656111	0.5285395084298192	0.5684660911333661	0.842171986864246	0.4942081386688334	0.3023784163155993	0.5147632563467942	0.5173864174961067								
NadigOConner2024_jurkat	TBP				0.729397125296531	0.8884222029756293	0.4810211285599545	0.9618653029903832	0.9989523152766095	0.4449329734931209	0.7526289997659712	0.9273873624421232	0.4787909291726086								
ReplogleWeissman2022_K562_essential	TBP				0.2587491854483894	0.620343956086272	0.5154136727157189	0.4302951251802359	0.5855800668143397	0.5041828105713209	0.3179367254852238	0.6247177763920186	0.5112762521008615								
ReplogleWeissman2022_K562_gwps	TBP				0.9554562052195982	0.9986814806952088	0.471463275792164	0.9506551477569096	0.9999995011210674	0.4722855439065316	0.989507447946602	0.9999973175522412	0.4612582073950431								
ReplogleWeissman2022_rpe1	TBP				0.0640972522715846	0.231971008220973	0.5486725663716814	0.9999840789178064	0.9999840789178064	0.3669072281715544	0.4304539535938708	0.7039188182299769	0.5056065718810172								
NadigOConner2024_hepg2	TBPL1				0.1065709815245671	0.3614146329963582	0.5420969415484955				0.1065709815245671	0.2582991586103916	0.5420969415484955								
NadigOConner2024_jurkat	TBPL1				0.061447778251501	0.2136041815409321	0.5440729136719651				0.061447778251501	0.2183013174724378	0.5440729136719651								
ReplogleWeissman2022_K562_gwps	TBPL1				0.0164594868386117	0.2294040978131509	0.5513635737526711				0.0164594868386117	0.2129227233590623	0.5513635737526711								
ReplogleWeissman2022_rpe1	TBPL1				0.9868758676340316	1.0	0.4373926455928278				0.9868758676340316	0.9999999999778226	0.4373926455928278								
ReplogleWeissman2022_K562_gwps	TBPL2				0.0897434526734176	0.5717500951932137	0.5331369154848906				0.0897434526734176	0.5831057965736678	0.5331369154848906								
ReplogleWeissman2022_K562_gwps	TBX15				0.4780479856241318	0.9034296677473	0.5009271548752523				0.4780479856241318	0.8970777014181239	0.5009271548752523								
NormanWeissman2019_filtered	TBX2				0.4629166931339745	0.6312500360917835	0.5010577721046865				0.4629166931339745	0.5875481105161985	0.5010577721046865								
ReplogleWeissman2022_K562_gwps	TBX2				0.5373508158426828	0.9037171005689472	0.4981023830828318				0.5373508158426828	0.9174275484590948	0.4981023830828318								
ReplogleWeissman2022_K562_gwps	TBX21				0.0384036621325192	0.3892734843432637	0.5564416034832464	0.2834626764974637	0.8412247588103643	0.5182635904962547	0.1986180751958358	0.7137208344532978	0.5270026787917816								
NormanWeissman2019_filtered	TBX3				0.0100083555013193	0.0200167110026386	0.5255637259056658				0.0433598510009316	0.0794930601683747	0.5194114506107903	CollecTRI			CollecTRI	CollecTRI, Ensemble	0.1569347816714527	0.431570649596495	
ReplogleWeissman2022_K562_gwps	TBX3										0.2921099241182269	0.7807509210429799	0.5097211663551057								
ReplogleWeissman2022_K562_gwps	TBX5				0.2207062582679763	0.7178081324699539	0.517756191183116				0.2207062582679763	0.7378857881542935	0.517756191183116								
ReplogleWeissman2022_K562_gwps	TCEA1	0.1863239144229065	0.572128429262222	0.524016502102095							0.1863239144229065	0.7098016613520532	0.524016502102095								
ReplogleWeissman2022_K562_gwps	TCF12				0.3002314654396227	0.8214922305893972	0.5096359422362731	0.1872867784764165	0.8299473673295268	0.5163367364074856	0.1435742454421922	0.6583517701138215	0.5195833076730455								
ReplogleWeissman2022_K562_gwps	TCF3				0.3165052293400445	0.8307831817180024	0.514379903796008	0.286716665650029	0.8412247588103643	0.516955006715633	0.3406086787786642	0.8298153566368749	0.5123714779345568								
ReplogleWeissman2022_K562_gwps	TCF4	0.5548197145373066	0.8392270941569527	0.4968408480092989	0.8439032429233466	0.9861500865045688	0.476838462598572	0.7905879138977256	0.9999995011210674	0.4814717225573457	0.8520684219574142	0.9999973175522412	0.4760428480455436								
ReplogleWeissman2022_K562_gwps	TCF7				0.779837783156534	0.9742511240555018	0.4717343654415246	0.7364368997926259	0.9999995011210674	0.4768054507763509	0.8072910469604604	0.9999973175522412	0.4681658319156617								
ReplogleWeissman2022_K562_gwps	TCF7L2	0.6129905404842142	0.8604711934747354	0.4938821093205993	0.692034538389364	0.9535266025170543	0.4893115092256191	0.7410672790106243	0.9999995011210674	0.4862215896675397	0.914409017953727	0.9999973175522412	0.4708421345515676								
ReplogleWeissman2022_K562_gwps	TEAD1				0.6106834643921283	0.9409120818571264	0.4894315111356943	0.6169954908785655	0.9999995011210674	0.4888111514815601	0.6131134598019118	0.960791235007061	0.4891929986359356								
ReplogleWeissman2022_K562_gwps	TEAD2							0.7386401097511093	0.9999995011210674	0.4857062260923439	0.6837850004570298	0.9779210315771036	0.4893033740867792								
ReplogleWeissman2022_K562_gwps	TEAD4				0.9685038399050928	0.9986814806952088	0.4551246046722828	0.0804954490157087	0.6943768486860512	0.5338711680331998	0.1325723707004673	0.63631269922171	0.526925771407444								
ReplogleWeissman2022_K562_gwps	TEF				0.0922383687022723	0.5717500951932137	0.5214952114690311				0.0922383687022723	0.5831057965736678	0.5214952114690311								
ReplogleWeissman2022_K562_gwps	TET1				0.6801433108677599	0.9535266025170543	0.4892046262107267				0.6801433108677599	0.9779210315771036	0.4892046262107267								
NadigOConner2024_hepg2	TFAM				3.215267693718889e-05	0.0008359696003669	0.5370948487100011				3.215267693718889e-05	0.0002554351556676	0.5370948487100011	CollecTRI			CollecTRI	CollecTRI, Ensemble	1.0	1.0	
NadigOConner2024_jurkat	TFAM				2.855446314230302e-129	2.0844758093881205e-127	0.6520838997690157				2.855446314230302e-129	3.854852524210907e-127	0.6520838997690157	CollecTRI			CollecTRI	CollecTRI, Ensemble	1.0	1.0	
ReplogleWeissman2022_K562_essential	TFAM				0.0167409718978582	0.056919304452718	0.5680468560274556				0.0167409718978582	0.0694440315763008	0.5680468560274556	CollecTRI			CollecTRI	CollecTRI, Ensemble	1.0	1.0	
ReplogleWeissman2022_K562_gwps	TFAM				1.332231700114048e-28	5.941753382508655e-26	0.7629382758933501				1.332231700114048e-28	8.099968736693414e-26	0.7629382758933501	CollecTRI			CollecTRI	CollecTRI, Ensemble	1.0	1.0	
ReplogleWeissman2022_rpe1	TFAM				1.3786916818382123e-281	1.0478056781970417e-279	0.6982731533235287				1.3786916818382123e-281	1.916381437755115e-279	0.6982731533235287	CollecTRI			CollecTRI	CollecTRI, Ensemble	1.0	1.0	
TianKampmann2021_CRISPRa	TFAM				0.9999864754683394	0.9999999958196356	0.3680518330342368				0.9999864754683394	0.9999999958196356	0.3680518330342368								
TianKampmann2021_CRISPRi	TFAM				0.3378251042349094	0.7378544432360895	0.5109694592322779				0.3378251042349094	0.6148787026967413	0.5109694592322779								
FrangiehIzar2021_RNA	TFAP2A	0.5240235256390723	0.6781480920035053	0.4992884687980369	0.9332418730174018	0.9915694900809894	0.4822820226119725	0.6645956664828243	0.9599715182529684	0.4949807313619082	0.8571116729887585	0.999995150201828	0.4873946946180708								
ReplogleWeissman2022_K562_gwps	TFAP2A	0.0060835974407105	0.0572872092333576	0.5431823312388939	0.0455963739177484	0.4068952228220564	0.5290919390934932	0.2147667001166483	0.8412247588103643	0.5136059668948355	0.0743395226305037	0.5409846612039587	0.5248735946178562	CausalPath, CollecTRI	0.5270090505618223	0.5660467580108463		CausalPath, CollecTRI	0.5270090505618223	1.0	
ReplogleWeissman2022_K562_gwps	TFAP2B				0.5624043006492303	0.9187996999617464	0.4924413842912134				0.5534560831759007	0.9244541169531528	0.4935323549777747								
ReplogleWeissman2022_K562_gwps	TFAP2C				0.4466333747026928	0.8677503936330341	0.5032765816907746	0.7303462872564106	0.9999995011210674	0.4850092378973971	0.74547479778944	0.9921533085126588	0.4838747475134261								
NadigOConner2024_hepg2	TFAP4				0.3171412924042606	0.6755368496761728	0.5381490335786496	0.980966503375149	0.999927694428874	0.3337083391927999	0.8875368086730164	0.976290489540318	0.4027094173346458								
NadigOConner2024_jurkat	TFAP4				0.2374725897005114	0.597775829246115	0.5486536364398961	0.0357672422009847	0.1394922445838404	0.6227152830206265	0.0498223483710797	0.1817842440566421	0.6121270586919442								
ReplogleWeissman2022_K562_gwps	TFAP4				0.0051952388322906	0.0965448549667337	0.6091041258168746	0.6476010531199603	0.9999995011210674	0.4838700983891221	0.2610801579584394	0.7627855882055198	0.5272497370560181	CollecTRI, DoRothEA	0.0292956181976017	0.0772339025209501	CollecTRI	CollecTRI, Ensemble	0.0257498555325884	0.1544991331955305	
ReplogleWeissman2022_rpe1	TFAP4				0.9611060454589886	1.0	0.3959629370016648	0.120657903875974	0.2614254583979438	0.569120739507579	0.772531885553347	0.9542401438183404	0.4559238003446362								
ReplogleWeissman2022_K562_gwps	TFCP2				0.8673305538664308	0.9861500865045688	0.4822066281709524				0.8673305538664308	0.9999973175522412	0.4822066281709524								
NadigOConner2024_hepg2	TFDP1	0.4491135555693603	0.6218495384806528	0.5030812347996991	0.0391855472512725	0.2037648457066172	0.5423961438586667	0.0003808926654325	0.0025392844362169	0.5810797085934198	0.0015856912530744	0.0083603838372651	0.5710674111039742	DoRothEA, CollecTRI	0.0170361125380078	0.0511083376140236	DoRothEA	DoRothEA, Ensemble	0.2516841717872838	0.7886104049334894	
NadigOConner2024_jurkat	TFDP1	0.9642766684908168	0.9999999809091804	0.4712545026269628	0.708531223467945	0.8884222029756293	0.4912439136282206	0.177931516525391	0.4305974306292461	0.5147231638952481	0.5793230242662804	0.8115222097123123	0.496808240799905								
ReplogleWeissman2022_K562_essential	TFDP1	8.78318011039267e-05	0.0006148226077274	0.5854792663853701	4.864579098215089e-05	0.0003101169175112	0.5887962759134167	2.024224021669764e-08	1.821801619502788e-07	0.6250569066523444	7.008949197467392e-08	7.850023101163479e-07	0.6199597994119742	DoRothEA, CollecTRI	0.0677345922194963	0.146758283142242		DoRothEA, Ensemble	0.6091032434992376	1.0	
ReplogleWeissman2022_K562_gwps	TFDP1	8.354649487593377e-07	2.6973582631372903e-05	0.5780680721885574	4.973343153636706e-05	0.0022181110465219	0.5634354979902122	2.758936472025899e-10	7.449128474469927e-08	0.6011153551192416	5.960152129031734e-10	6.039620824085492e-08	0.5991217987787043	DoRothEA, CausalPath	0.1283827579160615	0.1861549989782892		DoRothEA, Ensemble	0.7700217808583272	1.0	
ReplogleWeissman2022_rpe1	TFDP1	6.317807718844589e-05	0.0002162634180681	0.5862612809953561	1.6912552746750386e-05	0.0001285354008753	0.5932954908547927	7.699402724660348e-11	7.506917656543841e-10	0.6440449513659966	8.456850613199739e-11	7.83668156823176e-10	0.6437222811889582	DoRothEA, CollecTRI	0.0005182495883857	0.0024616855448324	DoRothEA	DoRothEA, Ensemble	0.9616918589733152	1.0	
ReplogleWeissman2022_K562_gwps	TFDP2	0.0264049447048029	0.1737648515870974	0.5403953489021421							0.0362074874206499	0.3550669734154056	0.5374754992293775								
ReplogleWeissman2022_K562_gwps	TFDP3				0.6973646065585466	0.9535266025170543	0.4851606563859495				0.6973646065585466	0.9792094244517237	0.4851606563859495								
ReplogleWeissman2022_K562_gwps	TFE3				0.0433620439768334	0.4029056586180776	0.5336166823796873				0.0501446929498293	0.4176434700478941	0.5322530309969056								
ReplogleWeissman2022_K562_gwps	TGIF2							0.0526059418668889	0.5858584437833999	0.5366718891125775	0.0526059418668889	0.4322217926360606	0.5366718891125775								
NadigOConner2024_hepg2	TGS1	0.0607850202037528	0.1439645215352041	0.5611603885014407							0.0607850202037528	0.1640048658327671	0.5611603885014407								
NadigOConner2024_jurkat	TGS1	0.0025516115610923	0.0166836140532958	0.5655666579875958							0.0025516115610923	0.0164032171784505	0.5655666579875958	CausalPath			CausalPath	CausalPath, Ensemble	1.0	1.0	
ReplogleWeissman2022_K562_essential	TGS1	0.2164231751995941	0.5554861496789582	0.5180349427014841							0.2164231751995941	0.5269433830946639	0.5180349427014841								
ReplogleWeissman2022_K562_gwps	TGS1	0.6011069482032605	0.8604711934747354	0.4961453479211302							0.6011069482032605	0.959246783484468	0.4961453479211302								
ReplogleWeissman2022_rpe1	TGS1	0.0423320218033869	0.0784906237604465	0.5628863771332886							0.0423320218033869	0.09339922270906	0.5628863771332886	CausalPath			CausalPath	CausalPath, Ensemble	1.0	1.0	
NadigOConner2024_hepg2	THAP1							9.362777268030356e-06	0.0001499423552903	0.5925292751618163	4.071797571210889e-06	3.8817803512210474e-05	0.5964600798238823	DoRothEA			DoRothEA	Ensemble, DoRothEA	0.2907570389674228	0.8540988019668044	
NadigOConner2024_jurkat	THAP1							0.1594908618631517	0.4305974306292461	0.5117787109083847	0.2041736744305931	0.4593907674688346	0.5097724029264847								
ReplogleWeissman2022_K562_essential	THAP1							0.0729562478187476	0.1969818691106186	0.540231926630574	0.0615902359672018	0.2028854831860767	0.5426511024200297								
ReplogleWeissman2022_K562_gwps	THAP1							0.1085951208536361	0.751812375140558	0.5263661293730402	0.1379513673776685	0.6451879335817111	0.5232795380585731								
ReplogleWeissman2022_rpe1	THAP1							0.0001042405520422	0.0005807687899497	0.5885719461685466	4.99758277336167e-06	2.6717846365279695e-05	0.6054996554427028	DoRothEA			DoRothEA	Ensemble, DoRothEA	0.0013265592142574	0.0291843027136649	Ensemble
TianKampmann2021_CRISPRi	THAP1							0.2475010748598699	0.4950021497197399	0.5194897236002836	0.268343771570495	0.6148787026967413	0.5176470588235293								
NadigOConner2024_hepg2	THAP11				0.332447099967055	0.6823914157218499	0.5137619337802153	0.999927694428874	0.999927694428874	0.3792789917104359	0.9998802584441367	0.9999999990003032	0.3833101186848902								
NadigOConner2024_jurkat	THAP11							0.9989523152766095	0.9989523152766095	0.4321833295247351	0.9993605831413286	0.9999681819073516	0.4290019447955747								
ReplogleWeissman2022_K562_essential	THAP11							0.9780435671494432	0.9999184045846164	0.4259118978504724	0.9486280207039152	0.9999748558123746	0.4400032118681558								
ReplogleWeissman2022_K562_gwps	THAP11							0.9993842920289876	0.9999995011210674	0.425471390078411	0.9992930666340656	0.9999973175522412	0.4263869178129258								
ReplogleWeissman2022_rpe1	THAP11				0.7905942623868513	1.0	0.480428020678174	0.9255042450547776	0.9999840789178064	0.4650648140035243	0.9278540173835168	0.9999999999778226	0.4646559235569574								
ReplogleWeissman2022_K562_gwps	THRA				0.1555694434117431	0.6307633796512496	0.5170856656004224				0.1555694434117431	0.6614421090513276	0.5170856656004224								
ReplogleWeissman2022_K562_gwps	THRB				0.203889191943367	0.716020311864108	0.5137563143166826				0.2369942809147719	0.7378857881542935	0.5118983720391741								
FrangiehIzar2021_RNA	TIMP3	0.6266051490824947	0.7658507377674935	0.495851008490956							0.6266051490824947	0.999995150201828	0.495851008490956								
NadigOConner2024_hepg2	TNRC6A	0.7351308664264677	0.8559114593157392	0.48037945276803							0.7351308664264677	0.8796645718886879	0.48037945276803								
NadigOConner2024_jurkat	TNRC6A	0.7912793503726996	0.9213526682421844	0.4815958106313719							0.7912793503726996	0.9390604436092634	0.4815958106313719								
ReplogleWeissman2022_K562_gwps	TNRC6A	0.983865005452131	0.99999988097155	0.4677884672852173							0.983865005452131	0.9999973175522412	0.4677884672852173								
ReplogleWeissman2022_rpe1	TNRC6A	0.7599405419221269	0.8561355472287253	0.4805583643750646							0.7599405419221269	0.9542401438183404	0.4805583643750646								
ReplogleWeissman2022_K562_gwps	TNRC6B	0.6303538971069116	0.8633938227040122	0.4895740093263064							0.6303538971069116	0.9640112170735534	0.4895740093263064								
ReplogleWeissman2022_K562_gwps	TNRC6C	0.4240444404134774	0.7886027772090635	0.5036129578645558							0.4240444404134774	0.8561805032139952	0.5036129578645558								
FrangiehIzar2021_RNA	TP53	7.506628065037195e-05	0.0002752430290513	0.5469747554314439	0.1930559697624791	0.5420629660390358	0.5107397002785635	0.0302660495843296	0.0786917289192569	0.5232578037942816	0.0829947651286761	0.2593586410271128	0.5171649482462927	CausalPath, DoRothEA	0.0785754460809367	0.1964386152023419		CausalPath, DoRothEA	0.0785754460809367	0.314301784323747	
ReplogleWeissman2022_K562_gwps	TP53	0.8534516416487105	0.9741417727909524	0.4794612343362594	0.3716166644115393	0.8487040402070734	0.5063993951293964	0.8612928325476831	0.9999995011210674	0.4787815198689651	0.6143443923863832	0.960791235007061	0.4943218108665579								
TianKampmann2021_CRISPRa	TP53	0.6275706402099195	0.8743943174399442	0.4898171238570241	0.9694368836455918	0.9999999958196356	0.4413503278839936	0.9966573674292136	0.9966573674292136	0.4150503371201626	0.9957898376450188	0.9999999958196356	0.4174748314399187								
ReplogleWeissman2022_K562_gwps	TP53BP2	0.4893892676011733	0.8060095249236381	0.5005010400909063							0.4893892676011733	0.9073847024967956	0.5005010400909063								
ReplogleWeissman2022_K562_gwps	TP63	0.8966962444206596	0.9954610858195412	0.4701023194231506	0.9177769756166853	0.9911102448548224	0.467088189169729	0.9250810711508564	0.9999995011210674	0.4659085318055504	0.920138392908958	0.9999973175522412	0.4667158078134423								
NormanWeissman2019_filtered	TP73	2.6644606374916953e-52	1.065784254996678e-51	0.782181686998781	2.0253488706229352e-58	1.5190116529672014e-57	0.7988869169548546	1.0953060780563764e-23	4.928877351253694e-23	0.6853054171055142	1.4433181899172798e-57	1.190737506681756e-56	0.7966145854930158	CollecTRI, CausalPath	0.2773912946319511	0.4715652008743168		CollecTRI, Ensemble	0.7831063870276701	0.9571300285893743	
ReplogleWeissman2022_K562_gwps	TP73	0.5795149042702861	0.8534806015070802	0.495835944100679	0.3478724977418912	0.8487040402070734	0.508115819281245	0.9248369957411804	0.9999995011210674	0.4701497239091944	0.8015430880448581	0.9999973175522412	0.4824194438668325								
ReplogleWeissman2022_K562_gwps	TRIM28	0.3139540213540932	0.7108810378369613	0.5185389090900541	0.1091657382934843	0.5796180866535	0.5467360520849129				0.1072842073445493	0.5984293400503303	0.5474728165988918								
ReplogleWeissman2022_K562_gwps	TRPS1				0.3699552229984565	0.8487040402070734	0.5061296423682387				0.3699552229984565	0.843819083453071	0.5061296423682387								
NadigOConner2024_hepg2	TRRAP	0.0001857970255207	0.0009289851276037	0.7496743974859902							0.0001857970255207	0.0012076806658848	0.7496743974859902	CausalPath			CausalPath	CausalPath, Ensemble	1.0	1.0	
NadigOConner2024_jurkat	TRRAP	3.9517154557095065e-15	1.119652712451027e-13	0.8796673337567558							3.9517154557095065e-15	1.3337039663019586e-13	0.8796673337567558	CausalPath			CausalPath	CausalPath, Ensemble	1.0	1.0	
ReplogleWeissman2022_K562_essential	TRRAP	8.271384320818178e-05	0.0006148226077274	0.5551171545860204							8.271384320818178e-05	0.0005789969024572	0.5551171545860204	CausalPath			CausalPath	CausalPath, Ensemble	1.0	1.0	
ReplogleWeissman2022_K562_gwps	TRRAP	3.241053296623266e-06	8.13864494485398e-05	0.5743378781641866							3.241053296623266e-06	0.0001407543145962	0.5743378781641866	CausalPath			CausalPath	CausalPath, Ensemble	1.0	1.0	
ReplogleWeissman2022_rpe1	TRRAP	5.1621185424995644e-08	2.552380834902562e-07	0.8842931306404976							5.1621185424995644e-08	3.416830844797331e-07	0.8842931306404976	CausalPath			CausalPath	CausalPath, Ensemble	1.0	1.0	
NormanWeissman2019_filtered	TSC22D1				0.8971070823590216	1.0	0.4824789085969011				0.9875610715542716	1.0	0.4684709064195228								
ReplogleWeissman2022_K562_gwps	TSC22D1										0.7489242012022033	0.9921533085126588	0.4823389510598851								
FrangiehIzar2021_RNA	TSC22D3	0.4233919745894404	0.5821639650604806	0.5021661470221912							0.4233919745894404	0.7850966006762234	0.5021661470221912								
ReplogleWeissman2022_K562_gwps	TTF1				0.5375679032732288	0.9037171005689472	0.495028702897094				0.5375679032732288	0.9174275484590948	0.495028702897094								
ReplogleWeissman2022_K562_gwps	TWIST1	0.9921596911064784	0.99999988097155	0.449464669070864	0.9110628829719069	0.9899555729331274	0.4718211075142099	0.7739316755904406	0.9999995011210674	0.4842751955676135	0.9073262292915212	0.9999973175522412	0.4722992337980691								
ReplogleWeissman2022_K562_gwps	TWIST2	0.9544431703800316	0.99999988097155	0.4677902216887268	0.9067385233892132	0.9899555729331274	0.4748175707763621				0.9067385233892132	0.9999973175522412	0.4748175707763621								
SunshineHein2023	TYK2	0.7448875426531093	0.9580959476207856	0.4830418555184479							0.7448875426531093	0.8836574153494964	0.4830418555184479								
NadigOConner2024_hepg2	UBTF				0.0066891850663018	0.057972937241283	0.5717836865953505				0.0066891850663018	0.0289864686206415	0.5717836865953505	CollecTRI			CollecTRI	CollecTRI, Ensemble	1.0	1.0	
NadigOConner2024_jurkat	UBTF				0.6802952450827924	0.8884222029756293	0.4909876116749679				0.6802952450827924	0.8677268563928148	0.4909876116749679								
ReplogleWeissman2022_K562_essential	UBTF				0.685070891369718	0.8866554054785569	0.4900287393946985				0.685070891369718	0.883488144930947	0.4900287393946985								
ReplogleWeissman2022_K562_gwps	UBTF				0.8492877539357356	0.9861500865045688	0.4867204826043532				0.8492877539357356	0.9999973175522412	0.4867204826043532								
ReplogleWeissman2022_rpe1	UBTF				0.831839145380824	1.0	0.4836324025382889				0.831839145380824	0.9999999999778226	0.4836324025382889								
ReplogleWeissman2022_K562_gwps	USF1	0.9410561998568844	0.9984915547777272	0.4642751122428466	0.6221435668151536	0.9409120818571264	0.4928921798565971	0.7283296112585306	0.9999995011210674	0.4861147222408363	0.5353567953933764	0.9174275484590948	0.4979725926422301								
NadigOConner2024_hepg2	USF2	0.9458024501029104	0.9966961233902358	0.4359935458897206	0.6587406078680191	0.9540554052512628	0.4836941732874953	0.6907056596375043	0.9209408795166724	0.4801528443693253	0.5101232818181768	0.7145747553307669	0.4989901080411928								
NadigOConner2024_jurkat	USF2	0.6690607567715642	0.8455708565235106	0.4892297553618878	0.1237912869361854	0.3346949609756124	0.5284767404598257	0.0128135877738664	0.0624662403975988	0.5549664789601085	0.0022134010229457	0.014940456904884	0.5700936440680524	DoRothEA, CollecTRI	0.303578979959716	0.4047719732796214		Ensemble, DoRothEA	0.1733771240190574	1.0	
ReplogleWeissman2022_K562_essential	USF2	0.2901241187100711	0.6359749155028492	0.5118711661452761	0.2791427910804788	0.620343956086272	0.5125659565952512	0.0282743396677907	0.0848230190033721	0.5409303555530145	0.0508329971126819	0.1779154898943866	0.5351356704702317	DoRothEA, CollecTRI	0.1991536153938498	0.3698567143028639		DoRothEA, Ensemble	0.5627820541514963	1.0	
ReplogleWeissman2022_K562_gwps	USF2	0.0132867507821153	0.1072430598842167	0.5318983622099618	0.5420663663466497	0.9054741550209956	0.4984805458141919	0.3001004596440898	0.8473933899077585	0.5075385001029978	0.5179515475501245	0.9174275484590948	0.499352577800611								
ReplogleWeissman2022_rpe1	USF2	0.8969142288677499	0.9854983502374042	0.4640516212955536	0.9806227444488802	1.0	0.4412276149330386	0.4920401596856305	0.6396522075913197	0.5005678409910426	0.8436231811720339	0.9999999999778226	0.4712945426605288								
ReplogleWeissman2022_K562_gwps	VDR				0.2476484500899982	0.7392381937630209	0.5176217114521209	0.8994160428733439	0.9999995011210674	0.4669684111773772	0.834634122494976	0.9999973175522412	0.4748653755947195								
NadigOConner2024_hepg2	VHL	0.2474806189480828	0.4124676982468048	0.539508429819216	0.7675249753563692	0.9872719197433208	0.4577046516351817				0.7675249753563692	0.8923257843574048	0.4577046516351817								
NadigOConner2024_jurkat	VHL	0.063217328949628	0.1948232887624149	0.5566344555207026	0.0722514920127692	0.2397435871332796	0.5540752577418827				0.0722514920127692	0.2252992220026041	0.5540752577418827								
ReplogleWeissman2022_K562_essential	VHL	0.6599418602183569	0.8761297109795427	0.4905199135825662	0.9331950949939584	0.9958647180348495	0.465509346233327				0.9331950949939584	0.9999748558123746	0.465509346233327								
ReplogleWeissman2022_K562_gwps	VHL	0.2943712137784401	0.6858545805559533	0.5081012647767027	0.0967966983674952	0.5785091959249284	0.5194801230768347				0.0967966983674952	0.5831057965736678	0.5194801230768347								
ReplogleWeissman2022_rpe1	VHL	0.0956081223972283	0.1575763498769133	0.5480493381910272	0.9994202633820102	1.0	0.3805705434945435				0.9994202633820102	0.9999999999778226	0.3805705434945435								
ReplogleWeissman2022_K562_gwps	VSX2				0.673214902332115	0.9535266025170543	0.4786953206640937				0.673214902332115	0.9776029600513464	0.4786953206640937								
ReplogleWeissman2022_K562_gwps	WT1	0.4981373540247435	0.8088087859476941	0.5000805797160894	0.1068537212911799	0.5796180866535	0.5214535445655433	0.5206272068955485	0.9999995011210674	0.4991075420849566	0.1068537212911799	0.5984293400503303	0.5214535445655433								
ReplogleWeissman2022_K562_gwps	XBP1	0.637307234376276	0.867659246801436	0.4938061977133174	0.7402711823963749	0.9559333566863149	0.488641395097062	0.993879167353504	0.9999995011210674	0.4558320319399185	0.8875986875562347	0.9999973175522412	0.4785965228694411								
SunshineHein2023	XBP1	0.858585961296805	0.9595960743905468	0.4743157679738562	0.731585505221025	0.8434152227179917	0.4852302900326797	0.9902256084181656	0.9902256084181656	0.4441795598447712	0.9372340436985503	0.9372340436985503	0.4633629493464052								
TianKampmann2021_CRISPRa	YAP1				0.3159956180076795	0.9479868540230384	0.5113912052448065				0.2123170347128989	0.8483255182268012	0.5191771701966803								
NadigOConner2024_hepg2	YBX1	0.4688286215367567	0.6297697901240016	0.5038333188241781	0.1736090685814613	0.4836252624769279	0.5460375496938568				0.1736090685814613	0.3522969372798638	0.5460375496938568								
NadigOConner2024_jurkat	YBX1	0.6774478126132355	0.8455708565235106	0.4835889301538156	0.5418935209834704	0.8803761215621544	0.4962518397632901				0.5418935209834704	0.7908800614101531	0.4962518397632901								
ReplogleWeissman2022_K562_essential	YBX1	0.7229689299821843	0.9435357221801388	0.4811785183190021	0.2957431486902033	0.6284541909666821	0.5170729885538774				0.2957431486902033	0.6111966720416993	0.5170729885538774								
ReplogleWeissman2022_K562_gwps	YBX1	0.5934941361547609	0.8598056075062562	0.4944918547243817	0.1365339507310109	0.627925739165579	0.525522356756023				0.1365339507310109	0.6435088530577879	0.525522356756023								
ReplogleWeissman2022_rpe1	YBX1	0.9884102733923816	0.99999994418258	0.3781320152155588	0.7634538200033579	1.0	0.46149128187155				0.7634538200033579	0.9542401438183404	0.46149128187155								
NadigOConner2024_hepg2	YBX3				0.4008851663384979	0.727187045916345	0.5137401700472999				0.4008851663384979	0.629962404246211	0.5137401700472999								
NadigOConner2024_jurkat	YBX3				0.4856562460024428	0.8441168085280555	0.5014300117281538				0.4856562460024428	0.7450408319355657	0.5014300117281538								
ReplogleWeissman2022_K562_gwps	YBX3				0.9464785751070004	0.997941949167192	0.4692089553155982				0.9464785751070004	0.9999973175522412	0.4692089553155982								
ReplogleWeissman2022_rpe1	YBX3				0.7588790197740563	1.0	0.4755053035122673				0.7588790197740563	0.9542401438183404	0.4755053035122673								
NadigOConner2024_hepg2	YY1	0.7904243036813126	0.894939402962677	0.4668494820231565	0.8215917251247662	0.9974158144449194	0.4621897217144018	0.9673604253688622	0.999927694428874	0.4243591306114158	0.8680819719327991	0.969810328018674	0.4541499085923217								
NadigOConner2024_jurkat	YY1	0.2548814900849138	0.4513526386920348	0.5236692843269473	1.0756084434113013e-07	1.5703883273804998e-06	0.6861943693417563	0.031223825580809	0.1353032441835057	0.5668948784627	7.782764532456172e-07	1.5009617312594046e-05	0.6724810128215882	CollecTRI, DoRothEA	0.0012482165328953	0.0099857322631626	CollecTRI	CollecTRI, Ensemble	0.3648978988165636	1.0	
ReplogleWeissman2022_K562_essential	YY1	0.5395257466207869	0.8155985603347663	0.4968246404237479	0.4211885369531341	0.7407108753313737	0.5063644652978561	0.965140980778988	0.9999184045846164	0.4419557557401611	0.3767048938536516	0.6702359973999129	0.5100541598126859								
ReplogleWeissman2022_K562_gwps	YY1	0.0002067029580586	0.0038929057101053	0.5769328004970973	0.0232326658424093	0.274679983867637	0.5433780527922121	0.8656271181164035	0.9999995011210674	0.4759062429562664	0.1440144497123984	0.6583517701138215	0.5231461654675821	CausalPath, CollecTRI	0.1283115894951586	0.1861549989782892		CausalPath, CollecTRI	0.1283115894951586	0.4349578328725527	
ReplogleWeissman2022_rpe1	YY1	0.0010704135664871	0.0025070212478252	0.5959279401906027	0.0007295010650887	0.0046201734122284	0.5994510543871839	0.0660413096515388	0.1839722197435724	0.5470567019657306	0.000271239517896	0.0011424937268955	0.6080795257957572	CollecTRI, CausalPath	0.9117179833299092	0.9117179833299092		Ensemble, CollecTRI	0.5489177717388126	1.0	
ReplogleWeissman2022_K562_gwps	ZBED1				0.7008422537092401	0.9535266025170543	0.4909425510316917	0.4712470632346208	0.9680018095046352	0.5012402180427253	0.4924949865525371	0.9073847024967956	0.5003234744006275								
NadigOConner2024_hepg2	ZBTB11							0.0453378945829094	0.1440810061267448	0.6153429480668968	0.0453378945829094	0.1409417157686097	0.6153429480668968								
NadigOConner2024_jurkat	ZBTB11							0.1938936905781287	0.4305974306292461	0.5463554608066322	0.1938936905781287	0.4436550547126675	0.5463554608066322								
ReplogleWeissman2022_K562_essential	ZBTB11							0.7689996583986346	0.865124615698464	0.4822462054713766	0.7689996583986346	0.9515718773652566	0.4822462054713766								
ReplogleWeissman2022_K562_gwps	ZBTB11							0.2531253438451417	0.8412247588103643	0.5110274849490543	0.2531253438451417	0.7587491314926341	0.5110274849490543								
ReplogleWeissman2022_rpe1	ZBTB11							0.029084477944005	0.103117694528745	0.6413037763953386	0.029084477944005	0.0662744661346999	0.6413037763953386								
NadigOConner2024_hepg2	ZBTB14				0.0542566511025217	0.2583922639150955	0.57096967721516				0.0542566511025217	0.1616396064095959	0.57096967721516								
NadigOConner2024_jurkat	ZBTB14				0.6877538787706013	0.8884222029756293	0.4778941036621171				0.6877538787706013	0.8677268563928148	0.4778941036621171								
ReplogleWeissman2022_K562_gwps	ZBTB16				0.3669936071417679	0.8487040402070734	0.5170810158815251				0.3669936071417679	0.843819083453071	0.5170810158815251								
NadigOConner2024_hepg2	ZBTB17	0.0075204522959427	0.0250681743198092	0.5630872923334309	0.7810058391609542	0.9872719197433208	0.4798767155933662				0.1712013520247782	0.3522969372798638	0.5246352889618231	CausalPath, CollecTRI	0.026192731511238	0.067352738171755	CausalPath	CausalPath, Ensemble	0.1422397685242222	0.7428076800709382	
NadigOConner2024_jurkat	ZBTB17	0.7725695877386091	0.9162195972960104	0.489083293372914	0.0001944954880697	0.0020283100898703	0.5519316428510914				0.0011658570346514	0.0104927133118634	0.5445670314646046	CollecTRI, CausalPath	0.0021183754163487	0.0112980022205268	CollecTRI	CollecTRI, Ensemble	0.1793164079853316	1.0	
ReplogleWeissman2022_K562_essential	ZBTB17	0.0055900953376855	0.0269023338126118	0.5585134287304293	0.0643796869541432	0.1824091130367392	0.5350360427101093				0.0110716873985897	0.0476934226400787	0.5527702848797847	CausalPath, CollecTRI	0.4984081068647434	0.6479305389241664		CausalPath, Ensemble	0.8275983397165572	1.0	
ReplogleWeissman2022_K562_gwps	ZBTB17	0.1277141631323764	0.4692805318205778	0.5185319561048303	0.2411271399465338	0.7266398947037438	0.511453312187749				0.2008541959054735	0.7137208344532978	0.5136682802406851								
ReplogleWeissman2022_rpe1	ZBTB17	0.378592890936275	0.5264807389582574	0.5054086910261109	0.0028821030132493	0.0146026552671299	0.5482972790570522				0.0047766610049786	0.0127683823017698	0.5453354927271203	CollecTRI, CausalPath	0.0905118455620164	0.1322865435137163		CollecTRI, Ensemble	0.6236891784948102	1.0	
ReplogleWeissman2022_K562_gwps	ZBTB33							0.1429738713135289	0.7720589050930561	0.5300822316462603	0.1549967317982443	0.6614421090513276	0.528621399373929								
NadigOConner2024_hepg2	ZBTB4				6.27598070409653e-05	0.0012238162372988	0.7314115641752554				6.27598070409653e-05	0.0004723501266767	0.7314115641752554	CollecTRI			CollecTRI	CollecTRI, Ensemble	1.0	1.0	
NadigOConner2024_jurkat	ZBTB4				0.0009129505465213	0.0066645389896056	0.6262798719017848				0.0009129505465213	0.0088034516985985	0.6262798719017848	CollecTRI			CollecTRI	CollecTRI, Ensemble	1.0	1.0	
ReplogleWeissman2022_K562_gwps	ZBTB4				1.4081623884506428e-10	2.0934680841632893e-08	0.5971584445099576				1.4081623884506428e-10	1.7123254643559823e-08	0.5971584445099576	CollecTRI			CollecTRI	CollecTRI, Ensemble	1.0	1.0	
ReplogleWeissman2022_rpe1	ZBTB4				0.0003145195760181	0.0021730443433983	0.6695151555759428				0.0003145195760181	0.0012143950296257	0.6695151555759428	CollecTRI			CollecTRI	CollecTRI, Ensemble	1.0	1.0	
ReplogleWeissman2022_K562_gwps	ZBTB7A				0.835064056341934	0.9861500865045688	0.4908729398577285	0.8300558319220686	0.9999995011210674	0.4910601517450006	0.783540680883104	0.9999973175522412	0.4926542390926228								
GasperiniShendure2019_lowMOI	ZC3H8							0.2411864962592457	0.4823729925184915	0.6023035230352304	0.2500161937458095	0.5909473670355498	0.5982384823848239								
NadigOConner2024_hepg2	ZC3H8							0.6148178560214286	0.8783112228877552	0.4733698964046313	0.6148178560214286	0.8065959028538009	0.4733698964046313								
NadigOConner2024_jurkat	ZC3H8							0.1201882056942338	0.3605646170827016	0.5542987057960633	0.1278799986302562	0.3319961502900883	0.552603786896212								
ReplogleWeissman2022_K562_essential	ZC3H8							0.3529151169567072	0.5855800668143397	0.5238028143814355	0.3529151169567072	0.6587748849858535	0.5238028143814355								
ReplogleWeissman2022_K562_gwps	ZC3H8							0.2256025969425692	0.8412247588103643	0.5543288882932387	0.2256025969425692	0.7378857881542935	0.5543288882932387								
ReplogleWeissman2022_rpe1	ZC3H8							0.7352532185905354	0.8433786919126729	0.4098725138000526	0.7352532185905354	0.9542401438183404	0.4098725138000526								
ReplogleWeissman2022_K562_gwps	ZEB1				0.001082161366886	0.0301652481019474	0.5426674790483372	0.3674931781180127	0.8942275200343378	0.5047096109528528	0.1233920652921926	0.6299268000300609	0.5161141434421099	CollecTRI, DoRothEA	0.0453333154179981	0.0939047247944247	CollecTRI	CollecTRI, Ensemble	0.0763724697300104	0.3316339506426375	
ReplogleWeissman2022_K562_gwps	ZEB2				0.9786519802591258	0.9998782080621428	0.4250611060273337	0.6331890484116547	0.9999995011210674	0.4874166074373038	0.7453251317659321	0.9921533085126588	0.4756012009188149								
ReplogleWeissman2022_K562_gwps	ZFP42				0.0957104667813711	0.5785091959249284	0.5205127916223635				0.1551189585685095	0.6614421090513276	0.5159444242490013								
ReplogleWeissman2022_K562_gwps	ZFPM1				0.5386647413454121	0.9037171005689472	0.4977683755514595				0.7181081556748459	0.9870652520763848	0.4867293880739696								
ReplogleWeissman2022_K562_gwps	ZFX							0.1578592520137184	0.793427621557885	0.5232130921637054	0.1463706216874698	0.6614421090513276	0.524342908984067								
ReplogleWeissman2022_K562_gwps	ZGLP1				0.4604511109400594	0.877611946492592	0.5020768040338309				0.4604511109400594	0.8821639084551679	0.5020768040338309								
ReplogleWeissman2022_K562_gwps	ZHX1							0.8713881885757712	0.9999995011210674	0.4712899551028613	0.8713881885757712	0.9999973175522412	0.4712899551028613								
ReplogleWeissman2022_K562_gwps	ZHX2				0.3516743353716475	0.8487040402070734	0.5071250421644046	0.2718900483168475	0.8412247588103643	0.5113965896948923	0.2198490295620448	0.7378857881542935	0.5145122175691759								
ReplogleWeissman2022_K562_gwps	ZIC1				0.6124067902836743	0.9409120818571264	0.4929239704995447				0.6124067902836743	0.960791235007061	0.4929239704995447								
ReplogleWeissman2022_K562_gwps	ZKSCAN1							0.3758844572710957	0.8942275200343378	0.5051074435476985	0.3758844572710957	0.843819083453071	0.5051074435476985								
ReplogleWeissman2022_K562_gwps	ZKSCAN7				0.2709058082935779	0.7684867879508099	0.5167282742100137				0.2709058082935779	0.7627855882055198	0.5167282742100137								
NadigOConner2024_hepg2	ZNF143				0.9334789032625528	0.9974158144449194	0.4319892193437473	0.4797091708643789	0.8113846262067602	0.5023062479253677	0.8086706188418096	0.92511918795503	0.460476707143671								
NadigOConner2024_jurkat	ZNF143				0.0142305413961059	0.0742021087082667	0.5709504236221794	0.0006216013856886	0.0048484908083717	0.604562326985991	0.0003538313156342	0.0043424752373299	0.6096730559516819	DoRothEA, CollecTRI	0.4087773060021135	0.5031105304641397		Ensemble, DoRothEA	0.7739407951027015	1.0	
ReplogleWeissman2022_K562_gwps	ZNF143				0.1077842059382831	0.5796180866535	0.526316315645539	0.0094066074844633	0.2079300237823136	0.5499213802021549	0.0152721464135211	0.2063436670982418	0.545963477382093								
ReplogleWeissman2022_rpe1	ZNF143				1.4010454390999717e-07	1.5211350481656837e-06	0.7756974049556313	0.2449770669157631	0.3980877337381151	0.5370584662982624	0.0007688268789066	0.0025444508611432	0.6700193669046489	CollecTRI, DoRothEA	4.524439736365611e-05	0.0002865478499698	CollecTRI	CollecTRI, Ensemble	0.0062643677001391	0.0689080447015304	CollecTRI
ReplogleWeissman2022_K562_gwps	ZNF148				0.1339605682572021	0.627925739165579	0.5345064353604315				0.1339605682572021	0.63631269922171	0.5345064353604315								
ReplogleWeissman2022_K562_gwps	ZNF197							0.7986398890642091	0.9999995011210674	0.4854629214564971	0.7986398890642091	0.9999973175522412	0.4854629214564971								
ReplogleWeissman2022_K562_gwps	ZNF217							0.1186658351559274	0.7706954707553041	0.5224277440285419	0.1186658351559274	0.6299268000300609	0.5224277440285419								
NadigOConner2024_hepg2	ZNF236				0.9998179102676372	0.99999999992544	0.425586188100772				0.9998179102676372	0.9999999990003032	0.425586188100772								
NadigOConner2024_jurkat	ZNF236				0.9999681819073516	0.9999999999727516	0.4456042342859724				0.9999681819073516	0.9999681819073516	0.4456042342859724								
ReplogleWeissman2022_K562_essential	ZNF236				0.9999748558123746	0.9999748558123746	0.371796248087813				0.9999748558123746	0.9999748558123746	0.371796248087813								
ReplogleWeissman2022_K562_gwps	ZNF236				0.993775114040482	0.9998782080621428	0.419323276150908				0.993775114040482	0.9999973175522412	0.419323276150908								
ReplogleWeissman2022_rpe1	ZNF236				0.6030312056009266	1.0	0.4924279330587925				0.6030312056009266	0.838213375785288	0.4924279330587925								
NadigOConner2024_hepg2	ZNF24							0.5435985232796012	0.8363054204301558	0.4925406820592682	0.7443315608288897	0.8796645718886879	0.4552328074570609								
NadigOConner2024_jurkat	ZNF24							0.4837368001821067	0.7281094579807673	0.5015636566460191	0.2530670413452822	0.4951311678494653	0.5254842920572128								
ReplogleWeissman2022_K562_essential	ZNF24							0.5179000804843266	0.665871532051277	0.4983092241217358	0.2973440444740752	0.6111966720416993	0.5200528884883954								
ReplogleWeissman2022_K562_gwps	ZNF24							0.4974513725368234	0.9949027450736468	0.5001399906493178	0.4662344694945296	0.8830858487622243	0.5018566187656022								
ReplogleWeissman2022_rpe1	ZNF24							0.0419744815098293	0.1364170649069453	0.5714267832779305	0.0836133045450642	0.1709154313494696	0.5570840269867695								
ReplogleWeissman2022_K562_gwps	ZNF263				0.7320648331832333	0.9559333566863149	0.4901319376650188	0.5551427195379225	0.9999995011210674	0.497788261403472	0.5845884791527272	0.9539338564325702	0.4965922943450136								
ReplogleWeissman2022_K562_gwps	ZNF274							0.7936590516330866	0.9999995011210674	0.4726824365074046	0.7506423057826037	0.9921533085126588	0.4774382273448145								
ReplogleWeissman2022_K562_gwps	ZNF331				0.5977571945974103	0.9409120818571264	0.4948495194155559				0.5977571945974103	0.9572710943642496	0.4948495194155559								
ReplogleWeissman2022_K562_gwps	ZNF350				0.1543977867412076	0.6307633796512496	0.5210667752582917				0.0728031085738895	0.5398084147917663	0.5301223202181454								
ReplogleWeissman2022_K562_gwps	ZNF362				0.2334571699331996	0.7228623317410735	0.5316704537839698				0.2334571699331996	0.7378857881542935	0.5316704537839698								
ReplogleWeissman2022_K562_gwps	ZNF382	0.6289040222567113	0.8633938227040122	0.4930285141143893	0.6289040222567113	0.9409120818571264	0.4930285141143893				0.6289040222567113	0.9640112170735534	0.4930285141143893								
ReplogleWeissman2022_K562_gwps	ZNF384							0.0216163859747903	0.3433190713643176	0.5518255654617588	0.0148177310717207	0.2047541020819592	0.5557603044710882								
ReplogleWeissman2022_K562_gwps	ZNF584							0.957133306551121	0.9999995011210674	0.4703531032252634	0.957133306551121	0.9999973175522412	0.4703531032252634								
ReplogleWeissman2022_K562_gwps	ZNF592							0.6925129735805992	0.9999995011210674	0.4860190955547117	0.6925129735805992	0.9779210315771036	0.4860190955547117								
TianKampmann2021_CRISPRi	ZNF592							0.6650736248001956	0.6650736248001956	0.4879690189328743	0.6650736248001956	0.7598994283079443	0.4879690189328743								
ReplogleWeissman2022_K562_gwps	ZNF639							0.5262094596483347	0.9999995011210674	0.4988276702535626	0.5262094596483347	0.9174275484590948	0.4988276702535626								
ReplogleWeissman2022_K562_gwps	ZNF644							0.1867270369756152	0.8299473673295268	0.5204536027557496	0.1867270369756152	0.7098016613520532	0.5204536027557496								
ReplogleWeissman2022_K562_gwps	ZNF699				0.5292368171455387	0.9037171005689472	0.4987389210432162				0.5292368171455387	0.9174275484590948	0.4987389210432162								
ReplogleWeissman2022_K562_gwps	ZNF740							0.7719176336976481	0.9999995011210674	0.482300131666881	0.7719176336976481	0.9999973175522412	0.482300131666881								
ReplogleWeissman2022_K562_gwps	ZNF76				0.0204616078188925	0.2708214339953537	0.5388050325001675				0.0204616078188925	0.2488131510777331	0.5388050325001675								
ReplogleWeissman2022_K562_gwps	ZNF91				0.1486528316762909	0.6307633796512496	0.5296658770686287				0.1486528316762909	0.6614421090513276	0.5296658770686287								
