Dataset	TF	correlation_MWU-pvalue	correlation_MWU-adjusted-pvalue	correlation_ROC-AUC	nonzero-rate_MWU-pvalue	nonzero-rate_MWU-adjusted-pvalue	nonzero-rate_ROC-AUC	specificity_MWU-pvalue	specificity_MWU-adjusted-pvalue	specificity_ROC-AUC	uniform_MWU-pvalue	uniform_MWU-adjusted-pvalue	uniform_ROC-AUC	Top, Second	DeLongs-pvalue	DeLongs-adjusted-pvalue	Winner
NadigOConner2024_hepg2	ACTL6A	0.0895455982390917	0.1812232345314952	0.6294265014557519	0.1169609275875458	0.2567434995824177	0.6146658541539711	0.1622979038159223	0.3245958076318447	0.59489471189654	0.1834991496004067	0.3370392543680939	0.5869050037240164				
NadigOConner2024_jurkat	ACTL6A	6.6692137576748585e-06	0.000131716971714	0.919190224533736	9.10285631482068e-06	0.0001289571311266	0.912581904948317	7.873319438275182e-06	0.0001115386920422	0.9156763507908546	4.629852816964324e-06	7.870749788839351e-05	0.9268238123199956	uniform, correlation	0.0951032252192383	0.2915578771701514	
ReplogleWeissman2022_K562_essential	ACTL6A	0.4000881363017574	0.6699150189238728	0.5100631293886622	0.4644662755544335	0.7609341110147102	0.5035463758201326	0.4443251136046207	0.727936888245868	0.5055667998256055	0.3680662634101385	0.6911808723186602	0.5133968289976925				
ReplogleWeissman2022_K562_gwps	ACTL6A	0.0523199235163924	0.2633659226611101	0.5610118381704047	0.0443712822037518	0.2279070404101797	0.5639934715721495	0.1627632262143163	0.5573407443096288	0.5369645536352144	0.150781434330971	0.5011265317470509	0.5388415334309342				
ReplogleWeissman2022_rpe1	ACTL6A	0.0862222042918711	0.1301467234594281	0.6017699115044248	0.1099796045678465	0.1808665204307933	0.591495078711411	0.1331229261293425	0.2154170986456633	0.58292590320979	0.0918217734277343	0.1541912799069501	0.5991763778147726				
ReplogleWeissman2022_K562_gwps	AGO1	0.6546795652245117	0.9248647826187546	0.4910188561444684	0.3311024711338896	0.6865060410665967	0.5098587382710924	0.4588756935934264	0.8149068618692006	0.502330418097453	0.3062549775439046	0.7062614788257392	0.5114298929627371				
ReplogleWeissman2022_K562_gwps	AGO2	0.4231218142047782	0.7781801337919066	0.5086402261769144	0.8167540232912234	0.9715074171779816	0.4597629737413963	0.5838139088443199	0.8668657586954832	0.4905693671960508	0.663068819405631	0.879855710281378	0.4812485042264577				
ReplogleWeissman2022_K562_gwps	AGO3	0.9941641267050904	0.9999954393391224	0.4465526620883258	0.1883239756582627	0.5527430973865894	0.5187366834337412	0.0142296605035658	0.123688587454072	0.5464320429098765	0.0269104858652584	0.1737648515870974	0.5408662676290261				
NormanWeissman2019_filtered	AHR	2.6621681841076673e-15	7.099115157620446e-15	0.5978670434768276	0.9990328157121668	0.999999999509541	0.461197155671351	0.8584562342366019	0.9156866498523754	0.486564692086193	0.0106776492077397	0.0213552984154794	0.5288087168533523	correlation, uniform	4.123527219126087e-05	0.0001443234526694	correlation
ReplogleWeissman2022_K562_gwps	AKT1	0.3468386942271805	0.7137623266775575	0.507541285029232	0.403911012269345	0.7606990731072664	0.5046571817199637	0.8374190028740987	0.9679918717064462	0.4811616003084841	0.445415843678867	0.7886027772090635	0.5026279345082535				
ReplogleWeissman2022_K562_gwps	APC	0.2651201364357554	0.646457318980335	0.5096122560798091	0.1191827567225208	0.4087690446818313	0.5180575507023824	0.5983675148517494	0.8668657586954832	0.496184709895484	0.194712797571907	0.5790143717269868	0.5131809394668543				
GasperiniShendure2019_lowMOI	APEX1	0.5503391247996149	0.8255086871994224	0.4897852824682093	0.6949415680994849	0.8771829162362194	0.4585157390035439	0.4780882145471544	0.6905718654570008	0.5045861997081509	0.607268110681119	0.7176804944413224	0.4779028559516365				
TianKampmann2021_CRISPRi	APEX1	0.0375497227505523	0.213599611640448	0.5439253789350952	0.0635109939635276	0.1270219879270553	0.5376603186941313	0.0512947095237157	0.1848749624852642	0.5402876020209872	0.0460820624187425	0.1382461872562276	0.5415623785464438				
ReplogleWeissman2022_K562_gwps	AR				0.2815195844444981	0.6670219131318594	0.5102739724295409	0.0713821871500768	0.3267854977078183	0.5260355864506985	0.0497696782837777	0.2499543842696395	0.5292601897286575				
ReplogleWeissman2022_K562_gwps	ARNT	0.0638353154934995	0.2771386867766564	0.5456291399794932	0.0034840307841279	0.0328079565505384	0.5808244328052461	0.0018902283076877	0.0284794398358289	0.5867418338870719	0.0022039494558237	0.0292995633538924	0.5852882070614819	specificity, uniform	0.9158344172542002	0.9628002848056976	
ReplogleWeissman2022_K562_gwps	ARNTL				0.9914610447269258	0.9999837890165918	0.4576506317334644	0.9511016617509356	0.9999999998639296	0.4706020464801073	0.9752005231081476	0.99999988097155	0.4651370620758889				
NadigOConner2024_hepg2	ASF1B	0.8557438207165702	0.940215025563456	0.4542081386688334	0.9199692807784612	0.974085120824253	0.439388809894599	0.9891929493956584	0.9970974545388352	0.400893763965062	0.9605430381606348	0.9966961233902358	0.4241948224885458				
NadigOConner2024_jurkat	ASF1B	0.6292800166329142	0.8662461735054002	0.4900467935648818	0.4049782368598246	0.6102156409915396	0.5072551908761667	0.3429628683354846	0.5845248737046668	0.5121998811013083	0.3951227767697035	0.6106442913713599	0.5080247498933195				
ReplogleWeissman2022_K562_essential	ASF1B	0.4170984192820047	0.6825246860978258	0.503631483879876	0.5191168343717067	0.766074019023357	0.4991685524980267	0.940184744056398	0.9999997917412552	0.473001024290216	0.6238922406759462	0.857851830929426	0.494523067772431				
ReplogleWeissman2022_K562_gwps	ASF1B	0.5175790948812498	0.8299917017014636	0.4995136489238662	0.121291258283589	0.4087690446818313	0.5128938185537282	0.2973321619609772	0.6999694646164673	0.5058710624074774	0.2391367589676785	0.6433917562701827	0.5078239979979826				
PapalexiSatija2021_eccite_RNA	ATF2	0.9250629698097996	0.9983620641312616	0.4848579812974353	0.5665717694102926	0.6295241882336585	0.498237221663576	0.8012851472237577	0.8012851472237577	0.4911016775108276	0.9587056862517052	0.9587056862517052	0.4817465919618829				
ReplogleWeissman2022_K562_gwps	ATF2	0.3509981398038274	0.7137623266775575	0.5080874693300833	0.050477970086214	0.2535115830996529	0.5346690551605191	0.0353614864739729	0.2103077879767861	0.5381991907836341	0.2782005724630264	0.6834057540939562	0.5124324831819382				
ReplogleWeissman2022_K562_gwps	ATF3	0.380324494209467	0.728074627603122	0.5050304854681045	0.8614853949858421	0.9785376571264156	0.4820496413178062	0.9043067730507948	0.9882189046010396	0.4784254160463801	0.8882733447193938	0.9954610858195412	0.479896628400517				
NadigOConner2024_hepg2	ATF4	1.8060129095487043e-05	9.03006454774352e-05	0.754842760327221	0.0925423334629732	0.2155882613178117	0.581759089985781	0.0466993518389002	0.1200840475857436	0.6035030376895094	0.0641261161368183	0.1479833449311192	0.5938359832326926	correlation, specificity	0.0127494775254799	0.052156953513327	correlation
NadigOConner2024_jurkat	ATF4	0.0466083651202641	0.1315021730178882	0.5673504416898427	0.4083233673257912	0.6102156409915396	0.5093032334664748	0.1984516856451418	0.4217098319959264	0.5339897917701792	0.1679039065219309	0.3659444116503623	0.5386164041478193				
ReplogleWeissman2022_K562_essential	ATF4	8.240010004682111e-10	1.48320180084278e-08	0.7058193479032293	0.4217388937018304	0.7059542351095857	0.5067409251257645	0.007583027638738	0.03434665459899	0.5828988978646127	0.0004297231925114	0.0027573904852817	0.613776431419208	correlation, uniform	0.001675606698399	0.0064630544081107	correlation
ReplogleWeissman2022_K562_gwps	ATF4	1.2020709972580889e-05	0.0001945169431926	0.6202203024067234	0.4554198240265903	0.787374778840435	0.5031874301023571	0.0039509163150543	0.0525239463060172	0.5756066903958117	0.0258487531631877	0.1737648515870974	0.5553805326891637	correlation, specificity	0.051110061795642	0.3357724060255268	
ReplogleWeissman2022_rpe1	ATF4	0.0031462090734741	0.0062924181469483	0.6129190307508265	0.5580137032994041	0.680318076625301	0.4939694619633535	0.1106828977118009	0.18988217779895	0.5505429719421283	0.4778833687404365	0.5853600833535333	0.5022933031970345	correlation, specificity	0.2031204695521133	0.3781628621086906	
SunshineHein2023	ATF4	1.1265843964982699e-16	1.0702551766733566e-15	0.7007293004423515	2.4453120372405095e-11	2.3230464353784838e-10	0.660779421732306	3.0641896181229426e-12	2.9109801372167956e-11	0.6681749875142694	1.3156714614669502e-11	1.2498878883936028e-10	0.6630201644549086	correlation, specificity	0.0521975922358443	0.2235240917054873	
ReplogleWeissman2022_K562_gwps	ATF6	0.0074878204250706	0.0701490545085565	0.5623758390182464	0.0001102708487448	0.0019170162935635	0.5947121206445054	0.2137865214460063	0.5964907882320671	0.5203397915071646	0.0024706033212901	0.0310197972561979	0.5720636801723915	nonzero-rate, uniform	0.0550351422701274	0.3357724060255268	
SunshineHein2023	ATF6	0.0502252536835638	0.0954279819987712	0.5408482472665485	0.0301567378585479	0.0816267225016132	0.5467122395833333	0.3049326161617168	0.579371970707262	0.512689540854019	0.0359856312892904	0.0854658743120647	0.5447429539745864	nonzero-rate, uniform	0.7917377175112101	0.9676794325137013	
ReplogleWeissman2022_K562_gwps	ATM	0.9158220182795864	0.9978923287310684	0.4681289594276259	0.9415467684267927	0.9999837890165918	0.4637240398146383	0.5663406194113799	0.8668657586954832	0.4961346879794912	0.659788574321435	0.879855710281378	0.4904703117026376				
TianKampmann2021_CRISPRa	ATM	0.9684958151449872	0.99980317523568	0.4502311294933398	0.9833687801166754	0.9833687801166754	0.4430083328264704	0.5218533485036324	0.8349653576058118	0.4985402347789064	0.898495306320028	0.898495306320028	0.4659236056200961				
NadigOConner2024_hepg2	ATR	4.0812324188996145e-08	3.469047556064673e-07	0.6562472069876093	1.7736919351630993e-07	1.5618218732542552e-06	0.6483313020515946	7.952848824067706e-08	7.952848824067705e-07	0.6527005890717041	6.946884341895037e-08	6.059863723615837e-07	0.6534257566524477	correlation, uniform	0.3049875576035463	0.4427238739406318	
NadigOConner2024_jurkat	ATR	0.0073217095063738	0.0304428974212385	0.563111249588894	0.0117312515210558	0.0498578189644874	0.5585800967480357	0.012398579282832	0.0658674524400454	0.5580301801675848	0.0113005757904191	0.0513495959420933	0.5589495927554815	correlation, uniform	0.4391207955713117	0.6915331102070797	
ReplogleWeissman2022_K562_essential	ATR	0.0452313102993484	0.1480297427978677	0.541873248985126	0.0186530596194405	0.0683945519379487	0.5515053622916138	0.0824241548605888	0.244102304779436	0.5343539248598508	0.0721934547969543	0.2416911312767601	0.5361025574006157	nonzero-rate, correlation	0.2612335492286491	0.4521734201028741	
ReplogleWeissman2022_K562_gwps	ATR	6.401683402862142e-08	1.6278566367278018e-06	0.6773090151063749	7.071455021277652e-08	2.6635813913479155e-06	0.6766961392807402	3.3316125850431835e-08	1.505888888439519e-06	0.6812832902593674	2.8132371058139924e-08	1.5894789647849055e-06	0.6822991355625545	uniform, specificity	0.6395717429725403	0.8194512956835672	
ReplogleWeissman2022_rpe1	ATR	2.607986152270991e-29	6.9546297393893085e-28	0.7606509837395387	1.5616069217766402e-27	3.474575400953025e-26	0.7520411076220382	1.1183685293957309e-23	1.9906959823244007e-22	0.732291133766531	8.553553366466268e-25	2.537554165384993e-23	0.7381763297654345	correlation, nonzero-rate	0.1111786785073438	0.2415260946883677	
SunshineHein2023	BCL2	0.6560432183699076	0.7790513218142654	0.4889422857273392	0.3459819790617368	0.5976052365611817	0.5109092310855263	0.8783531245150988	0.9764796995546412	0.4678776612755847	0.6231399139353179	0.9369211363221422	0.4913637038559941				
TianKampmann2021_CRISPRa	BCL2	0.9729517735208753	0.99980317523568	0.4510565691035569	0.0531373230801834	0.2125492923207337	0.5410552565953537	0.8688418698439089	0.9692837706814532	0.4715185719910749	0.6557957380799582	0.8743943174399442	0.4898149363433522				
ReplogleWeissman2022_K562_gwps	BCL6				0.3187388615484767	0.6860474543805308	0.5110814321463868	0.1851150699811174	0.581868858733476	0.5210713450458491	0.2246544733857756	0.6307470147232634	0.5177914619550336				
NadigOConner2024_hepg2	BRCA1	0.001061236517747	0.003758546000354	0.6300085140957987	0.9994754661592106	0.999824409025126	0.3613434119482585	0.9567868281778062	0.9970974545388352	0.4274551497313954	0.963472919277228	0.9966961233902358	0.4241575583129124	correlation, specificity	0.0001651900047465	0.0037167751067969	correlation
NadigOConner2024_jurkat	BRCA1	0.0684978294695923	0.1745589847773481	0.5368879184558685	0.9738297796414216	0.9999999816193396	0.4518695769044017	0.9913041085736736	0.9999999998492852	0.4410048635267334	0.9801345640125816	0.9999999809091804	0.4489868520068553				
ReplogleWeissman2022_K562_essential	BRCA1	0.8899928978237763	0.9980810892615924	0.4651114900504342	0.8692370464660168	0.9989739190728852	0.4680613159149699	0.196978158249257	0.4753532514665559	0.5242498085232445	0.3206900356972797	0.6498192828602773	0.5132498301998584				
ReplogleWeissman2022_K562_gwps	BRCA1	0.8447189558049331	0.9837652949582482	0.4790097543458128	0.8696832113476833	0.9785376571264156	0.4767151720713337	0.368834400561482	0.7802129900556298	0.5069331972501576	0.578961715783133	0.8534806015070802	0.4958758893946188				
ReplogleWeissman2022_rpe1	BRCA1	3.1193941111236905e-05	9.242649218144268e-05	0.8090898849682693	0.982428916578622	0.9999999948166662	0.3373596525265674	0.5202205461685742	0.6256706568784203	0.4960884204728943	0.9289139348042426	0.9960643397298504	0.3866893642588026	correlation, specificity	0.0035857372258298	0.0150600963484854	correlation
GasperiniShendure2019_lowMOI	BTF3	0.3177750485449661	0.6853243629943924	0.5360433604336043	0.0086198376250649	0.056028944562922	0.6807588075880759	0.0195835320934392	0.1454323037107923	0.6565492321589883	0.0090178356076506	0.0818434379599987	0.6794941282746161	nonzero-rate, uniform	0.9566030304371136	0.9566030304371136	
ReplogleWeissman2022_rpe1	BTF3	0.4808556759021667	0.5828553647298991	0.5013339849857357	0.7512757700258028	0.8254758460777339	0.4811517849032609	0.2689164970653825	0.3739620037315476	0.517115119809456	0.4660206978419694	0.5841667902526096	0.5023693406119049				
SunshineHein2023	BTF3	0.0097161173239944	0.026372318450842	0.5759562174479167	0.9338570349198922	0.9432160568690804	0.4510864257812499	0.9764796995546412	0.9764796995546412	0.4354614257812499	0.8068176401017141	0.9580959476207856	0.4718505859374999	correlation, uniform	0.0609611159196783	0.2235240917054873	
ReplogleWeissman2022_K562_gwps	CARM1	0.0287384379628463	0.1705147319128886	0.5440935295808808	0.0001982213339085	0.0029865347642216	0.5822242349436786	0.001304511253434	0.0226784264058526	0.5698749927044852	0.0012834821761724	0.0207190694153553	0.5699894728423109	nonzero-rate, uniform	0.2669802110419151	0.6841367907949075	
ReplogleWeissman2022_K562_gwps	CBFB	0.9848025420801448	0.9999954393391224	0.4494240368532322	0.9959796652246132	0.9999837890165918	0.4380830310189254	0.9913806320459846	0.9999999998639296	0.4443622359484569	0.9932239480000812	0.99999988097155	0.4423216958163015				
FrangiehIzar2021_RNA	CCND1	0.736936445961145	0.9992444298668436	0.4926742411858968	0.4767729192883208	0.7201127521071586	0.5006732122481785	0.45349991285155	0.6235623801708813	0.5013500441442111	0.3455863323698012	0.5809318272557525	0.5045908543019628				
NadigOConner2024_hepg2	CCND1	0.7190462210563016	0.8857815766635599	0.4730829127538452	0.8277152884411464	0.919683653823496	0.4561347312718428	0.4382209928583136	0.6684727009703089	0.5072188627947312	0.5902982065722258	0.7378727582152822	0.4894060844700698				
NadigOConner2024_jurkat	CCND1				0.4923348844036913	0.6974744195718959	0.5003343524538911	0.6259105548155163	0.7940656292435655	0.4944162545266979	0.5186846424747581	0.7260260065931703	0.4991852389935872				
ReplogleWeissman2022_K562_essential	CCND1				0.0550457681922548	0.1926601886728918	0.5384352345340331	0.0426813632559117	0.1428897813350088	0.5413844417737448	0.0229176781184524	0.0980367341733798	0.5480362423085139	uniform, specificity	0.5515534871042644	0.7091401977054829	
ReplogleWeissman2022_K562_gwps	CCND1				0.4302704870787325	0.7830215235089585	0.5028862353630357	0.4530313826294263	0.8149068618692006	0.5019386614729806	0.714378832200114	0.8981778257139823	0.4906979483931493				
ReplogleWeissman2022_rpe1	CCND1	0.3467781417811674	0.4474556668144095	0.5147244370454744	0.2160094003560167	0.3151612562571391	0.5293612547095418	0.1845766867842325	0.2881986863823982	0.5335582230789451	0.2118196145856881	0.3141990949687708	0.5298986535821724				
NadigOConner2024_hepg2	CCNH	0.0445924859966948	0.0971887515312579	0.5505408287629494	0.0657856817952112	0.1691631817591145	0.5448384284650281	0.0406935489860183	0.1140631501613393	0.5518188435235967	0.0474136375218386	0.1185340938045966	0.5496711862685355				
NadigOConner2024_jurkat	CCNH	1.51434601666003e-06	3.987777843871412e-05	0.5963400594955315	4.660759954960883e-06	7.923291923433502e-05	0.5914595205707255	3.905161761816083e-06	6.638774995087342e-05	0.5922431552106645	7.523745257837458e-06	0.0001065863911526	0.5893063168371006	correlation, specificity	0.4627104599766272	0.6915331102070797	
ReplogleWeissman2022_K562_essential	CCNH	0.9616177303618232	0.9980810892615924	0.4399980441557573	0.912977515093804	0.9992179015690524	0.4539141332907851	0.9085379109657216	0.9999997917412552	0.4548470195249872	0.8917873397361271	0.9999881318155772	0.4580921768803769				
ReplogleWeissman2022_K562_gwps	CCNH	0.2535777050945978	0.6394772029384604	0.5205389197112226	0.48873272272538	0.787374778840435	0.5008747586268516	0.4239313144556728	0.8119362463303564	0.5059407641217253	0.4488361861960264	0.7886027772090635	0.5039823584823551				
ReplogleWeissman2022_rpe1	CCNH	2.8152147085530497e-10	1.876809805702033e-09	0.7278308832881574	7.640604900740204e-10	4.85724168689913e-09	0.7219858226188021	3.2766625968103292e-09	1.944153140774129e-08	0.7131899672981857	1.5229844182059543e-09	9.681829515737853e-09	0.7178606456135194	correlation, nonzero-rate	0.4681628931903699	0.7373565567748327	
NadigOConner2024_hepg2	CCNK	0.0227393020339279	0.0536900186912187	0.5604087899894941	0.160783979748718	0.3177706085723704	0.529937379733924	0.206051010600134	0.3784610398777972	0.5247718084304744	0.2087615188277498	0.3613180133557208	0.5244856816479155	correlation, nonzero-rate	0.1158547245102765	0.2859350287078736	
NadigOConner2024_jurkat	CCNK	0.0120239084719048	0.0452327985371658	0.5427305004075706	0.0021560904872406	0.011182950665191	0.554055407664452	0.0075846119349154	0.0429794676311875	0.5459868182836586	0.0051154099130231	0.0289873228404642	0.5486308068200039	nonzero-rate, uniform	0.1669782128488156	0.3569676042448452	
ReplogleWeissman2022_K562_essential	CCNK	0.371505663213021	0.6699150189238728	0.5053702681758407	0.504958200542068	0.766074019023357	0.4997965785271464	0.5488705562524936	0.8127506313738847	0.4979886811948149	0.5273440934010574	0.8155985603347663	0.4988766320683825				
ReplogleWeissman2022_K562_gwps	CCNK	0.9013378528311062	0.9978923287310684	0.4861213088528459	0.8378316179399091	0.9749563930009988	0.489389933522846	0.892584780613495	0.9882189046010396	0.4866468717561905	0.8469960804731227	0.9741417727909524	0.4889803193583812				
ReplogleWeissman2022_rpe1	CCNK	0.8000898016585674	0.9276403497490636	0.4867431369460542	0.7283428538720456	0.8102814249326508	0.4904297350805212	0.8855026301057045	0.9851216759925964	0.4810587662684628	0.8521601806710369	0.9480282009965286	0.4835341404108184				
ReplogleWeissman2022_K562_gwps	CCNT1	0.9799312050311334	0.9999954393391224	0.4538264505268459	0.9764405038097966	0.9999837890165918	0.4553360990458088	0.9856096776300984	0.9999999998639296	0.4508083718644597	0.9893679056273336	0.99999988097155	0.4481809856251993				
ReplogleWeissman2022_K562_gwps	CCNT2	0.7990066644534626	0.9752342296223954	0.4861419557212864	0.7318518988549945	0.9001858410551989	0.4897740645991471	0.8354019802729796	0.9679918717064462	0.4838657395545499	0.8389913700839715	0.9741417727909524	0.4836245449954647				
NadigOConner2024_hepg2	CDC6	0.0001292891130542	0.0005783986636636	0.6260839462940553	0.4973871572533621	0.6782552144364029	0.5002274463355391	0.0598691772551122	0.1456277284583812	0.5536930704683106	0.0389039656287691	0.1029810854879183	0.5608597757579398	correlation, uniform	0.0009381505888857	0.0110591239009832	correlation
NadigOConner2024_jurkat	CDC6	0.9479036387555247	0.9999999999179392	0.4257098817213321	0.6168163996224185	0.7943847570894784	0.4864157788776109	0.4293567696154357	0.6292297485743453	0.5081400469759249	0.6521599908326624	0.8455708565235106	0.4821166428990856				
ReplogleWeissman2022_K562_essential	CDC6	0.9836955395207216	0.9980810892615924	0.4544947212229041	0.2979567855745186	0.5882736535702036	0.5112929362136467	0.2662983302075181	0.5541884169183484	0.513289618957586	0.5206130916574933	0.8155985603347663	0.4988994385177431				
ReplogleWeissman2022_K562_gwps	CDC6	0.2816513299026013	0.6684524896355072	0.5155004887156368	0.2606799511758491	0.6283718021343476	0.5171984000628513	0.5656857021724284	0.8668657586954832	0.4955640101948623	0.3635253323106159	0.7719967256735721	0.5093616195319883				
ReplogleWeissman2022_rpe1	CDC6	0.0009502543370265	0.0020546039719493	0.5981603059168117	0.0464815360864089	0.0827371342338078	0.5531041252039237	0.0757206431681744	0.1403986925409901	0.545343551422146	0.0126575011219429	0.02560267272393	0.570697888372908	correlation, uniform	0.0687275824066617	0.1882538126791168	
NadigOConner2024_hepg2	CDK12	0.5988556418467956	0.7712534781360246	0.4824533103917984	0.3646047680186891	0.5495983924876979	0.5242738167783871	0.3744466897183915	0.6127309468119133	0.5224456632134877	0.3700619600786381	0.5371867162431844	0.5232581759089987				
NadigOConner2024_jurkat	CDK12	0.0003851309039458	0.0039822383905652	0.662066940692895	0.0008266425219538	0.0056967598415768	0.6516138653543234	0.0010375491702785	0.009799075497075	0.6483819403666732	0.0006687732113445	0.0071057153705361	0.6545754923617519	correlation, uniform	0.5628299864673847	0.7419122548888253	
ReplogleWeissman2022_K562_gwps	CDK12	0.772540887737434	0.9752342296223954	0.4706364274882669	0.3748957434453367	0.7304003277469491	0.512532233365846	0.5047053349903714	0.8449141163542513	0.4995366337321708	0.4002649640916262	0.7866076685626742	0.5099287453371754				
ReplogleWeissman2022_rpe1	CDK12	0.0002956554730848	0.000739138682712	0.6242613959957943	0.0013564112867336	0.0032627190410619	0.6084543119688075	0.0011994226561037	0.0031396651880362	0.6098028290107771	0.0008553201836607	0.0021749570384517	0.6134390333391746	correlation, uniform	0.1461110874027764	0.2876562033242162	
NadigOConner2024_hepg2	CDK7	0.5870782568137496	0.7677177204487495	0.485013654727244	0.6648529161449668	0.8169432991272889	0.4709978107296815	0.562937965463528	0.779452567564885	0.4892116369873834	0.5465104915826586	0.7026563463205611	0.4920441465231228				
NadigOConner2024_jurkat	CDK7	0.0004856668015313	0.0039822383905652	0.7382350473953527	0.0193170578583508	0.0746340871799918	0.6493582753124738	0.0070542608948322	0.0428294411471959	0.677265959231608	0.0114781449752914	0.0513495959420933	0.664242722925929	correlation, specificity	0.0244504920000502	0.1624076961116887	
ReplogleWeissman2022_K562_essential	CDK7	0.0207055336167244	0.0784630747581136	0.6429092395928877	0.0693191021113023	0.2052911870219338	0.6037727508813031	0.0275281632415723	0.0963485713455031	0.6344332585560994	0.031773146005087	0.1165015353519857	0.6300129294625985	correlation, specificity	0.8160838656602112	0.8603066506365463	
ReplogleWeissman2022_K562_gwps	CDK7	0.4328080519404425	0.7781801337919066	0.5090732426455806	0.5066727369016648	0.787374778840435	0.4991034436544376	0.3753438943015391	0.7802129900556298	0.5170350327081317	0.3766229728544813	0.7737890169555708	0.5168543350116805				
ReplogleWeissman2022_rpe1	CDK7	0.8996515341043714	0.9996128156715236	0.286822045036362	0.0241957930231765	0.0448630328971398	0.8288939513420368	0.0210268687236579	0.0435207282885014	0.8387365285201086	0.0191208733528221	0.0371087512158207	0.8452787756651772	uniform, specificity	0.2040878938364362	0.3781628621086906	
NadigOConner2024_hepg2	CDK9	0.0292732397180162	0.0654796151587205	0.5692022221577371	0.0258773019373077	0.070574459829021	0.5711625702484935	0.0344452517285538	0.1033357551856615	0.5665518831271421	0.0286962953557822	0.0825845435576048	0.5695214235738306	nonzero-rate, uniform	0.7743772315639689	0.871174385509465	
NadigOConner2024_jurkat	CDK9	0.0389092160012166	0.1261325149254137	0.5653503048071938	0.0673557755666798	0.1775859967658445	0.5554298035839769	0.0662503862549679	0.2374520660803649	0.5557460934760396	0.0723742171537983	0.2019633952994577	0.5540422535792326				
ReplogleWeissman2022_K562_essential	CDK9	0.0010950164089897	0.0056315129605184	0.5765900599077379	0.0007392930476382	0.0040661117620105	0.5794824695068919	0.0013455711183733	0.0079699212395962	0.5750349635752604	0.0023446429976397	0.0120358340545505	0.5707008718280557	nonzero-rate, correlation	0.7315967291098371	0.8603066506365463	
ReplogleWeissman2022_K562_gwps	CDK9	0.6884236542331105	0.9405380876978447	0.4917801458860052	0.4664676065702315	0.787374778840435	0.5014077168035603	0.4793452420112026	0.821232903545996	0.5008664769002619	0.52817046576522	0.8289689877573613	0.4988178334401993				
ReplogleWeissman2022_rpe1	CDK9	0.0197291381199853	0.0328818968666422	0.61449419278211	0.0110395089222599	0.0218336954240252	0.6272606611693617	0.0216445786321299	0.0437810795058992	0.6123556308433203	0.0191798039991882	0.0371087512158207	0.6151399800747037	nonzero-rate, uniform	0.2563282345065036	0.4613908221117065	
FrangiehIzar2021_RNA	CDKN1A	0.4906263980432196	0.9542134686286986	0.5002126911397988	0.4700588402913659	0.7201127521071586	0.50067993567487	0.4525384221009005	0.6235623801708813	0.5010793427680792	0.2673991811407138	0.4902318320913087	0.5056179318412481				
NormanWeissman2019_filtered	CDKN1A	0.260941198801691	0.2982185129162182	0.5100707771572923	0.992859320305759	0.999999999509541	0.4614735817866651	0.9906033808642728	0.9906033808642728	0.463053892743651	0.9970843841378212	0.9970843841378212	0.4566459290151069				
FrangiehIzar2021_RNA	CDKN2A	0.0120453153416594	0.0441661562527511	0.5223098003288349	0.019217962432027	0.0528493966880743	0.5204750608564357	0.0138863776443284	0.0509167180292041	0.5217638518576663	0.0002882697955263	0.00090599078594	0.5340472095733007	uniform, correlation	0.3677886549113095	0.4728711277431122	
NormanWeissman2019_filtered	CEBPA	4.180616747178849e-138	3.3444933977430794e-137	0.846118339162434	2.3571085378532507e-115	3.7713736605652e-114	0.8158011099291235	1.2331770442065763e-112	9.86541635365261e-112	0.8119821003007409	1.0989208128452682e-122	8.791366502762144e-122	0.8258777012208315	correlation, uniform	0.0119286716028401	0.0185557113821957	correlation
ReplogleWeissman2022_K562_gwps	CEBPA				0.0548620508908244	0.258870210688737	0.5492485668857712	0.0099465219450295	0.0936630816490278	0.5716930241908463	0.024305875903009	0.1737648515870974	0.560719724890803	specificity, uniform	0.5596446926280862	0.7810987875378399	
GasperiniShendure2019_lowMOI	CEBPB	0.2268633081650572	0.6805899244951717	0.5553861788617888	0.4105901774412887	0.5930747007485282	0.5167682926829268	0.0448555004947574	0.1943738354772824	0.6253387533875339	0.1239680327409921	0.4028961064082245	0.5853658536585367				
NormanWeissman2019_filtered	CEBPB	1.16157827264135e-49	4.6463130905653995e-49	0.6985364955230646	2.315917574579351e-11	9.263670298317404e-11	0.588484996599796	1.7017760321707928e-33	6.807104128683171e-33	0.6613618171256943	1.3498467137773855e-48	4.319509484087634e-48	0.6963015697608523	correlation, uniform	0.8035892926306349	0.8035892926306349	
ReplogleWeissman2022_K562_gwps	CEBPB	0.3276411676817203	0.7137623266775575	0.5099839054050312	0.0796463479935513	0.3272740844825929	0.5314756267803467	0.0334414869311199	0.2042642174711651	0.5409802254366828	0.0549565729000487	0.2700040320741526	0.5357499435224572				
ReplogleWeissman2022_K562_gwps	CHD9	0.9083593529613108	0.9978923287310684	0.471568184805865	0.5828111491711514	0.8336412640043052	0.4955326596382376	0.7903936927407187	0.9510972224442696	0.4827410213961725	0.8077582666585927	0.950798793046052	0.4814189707529617				
NadigOConner2024_hepg2	CHEK1	0.0194884508662425	0.0487211271656062	0.5755459472705055	0.6407156056122597	0.8121747113394842	0.4868144021099536	0.5261687242187463	0.763793309349793	0.4975995408658418	0.4995078856788817	0.6611133781044023	0.5000467517225592	correlation, uniform	0.0009830332356429	0.0110591239009832	correlation
NadigOConner2024_jurkat	CHEK1	0.6469433447698558	0.8662461735054002	0.481025335987168	0.6461171676288266	0.8076464595360333	0.4811371834272598	0.7322045277248219	0.8843649455039901	0.4688263390553466	0.6864045776484968	0.8455708565235106	0.4755600633463229				
ReplogleWeissman2022_K562_essential	CHEK1	1.2207142585304003e-09	1.7578285322837765e-08	0.6021520076998499	1.8180011517773651e-09	2.7997217737371432e-08	0.6010325442188075	7.435912139686547e-10	1.4314130868896605e-08	0.6035291407924771	4.161504843533097e-10	1.068119576506828e-08	0.6051198726642459	uniform, specificity	0.1991564179119241	0.384087377401568	
ReplogleWeissman2022_K562_gwps	CHEK1	0.0599610077211448	0.2671982334229319	0.5321039157470936	0.0725678253856926	0.3153909334070486	0.5300772537119116	0.0578382945781287	0.2841620559708064	0.5324771924450273	0.0682795728204919	0.3086236691486235	0.5307336846150374				
ReplogleWeissman2022_rpe1	CHEK1	9.842802719710277e-08	4.631907162216601e-07	0.7028874568872816	2.1261781059210505e-05	7.884577142790563e-05	0.6596385302247039	8.978473979282045e-05	0.0003329517433983	0.6460989461778036	2.7704004118677117e-05	0.00010720245072	0.6572297937758377	correlation, nonzero-rate	0.0382266984024174	0.1146800952072524	
NadigOConner2024_hepg2	CLOCK	0.8965532885346459	0.9408275250054926	0.475159229918523	0.965918030911972	0.999824409025126	0.4641027377163879	0.7779648163626398	0.8752104184079699	0.4849373688130544	0.9082627631691356	0.9966961233902358	0.4738212923465817				
NadigOConner2024_jurkat	CLOCK	0.9953283034067198	0.9999999999179392	0.4636291336711963	0.922835202160702	0.9999999816193396	0.4800684247638602	0.9956256967616012	0.9999999998492852	0.4633143249750198	0.986626523636814	0.9999999809091804	0.4690029466474396				
ReplogleWeissman2022_K562_gwps	CLOCK	0.8051746119071068	0.9752342296223954	0.4816208815453023	0.1941497863034869	0.5625365603152315	0.5184316284431301	0.7904586771770814	0.9510972224442696	0.4827369201976338	0.6262355848470591	0.8633938227040122	0.4931226928469605				
ReplogleWeissman2022_rpe1	CLOCK	4.902737509986649e-06	1.829944016767928e-05	0.549207473504328	2.0248158016646664e-18	2.2526075793519413e-17	0.5965735307363276	0.0026429253980236	0.0065338989006695	0.5310406057624142	2.0022448035827977e-10	1.3707675962989924e-09	0.5696012215244669	nonzero-rate, uniform	3.630272580472157e-05	0.0005717679314243	nonzero-rate
ReplogleWeissman2022_K562_gwps	CREB1	0.2802073193884928	0.6684524896355072	0.5120211644263682	0.4839112874391632	0.787374778840435	0.50083291508656	0.6895747159500635	0.9021323471245722	0.4897871659553052	0.5355286381087379	0.8289689877573613	0.4981588480731702				
ReplogleWeissman2022_K562_gwps	CREB5				0.5319419323231429	0.8029009333028689	0.4987828428356472	0.8730063029863924	0.9815891764921624	0.4826773211761607	0.7017752700193687	0.8910180394627939	0.4919589429595339				
ReplogleWeissman2022_K562_gwps	CREBBP	0.261498407210716	0.646457318980335	0.5152230429128027	0.0047192128989307	0.0410208505830135	0.5618649201957806	0.0193986941070234	0.1414227376834613	0.549247133015238	0.0224218417833809	0.1689112081014699	0.5478121021242378	nonzero-rate, specificity	0.5715356981984194	0.7810987875378399	
TianKampmann2021_CRISPRi	CREBBP	0.0946086378624225	0.213599611640448	0.5283708080730565	0.0076703286594063	0.0460219719564383	0.5523827795257462	0.061624987495088	0.1848749624852642	0.5333051953035071	0.3450637520559019	0.530492865497909	0.5086179111349858	nonzero-rate, specificity	0.3530191894754869	0.6660902606482131	
NadigOConner2024_hepg2	CTDP1	0.493463931547289	0.676523131959993	0.5005276378175116	0.4686424471452967	0.64888954220118	0.5025291934820628	0.4713722832836582	0.6954673032053974	0.5023087250982199	0.4606765528792582	0.6281952993808068	0.5031732584236263				
NadigOConner2024_jurkat	CTDP1	0.064824502710623	0.1707045238046405	0.5462908592679585	0.0989736080137814	0.2273718021938221	0.5393246278742462	0.0675951002789288	0.2374520660803649	0.5456328234954189	0.0767686237934799	0.203916656951431	0.5435925397757458				
ReplogleWeissman2022_K562_essential	CTDP1				0.2456857438100916	0.5195216093866809	0.5189539530136937	0.3258821576234126	0.6273231534250694	0.5124311800058559	0.3055983360208496	0.6359749155028492	0.514002636865684				
ReplogleWeissman2022_K562_gwps	CTDP1				0.0017819212393116	0.0201357100042218	0.579200367194667	0.0048080631473537	0.0571906458579967	0.5703668210679126	0.0041471022964361	0.0446307199521228	0.5717396499671766	nonzero-rate, uniform	0.346826623711577	0.7484153459039293	
ReplogleWeissman2022_rpe1	CTDP1	0.0171582117585432	0.0292054668230522	0.6333796464349343	0.0034554115909401	0.0071518984091551	0.670234027195387	0.0043920726822628	0.0097723617180348	0.6651437583707801	0.0041073353792381	0.0089159231402974	0.6665790472852595	nonzero-rate, uniform	0.8258811275641389	0.897077776492082	
ReplogleWeissman2022_K562_gwps	CTNNB1	0.0162810751584008	0.1213579415153623	0.5988298908757261	0.0149488484794697	0.0993658751870634	0.6004020639281646	0.0372163472978826	0.2156639612646535	0.5824851330848785	0.0479971739207449	0.2465309387747354	0.5769665479375323	nonzero-rate, correlation	0.9713152007077006	0.992603696529243	
ReplogleWeissman2022_K562_gwps	DDIT3	0.0378672763540093	0.2174314577746346	0.5317291613488682	0.3247440921791932	0.6865060410665967	0.5081194661859633	0.6828278220953061	0.9021323471245722	0.4915027676423452	0.4058119394470886	0.7886027772090635	0.5042579644209231				
FrangiehIzar2021_RNA	DNMT1	0.534418619057338	0.9542134686286986	0.4986253644872991	0.6169494789105444	0.7628268533271616	0.4952660214254979	0.0450644771681017	0.1239273122122797	0.5269693617752951	0.3735971744404039	0.5809318272557525	0.5051296850119837				
NadigOConner2024_hepg2	DNMT1	0.0002414040195816	0.0009771115078302	0.6121961128203603	0.2123279771507856	0.398114957157723	0.5256659879213051	0.5994579773764543	0.789447990794337	0.4919021219462651	0.1353519965453793	0.2591846742358328	0.535408708748879	correlation, uniform	0.0182351778976183	0.0683819171160687	correlation
NadigOConner2024_jurkat	DNMT1	0.9972935114203936	0.9999999999179392	0.43549759910921	0.9999999816193396	0.9999999816193396	0.3723167968317966	0.9999999998492852	0.9999999998492852	0.3539426489783858	0.9999999809091804	0.9999999809091804	0.3724717447185478				
ReplogleWeissman2022_K562_essential	DNMT1	0.9820659945717838	0.9980810892615924	0.4531688234189035	0.8852077853823215	0.9992179015690524	0.4731873888010963	0.1909303830429716	0.4753532514665559	0.5195163054889437	0.7941966358700113	0.9923877742199604	0.4816760782840282				
ReplogleWeissman2022_K562_gwps	DNMT1	0.9999954393391224	0.9999954393391224	0.4422388056670707	0.9999837890165918	0.9999837890165918	0.4459003490645922	0.9051385542142264	0.9882189046010396	0.482928189622554	0.9999200872030848	0.99999988097155	0.4508532893093637				
ReplogleWeissman2022_rpe1	DNMT1	3.2123088073503355e-10	1.976805419907899e-09	0.6693964276326494	0.3115606681568894	0.4138641711337785	0.513471479891352	0.648731426081461	0.7498324275487016	0.4895318308695598	0.0412164356290069	0.0780481440634387	0.5476078344244032	correlation, uniform	0.0009810858152911	0.006180840636334	correlation
FrangiehIzar2021_RNA	E2F1	0.9992444298668436	0.9992444298668436	0.4618737717858292	0.9994792480943596	0.9994792480943596	0.4605935037578929	0.9832949333154026	0.9832949333154026	0.474437154473897	0.9963376581906388	0.9963376581906388	0.4677723095461446				
ReplogleWeissman2022_K562_gwps	E2F1	0.1822164337281518	0.5148337333906512	0.5175195766841214	0.1229924559219669	0.4087690446818313	0.5224107561673734	0.8365091870223593	0.9679918717064462	0.4810653018829994	0.3960646314883979	0.7866076685626742	0.5050909549975588				
ReplogleWeissman2022_K562_gwps	E2F2	0.6048410006793195	0.8897661001728832	0.4947331198430503	0.4548118266954104	0.787374778840435	0.5022485063387989	0.9412535357346802	0.9999999998639296	0.4689928487361884	0.6983091146852307	0.8910180394627939	0.4897088937610563				
ReplogleWeissman2022_K562_gwps	E2F3	0.0014733373237006	0.0163908777261702	0.5438561585837602	0.0131498947168873	0.0928711314380171	0.532771482354006	0.001005800041838	0.0225687326130714	0.5455563842443156	0.0058972754045088	0.0572872092333576	0.5371445802739778	specificity, correlation	0.7761724266582715	0.9092305569425466	
ReplogleWeissman2022_K562_gwps	E2F4	0.4602171859027061	0.8110758325810068	0.5023185254197353	0.4974394226841162	0.787374778840435	0.5001490230495036	0.2664341115540201	0.6616935078154784	0.514475295765575	0.3323605239144162	0.7364066510260594	0.51005985564608				
ReplogleWeissman2022_K562_gwps	E2F5	0.6512056119479335	0.9248647826187546	0.4844390950468816	0.5105835021172939	0.787374778840435	0.4989376233898113	0.2116785888961403	0.5964907882320671	0.5320615054716776	0.4110011990512044	0.7886027772090635	0.509009324790334				
NadigOConner2024_hepg2	E2F6	0.2536393992203369	0.4227323320338949	0.5257283595949044	0.7473176215337849	0.8656573297478923	0.4741591944516991	0.7977225052327075	0.8863583391474528	0.4676627201764312	0.7955016915223796	0.894939402962677	0.4679674124372479				
NadigOConner2024_jurkat	E2F6	0.9226135885777658	0.9999999999179392	0.462158086957625	0.0768002086443902	0.1865147924220906	0.5379504708518756	0.1446223267377674	0.342311495114411	0.5281859073635327	0.0472391389686933	0.1544356466284206	0.5444745132345363				
ReplogleWeissman2022_K562_essential	E2F6	0.6471602626066355	0.9319107781535552	0.4910357567787589	0.1350194910746373	0.346550027091569	0.526181351368276	0.169335960685393	0.449616171475009	0.5227115035381051	0.0779845175774177	0.2502003272275485	0.5336771244285804				
ReplogleWeissman2022_K562_gwps	E2F6	0.9849356543939874	0.9999954393391224	0.4640253741134313	0.0070629237353258	0.0570078844351303	0.5407137780959804	0.0160903530189343	0.1274870594297588	0.5355394093187132	0.0102731892222579	0.0892977217011654	0.5384271276764584	nonzero-rate, uniform	0.7151169631868932	0.8623469261959595	
ReplogleWeissman2022_rpe1	E2F6	0.2803894675099283	0.3801891084880384	0.513536632764706	0.3888735550279251	0.508966858786549	0.5065686452920309	0.4707211047300476	0.5984882617282034	0.5017097012628424	0.6098119177483029	0.7048475412934929	0.493511672474259				
NormanWeissman2019_filtered	EGR1	3.4352328997359778e-06	5.496372639577564e-06	0.5740163080670917	0.6976412602592956	0.999999999509541	0.4914817357395873	0.3004450751763123	0.4370110184382724	0.5086089184338403	0.0327912866608427	0.0476964169612257	0.5303010902173118	correlation, uniform	0.0208733386232352	0.0292226740725293	correlation
ReplogleWeissman2022_K562_gwps	EGR1	0.8291831117032479	0.9837652949582482	0.4857506783256822	0.9987758696798392	0.9999837890165918	0.454602185768985	0.8718037265314748	0.9815891764921624	0.4829932886942965	0.9946596187938312	0.99999988097155	0.4617451263222702				
ReplogleWeissman2022_K562_gwps	ELK1	0.0177348905352616	0.1262724206110632	0.5508138514303494	0.1280296909316318	0.4133530021506971	0.52744334670891	0.0737286690394103	0.3267854977078183	0.5350019611160133	0.0265330863902989	0.1737648515870974	0.5467406345580976				
NadigOConner2024_hepg2	ELL	0.9114289897631962	0.9447739528033132	0.4734940203020318	0.0061528308633285	0.0221501911079829	0.5491646578548586	0.0047761957420727	0.0179107340327726	0.5509002353051147	0.0058951779663876	0.0212226406789954	0.5494612609406092	specificity, uniform	0.8881341063430556	0.9489507946438528	
NadigOConner2024_jurkat	ELL	0.0021497984362301	0.0141528397051818	0.5862694806023714	0.000418531899047	0.0044469014273745	0.600921191321125	0.1226074767354629	0.3158071370458893	0.5351102183578121	0.008180661269929	0.0409033063496451	0.5725359522654577	nonzero-rate, correlation	0.6046771018220445	0.7624189544712735	
ReplogleWeissman2022_K562_essential	ELL	0.552664660275477	0.8650403378224858	0.4957889042550062	0.6105212094136275	0.8547296931790785	0.4910719337994472	0.4661129277596868	0.7477228216144977	0.5027059204316797	0.5066490262688511	0.8155985603347663	0.4994703593634353				
ReplogleWeissman2022_K562_gwps	ELL	0.7120184454304537	0.9405380876978447	0.4853105445418714	0.6022150965036227	0.8342733603654632	0.4931953172289932	0.6905703365157123	0.9021323471245722	0.4869343068523102	0.8500743930605725	0.9741417727909524	0.4727702481554071				
ReplogleWeissman2022_rpe1	ELL	1.0	1.0	0.2279570472695877	4.17788288594389e-29	1.859157884245031e-27	0.7528388145311402	1.9594421626329926e-28	8.719517623716818e-27	0.7496935992973353	3.1008446771787557e-25	1.3798758813445464e-23	0.7341310080716683	nonzero-rate, specificity	0.6850792050406236	0.8190019032299999	
ReplogleWeissman2022_K562_gwps	ELOA	0.9856102966135571	0.9999954393391224	0.4555317958921805	0.99241172803094	0.9999837890165918	0.4506173273629715	0.9946369586836104	0.9999999998639296	0.4481084749900976	0.9953235728684716	0.99999988097155	0.4471448485061601				
NadigOConner2024_hepg2	ELOB	0.8729622764634073	0.940215025563456	0.4585999390615478	0.1418887268081243	0.296976404947237	0.5389117408084502	0.1291982366630798	0.270414913945981	0.5410287172455819	0.1256415279336527	0.2458203807397553	0.5416476234003657				
NadigOConner2024_jurkat	ELOB	0.7178672238846079	0.914701785272323	0.4879542036620812	0.1812615885181773	0.3423830005343349	0.5190260278794158	0.216507836578116	0.4279806071892991	0.5163823349075572	0.2109760429598041	0.4269753250376987	0.5167792780132435				
ReplogleWeissman2022_K562_gwps	ELOB	0.8053900660364726	0.9752342296223954	0.4874769270132133	0.2607140530317274	0.6283718021343476	0.5093250064133934	0.5751745149285643	0.8668657586954832	0.4972429515282828	0.5312610936771716	0.8289689877573613	0.4988591605257155				
ReplogleWeissman2022_rpe1	ELOB	0.9994355877577904	1.0	0.4177496289451954	0.0001428876086873	0.0004709998953026	0.5916369291796437	0.0003229587611385	0.0009911493014253	0.5861733297223528	0.0002798483470793	0.000830216763002	0.5871550650640286	nonzero-rate, uniform	0.4890123619818802	0.7514092391428892	
ReplogleWeissman2022_K562_gwps	EP300	0.3125694576123665	0.7053568402688848	0.514479873878894	0.6090933825677054	0.8342733603654632	0.4917920412503482	0.4565810242754583	0.8149068618692006	0.5032319591446619	0.4238535779061798	0.7886027772090635	0.5056916028595915				
WesselsSatija2023	EP300	0.902011016915302	0.9902206215309536	0.4587863581451538	5.325944638635737e-09	4.26075571090859e-08	0.6823715268097761	0.1537319029030058	0.175693603317721	0.5325480903261779	0.0012125802972058	0.0024251605944117	0.596691757271629	nonzero-rate, uniform	0.0002401153853259	0.0016808076972819	nonzero-rate
ReplogleWeissman2022_K562_gwps	EPAS1	0.1793957425279584	0.5148337333906512	0.5175709284267426	0.0065125493500303	0.0545124501150684	0.5475443240212036	0.0398182714418874	0.2194860816065015	0.5335613752937595	0.0321468430338365	0.1885523103849364	0.5354251532133961	nonzero-rate, uniform	0.2208551865203891	0.6467901890954253	
NadigOConner2024_hepg2	ERCC2	0.1416694150552471	0.2675977839932445	0.5416267664896549	0.3677113408973787	0.5495983924876979	0.5131126490815706	0.2263378701045645	0.4074081661882161	0.5291380110849946	0.2756964860436889	0.4430836382845	0.5231130843562288				
NadigOConner2024_jurkat	ERCC2	0.4913503606148168	0.7516889783523772	0.5006779125366024	0.0330259996394817	0.1169670820564978	0.5574255320394145	0.4211603417312976	0.6280461236343913	0.506215336234864	0.2394279653453803	0.4424212403121159	0.5221243340362813				
ReplogleWeissman2022_K562_essential	ERCC2	0.7950050602900043	0.9980810892615924	0.4777009532055313	0.8362846299210489	0.998448592875837	0.473495250308342	0.6041581475727608	0.8161434625105716	0.4928517753146721	0.9178462925996048	0.9999881318155772	0.4623598167100932				
ReplogleWeissman2022_K562_gwps	ERCC2	0.1216838290716586	0.4156563859231388	0.5302683344393694	0.0788289988055929	0.3272740844825929	0.5366608266520828	0.1690524991146543	0.5702367880583862	0.5248536573766842	0.1407713823655169	0.489451267917028	0.5279397141887495				
ReplogleWeissman2022_rpe1	ERCC2	0.0005182941721308	0.0011940406991615	0.5980787120323783	0.0159060141501381	0.0307746795513543	0.5641849253650653	5.704058135032497e-05	0.000230755079099	0.61536303319656	0.0004360245761672	0.0012518124928673	0.5995272281888328	specificity, uniform	0.6249848409694696	0.8168787146818408	
NadigOConner2024_hepg2	ERCC3	0.5078737450990829	0.6852264814828896	0.4990752322610304	0.523563666368256	0.7032944772110902	0.4972256967830911	0.5760298375172298	0.7854952329780407	0.4909928691320013	0.542828691321932	0.7026563463205611	0.4949485230443567				
NadigOConner2024_jurkat	ERCC3	0.1229024419515086	0.2627740020483242	0.5366859603500825	0.1285303338115211	0.2731269593494824	0.5358251345165195	0.1109103685315421	0.2946056664119089	0.5386173259673804	0.1152668316459876	0.2799337339973985	0.5378993053475061				
ReplogleWeissman2022_K562_essential	ERCC3	0.9980810892615924	0.9980810892615924	0.4341265880557691	0.9985266393741498	0.9992179015690524	0.4322571685093857	0.9969635034551992	0.9999997917412552	0.4374845127465139	0.9980446388865112	0.9999881318155772	0.4342614352117042				
ReplogleWeissman2022_K562_gwps	ERCC3	0.0147292176596382	0.1213579415153623	0.5385325570136439	0.0091547367083959	0.0689656832032492	0.54175353581594	0.0483867608169466	0.2463583726618114	0.5293901453177497	0.0398046605684703	0.2180026599776999	0.5310228461156784	nonzero-rate, correlation	0.4097545384866157	0.7810987875378399	
ReplogleWeissman2022_rpe1	ERCC3	0.0005223928058831	0.0011940406991615	0.6974331330786022	0.0004981129654655	0.0013726519048775	0.698240755202877	0.0008852731454548	0.0023875548468327	0.6882826220290363	0.000754063137866	0.0019738711550022	0.6911054899256761	nonzero-rate, correlation	0.9193640737918009	0.9422651176768532	
ReplogleWeissman2022_K562_gwps	ERG				0.1031003701855794	0.3819784206875566	0.5174476860002559	0.1003383242164646	0.3909734702227758	0.517662241932831	0.0370415686764377	0.2092848630218732	0.5246529152680731				
ReplogleWeissman2022_K562_gwps	ESR1				0.6877053906391348	0.8731540353058678	0.4893088138156824	0.0394394836271445	0.2194860816065015	0.5383910933266961	0.3668755252005263	0.7719967256735721	0.5074312518547592				
ReplogleWeissman2022_K562_gwps	ESRRA	9.344660963458125e-09	2.772249419159244e-07	0.6138186809938074	2.0460631013351503e-12	1.5413675363391462e-10	0.6403368336545904	4.2512077718925645e-10	2.4019323911192992e-08	0.6241716957506047	1.1367347861868656e-08	8.563402055941054e-07	0.6131320188733538	nonzero-rate, specificity	0.0775401716748587	0.3973933798336509	
ReplogleWeissman2022_K562_gwps	ETS1				0.1216681009727102	0.4087690446818313	0.5180447056796316	0.1961842677326908	0.5833170984642547	0.5132290519906951	0.4640892449947144	0.7886027772090635	0.5013941279520586				
NormanWeissman2019_filtered	ETS2	0.0161777935517068	0.0215703914022758	0.5172887569906914	0.0003572431142813	0.0008165556897858	0.5273386361340676	9.927072098216905e-08	2.6472192261911744e-07	0.5420158514950228	1.2482019580915374e-06	3.3285385549107665e-06	0.5380388220782786	specificity, uniform	0.0469157306101289	0.0547350190451504	specificity
ReplogleWeissman2022_rpe1	ETV4				0.9999876749699252	0.9999999948166662	0.3550399038408141	0.9926697335687072	0.997037330607116	0.4161217193637598	0.9943520524284938	0.99999994418258	0.4129341015866512				
ReplogleWeissman2022_K562_gwps	EZH2	0.6262803735937782	0.9137533319646928	0.4933513806246213	0.8636224899076541	0.9785376571264156	0.4773558005927024	0.9707789191813726	0.9999999998639296	0.4609286172419782	0.883825972091805	0.9954610858195412	0.4753408312329823				
ReplogleWeissman2022_K562_gwps	FANCD2	0.8657476215923046	0.9942133976995498	0.4730759268737914	0.7430798765935482	0.9028820005921608	0.4841141500363806	0.6810019705477354	0.9021323471245722	0.4885515860851662	0.690485059320393	0.8866455875364136	0.4879013451081984				
ReplogleWeissman2022_K562_gwps	FANCI	0.3076946631876894	0.7053568402688848	0.5324308114990283	0.4944424314516861	0.787374778840435	0.5008996180392682	0.586806885745254	0.8668657586954832	0.4858416538229578	0.5327876755654334	0.8289689877573613	0.4946890705622193				
WesselsSatija2023	FLI1	0.0219163147763604	0.0438326295527208	0.5480132087063367	0.9307452955605634	0.9307452955605634	0.4647237581183078	0.0550323458328975	0.0838562495648917	0.5380627962085308	0.1684270429473859	0.1924880490827268	0.5228793663331578	correlation, specificity	0.0677704092921739	0.2205266433420427	
FrangiehIzar2021_RNA	FOS	0.1535558757142198	0.4222786582141046	0.5111497844439108	0.49098596734579	0.7201127521071586	0.5002467063063725	0.946469654304641	0.9832949333154026	0.482406403488503	0.7733435368042292	0.8954504110364759	0.4918131515172877				
ReplogleWeissman2022_K562_gwps	FOS				0.6257595773163489	0.8403160578968012	0.4953595121624338	0.3922208468186685	0.7812249406021075	0.5039587549420358	0.5132820464001481	0.8227073935208048	0.4995180928767674				
ReplogleWeissman2022_K562_gwps	FOSL1				0.0301733573518918	0.1719788350518843	0.5394566889574595	0.1181008508604292	0.4288693062699397	0.5248836797855092	0.0622513144244407	0.2930999387484085	0.5322700267014413				
ReplogleWeissman2022_K562_gwps	FOSL2				0.4365518228412777	0.7830215235089585	0.5049460025063526	0.4663862870197047	0.8149068618692006	0.5026123372006954	0.4533253861340958	0.7886027772090635	0.5036313612944918				
NormanWeissman2019_filtered	FOXA1	6.285245672989348e-14	1.2570491345978696e-13	0.5766176928699553	0.999999999509541	0.999999999509541	0.4368037471469845	0.7688786865530599	0.8787184989177828	0.4923993224024579	0.9160793558080192	0.9771513128618872	0.4857409288868709	correlation, specificity	1.4190905918559688e-11	9.93363414299178e-11	correlation
ReplogleWeissman2022_K562_gwps	FOXA1				0.8315409345537467	0.9749563930009988	0.4820026274934017	0.9019369429206352	0.9882189046010396	0.475772889065832	0.7626298058032328	0.9216809417728912	0.4866035002086341				
ReplogleWeissman2022_K562_gwps	FOXA2				0.8244499255365312	0.9749563930009988	0.4707869021762695	0.5728026808546511	0.8668657586954832	0.4942507223354396	0.6735769682627177	0.879855710281378	0.4859078169899602				
FrangiehIzar2021_RNA	FOXM1	0.8489819625027375	0.9992444298668436	0.481408769124081	0.8706723698704144	0.9121329589118626	0.479652488974077	0.8010537329967993	0.927535901364715	0.4847716257106793	0.822075600416857	0.9042831604585428	0.4833681447858809				
ReplogleWeissman2022_K562_gwps	FOXM1	0.0429457575726726	0.2316468135738098	0.5334759035777599	0.0846688611672289	0.3357046074349781	0.526787570132742	0.0095604732519728	0.0936630816490278	0.5456712944630924	0.0206953962541513	0.1612813639116623	0.5397543145723807	specificity, uniform	0.4927878425419864	0.7810987875378399	
NadigOConner2024_hepg2	FOXO1	0.209092977602849	0.3554580619248434	0.5353950842981922	0.8987236234372076	0.9629181679684368	0.4442920983140361	0.6725050311829388	0.8070060374195265	0.480467379461895	0.8383027389318238	0.9314474877020265	0.4568306465015788				
NadigOConner2024_jurkat	FOXO1				0.7033627314390839	0.8527997185987413	0.4817746926525552	0.9928061659177876	0.9999999998492852	0.4164825844215157	0.8981075992982221	0.9999999809091804	0.4566334852594395				
ReplogleWeissman2022_K562_gwps	FOXO1	0.1360582876656473	0.4248837755172845	0.5234002662945147	0.5340619527236926	0.8029009333028689	0.498178548432679	0.4311034523307994	0.8149068618692006	0.5036983326001008	0.5212497888084494	0.8289689877573613	0.4988645335912757				
ReplogleWeissman2022_rpe1	FOXO1				0.250271289943617	0.3480335125778424	0.5241903632160356	0.9897147823031016	0.997037330607116	0.4168431410874239	0.486703889529904	0.5853600833535333	0.5011976895443119				
ReplogleWeissman2022_K562_gwps	FOXO3	0.1259755470006036	0.4156563859231388	0.5170308020927834	0.6793783141374696	0.869782696654093	0.4930730608858101	0.6379177399673595	0.8958248076640594	0.4947538436975595	0.581575277133143	0.8534806015070802	0.4969387446588176				
NormanWeissman2019_filtered	FOXO4	0.1689865568016207	0.2079834545250716	0.5190802686478946	0.8878943711209051	0.999999999509541	0.4757979754486204	0.4545547367970727	0.5594519837502434	0.5022734892130911	0.1333230942669288	0.1777641256892383	0.522119796813977				
ReplogleWeissman2022_K562_gwps	FOXO4				0.6513563366177797	0.8608569127229135	0.493427146725203	0.4823236362988988	0.821232903545996	0.5007489641364922	0.4921651081392126	0.8060095249236381	0.500331897140246				
NadigOConner2024_hepg2	GABPA	0.2738999001553149	0.4477209906384954	0.5193231868333308	0.1536013903025881	0.3141846619825667	0.5328262560504947	0.4289959254423685	0.6656833325829855	0.5057532339491585	0.2138622843506049	0.3631623696519706	0.5254963015809317				
NadigOConner2024_jurkat	GABPA	0.0033247222740753	0.0177393970438833	0.5718801554679417	0.0470253172893576	0.1362854371210766	0.5443482090428655	0.0018324172149067	0.0133271692597437	0.5769587282946061	0.0017955133375658	0.012718219474425	0.5771271985012443	uniform, specificity	0.98719103052005	0.9932294404263586	
ReplogleWeissman2022_K562_essential	GABPA	0.6267636024438732	0.9209587627746708	0.49101527558268	0.3613128456325433	0.6470020724117637	0.5098654445740917	0.6015785154318054	0.8161434625105716	0.4928456568086907	0.5743956413125809	0.8190456366864579	0.4947872052560551				
ReplogleWeissman2022_K562_gwps	GABPA	0.0795639163911456	0.3293576073866028	0.5292954958076675	0.1262535398099932	0.4133530021506971	0.5238082606429759	0.1810274261528762	0.581868858733476	0.5189640499989757	0.1300746577495436	0.4692805318205778	0.5234286956289264				
ReplogleWeissman2022_rpe1	GABPA	0.0365652318072389	0.0576910661670538	0.563388045316221	0.0030868901269086	0.0067008102754845	0.5968638800216041	0.0144803184037394	0.0306844842364955	0.5772541393618955	0.0062483859632585	0.0129327058309304	0.5883530302574571	nonzero-rate, uniform	0.6396176201804527	0.8168787146818408	
NadigOConner2024_hepg2	GABPB1	0.9797489052275794	0.9797489052275794	0.4061090798293723	0.7598547672231499	0.8656573297478923	0.4676518383099736	0.9223142486421644	0.9765680279740564	0.4348821856591509	0.9354624846896556	0.9966961233902358	0.4304387568555758				
NadigOConner2024_jurkat	GABPB1	0.91285041461629	0.9999999999179392	0.4604208344666359	0.5999771914274126	0.7845855580204626	0.4926210346057674	0.9159080417443156	0.9999999998492852	0.4598514293170782	0.770385350177742	0.9162195972960104	0.4784375929414097				
ReplogleWeissman2022_K562_gwps	GABPB1	0.8181478890206447	0.9773847264810386	0.4787796089643613	0.5121420021661237	0.787374778840435	0.4992888986995991	0.8077745638521561	0.9517402744559768	0.4796814935404794	0.730760935973434	0.9046582954203908	0.4856296745953848				
ReplogleWeissman2022_rpe1	GABPB1	0.0367780546814968	0.0576910661670538	0.5747174274949619	0.0082114578633535	0.016609539769056	0.6001891118315372	0.2260309072313302	0.3297827990752195	0.5314005958117936	0.0515025046212477	0.0914072427407325	0.5680820847571483	nonzero-rate, correlation	0.4331521971454404	0.6997073953887883	
NadigOConner2024_hepg2	GATA1				0.294209784953684	0.4793887556524615	0.5350091407678245	0.3071047469724437	0.5214986269343383	0.5326122283160675	0.2726317256983648	0.4430836382845	0.5391326426975421				
NadigOConner2024_jurkat	GATA1				0.3740666010375229	0.5999181337394236	0.5164101166009563	0.9525140766752208	0.9999999998492852	0.4146752579481587	0.8485536417372159	0.9746899938873426	0.4473539342337052				
ReplogleWeissman2022_K562_essential	GATA1	2.731934351394023e-47	9.834963665018485e-46	0.9075825483302468	1.2530271167387085e-26	3.216102932962686e-25	0.8005626973690096	0.003264779243622	0.0167592001172596	0.5770063426460196	1.2444350087794142e-05	0.000119776869595	0.6193571473300948	correlation, nonzero-rate	5.194516327837507e-07	4.675064695053757e-06	correlation
ReplogleWeissman2022_K562_gwps	GATA1	8.726334312264272e-09	2.772249419159244e-07	0.7399395156003719	8.172305176176065e-06	0.0001846940969815	0.6834926535927908	0.123659246804223	0.4366717152774125	0.5492560360575592	0.1094437534050036	0.4339348819215935	0.5523472666936652	correlation, nonzero-rate	0.0309808838742549	0.3175540597111135	
ReplogleWeissman2022_rpe1	GATA1				0.576196201006633	0.683752825194538	0.4930527413913957	0.6594365603453711	0.7524340239838209	0.4851437231665644	0.6003283031027726	0.7030160391598259	0.4908102328485061				
GasperiniShendure2019_lowMOI	GATA2	0.6790829131934527	0.905443884257937	0.4646793134598012	0.742231698353724	0.8771829162362194	0.4505871725383921	0.4735105865376813	0.6905718654570008	0.5051490514905149	0.4275041760070989	0.5557554288092286	0.5140018066847335				
ReplogleWeissman2022_K562_gwps	GATA2	0.8040790351698679	0.9752342296223954	0.486317899775422	0.3927428600781695	0.7458813981316497	0.5043490119822018	0.3846199075049825	0.7802129900556298	0.504687630960234	0.411936116813034	0.7886027772090635	0.503556318971536				
WesselsSatija2023	GATA2	0.3381414966364799	0.4508553288486399	0.5185792074215994	0.0872093543481981	0.1162791391309308	0.5603761218110316	0.0418899690997944	0.0837799381995888	0.5768629625894927	0.0933008323649655	0.124401109819954	0.5587123121911868	specificity, nonzero-rate	0.5337163879107192	0.7472029430750068	
ReplogleWeissman2022_K562_gwps	GLI2				0.8455374027796273	0.9749563930009988	0.4804630436239361	0.5149688890686306	0.8557571244816948	0.4992793982561811	0.8748880091947877	0.9935914074272464	0.4779222130832077				
NadigOConner2024_hepg2	GTF2F1	0.2083038755167845	0.3554580619248434	0.5553524273816779	0.2405101256889799	0.4329182262401639	0.5480172433249825	0.1958487315089281	0.3672163715792402	0.5583654952941973	0.1899516041799231	0.3419128875238616	0.5598325321055364				
NadigOConner2024_jurkat	GTF2F1	0.1022145413844785	0.2446954172537515	0.5547166997548676	0.1185853892222939	0.2584553354844868	0.5509679463877937	0.0830674534705864	0.2574112872105961	0.5597050955829581	0.1227440134895488	0.2819794904489635	0.5500750309910617				
ReplogleWeissman2022_K562_essential	GTF2F1	0.9839562464552573	0.9980810892615924	0.4031824617513506	0.9575119795143636	0.9992179015690524	0.422191089748583	0.926951997093282	0.9999997917412552	0.4343449732637473	0.952627891946596	0.9999881318155772	0.4245233524099283				
ReplogleWeissman2022_K562_gwps	GTF2F1	0.6402797865749983	0.9222606720327684	0.4884005394357703	0.6051307938487114	0.8342733603654632	0.4913893821617637	0.5978344489693274	0.8668657586954832	0.4919998492260269	0.6613702412826912	0.879855710281378	0.4865599242779602				
ReplogleWeissman2022_rpe1	GTF2F1	0.1904869302399852	0.2627405934344624	0.5405498003850759	0.1111733255958	0.1808665204307933	0.5564808012455431	0.1711836294276669	0.2720596967689707	0.5439467364027076	0.1494680133117466	0.2333798804341307	0.5480760805828709				
NadigOConner2024_hepg2	GTF2F2	0.009750877882974	0.0276274873350931	0.5784142460559281	0.0018203310923098	0.0078014189670423	0.5976139210508498	0.0042799973358166	0.0167478156618913	0.5882618999255197	0.0027036891680599	0.0105796532663217	0.5933834382828899	nonzero-rate, uniform	0.4473688010240855	0.5921057660612896	
NadigOConner2024_jurkat	GTF2F2	0.0031016513534561	0.0177393970438833	0.5781858399511998	0.0491853551397415	0.1362854371210766	0.5472174012898834	0.0194287992262222	0.0952690786166741	0.5590126911552836	0.0236413838381485	0.0941025576465972	0.5566720391444323	correlation, specificity	0.0914473704030567	0.2915578771701514	
ReplogleWeissman2022_K562_essential	GTF2F2	0.1857125387441085	0.4457100929858604	0.5339742302435105	0.1698123939378537	0.397981678052655	0.5362966178004367	0.4333323839557769	0.727936888245868	0.5063825169887346	0.3524477912133061	0.682790228418483	0.5143958877221168				
ReplogleWeissman2022_K562_gwps	GTF2F2	0.0203677621405047	0.1394408331157634	0.5756610710939105	0.0088354188173201	0.0688553328522193	0.5877238677671062	0.0320627089478037	0.2012825617278792	0.5684542399618587	0.0290510961614396	0.1823763259023712	0.5700671095228731	nonzero-rate, correlation	0.4447391806715423	0.7810987875378399	
ReplogleWeissman2022_rpe1	GTF2F2	1.040780681339967e-09	5.9473181790855265e-09	0.7219312748045441	7.729347733528157e-09	4.046540872258859e-08	0.7095252322272703	2.505181497509182e-09	1.715085794448594e-08	0.7165793106221982	1.7451487416719195e-09	1.0354549200586723e-08	0.7187970864401108	correlation, uniform	0.6890016011299999	0.8190019032299999	
NadigOConner2024_hepg2	GTF2H1	1.7102961470640472e-06	9.691678166696268e-06	0.7076308483986729	4.842122006736296e-06	3.11279271861619e-05	0.6978081502761576	2.8982076926127017e-06	1.738924615567621e-05	0.7027074083746844	2.7547115581707134e-06	1.770886001681173e-05	0.7031862104988248	correlation, uniform	0.3038041456378483	0.4427238739406318	
NadigOConner2024_jurkat	GTF2H1	0.0005040808089323	0.0039822383905652	0.6402329830806432	0.0007879211003287	0.0056967598415768	0.6347785967766053	0.0004243081631372	0.0051523134095236	0.6422881797923286	0.0006205288848683	0.0071057153705361	0.6377182392781463	specificity, correlation	0.7583647977798824	0.8797031654246636	
ReplogleWeissman2022_K562_essential	GTF2H1	0.9439451730268142	0.9980810892615924	0.4767240949314482	0.9802990903447002	0.9992179015690524	0.4698211422969472	0.9904116419693004	0.9999997917412552	0.4656881345945238	0.9928753514137	0.9999881318155772	0.4640936215281873				
ReplogleWeissman2022_K562_gwps	GTF2H1	0.0597617648733998	0.2671982334229319	0.5317396799424441	0.0387304968785264	0.2035602859196973	0.5359974235903509	0.2547388379656626	0.6523876666624686	0.5134490383971052	0.2303783492040961	0.6349452063429966	0.515038291088283				
ReplogleWeissman2022_rpe1	GTF2H1	0.0011064737806264	0.0022696898064132	0.7027351081638207	0.0012037944365546	0.0029760473570377	0.7010565052779149	0.0018036128557715	0.0045863298332475	0.6928341180648107	0.0017148663677005	0.0039134129929577	0.693876327548917	correlation, nonzero-rate	0.9273085285073792	0.9422651176768532	
NadigOConner2024_hepg2	GTF2H2	0.7401719646539462	0.8926850473227984	0.4659624889972239	0.9786380591352624	0.999824409025126	0.3928702010968921	0.8956141823691279	0.9711479085930302	0.4335500033854695	0.9347904692074857	0.9966961233902358	0.4200419798226014				
NadigOConner2024_jurkat	GTF2H2	0.0046138885295011	0.0202498441016996	0.5888441499128523	0.2469617957269501	0.4299136995034942	0.5233446578866426	0.1717913871243214	0.3744171257837775	0.5323204149540027	0.218141960521462	0.4312108521935877	0.5265660971767842	correlation, specificity	0.0177912255530215	0.1624076961116887	
ReplogleWeissman2022_K562_essential	GTF2H2	0.0349438121479657	0.1257977237326765	0.5423366643840182	0.5944195728804716	0.8475982798480799	0.4944198335888688	0.5714558900997029	0.8161434625105716	0.4957942707544254	0.5945905820051974	0.8324268148072764	0.4944095313702557				
ReplogleWeissman2022_K562_gwps	GTF2H2	0.0532650180662919	0.2633659226611101	0.524282035167916	0.0599264465052414	0.2708675382036912	0.5234004647279458	0.1165523124615682	0.4288693062699397	0.5179393499242055	0.1062059029266017	0.4286166796680711	0.5187602123332204				
ReplogleWeissman2022_rpe1	GTF2H2	2.3057930431073837e-05	7.378537737943628e-05	0.6737578047916373	7.248912636918292e-06	2.80501402037273e-05	0.684917847306085	4.2894135148037075e-05	0.0001908789014087	0.6674949237901859	1.4982369693052763e-05	6.061049557644073e-05	0.6779902018674356	nonzero-rate, uniform	0.5703232823108405	0.7984525952351766	
NadigOConner2024_hepg2	GTF2H3	0.7050865787838273	0.8813582234797841	0.4732348759125832	0.6717089348379931	0.8169432991272889	0.4779247469859364	0.6160799854741884	0.7921028384668136	0.4853448996905282	0.6285169611864702	0.7644125203619232	0.4837198742995065				
NadigOConner2024_jurkat	GTF2H3	0.0417234505625202	0.1261325149254137	0.5534675248415706	0.1331023088868067	0.2759438111067944	0.5343425658311154	0.0704266606438035	0.2374520660803649	0.5454860025470712	0.0965979044122266	0.2488127840920988	0.540190725305229				
ReplogleWeissman2022_K562_essential	GTF2H3	0.3955758511331975	0.6699150189238728	0.5088011805768413	0.2496402538611323	0.5195216093866809	0.5224534542254565	0.3564988041025044	0.6695221442900694	0.5122247545408702	0.377007748537451	0.6911808723186602	0.5104140917765012				
ReplogleWeissman2022_K562_gwps	GTF2H3	0.0241467133317541	0.1535041061804367	0.5520795081417945	0.03021020999746	0.1719788350518843	0.54951970113248	0.0981544671925067	0.3891738523773073	0.5340767607049521	0.0977269841920678	0.4015690623164969	0.5341419844088543				
ReplogleWeissman2022_rpe1	GTF2H3	2.4351265477366447e-05	7.492697069958906e-05	0.6446781846326227	0.0005089608186624	0.0013726519048775	0.6170289595331215	0.0001959691081055	0.0006229018079068	0.6262874075018121	0.0001803945099414	0.00055362453051	0.6270627062706271	correlation, uniform	0.0077816521740386	0.0306402554352773	correlation
TianKampmann2021_CRISPRi	GTF2H3	0.2552602626380855	0.3063123151657026	0.5162742339918048	0.1990426583647119	0.2985639875470678	0.5208978044156322	0.4326223280410168	0.5191467936492201	0.5042015778851446	0.4316497437550536	0.530492865497909	0.5042627362240841				
NadigOConner2024_hepg2	GTF2H4	0.067916032232523	0.1408015302381575	0.5617862013787843	0.0871214965277998	0.2119171537162699	0.5562851587923408	0.0567609035068212	0.1419022587670532	0.565558581750799	0.0584231410156262	0.1421103430109828	0.5649616336479748				
NadigOConner2024_jurkat	GTF2H4	0.1935485324104869	0.3822583515107117	0.5224494589380085	0.3077441502694558	0.5231650554580748	0.5130368257696503	0.4189466994201563	0.6280461236343913	0.5053106283029947	0.4173009608693649	0.6334032441767146	0.5054200150994044				
ReplogleWeissman2022_K562_essential	GTF2H4	0.5874594579748292	0.8811891869622439	0.4940185740306627	0.3578381877512439	0.6470020724117637	0.5098587752901682	0.2402948479250675	0.5286486654351485	0.5190910650254433	0.3012597478441102	0.6359749155028492	0.5140955165851228				
ReplogleWeissman2022_K562_gwps	GTF2H4	0.7752954068918074	0.9752342296223954	0.481912080185133	0.9094879865708244	0.9999837890165918	0.468013519629073	0.9836699322245498	0.9999999998639296	0.4489157584275078	0.9821649081437204	0.99999988097155	0.4497663347650358				
ReplogleWeissman2022_rpe1	GTF2H4	4.7672839079543244e-11	3.4671155694213264e-10	0.7502409532988698	8.356530134934073e-09	4.131839900050736e-08	0.7181143683268454	5.64291632743392e-09	3.1388722071351185e-08	0.7207116571328435	3.880491565881821e-09	2.1585234335217633e-08	0.7231618705486225	correlation, uniform	0.0009365884825769	0.006180840636334	correlation
ReplogleWeissman2022_K562_gwps	GTF2H5	0.5758328989911655	0.8686292883087073	0.4943912082021041	0.2929754839733932	0.6670219131318594	0.51597554732852	0.2769182279507094	0.6703449423360266	0.5173630132964337	0.2512268346121734	0.6615223443166213	0.5196685943168057				
GasperiniShendure2019_lowMOI	H3F3B				0.0441789286933054	0.1914420243376569	0.6298102981029811	0.1582712106000223	0.5143814344500725	0.5763324299909665	0.1682157388355694	0.4373609209724804	0.5732610659439927				
ReplogleWeissman2022_K562_gwps	HDAC1	0.1208831813068971	0.4156563859231388	0.5266606259960551	0.7198490759506361	0.8938785228837568	0.4867357611723618	0.4455695461118335	0.8149068618692006	0.5031171608459658	0.6800674832701524	0.879855710281378	0.4893436826641771				
ReplogleWeissman2022_K562_gwps	HDAC2	0.1284331529537788	0.4156563859231388	0.5332549700144592	0.9851454965347792	0.9999837890165918	0.4362387403102248	0.9987393359407682	0.9999999998639296	0.4114016901883275	0.9722075130440208	0.99999988097155	0.4438548811735292				
SunshineHein2023	HDAC2	0.9704486245044304	0.9704486245044304	0.4423438915307971	0.0409310143495357	0.0864099191823532	0.5531554291213768	0.0996759459876557	0.2104269970850511	0.5392075690670289	0.1659711349921208	0.3153451564850295	0.529640087182971	nonzero-rate, specificity	0.5223143498651669	0.9575763080861394	
NadigOConner2024_hepg2	HDAC3	0.3504726534152227	0.5319674203623918	0.5171836762330364	0.3786122259359696	0.5495983924876979	0.513832061364054	0.970682954227956	0.9970974545388352	0.4154067883501156	0.5717826638404512	0.7247949259949381	0.4919087277405375				
NadigOConner2024_jurkat	HDAC3	0.4947826186623242	0.7516889783523772	0.5003467270642843	0.0689451516855631	0.1775859967658445	0.5392955009367224	0.244760621934037	0.4623256192087367	0.5183031345245086	0.202692393295195	0.4202159373193067	0.5220367418840701				
ReplogleWeissman2022_K562_essential	HDAC3	0.0568523594140435	0.1779726033830927	0.5596133822841076	0.7712866616964584	0.9622070221040084	0.471995529473949	0.918300572986777	0.9999997917412552	0.447474503036073	0.540201643858092	0.8155985603347663	0.4961965503077467				
ReplogleWeissman2022_K562_gwps	HDAC3	0.7219425183851995	0.9448953549453348	0.4856278419697303	0.2016790391063085	0.5769552257977941	0.5204035956002718	0.4527115441055654	0.8149068618692006	0.5029010827007209	0.4342055197027067	0.7886027772090635	0.5040453374943759				
ReplogleWeissman2022_rpe1	HDAC3	0.3539462840060887	0.4494555987378905	0.5141193435377737	0.002687181647119	0.0059789791648399	0.604893022675599	0.0031680809303683	0.0074838056845866	0.6028644112348839	6.267045648496695e-05	0.0002162634180681	0.644523714408339	uniform, nonzero-rate	0.1111474544693723	0.2415260946883677	
WesselsSatija2023	HDAC3	0.9902206215309536	0.9902206215309536	0.4230866189371785	0.0137128642720068	0.0274257285440136	0.5726782293032167	0.0049356681731275	0.0131617817950067	0.5850307552687305	0.0009028271314264	0.0024251605944117	0.6028284763537359	uniform, specificity	0.3219524403043584	0.5634167705326273	
ReplogleWeissman2022_K562_gwps	HDAC5	0.568702479925753	0.8686292883087073	0.4955319975876164	0.5065525208619001	0.787374778840435	0.4995760101856195	0.1879487906528484	0.581868858733476	0.5228598003082491	0.3689187892599371	0.7719967256735721	0.5086412115526369				
NadigOConner2024_hepg2	HDAC7	0.8525630229494892	0.940215025563456	0.4552058218300965	0.999824409025126	0.999824409025126	0.3471460491570181	0.4643533714336147	0.6954673032053974	0.5038285244946082	0.9983473175584424	0.9983473175584424	0.3743652244566321				
ReplogleWeissman2022_K562_essential	HDAC7	0.7813438329402054	0.9980810892615924	0.4826153557132329	0.729779569274432	0.936550447235521	0.4862992684420739	0.4419584187375316	0.727936888245868	0.503268166391911	0.8365422499527994	0.9923877742199604	0.4780582645147162				
ReplogleWeissman2022_K562_gwps	HDAC7	0.7947701383217942	0.9752342296223954	0.4657019924501329	0.6812014925122764	0.869782696654093	0.4803709039737318	0.3759942038609144	0.7802129900556298	0.5131687104916348	0.7335079324106141	0.9046582954203908	0.4740205275972213				
ReplogleWeissman2022_rpe1	HDAC7	1.0	1.0	0.2313788062551015	0.9999999948166662	0.9999999948166662	0.3297403238227875	0.9879059804443904	0.997037330607116	0.4329587220482644	0.99999994418258	0.99999994418258	0.3421702859619916				
TianKampmann2021_CRISPRa	HDAC9	0.8489953025894548	0.99980317523568	0.476318745121928	0.135451744442574	0.2709034888851481	0.5252707924844378	0.2735783276914482	0.6150453293428817	0.5138204108050485	0.257801351106272	0.6874702696167253	0.5149245207591708				
ReplogleWeissman2022_K562_gwps	HES1	0.4319942666888233	0.7781801337919066	0.5032014830943894	0.507802142033367	0.787374778840435	0.4996344975336434	0.5802947917285113	0.8668657586954832	0.4962126923787576	0.4528795027850334	0.7886027772090635	0.5022126413497235				
ReplogleWeissman2022_K562_gwps	HEY1				0.3911016072416499	0.7458813981316497	0.5063789418158513	0.3105464535402745	0.7161581479602249	0.5114057718510576	0.2735784469059004	0.6834057540939562	0.5138914375847298				
ReplogleWeissman2022_K562_gwps	HIC1				0.2267070596494604	0.602774064479742	0.514579153379505	0.0769722348963221	0.3267854977078183	0.5277244606779357	0.1369632348802775	0.4836514231709801	0.5212748822537896				
ReplogleWeissman2022_K562_gwps	HIF1A	0.5060358197074873	0.8299917017014636	0.4996565083477903	0.0001775994768876	0.0028669629840441	0.5810874422860395	0.0012027254830675	0.0226513299311052	0.5689101172024623	0.0021461412228372	0.0292995633538924	0.5648425704625307	nonzero-rate, specificity	0.477216935535522	0.7810987875378399	
NadigOConner2024_hepg2	HMGA1	0.6422932352311899	0.8148496267858379	0.4845773853514333	0.429539224181535	0.6040395340052837	0.5075135814954556	0.5940290755918262	0.789447990794337	0.4899365116409731	0.3229748391520339	0.4844622587280509	0.5194376374896815				
ReplogleWeissman2022_rpe1	HMGA1	0.0071384425746463	0.0129789864993569	0.5854123888725925	0.9999988756465412	0.9999999948166662	0.3351295306521802	0.9911559084235024	0.997037330607116	0.4173127008737811	0.998167523936921	0.99999994418258	0.3987132649394219	correlation, specificity	0.0005172256292261	0.0042835308669907	correlation
NormanWeissman2019_filtered	HNF4A	1.3520032304745372e-14	3.0902930982275137e-14	0.6452430708074243	0.9994524350613748	0.999999999509541	0.4377018415096321	0.0792353806602829	0.1408628989516141	0.5269094042638267	0.012943508133017	0.0230106811253636	0.5425116708719262	correlation, uniform	0.0005369200697277	0.0015033761952377	correlation
NadigOConner2024_hepg2	HSF1	0.7928400508776918	0.9106946530351866	0.4582063782246597	0.8740183047282153	0.9592883832382852	0.4413467397928092	0.9904116681355932	0.9970974545388352	0.3800845521023765	0.985076269041105	0.9983473175584424	0.38878732480195				
NadigOConner2024_jurkat	HSF1	0.0035830058905193	0.0177393970438833	0.6374150658501804	0.0005667508621867	0.0048173823285871	0.6663424838520259	0.4144972486556505	0.6280461236343913	0.5110388180521769	0.0287326878947076	0.1061860204804413	0.597081830383357	nonzero-rate, correlation	0.4769193863497102	0.6915331102070797	
ReplogleWeissman2022_K562_essential	HSF1	0.2156035605581968	0.4851080112559429	0.5202056523576931	0.0884672435718313	0.2522954724085561	0.5346609055044149	0.9058467488758056	0.9999997917412552	0.4662292469002442	0.5515373915960805	0.8166995990941961	0.4966749542081533				
ReplogleWeissman2022_K562_gwps	HSF1	0.5736496111998506	0.8686292883087073	0.4964906176492319	0.0120833191916433	0.0880912947519803	0.5426117030385609	0.4396716422167475	0.8149068618692006	0.502869230139216	0.1446356417897407	0.4952675006739607	0.5200297996954165	nonzero-rate, uniform	0.0946534656771858	0.4029352802694099	
ReplogleWeissman2022_rpe1	HSF1	0.981688388308084	1.0	0.3614714522220736	0.0674623353438791	0.1177283891295145	0.5990952145983113	0.1278681568520608	0.210745665922841	0.5753365275977993	0.0523794312334534	0.0914072427407325	0.6075297329453485	uniform, nonzero-rate	0.8198979149518228	0.897077776492082	
NormanWeissman2019_filtered	IRF1	2.7065533152101884e-213	4.330485304336302e-212	0.9465283512248832	4.313200539870303e-75	3.4505604318962427e-74	0.762311572027655	1.1402610948061397e-198	1.8244177516898238e-197	0.9307682032350512	4.1470673377993105e-187	6.635307740478897e-186	0.9178903353248814	correlation, specificity	0.0025559860833468	0.0059639675278093	correlation
PapalexiSatija2021_eccite_RNA	IRF1	6.1060781903010095e-33	2.0353593967670032e-32	0.6262595803885511	9.08789017352928e-19	4.54394508676464e-18	0.5930501707303164	0.0010639838958389	0.0026599597395974	0.5325989052323705	8.825273596790945e-20	4.412636798395472e-19	0.5957976359456257	correlation, uniform	2.0869328298238917e-07	5.565154212863711e-07	correlation
ReplogleWeissman2022_K562_gwps	IRF1				0.7161964879258786	0.8938785228837568	0.4899954074382808	0.0767252392208645	0.3267854977078183	0.5249853276121452	0.8010616694577211	0.9478530748557328	0.4852022555835462				
FrangiehIzar2021_RNA	IRF3	0.594807047840428	0.9542134686286986	0.4975544043630316	0.5980108320355464	0.7628268533271616	0.4974700719292966	0.3943181272105109	0.6196427713308029	0.5027325910656022	0.3960898822198312	0.5809318272557525	0.5026856947721823				
SunshineHein2023	IRF3	0.4011067708757125	0.683357859386615	0.5068532217920354	0.9432160568690804	0.9432160568690804	0.4567172520280235	0.9530876572933262	0.9764796995546412	0.4541678189528023	0.9680896040210912	0.9680896040210912	0.4493022907448377				
SunshineHein2023	IRF9	2.356970488319795e-31	4.4782439278076096e-30	0.7680465574186993	8.541338483991707e-35	1.6228543119584246e-33	0.7833162633384146	3.832868804926418e-34	7.282450729360196e-33	0.7804858199949186	1.1853764286408511e-25	2.2522152144176173e-24	0.7406551702235772	nonzero-rate, specificity	0.7849191276454492	0.9676794325137013	
FrangiehIzar2021_RNA	JAK1	0.0325681167069995	0.1023569382219984	0.5170533744332646	3.064352338813807e-07	1.3483150290780751e-06	0.5461129576635878	2.0295528515340838e-10	1.4883387577916618e-09	0.5578061681854718	1.5237709088172313e-07	8.380739998494772e-07	0.547346117185793	specificity, uniform	0.002945703962041	0.0066278339145924	specificity
SunshineHein2023	JAK1	0.0162159535578621	0.0385128896999225	0.5479854910714285	0.0343691463164687	0.0816267225016132	0.5408314732142857	0.0423735163682123	0.1150138301422907	0.5386700148809523	0.02653199424213	0.0720154129429244	0.5433947172619047	correlation, uniform	0.3527251893187271	0.7759954165011996	
FrangiehIzar2021_RNA	JAK2	9.32362786608144e-39	1.0255990652689584e-37	0.6146339784772662	2.8136281408976664e-14	3.094990954987433e-13	0.5664452133633252	1.9386308194098368e-17	2.1324939013508208e-16	0.5744018379184137	1.756142053537265e-20	1.9317562588909917e-19	0.5813454744297208	correlation, uniform	2.2920313689636537e-05	6.876094106890962e-05	correlation
PapalexiSatija2021_eccite_RNA	JAK2	7.283483995473113e-92	3.6417419977365563e-91	0.7188920231297151	2.50187826867649e-15	8.339594228921635e-15	0.5844210858916596	5.8387752820159054e-27	2.9193876410079526e-26	0.6152740759901509	9.497816654176584e-14	3.1659388847255285e-13	0.579339359152347	correlation, specificity	6.36786540407553e-33	5.094292323260424e-32	correlation
NormanWeissman2019_filtered	JUN	1.4645949684670682e-06	2.603724388385899e-06	0.5838477478460029	0.2374860370789673	0.4221973992514974	0.512811391324989	0.0456839827296096	0.0913679654592193	0.5302743258935159	0.2950961178301745	0.3631952219448301	0.5096578624906174	correlation, specificity	0.0075245281669656	0.0131679242921898	correlation
ReplogleWeissman2022_K562_gwps	JUN	0.9779405787432311	0.9999954393391224	0.4600335811884656	0.1192273725368876	0.4087690446818313	0.5234057469854687	0.1824580631142673	0.581868858733476	0.5179890102526301	0.1885792172100781	0.572128429262222	0.5175344757174882				
ReplogleWeissman2022_K562_gwps	JUND	0.3577634210240065	0.7137623266775575	0.5090629676785275	0.9260352380510496	0.9999837890165918	0.4640191997935079	0.9663608667520422	0.9999999998639296	0.4544966382988228	0.938956352430929	0.9984915547777272	0.4615526120505012				
ReplogleWeissman2022_K562_gwps	KAT2A	0.814634388733259	0.9773847264810386	0.474644585796834	0.9576149613034542	0.9999837890165918	0.451174361723514	0.9015386292763902	0.9882189046010396	0.4634480074639561	0.9382099671462272	0.9984915547777272	0.456379027726947				
ReplogleWeissman2022_K562_gwps	KAT2B	0.7630484507734574	0.9752342296223954	0.4833257474951504	0.3282766125434743	0.6865060410665967	0.5103536683111836	0.9777380298209256	0.9999999998639296	0.4532206451994698	0.8928426002891323	0.9954610858195412	0.4710869041164557				
NadigOConner2024_hepg2	KAT5	0.0149196455703211	0.0396303085461655	0.7523190466517706	0.0117352949139424	0.0377205907948149	0.7621707630848399	0.4194238527418052	0.6622481885396926	0.5246123637348501	0.0158820664201415	0.049289171648715	0.7496783803913603	nonzero-rate, correlation	0.9522725086924314	0.9739150657081684	
NadigOConner2024_jurkat	KAT5	0.9533910364108832	0.9999999999179392	0.4167731684570481	0.0008712691522411	0.0056967598415768	0.655232733140232	0.1481755805452975	0.342311495114411	0.5517771406859867	0.0051126420792179	0.0289873228404642	0.6273284416526446	nonzero-rate, uniform	0.1150748131577225	0.3033790528703594	
ReplogleWeissman2022_K562_essential	KAT5	0.3846528567931797	0.6699150189238728	0.5078377491983939	0.9326182824717568	0.9992179015690524	0.4600343249792235	0.5761763876347314	0.8161434625105716	0.4948663777594513	0.9258334966329744	0.9999881318155772	0.4613740499336107				
ReplogleWeissman2022_K562_gwps	KAT5	0.5625040659531546	0.8686292883087073	0.497039094470258	0.3164408497946485	0.6860474543805308	0.5089903311575694	0.3399607354573707	0.7459332642074348	0.5077650015844044	0.1898656291799409	0.572128429262222	0.5165322099773186				
ReplogleWeissman2022_rpe1	KAT5	0.1186468886014758	0.1725772925112376	0.5594763016124621	0.0958620984222768	0.1640716684535123	0.5657025879579108	0.1002516661136108	0.1784479656822272	0.5644254690955821	0.0481790140981926	0.0875088215252887	0.5836831470757695	uniform, nonzero-rate	0.3171761400352866	0.5258446532163963	
FrangiehIzar2021_RNA	KLF4	0.3995217657022952	0.8789478845450496	0.5027620942907133	0.6241310618131323	0.7628268533271616	0.4965678368379571	0.3819743847843164	0.6196427713308029	0.5032580642466397	0.0557113160147592	0.1361832169249671	0.5172703372409777				
ReplogleWeissman2022_K562_gwps	KLF4				0.6074565908280877	0.8342733603654632	0.4963103465328716	0.6116400833147675	0.8804500562365444	0.4961628645679553	0.7365359573334156	0.9046582954203908	0.4914393449693872				
ReplogleWeissman2022_K562_gwps	LEF1	0.7041142829536637	0.9405380876978447	0.4889557937173939	0.2613581831886225	0.6283718021343476	0.5131633076867343	0.7880846308069821	0.9510972224442696	0.4835286790295088	0.4607940291201019	0.7886027772090635	0.5020272253745197				
ReplogleWeissman2022_K562_gwps	LIN37				0.622955368096883	0.8403160578968012	0.4937513202694467	0.8394973754622277	0.9679918717064462	0.4802038719394478	0.6092587278372064	0.8604711934747354	0.494466738782895				
NadigOConner2024_hepg2	LIN52	0.3821940988316398	0.5667110930566845	0.5153488726386349	0.2982863368504205	0.4793887556524615	0.5271049157018077	0.2401686639266951	0.4237423270150763	0.5361377716839326	0.1940776291423129	0.3424899337805522	0.5441867255738371				
NadigOConner2024_jurkat	LIN52	0.1095490985810807	0.2520395889718851	0.5774883059506832	0.0719825797495547	0.1799564493738868	0.5921323314998342	0.0511016321672878	0.2068399397247364	0.6030454460116401	0.0736572382856845	0.2019633952994577	0.5913693721763514				
ReplogleWeissman2022_K562_essential	LIN52				0.3798439116211469	0.6499551376628515	0.5255103638299204	0.4251134255122085	0.727936888245868	0.5157492641993864	0.4064427918211021	0.7112748856869288	0.5197413739119543				
ReplogleWeissman2022_K562_gwps	LIN52				0.0304387318675901	0.1719788350518843	0.6397185552502848	0.0266603417927764	0.1772128601519847	0.6440367218387724	0.0118887382228171	0.0995131421613579	0.6685152672608278	uniform, specificity	0.2481337840947354	0.6782323431922768	
ReplogleWeissman2022_rpe1	LIN52				0.2365431840781493	0.3395539255315369	0.5399008927441417	0.1893709930535028	0.2905865238234784	0.5489516503272746	0.4587517579094938	0.5832700921992136	0.5057617856180898				
NadigOConner2024_hepg2	LIN54	0.5723154054240341	0.7601063978287953	0.4954429602743564	0.3742541959472345	0.5495983924876979	0.5080176321185677	0.3613844837350558	0.6023074728917598	0.5088716600612943	0.2856672818104427	0.4510536028585938	0.5141559579569162				
NadigOConner2024_jurkat	LIN54	0.9937687265564602	0.9999999999179392	0.4554436107358518	0.3876032212414442	0.6101161815837548	0.5050922929184294	0.5343451475704384	0.7445793039915944	0.4984631410517248	0.521030428260981	0.7260260065931703	0.4990597302890797				
ReplogleWeissman2022_K562_essential	LIN54	0.0806268827593585	0.2232744445643776	0.523561429973544	0.0607391191226752	0.2012600021403545	0.5260461326989359	0.2344384859307401	0.5286486654351485	0.512182328509011	0.1011520456589267	0.2912827801228628	0.5214447050566413				
ReplogleWeissman2022_K562_gwps	LIN54	0.9194064152353664	0.9978923287310684	0.4843395602129565	0.0364836391338249	0.196316724862963	0.5200413633969881	0.0470245012749248	0.2463583726618114	0.5187155083066826	0.0325377880752766	0.1885523103849364	0.5206192680624332				
ReplogleWeissman2022_rpe1	LIN54	2.846457613983321e-09	1.518110727457771e-08	0.6334418688941944	0.9852859718086524	0.9999999948166662	0.4501170888814271	0.9019343804559488	0.9910143192664128	0.4703903633918604	0.9893172449435748	0.99999994418258	0.4472822481500609	correlation, specificity	3.0503451742763085e-06	9.608587298970372e-05	correlation
ReplogleWeissman2022_K562_gwps	LIN9	0.1036556372609371	0.3925681581371661	0.548660744201185	0.0043770515454187	0.0395685459705853	0.6011619168876423	0.0163589589533761	0.1274870594297588	0.5824082672001991	0.0039647572945836	0.0446307199521228	0.6024564191420723	uniform, nonzero-rate	0.9100135755819904	0.9628002848056976	
GasperiniShendure2019_lowMOI	LMO2	0.0742970888340631	0.3830360462312268	0.5863414634146341	0.1333687804140884	0.3467588290766299	0.5663956639566395	0.2734252949458363	0.5924214723826454	0.5360433604336043	0.372653206930115	0.5382768544546106	0.5194579945799458				
NadigOConner2024_jurkat	LMO2				0.4306429514730481	0.6204178114442219	0.5037780952967996	0.5569103827064937	0.7513870242865391	0.4969055026623244	0.4640243489200157	0.680035683762092	0.5019525411537558				
ReplogleWeissman2022_K562_gwps	LMO2	0.902859934945761	0.9978923287310684	0.4771975105665417	0.8432998122451534	0.9749563930009988	0.4822903697776508	0.5742645985917101	0.8668657586954832	0.4967107164873163	0.7445488757500899	0.90955700497038	0.4884508002085985				
NormanWeissman2019_filtered	MAML2	0.999997048808692	0.999997048808692	0.4463207164410541	1.9044049514912676e-08	6.094095844772057e-08	0.5651697555959637	0.1680573887814336	0.2688918220502937	0.5113983489572982	0.0038850833798672	0.0088801905825536	0.531543873308727	nonzero-rate, uniform	7.509174412866945e-07	3.5042813926712413e-06	nonzero-rate
NormanWeissman2019_filtered	MAPK1	0.0025468448258375	0.0037045015648545	0.5295616184791432	0.764050540962399	0.999999999509541	0.4924077644130247	0.3514366838883568	0.4685822451844757	0.5040257270125772	0.3778528992880767	0.4318318849006591	0.5032835886929966	correlation, specificity	0.0041406982421921	0.0082813964843843	correlation
GasperiniShendure2019_lowMOI	MAX	0.0957590115578067	0.3830360462312268	0.6275218307738634	0.0066367836207141	0.056028944562922	0.7416440831074976	0.0223742005708911	0.1454323037107923	0.695874736525143	0.0125912981476921	0.0818434379599987	0.718458295694068	nonzero-rate, uniform	0.2652120388972392	0.5304240777944784	
NadigOConner2024_hepg2	MAX	0.0127132943852361	0.0348590329917766	0.5966235583542104	3.801883286565539e-09	4.8881356541556934e-08	0.7497641456203309	6.701402567284956e-07	5.48296573686951e-06	0.7089805222651049	7.406500106641577e-08	6.059863723615837e-07	0.7271898345633871	nonzero-rate, uniform	0.1308433423838585	0.2859350287078736	
NadigOConner2024_jurkat	MAX	0.4827141299893605	0.7516889783523772	0.5014404037103917	2.066264849023905e-33	8.781625608351597e-32	0.8982258199815452	4.1566912066427356e-27	1.7665937628231623e-25	0.85607773102751	2.8493106307377796e-29	1.2109570180635564e-27	0.8710789010106005	nonzero-rate, uniform	0.0002786108785113	0.0080797154768283	nonzero-rate
ReplogleWeissman2022_K562_essential	MAX	0.0407043126507555	0.139557643374019	0.5378118020331059	3.2578229257968735e-77	2.508523652863592e-75	0.902773081178116	3.3152302235919875e-68	2.55272727216583e-66	0.8778294403740582	5.2528881467934e-67	4.044723873030918e-65	0.874382136222264	nonzero-rate, specificity	0.0005907885493544	0.002658548472095	nonzero-rate
ReplogleWeissman2022_K562_gwps	MAX	0.1394808867585732	0.4280620317763111	0.5216489622806963	2.6877795414106417e-39	3.0371908817940255e-37	0.7612046784338231	1.4624253040698656e-30	3.305081187197896e-28	0.7285774792258954	2.274204944562075e-31	2.569851587355145e-29	0.7317864238978591	nonzero-rate, uniform	2.5198336781799184e-07	1.0331318080537664e-05	nonzero-rate
ReplogleWeissman2022_rpe1	MAX	0.9994951718049744	1.0	0.397853425867457	5.946614747918304e-19	8.820811876078819e-18	0.7738896257645294	2.736872051012242e-14	3.04477015675112e-13	0.7336370805222114	1.619446398287129e-15	1.8016341180944312e-14	0.744860418296941	nonzero-rate, uniform	0.0018386440391292	0.0090352075609355	nonzero-rate
NadigOConner2024_hepg2	MCM5	0.0288920882664901	0.0654796151587205	0.5827654977563571	0.112360492856667	0.2528111089275007	0.5529610547892083	0.1022020777968869	0.2299546750429956	0.5553616604804905	0.0706695883520012	0.1514348321828598	0.5641608036489206	correlation, uniform	0.4832754598473274	0.6213541626608495	
ReplogleWeissman2022_K562_essential	MCM5	0.8126029246593092	0.9980810892615924	0.4726551158779226	0.7197876702135048	0.936550447235521	0.4820621915187949	0.9742687462449028	0.9999997917412552	0.439993467456834	0.9085377848633748	0.9999881318155772	0.4589666626816729				
ReplogleWeissman2022_K562_gwps	MCM5	0.9795360657709952	0.9999954393391224	0.4548843587558993	0.8641410770269453	0.9785376571264156	0.475743180070393	0.8061216767236588	0.9517402744559768	0.4809388192722643	0.9248554257768288	0.9984915547777272	0.4682529045927827				
NadigOConner2024_jurkat	MCM6	0.9999999999179392	0.9999999999179392	0.4000035950962887	0.9716742996878968	0.9999999816193396	0.4701810730164056	0.4426065691198302	0.6376535317828064	0.5022586791616236	0.9996393352672576	0.9999999809091804	0.4470993564777643				
ReplogleWeissman2022_K562_gwps	MDC1	0.4416353491513994	0.786110921489491	0.5031715132091477	0.4687683546365868	0.787374778840435	0.5016927864714847	0.5360267419186041	0.8668657586954832	0.4980467330059669	0.5430017826223945	0.8348190671609602	0.4976672056220068				
ReplogleWeissman2022_K562_gwps	MECP2	0.2341935502882629	0.631612908353194	0.5207401261114243	0.9510158474980246	0.9999837890165918	0.4526686007781119	0.7038859619123357	0.9069405386865372	0.4846801160992441	0.8459134594836275	0.9741417727909524	0.4708520076260752				
NadigOConner2024_hepg2	MED1	0.0043130232838479	0.0132096112666176	0.728897752663749	0.2798230719514995	0.4751712542572633	0.5508466751611176	0.0342966765651482	0.1033357551856615	0.6587077354901852	0.1214022161583083	0.2428044323166166	0.6017949144091741	correlation, specificity	0.2647525518641527	0.4191329982356822	
NadigOConner2024_jurkat	MED1	0.2423127527719983	0.4451792434648342	0.5185107513351788	0.1529498466525144	0.3023427201270634	0.5271181108967369	0.1495404560738785	0.342311495114411	0.5275032855185526	0.1194876194598841	0.2819794904489635	0.5311886586695748				
ReplogleWeissman2022_K562_essential	MED1	0.0099271185269654	0.042044266702442	0.5440687077010027	5.7925799387357964e-06	4.4602865528265634e-05	0.5829731291351783	0.0009280909096703	0.0064966363676922	0.5588882556592053	0.0099763885311874	0.0451871715824374	0.5440335818715989	nonzero-rate, specificity	0.0539718133102839	0.1324762690343332	
ReplogleWeissman2022_K562_gwps	MED1	0.6887672644352275	0.9405380876978447	0.4893637993468894	0.211119620696858	0.5946339595787599	0.5173370415058004	0.4377222744280884	0.8149068618692006	0.5033861719208884	0.6057256869428614	0.8604711934747354	0.4942063112057163				
ReplogleWeissman2022_rpe1	MED1	0.5078482841569208	0.6063860109336369	0.4992114255673355	0.9425353207303084	0.9999999948166662	0.4367472315645451	0.4433072908828261	0.5802110130672283	0.5057222196011295	0.9246767770431688	0.9960643397298504	0.4423312821411481				
TianKampmann2021_CRISPRa	MEF2C	0.714071446769406	0.99980317523568	0.4844139650872818	0.6060370827984842	0.8126167842353146	0.492587974508174	0.8794786779550917	0.9692837706814532	0.4676676364643946	0.864238467245906	0.898495306320028	0.4696765031864782				
ReplogleWeissman2022_K562_gwps	MLXIPL				0.3672812339352968	0.7217874684293659	0.5057787149962399	0.524307610117027	0.864916203550716	0.4989609393032381	0.4803234947840675	0.8040971097866612	0.5008409604488224				
NadigOConner2024_hepg2	MNAT1	0.0941814055673849	0.1861725458890168	0.5463460826134232	0.1275826906608683	0.273391479987575	0.5400909297296005	0.1116410176668035	0.2450656485368857	0.5429078395526401	0.1041126317855897	0.2179101595512343	0.5443386983068669				
NadigOConner2024_jurkat	MNAT1	0.0001062308583445	0.0013987063015365	0.5946473196606341	0.0022365901330382	0.011182950665191	0.5726445872016616	0.0007995842914937	0.0084955830971211	0.580652083581251	0.0013844908096914	0.0108716190105215	0.5764669084392144	correlation, specificity	0.1005371990241901	0.2915578771701514	
ReplogleWeissman2022_K562_essential	MNAT1	0.9839555657402806	0.9980810892615924	0.4318200851499177	0.9987737755512782	0.9992179015690524	0.4036404871788487	0.9963644479051218	0.9999997917412552	0.4146146864368992	0.9977632933006216	0.9999881318155772	0.4095717832819159				
ReplogleWeissman2022_K562_gwps	MNAT1	0.5506214410434586	0.867350588546333	0.4966446648350421	0.3549365925666643	0.7082004235584548	0.5098112533226116	0.7303702123704741	0.9170203777540396	0.4838092206660858	0.6802538505002003	0.879855710281378	0.4876470325448413				
ReplogleWeissman2022_rpe1	MNAT1	1.9481228048800632e-14	1.7316647154489452e-13	0.7562758882264757	1.585190316499496e-11	1.0852456782188855e-10	0.7249045488862136	3.708805502298014e-12	3.000760815495666e-11	0.732050929665642	1.4475917953635704e-12	1.1712333617032523e-11	0.7365687290028554	correlation, uniform	0.0024188608725046	0.0108848739262708	correlation
ReplogleWeissman2022_K562_gwps	MOV10	0.1693883911624118	0.4942808791296607	0.5231955493599539	0.6959494747279308	0.8786848116676668	0.487565889877899	0.650958531572536	0.9021323471245722	0.4905939220392381	0.5792952917557433	0.8534806015070802	0.4951481926471379				
SunshineHein2023	MOV10	0.8503843803685993	0.9278847076101764	0.4696927212252475	0.3351800203563941	0.5976052365611817	0.512429416769802	0.0873391707538478	0.2074305305403886	0.5396313557136965	0.1071240076292942	0.2261506827729545	0.5362633431311882				
ReplogleWeissman2022_K562_gwps	MTA1	0.7119718147188485	0.9405380876978447	0.4864889181715556	0.3492813417073186	0.7047998502308395	0.5093576396129502	0.4869257038724047	0.821232903545996	0.5007920846827233	0.4754683528752317	0.8019093115656892	0.5014868399040482				
TianKampmann2021_CRISPRi	MTA1	0.7454151195990377	0.7454151195990377	0.4816553886779997	0.9962097658999854	0.9962097658999854	0.4257715794685591	0.8455431565412976	0.8455431565412976	0.4717197557352698	0.8465289789212366	0.8465289789212366	0.4716042251196567				
NadigOConner2024_hepg2	MYB				0.2740148990475802	0.4742565560438889	0.5278832481757528	0.5390658164846132	0.7700940235494474	0.4954504497466107	0.4038020866582992	0.5768601237975703	0.5113048641385023				
NadigOConner2024_jurkat	MYB	0.2658641829055391	0.477347055671309	0.5501022758803147	0.0014752789980007	0.0083599143220044	0.7381608409206765	0.0954761447206687	0.2617894290728015	0.6047698631374497	0.0436682643894566	0.1484720989241524	0.6369625676730786	nonzero-rate, uniform	0.0365158817124024	0.1764934282766117	
ReplogleWeissman2022_K562_gwps	MYB	7.753928522184023e-07	1.5335547521652845e-05	0.603217770188996	1.8061569977648875e-05	0.0003401595679123	0.5887465786618084	0.116679869391819	0.4288693062699397	0.5256026238558671	7.330137857209043e-06	0.0001656611155729	0.5931024933516915	correlation, uniform	0.5991917550139714	0.7924794179217041	
ReplogleWeissman2022_rpe1	MYB				0.1735242270014707	0.2617568847988287	0.5335117582554716	0.5389119498036529	0.6395088471003347	0.4965191209386425	0.4390916057143635	0.570194355333847	0.5054629356740984				
WesselsSatija2023	MYB	0.0045495443792367	0.0121321183446312	0.7123587313160773	0.0375737493676152	0.0601179989881843	0.6449143273787824	0.0628921871736688	0.0838562495648917	0.6246810061975939	0.0535273268938999	0.08564372303024	0.6312431644185199	correlation, nonzero-rate	0.0945114185751611	0.2205266433420427	
NadigOConner2024_hepg2	MYBL2	3.600817620366966e-07	2.354380751778401e-06	0.6243711988146874	0.0002885209906187	0.0013666783766153	0.5863847367100405	1.0023171961319131e-06	7.517378970989349e-06	0.6192795521621202	1.9031341265334115e-05	0.0001070512946175	0.603368343071537	correlation, specificity	0.5757001308506564	0.700175834818366	
NadigOConner2024_jurkat	MYBL2	0.129370168656213	0.2689537716800218	0.5492427419908336	0.5940678798383114	0.7845855580204626	0.4896229724473999	0.3076818307811573	0.5564458641786887	0.521907481831146	0.4759330432720342	0.6856662487817442	0.5026328633198862				
ReplogleWeissman2022_K562_essential	MYBL2	3.764223711110944e-06	3.0113789688887555e-05	0.6279983001045106	5.7083508510175705e-08	6.279185936119328e-07	0.6515624629515804	2.723112697178857e-05	0.0002541762618916	0.6153484876949088	6.569884533291621e-07	1.0117622181269098e-05	0.6382724538502085	nonzero-rate, uniform	0.06481938129929	0.1458436079234027	
ReplogleWeissman2022_K562_gwps	MYBL2	0.1259574524440987	0.4156563859231388	0.5420214088233578	0.478463671804614	0.787374778840435	0.5019810294998195	0.3455623197552931	0.7509335025451563	0.514572980007047	0.4564197379019781	0.7886027772090635	0.5040146947880842				
ReplogleWeissman2022_rpe1	MYBL2	0.0487897650436982	0.0750611769903049	0.5166619896861726	0.0006480035549296	0.0016962445996687	0.5323529632322237	0.007657919051088	0.0166232876962642	0.5243871971507125	0.000646166840001	0.0017426923866694	0.5323611528816119	uniform, nonzero-rate	0.993820992654003	0.993820992654003	
FrangiehIzar2021_RNA	MYC	1.8625130517842564e-08	1.3658429046417881e-07	0.6169964600315998	3.133364540041532e-10	1.7233504970228421e-09	0.6314558066002227	0.0004703388965511	0.002120165618833	0.5703178765762082	1.1075052361885025e-08	8.121705065382353e-08	0.6189287668429526	nonzero-rate, uniform	0.0959469888479926	0.1708621266614566	
GasperiniShendure2019_lowMOI	MYC	0.3516719141352755	0.6853243629943924	0.5253387533875339	0.4067795398272077	0.5930747007485282	0.5157181571815719	0.4654232384990569	0.6905718654570008	0.5058265582655826	0.3388797213178549	0.5382768544546106	0.5276422764227643				
NadigOConner2024_hepg2	MYC	9.822360871860922e-20	4.174503370540892e-18	0.8628377005890717	5.446109881105175e-21	4.901498892994657e-19	0.8753847716370569	4.429746121184328e-15	1.3289238363552986e-13	0.8121025328520758	3.3853138649212394e-17	3.0467824784291154e-15	0.8361029078579352	nonzero-rate, correlation	0.2478707624815819	0.4191329982356822	
NadigOConner2024_jurkat	MYC	2.6695055726422684e-57	2.1089094023873918e-55	0.9303815335013476	3.322658804398283e-58	2.824259983738541e-56	0.9338959745863163	8.15770039366724e-44	6.934045334617154e-42	0.8741555822206337	1.9647085478584644e-52	1.6700022656796948e-50	0.910969680833604	nonzero-rate, correlation	0.6842519084789087	0.8268043894120147	
PapalexiSatija2021_eccite_RNA	MYC	0.0002922559062026	0.0005845118124053	0.5972492444458116	0.0012522744824905	0.0025045489649811	0.5854872074870998	0.0014600784618444	0.0029201569236889	0.5841645070249237	0.0026363207265035	0.005272641453007	0.5789006205926005	correlation, nonzero-rate	0.6527413771731542	0.8698128320943123	
ReplogleWeissman2022_K562_essential	MYC	1.7217702080808617e-07	1.7709636425974575e-06	0.6728232868991891	1.670418189513349e-07	1.6077775074065984e-06	0.6730175845838298	2.970891372760105e-05	0.0002541762618916	0.6361293327740305	1.983650482038508e-06	2.545684785282752e-05	0.6564032024375995	nonzero-rate, correlation	0.9901179649746524	0.9901179649746524	
ReplogleWeissman2022_K562_gwps	MYC	1.1867642173645014e-09	5.281100767272032e-08	0.6742022655071545	3.7507894530307383e-08	1.6953568327698937e-06	0.6569508511036928	0.0017479310205323	0.0282166007600228	0.5852170393051679	1.4439229767895594e-06	4.079082409430505e-05	0.6365224478855404	correlation, nonzero-rate	0.3835115456977311	0.7810987875378399	
ReplogleWeissman2022_rpe1	MYC	5.747810616811478e-06	1.999238475412688e-05	0.6370795033814969	5.273813913663877e-28	1.56456479438695e-26	0.840845506653979	6.173884181242273e-13	5.494756921305623e-12	0.7218991399037002	1.6940435844430214e-23	3.7692469753857225e-22	0.8099892207784268	nonzero-rate, uniform	0.0010975410500466	0.0062859169229945	nonzero-rate
ReplogleWeissman2022_K562_gwps	MYCN				0.6697648181241483	0.869782696654093	0.4914187501931528	0.592608860652716	0.8668657586954832	0.4954236006630076	0.7971777509323665	0.9478530748557328	0.4837545672044959				
NadigOConner2024_hepg2	NANOG				0.0714552250427712	0.178638062606928	0.5801630829053133	0.2448289000531552	0.4237423270150763	0.5378036040741708	0.0426554252224209	0.1096853791433682	0.5941499085923219				
NadigOConner2024_jurkat	NANOG				0.6999860386679247	0.8527997185987413	0.4844885950563431	0.4765868701413779	0.6751647327002853	0.5017375674579873	0.6663111818079974	0.8455708565235106	0.4872874024830131				
ReplogleWeissman2022_K562_essential	NANOG				0.2197556206181783	0.4976818466941097	0.5200773999624271	0.5027067231141004	0.7899677077507291	0.4998241593086606	0.354696222555056	0.682790228418483	0.5096795040390757				
ReplogleWeissman2022_K562_gwps	NANOG				0.7738781519540963	0.9352751996878385	0.4863616696944578	0.6193726593372423	0.8859381076595998	0.4944873183655098	0.780563678415035	0.9333724408560736	0.4859549097440351				
ReplogleWeissman2022_rpe1	NANOG				0.410264280294095	0.5216217278024922	0.5077433628318584	0.2110890513168916	0.3131154261200559	0.5273944429841213	0.4420607923374768	0.570194355333847	0.5049748337665626				
ReplogleWeissman2022_K562_gwps	NCOA1	0.3543389584337927	0.7137623266775575	0.5079184977508198	0.2947642016564974	0.6670219131318594	0.5114341793248353	0.6863881295541656	0.9021323471245722	0.4897078119291935	0.3145491317862661	0.7108810378369613	0.510236273804094				
ReplogleWeissman2022_K562_gwps	NCOA2	0.3608910640504504	0.7137623266775575	0.5072782282382899	0.3071869202176367	0.6860474543805308	0.5102984654560075	0.3329458326130508	0.7459332642074348	0.50882583930845	0.3475061890560088	0.7590365183523944	0.5080137371842123				
ReplogleWeissman2022_K562_gwps	NCOA3	0.4051713416047166	0.7641592418783025	0.5075185954566777	0.2597672467308776	0.6283718021343476	0.5201780906693576	0.40518304634767	0.793401670529271	0.5075176494239053	0.3727516164120699	0.7728611496250257	0.5101687485957326				
ReplogleWeissman2022_K562_gwps	NCOA6	0.0051410217235431	0.0508389925994823	0.5457602766444427	0.0003786069755951	0.0050332456755594	0.5600575985878332	0.0085376295040489	0.0877047394506844	0.5425306688402239	0.0001648930769349	0.0033878032170269	0.5640292156262732	uniform, nonzero-rate	0.5612993566440683	0.7810987875378399	
NadigOConner2024_hepg2	NELFA	0.000105807931948	0.0004996485675325	0.6697034328661385	7.590236637089001e-05	0.0004269508108362	0.6735222425350396	7.644596314365317e-05	0.0003822298157182	0.6734409912654885	7.489291644376618e-05	0.0003964919105846	0.6736745886654478	uniform, nonzero-rate	0.9809549415838944	0.9809549415838944	
NadigOConner2024_jurkat	NELFA	0.0006736041271975	0.0048377023680554	0.5849061879596231	0.0012128611275617	0.0073637997030533	0.5803169476833598	0.0014286906088889	0.0121438701755563	0.5789985459832788	0.0014069154013616	0.0108716190105215	0.5791229762603808	correlation, nonzero-rate	0.5288589465931443	0.7303290214857706	
ReplogleWeissman2022_K562_essential	NELFA	0.0005974201893092	0.0035845211358553	0.6006929373937867	0.0003356137730297	0.0019878661940993	0.6056950859531721	0.0017884153528841	0.0098362844408628	0.5905353259872037	0.001005986326524	0.0055329247958821	0.5959801425606941	nonzero-rate, correlation	0.8006594399393152	0.8603066506365463	
ReplogleWeissman2022_K562_gwps	NELFA	0.1533790513215654	0.46273679890235	0.5237984859073113	0.1022077789777937	0.3819784206875566	0.5295504368311444	0.1982256113962604	0.5833170984642547	0.5197452115665613	0.1763301618902337	0.5612762899604624	0.5216421352553497				
ReplogleWeissman2022_rpe1	NELFA	8.446038789130962e-09	4.2230193945654813e-08	0.7262357702754618	4.378453703101368e-09	2.5978825305068122e-08	0.7307296335487871	2.0853752285133703e-08	1.0917552666922941e-07	0.71991200992121	1.0577315438324964e-08	5.5375357294760116e-08	0.7246771562792765	nonzero-rate, correlation	0.603458143202083	0.8168787146818408	
NadigOConner2024_hepg2	NELFB	0.0003382279276618	0.0012499727761415	0.595835682596092	0.0023034380223058	0.0090134531307621	0.5798872733554685	0.0018448811921997	0.0079066336808562	0.5818672984522393	0.0016369982338701	0.0066968109567413	0.5829171104162988	correlation, uniform	0.133436346730341	0.2859350287078736	
NadigOConner2024_jurkat	NELFB	0.6863374149269981	0.8888632094956205	0.4901274856218069	0.4263911751789503	0.6204178114442219	0.5037738281082165	0.3727359033049656	0.6028264540568579	0.5066013859534619	0.3237698327605079	0.53961638793418	0.5092971820583067				
ReplogleWeissman2022_K562_essential	NELFB	0.6827144821390421	0.9452969752694428	0.4881593887789947	0.5272977014056873	0.766074019023357	0.4982943745786874	0.5240306268946062	0.7911834955075427	0.4984988147992618	0.5263045182800863	0.8155985603347663	0.4983565354565646				
ReplogleWeissman2022_K562_gwps	NELFB	0.4864068543837868	0.8299917017014636	0.500670354734551	0.4545656792275431	0.787374778840435	0.5022449810260573	0.642139906378662	0.8958248076640594	0.4928367471539085	0.6115544558931846	0.8604711934747354	0.4944262647020136				
ReplogleWeissman2022_rpe1	NELFB	6.4778323826974294e-18	7.574349314543447e-17	0.7060236814038439	3.182995296519974e-17	3.147628682114196e-16	0.7015424032485641	2.9347522339074136e-15	3.7313278402537126e-14	0.6882435939657439	1.0867783967749648e-15	1.3817611044710267e-14	0.6912407810814649	correlation, nonzero-rate	0.659199245346658	0.8168787146818408	
NadigOConner2024_hepg2	NELFCD	0.0043514013584152	0.0132096112666176	0.6087419733280272	0.2382595816383212	0.4329182262401639	0.5295095490969087	0.0420953182809068	0.1140631501613393	0.5715778084542775	0.0682127942238976	0.1497570688536545	0.5617281647576765	correlation, specificity	0.2638414027357384	0.4191329982356822	
NadigOConner2024_jurkat	NELFCD	0.0117946922820727	0.0452327985371658	0.5637569977192618	0.0137153063461934	0.055514335210783	0.5621117324271581	0.0539960864691235	0.2086212431761592	0.5452681410480633	0.0243559560967663	0.0941025576465972	0.5555148437908052	correlation, nonzero-rate	0.9360129140495388	0.9932294404263586	
ReplogleWeissman2022_K562_essential	NELFCD	0.994706502966255	0.9980810892615924	0.4472052635901657	0.9795484116969134	0.9992179015690524	0.4577709607590838	0.975801888773152	0.9999997917412552	0.4592299747846881	0.975934141287634	0.9999881318155772	0.4591818287379033				
ReplogleWeissman2022_K562_gwps	NELFCD	0.0163628685189252	0.1213579415153623	0.5301281972717272	0.1137569374081561	0.4087690446818313	0.5170262294982813	0.3367641362157118	0.7459332642074348	0.5059441634117687	0.1243276579006699	0.4683008447591899	0.5162761240082303				
ReplogleWeissman2022_rpe1	NELFCD	5.97545663446654e-18	7.574349314543447e-17	0.7432322452803484	8.807405486033905e-12	6.532159068808479e-11	0.6912250874508826	3.9372112780951405e-10	2.9200983645872294e-09	0.6748141458121306	1.12792937519723e-10	8.365476199379457e-10	0.6803703940850176	correlation, nonzero-rate	0.0490710424916672	0.1405216216806834	
NadigOConner2024_hepg2	NELFE	0.0075804199602829	0.0222184722973811	0.595880259703132	0.0243573389388506	0.0685050157655175	0.5778206603922631	0.0215018360181579	0.0744294323705467	0.5798970817252352	0.0202581191408128	0.0607743574224385	0.580875106266128	correlation, uniform	0.2223436194382299	0.416894286446681	
NadigOConner2024_jurkat	NELFE	0.977803856616846	0.9999999999179392	0.4484280628722423	0.5130787054468414	0.7149457370980578	0.4991591781310293	0.7446066273075637	0.8843649455039901	0.4831304787769482	0.6730806760470096	0.8455708565235106	0.4884965344769734				
ReplogleWeissman2022_K562_essential	NELFE	0.2375497378671383	0.505409597237406	0.5242151531606185	0.3127308956975096	0.6020069742177062	0.516550045164561	0.4224368144210704	0.727936888245868	0.5066344295497184	0.4032423370687507	0.7112748856869288	0.5083059043334817				
ReplogleWeissman2022_K562_gwps	NELFE	0.0004159312361863	0.0052882685743688	0.5819010006763737	0.0005244548335337	0.0062382522304545	0.580310485914023	0.0046317342853768	0.0571906458579967	0.5637710028988135	0.0029246679173499	0.034788155227426	0.5675434617125705	correlation, nonzero-rate	0.8513551377163989	0.9433935309830366	
ReplogleWeissman2022_rpe1	NELFE	6.6275556502255165e-18	7.574349314543447e-17	0.7731368593367	1.0442450467242167e-16	9.293780915845528e-16	0.7627582367561168	1.6536956989819298e-16	2.4529819534898626e-15	0.7609887526633086	7.21292120781311e-17	1.0699166458256112e-15	0.7641740377361717	correlation, uniform	0.5103277220420819	0.7654915830631228	
NadigOConner2024_hepg2	NF1	0.8946042258980842	0.9408275250054926	0.4260782720563342	0.9974651879846328	0.999824409025126	0.3344420746157492	0.9970974545388352	0.9970974545388352	0.3370404225066016	0.99263805727342	0.9983473175584424	0.3559144153294062				
ReplogleWeissman2022_rpe1	NF1	0.5885639126167519	0.6924281324902963	0.4918388804746466	0.0002341745403484	0.0006947178030336	0.6275487852198621	8.8960437572774e-05	0.0003329517433983	0.6366723271568624	0.0004540648006018	0.0012628677266738	0.6209606422083422	specificity, nonzero-rate	0.7543934124917449	0.864123363399635	
ReplogleWeissman2022_K562_gwps	NFATC2				0.4252581407067859	0.781368616257997	0.5032690111396777	0.9536934109849524	0.9999999998639296	0.470828333647496	0.4900314626972124	0.8060095249236381	0.5004334962640354				
ReplogleWeissman2022_K562_gwps	NFE2L2	0.3577943918633958	0.7137623266775575	0.5089298205608936	0.1619135504791651	0.4944927352471799	0.5241802885507716	0.1163320594014651	0.4288693062699397	0.5292510185378468	0.065046920528555	0.3000123273357845	0.537098689339087				
ReplogleWeissman2022_K562_gwps	NFKB1	0.70370644900817	0.9405380876978447	0.4913194229329004	0.4113104994206538	0.7619358431890801	0.5036367398768605	0.2600925832283267	0.6531213756622427	0.5104321681486979	0.3295577602362127	0.7364066510260594	0.5071564007608027				
ReplogleWeissman2022_K562_gwps	NFKB2				0.796421330995359	0.9574001106646336	0.4849317405103776	0.9427185772282868	0.9999999998639296	0.4713141160195459	0.9236468361862732	0.9984915547777272	0.4740040773202307				
PapalexiSatija2021_eccite_RNA	NFKBIA	0.9983620641312616	0.9983620641312616	0.4651003151590547	0.1823583328183406	0.2605119040262009	0.5107579048047111	0.0752935177107283	0.1075621681581832	0.5170605533549688	0.0135758515309823	0.0226264192183039	0.5262213611590696	uniform, specificity	0.2042454899855058	0.3267927839768093	
ReplogleWeissman2022_K562_gwps	NFKBIA	0.8511227832784843	0.9837652949582482	0.481186162750075	0.4082800100900825	0.7619358431890801	0.5041913707757794	0.241976780083917	0.6433735564584148	0.5126471089140328	0.2260641955424085	0.6307470147232634	0.5135850991612014				
SunshineHein2023	NFKBIA	0.0017135952545835	0.0065116619674174	0.5662075308866279	0.5177662010676222	0.7567352169449862	0.4989931564922481	0.9034155171970956	0.9764796995546412	0.4705630753391472	0.9299300887469446	0.9680896040210912	0.4666265443313954	correlation, nonzero-rate	0.0499248357040078	0.2235240917054873	
ReplogleWeissman2022_K562_gwps	NFYA				0.381843343682329	0.7375777407880885	0.5077078609829672	0.5718401077800193	0.8668657586954832	0.4953580611443203	0.3894353879403542	0.7858249792367863	0.5071988965930623				
NadigOConner2024_hepg2	NFYB	0.4000313598047185	0.5667110930566845	0.5072462069719839	0.0054609492930648	0.0204785598489932	0.5728116845575713	0.0299482132470503	0.0962621140083761	0.5538270129220769	0.0139839424934908	0.0449483865862205	0.5628720761261895	nonzero-rate, uniform	0.1890167188378956	0.3866251067138774	
NadigOConner2024_jurkat	NFYB	0.0951371074311744	0.234869733970712	0.5806903020643479	0.0218558679515571	0.0807716859079285	0.6242497960055212	0.0206570292139539	0.0952690786166741	0.6256987287521638	0.0360159803928143	0.1275565972245509	0.6108242902136032	specificity, nonzero-rate	0.9556174530339594	0.9932294404263586	
ReplogleWeissman2022_K562_essential	NFYB	0.5719382945598848	0.8761607916662064	0.4900968841415958	0.7747640957201106	0.9622070221040084	0.4587772738251792	0.7101700430902511	0.9245521082961562	0.4697438340355867	0.7364852183395589	0.945156030202434	0.4654464453449988				
ReplogleWeissman2022_K562_gwps	NFYB	0.5134573487333624	0.8299917017014636	0.4989670571103952	0.5724145847568898	0.8239853258283891	0.4944115372771237	0.707565344463824	0.9069405386865372	0.4832739147097422	0.5510993122777956	0.8392270941569527	0.4960675286696427				
ReplogleWeissman2022_rpe1	NFYB	0.0008336051792798	0.0018524559539552	0.602466430131307	2.3092748634235675e-08	1.0817129623405133e-07	0.6781296478477242	0.2766003724259543	0.3773019104914153	0.5193267282368429	0.1830417913625089	0.2761138886654796	0.5294584124033552	nonzero-rate, correlation	3.071723154989201e-05	0.0005717679314243	nonzero-rate
NadigOConner2024_hepg2	NFYC	0.0002185660715607	0.0009289058041332	0.5996669464469816	0.0064261556772164	0.0222443850365186	0.5705103882814206	0.0404608829541339	0.1140631501613393	0.5494674592498054	0.0031755301462152	0.0119082380483071	0.5773477592662858	correlation, uniform	0.0974987741032054	0.2580849902731908	
NadigOConner2024_jurkat	NFYC	0.146131514264393	0.2960099904330013	0.5680437882727959	0.0464999480175892	0.1362854371210766	0.6085269692139922	0.231685409213984	0.4475740859815599	0.5473785756228504	0.2959741815048404	0.5134246005696212	0.5346321617313984				
ReplogleWeissman2022_K562_essential	NFYC	0.987660860005978	0.9980810892615924	0.3583460812467012	0.7042912069655672	0.936550447235521	0.4661531717703049	0.9754940244834892	0.9999997917412552	0.3758711074134707	0.8159664762483729	0.9923877742199604	0.44324271132462				
ReplogleWeissman2022_K562_gwps	NFYC	0.5728194562184866	0.8686292883087073	0.4898007301679485	0.4340701116817751	0.7830215235089585	0.5092253816504972	0.5696142079641466	0.8668657586954832	0.4902544171189885	0.4459611894009737	0.7886027772090635	0.5075501152831448				
ReplogleWeissman2022_rpe1	NFYC	0.0233311634025527	0.0380916953511065	0.5535932255111382	0.0009516255528714	0.0024198478344446	0.5836466733337966	0.110942396017364	0.18988217779895	0.5329082534435927	0.1085841875091059	0.1757089579692806	0.5332466455373032	nonzero-rate, correlation	0.028838616343348	0.0956227805068908	nonzero-rate
ReplogleWeissman2022_K562_gwps	NPAS2				0.3466024848005017	0.7047998502308395	0.508424044887618	0.2788160379627721	0.6703449423360266	0.5125207028136053	0.3492911411887124	0.7590365183523944	0.5082687119929664				
GasperiniShendure2019_lowMOI	NPM1	0.3997725450800622	0.6853243629943924	0.5137686860739575	0.1753442089121309	0.3799124526429503	0.5504851822711775	0.7735188762323768	0.9026230367396006	0.4594807238394964	0.2742314400258431	0.5092869600479943	0.5324766150887315				
NadigOConner2024_hepg2	NPM1	0.17969677051757	0.3182130311248636	0.5387823546445041	0.6862601517865136	0.8235121821438163	0.4794689278722107	0.6913135712011287	0.8186608080013366	0.4788638652266175	0.6210207695769897	0.7644125203619232	0.4869630609254865				
NadigOConner2024_jurkat	NPM1	0.9343153177497115	0.9999999999179392	0.4639768113050556	0.9664989411703278	0.9999999816193396	0.4562661394722462	0.9040861928693584	0.9999999998492852	0.4688365070044459	0.9789069093003804	0.9999999809091804	0.4514903293529247				
ReplogleWeissman2022_K562_essential	NPM1	0.3475423826388331	0.6699150189238728	0.5218061382818099	0.8558130796078602	0.998448592875837	0.4409411289929794	0.7803912801212032	0.9691956220860104	0.4569721891720765	0.8632891454217904	0.9999881318155772	0.4390764049790914				
ReplogleWeissman2022_K562_gwps	NPM1	0.2458807482474477	0.6343010606963145	0.5209330861384738	0.3572338419719639	0.7082004235584548	0.5111397023237805	0.3787380451812282	0.7802129900556298	0.5094021905038457	0.2772815138742594	0.6834057540939562	0.5179926586104968				
ReplogleWeissman2022_rpe1	NPM1	6.594414294218802e-14	5.275531435375042e-13	0.8265829052549214	0.9999998400825968	0.9999999948166662	0.2745522751493095	0.9950096310640358	0.997037330607116	0.3863586811449204	0.9999666024352925	0.99999994418258	0.3241265060854716	correlation, specificity	5.316295881568024e-19	3.3492664053878555e-17	correlation
ReplogleWeissman2022_K562_gwps	NR1H4				0.3108955756376538	0.6860474543805308	0.5112131300926537	0.3798771094254844	0.7802129900556298	0.5069510027249612	0.2591933288799949	0.6656555946236233	0.5146799533672437				
ReplogleWeissman2022_K562_gwps	NR1I2				0.5435568265280485	0.8029009333028689	0.4972619345724089	0.6884256895370853	0.9021323471245722	0.4877010760500393	0.4546378861730594	0.7886027772090635	0.5028521346924236				
ReplogleWeissman2022_K562_gwps	NR3C1	0.5097845040888553	0.8299917017014636	0.4994343361741013	0.4625360865387722	0.787374778840435	0.5021690537967511	0.6958409825596229	0.9037934601061768	0.4881807290161684	0.851889653909808	0.9741417727909524	0.4759089013624503				
ReplogleWeissman2022_K562_gwps	NR4A1				0.1514983845288482	0.469022395938626	0.5242214227293928	0.4107433427076314	0.793401670529271	0.5053058681363449	0.2659564475397863	0.6753500802695698	0.5146991643194446				
NadigOConner2024_hepg2	NRF1				0.0130544878605444	0.0391634635816334	0.6176179836143273	0.0027371879957791	0.0111975872554603	0.6468616697135893	0.0006032468731393	0.0027146109291269	0.6711625702484936	uniform, specificity	0.3919470799585545	0.5511755811917173	
NadigOConner2024_jurkat	NRF1				2.938733420004697e-15	6.244808517509982e-14	0.7512554357338072	2.8340152352214125e-17	8.029709833127335e-16	0.7694523928620621	3.2440404584289057e-13	6.893585974161424e-12	0.7314056219908637	specificity, nonzero-rate	0.3104147905294689	0.5656817055228216	
ReplogleWeissman2022_K562_essential	NRF1				4.4486872604728906e-05	0.000285457432547	0.6366370168288014	1.0905041344039737e-06	1.6793763669821197e-05	0.6651242761110522	6.081030781345229e-07	1.0117622181269098e-05	0.6692069144837688	uniform, specificity	0.8284434413537112	0.8603066506365463	
ReplogleWeissman2022_K562_gwps	NRF1				0.0264966103814175	0.161844160708118	0.5535416975335776	0.0162703533036316	0.1274870594297588	0.5591512885411166	0.029976577573296	0.1831001765287811	0.5520519707587636				
ReplogleWeissman2022_rpe1	NRF1				0.0002126858764692	0.0006527256208885	0.6400595811793569	0.0001908399604583	0.0006229018079068	0.6411969799417744	4.095357927157935e-06	1.735651692938363e-05	0.6772746735351445	uniform, specificity	0.1250221006437324	0.2625464113518382	
ReplogleWeissman2022_K562_gwps	PARP1	0.4971159477513263	0.8299917017014636	0.500130177287336	0.5407119234573428	0.8029009333028689	0.498159596523134	0.2883891893746126	0.6860627031438155	0.5100475983433304	0.3988982971160653	0.7866076685626742	0.5046124628389557				
TianKampmann2021_CRISPRi	PARP1	0.106799805820224	0.213599611640448	0.5305686514172633	0.0232791292344149	0.0698373877032449	0.5489144985740062	0.1576819698033219	0.3153639396066438	0.5246784238402886	0.0387182525666422	0.1382461872562276	0.5433967755078284	nonzero-rate, uniform	0.6660902606482131	0.6660902606482131	
ReplogleWeissman2022_K562_gwps	PITX1	0.7851130826956487	0.9752342296223954	0.4843679946998365	0.0638049267303026	0.2827434008048703	0.5301640875993623	0.187289038340258	0.581868858733476	0.5175792337774159	0.0878109587398609	0.3744391825511051	0.5268135548646574				
ReplogleWeissman2022_K562_gwps	PML	0.9127696002213164	0.9978923287310684	0.4690872358021695	0.9580860391315478	0.9999837890165918	0.4606446424981572	0.8708423818010114	0.9815891764921624	0.4742687826494847	0.9251697470236896	0.9984915547777272	0.4672041947837407				
ReplogleWeissman2022_K562_gwps	POLE3	0.3796987051106141	0.728074627603122	0.5077898067963349	0.6015894052813748	0.8342733603654632	0.493451708434044	0.3866542251603121	0.7802129900556298	0.5073263424078227	0.5926106880321591	0.8598056075062562	0.4940417138728158				
NadigOConner2024_hepg2	POLR2A	6.186971480228837e-07	3.756375541567508e-06	0.7989954388491866	1.6080323907596313e-06	1.2060242930697234e-05	0.7870939744797149	2.542271416450182e-06	1.738924615567621e-05	0.7812217236348864	1.7941870702284302e-06	1.3456403026713227e-05	0.7856997765590088	correlation, nonzero-rate	0.2431370845822204	0.4191329982356822	
NadigOConner2024_jurkat	POLR2A	0.3478321654892182	0.5973639363836575	0.5282537119369181	0.2443500714428997	0.4299136995034942	0.5500062914185052	0.2116555854299021	0.4279806071892991	0.5578286217599195	0.2302009041783636	0.4348239301146869	0.5533145289824679				
ReplogleWeissman2022_K562_essential	POLR2A	0.7259128425547721	0.9678837900730294	0.4909726928384478	0.0124696333038004	0.0533423202440351	0.5337097825990738	0.0256565184140226	0.0940739008514162	0.5292976837649124	0.0257347749425448	0.1042935616092607	0.5292780121432921	nonzero-rate, specificity	0.3011178171837613	0.478245944938915	
ReplogleWeissman2022_K562_gwps	POLR2A	0.5005059023946439	0.8299917017014636	0.4999754795093137	0.3129634125746732	0.6860474543805308	0.5094373839521201	0.3615270695551418	0.7781439782805909	0.5068608092543216	0.3811588269520361	0.776053107127569	0.5058552287392171				
ReplogleWeissman2022_rpe1	POLR2A	0.1551718231701557	0.2177850149756571	0.5926136861473759	0.1714709817195219	0.2617568847988287	0.586576710768422	0.1247299691715075	0.2094522123823429	0.6051344957504601	0.126693815081303	0.2013526703970709	0.604267063874529				
NadigOConner2024_hepg2	POLR2B	1.7856210077340058e-07	1.264814880478254e-06	0.6373901675547015	1.9088934006440897e-07	1.5618218732542552e-06	0.637048148321762	1.562780412405461e-07	1.4065023711649148e-06	0.6380707337441036	7.299175359925802e-08	6.059863723615837e-07	0.6418989185594912	uniform, specificity	0.0064786439610665	0.0350862253662284	uniform
NadigOConner2024_jurkat	POLR2B	0.6099966843960597	0.86053103691587	0.4867245401596547	0.5310225753730379	0.7280148210759391	0.4963010993545344	0.606735425196412	0.7858978868504467	0.4871280978151207	0.393870021671973	0.6106442913713599	0.512799352494009				
ReplogleWeissman2022_K562_essential	POLR2B	0.67546635339383	0.9452969752694428	0.4919479981475097	0.2870430486094552	0.5816398616560012	0.5099454368663461	0.6008223674931327	0.8161434625105716	0.4954795658346288	0.6354864064660015	0.8584640929453002	0.4938703353131307				
ReplogleWeissman2022_K562_gwps	POLR2B	0.7475767581374457	0.9713041091128856	0.4850415667898425	0.6012090832783858	0.8342733603654632	0.4942471352945118	0.5706457675202696	0.8668657586954832	0.4960070127053816	0.7153628700376851	0.8981778257139823	0.4872344299129103				
ReplogleWeissman2022_rpe1	POLR2B	0.000459196351932	0.0011132032774111	0.6996140937679762	0.0015560344439093	0.0036443964607349	0.678055916403491	0.0008826809851749	0.0023875548468327	0.688334050796384	0.0009194508722118	0.0022432882949235	0.6876102385151943	correlation, specificity	0.2950347429888049	0.5023564542782354	
SunshineHein2023	POLR2B	0.6040518995698669	0.7651324061218314	0.4661783854166667	0.6733025185130392	0.7995467407342342	0.4424153645833333	0.6054197511659836	0.8848442517041298	0.46572265625	0.6410513037993605	0.9369211363221422	0.4536783854166666				
NadigOConner2024_hepg2	POLR2C	5.687016314424542e-13	8.056606445434767e-12	0.7710605392002352	1.1488415574114865e-07	1.1488415574114865e-06	0.6971569060076909	1.0988276148486721e-08	1.236181066704756e-07	0.7132460582627638	7.32116104793162e-09	8.236306178923073e-08	0.7159147422023296	correlation, uniform	0.0055481773146064	0.0350862253662284	correlation
NadigOConner2024_jurkat	POLR2C	0.2040753431940022	0.3932183442030774	0.5755473534099488	0.2002965493146586	0.3701131889509997	0.5767720828789531	0.2538657638654548	0.4690997810557317	0.5604982803456086	0.2271813249539377	0.4348239301146869	0.5683331935240332				
ReplogleWeissman2022_K562_essential	POLR2C	0.0014868407503942	0.0066907833767739	0.570278548794249	0.3463303218973648	0.6470020724117637	0.5093515208896044	0.5161019783484848	0.7911834955075427	0.4990451284131216	0.5680310288803534	0.8190456366864579	0.4959459947024843	correlation, nonzero-rate	0.0207126425742377	0.0621379277227131	correlation
ReplogleWeissman2022_K562_gwps	POLR2C	0.1073829282395698	0.3982116922217382	0.5408327248707869	0.0597435789200683	0.2708675382036912	0.551245658449304	0.0940176877071864	0.3794285253897167	0.5433291763520269	0.1699463540776245	0.5486839431649021	0.531412941410931				
ReplogleWeissman2022_rpe1	POLR2C	1.4917590597255347e-05	4.9725301990851165e-05	0.7841496539034435	0.0002950884571325	0.0008471894414451	0.7338755999493755	0.0001055784419483	0.000375859253336	0.7521977861502964	0.0001131825658166	0.0003730832725067	0.7509954535276536	correlation, specificity	0.0718120889535259	0.1885067335030057	
NadigOConner2024_hepg2	POLR2D	4.011951850100411e-06	2.1313494203658432e-05	0.6434357396590419	0.0019187031595141	0.0078492401980124	0.5928890276105686	0.0009448453583508	0.0042518041125787	0.5998226344237848	0.0007224327293871	0.0030961402688018	0.602344396387291	correlation, uniform	0.0015956414875121	0.0143607733876091	correlation
NadigOConner2024_jurkat	POLR2D	0.1230713680479493	0.2627740020483242	0.5343092022481336	0.1397585577028126	0.2828447001128351	0.5319909892906077	0.1530333742864426	0.342311495114411	0.5302783253642033	0.172586490116854	0.3667462914983149	0.5279260338897743				
ReplogleWeissman2022_K562_essential	POLR2D	0.1462430547508916	0.3760535693594355	0.5195985667352446	0.1705635763082807	0.397981678052655	0.5177229815694738	0.2542889820896757	0.5438958783584732	0.5123073821382588	0.268320145163555	0.6359749155028492	0.5115039963099236				
ReplogleWeissman2022_K562_gwps	POLR2D	0.3446395355280731	0.7137623266775575	0.5063486943821658	0.5612233571164543	0.8182998626343141	0.4975536266892941	0.6879339192472864	0.9021323471245722	0.4922196189435084	0.5010319912950317	0.8088087859476941	0.4999589458820338				
ReplogleWeissman2022_rpe1	POLR2D	0.3362293889062644	0.440956575614773	0.5142274930674124	0.3963985560569777	0.511296688247406	0.5088400851565664	0.5168325443064788	0.6256706568784203	0.4985803292120649	0.4833638026445429	0.5853600833535333	0.501404278193904				
NadigOConner2024_hepg2	POLR2E	1.0104220965892484e-17	2.1471469552521527e-16	0.716901349484349	6.97382348467792e-11	1.2552882272420255e-09	0.6638771431185292	6.164349612416814e-12	1.1095829302350266e-10	0.6730675300389355	5.70074996942193e-12	1.0261349944959473e-10	0.673355941033907	correlation, uniform	0.0326365017840091	0.1049030414486008	
NadigOConner2024_jurkat	POLR2E	0.508175202931386	0.757468698709047	0.498566543470001	0.7123385884765957	0.8527997185987413	0.4607489501966376	0.6065045432740445	0.7858978868504467	0.4810689983568295	0.6390260692832244	0.8455708565235106	0.475068712158968				
ReplogleWeissman2022_K562_essential	POLR2E	0.3258566525498188	0.6517133050996377	0.5089358760478613	0.0627303902775131	0.2012600021403545	0.530332891521101	0.1211603427994563	0.3455313479836346	0.5231460118726577	0.1021381177054194	0.2912827801228628	0.5251307039878244				
ReplogleWeissman2022_K562_gwps	POLR2E	0.969121770963566	0.9999954393391224	0.4741284742992671	0.251214963475466	0.6283718021343476	0.5092885201241276	0.210194834403515	0.5964907882320671	0.5111592367900454	0.2929454260852979	0.6858545805559533	0.507545261710342				
ReplogleWeissman2022_rpe1	POLR2E	4.239543005226101e-07	1.6958172020904403e-06	0.6574627136790951	7.749838168387066e-07	3.4486779849322443e-06	0.6536469964717171	1.3621961875974014e-06	6.380813720850986e-06	0.649997969794821	1.0725084184616748e-06	4.772662462154453e-06	0.6515548166083606	correlation, nonzero-rate	0.9054902555306582	0.9422651176768532	
NadigOConner2024_hepg2	POLR2F	8.97887767249667e-10	9.540057527027713e-09	0.6969430495452758	3.521745324858935e-09	4.8881356541556934e-08	0.6895635829752879	9.707062478108315e-10	1.4560593717162472e-08	0.6965290794693983	3.9799648269566577e-10	5.969947240434987e-09	0.7012138836821223	uniform, correlation	0.8370971517977922	0.9187651666073328	
NadigOConner2024_jurkat	POLR2F	0.000101352349141	0.0013987063015365	0.6678090109480911	0.0360624726255474	0.1226124069268611	0.5812186324195261	0.0945223287309784	0.2617894290728015	0.5593183580522997	0.0641770833570308	0.1948232887624149	0.5686767152043637	correlation, nonzero-rate	0.1310313894100328	0.3166591910742461	
ReplogleWeissman2022_K562_essential	POLR2F	0.0001711098975264	0.001119992056537	0.5595651554725992	0.0174209535464294	0.0678368495721692	0.5350998103179749	0.0592111809627657	0.1883311189076722	0.5259720446267869	0.0546162456527342	0.1911568597845698	0.5266410828237775	correlation, nonzero-rate	0.1875389899104219	0.384087377401568	
ReplogleWeissman2022_K562_gwps	POLR2F	0.1205515940963887	0.4156563859231388	0.5255377224296844	0.0343169699973339	0.1891618346194506	0.5396675281597046	0.0490536582733695	0.2463583726618114	0.5360353983783421	0.0474655728967312	0.2465309387747354	0.5363805032500167				
ReplogleWeissman2022_rpe1	POLR2F	0.0002348698251223	0.0006061156777352	0.6154362591758543	0.0034461090410663	0.0071518984091551	0.5891823063469431	0.0005677747400951	0.001630062963499	0.607420792648165	0.0009326029990131	0.0022432882949235	0.6026779669117355	correlation, specificity	0.6529122460483463	0.8168787146818408	
NadigOConner2024_hepg2	POLR2G	5.2060013984512256e-08	4.0228192624395827e-07	0.7722076223847247	4.110145198434428e-06	2.845485137377681e-05	0.7281986339630306	2.7055608296292647e-06	1.738924615567621e-05	0.7327436268535447	2.0318541298258177e-06	1.4066682437255664e-05	0.7358095927280114	correlation, uniform	0.0070172450732456	0.0350862253662284	correlation
NadigOConner2024_jurkat	POLR2G	0.7819277683717846	0.9359438439601664	0.4204974414898078	0.9560242439079316	0.9999999816193396	0.3257906215921483	0.9686547634541764	0.9999999998492852	0.3099572183541649	0.9549434620144412	0.9999999809091804	0.3269650197131113				
ReplogleWeissman2022_K562_essential	POLR2G	0.3679338296396695	0.6699150189238728	0.5093334244189025	0.70725612088474	0.936550447235521	0.4849111061773095	0.7324373844943576	0.9245521082961562	0.4828411866172527	0.83772993927659	0.9923877742199604	0.4727434973442864				
ReplogleWeissman2022_K562_gwps	POLR2G	0.0600445468366139	0.2671982334229319	0.5718709890257166	0.0549812836861034	0.258870210688737	0.5739036455514376	0.0671926830036862	0.3163655491423558	0.5692183980329796	0.1242464232452031	0.4683008447591899	0.5533585224666107				
ReplogleWeissman2022_rpe1	POLR2G	0.0953648129676544	0.1412812043965251	0.633531937264523	0.2764791217419805	0.3785637205390195	0.5605559449750285	0.2487804078867552	0.3571202629342131	0.569230263734338	0.2438069108766265	0.3557182798036026	0.5708402698676946				
NadigOConner2024_hepg2	POLR2H	1.7851937497862272e-08	1.6860163192425477e-07	0.7777285345841105	2.4927605180806124e-05	0.0001495656310848	0.7044238854110884	7.130813466717343e-06	4.011082575028505e-05	0.7187105669738211	5.838829550409857e-06	3.503297730245915e-05	0.7209141998904339	correlation, uniform	0.0022557330126186	0.0169179975946398	correlation
NadigOConner2024_jurkat	POLR2H	0.0004061101612165	0.0039822383905652	0.768262858691514	0.1158074685333117	0.2584553354844868	0.5958328224916599	0.2080267853263933	0.4279806071892991	0.5651565111341976	0.1083641493527404	0.270910373381851	0.5989623999019185	correlation, uniform	0.00432067468457	0.062649782926265	correlation
ReplogleWeissman2022_K562_essential	POLR2H	0.080457988007637	0.2232744445643776	0.5475340921665866	0.3794663449304484	0.6499551376628515	0.5104052200453448	0.2122301374337162	0.4952036540120046	0.527080078954344	0.3029669399837872	0.6359749155028492	0.5174912952063802				
ReplogleWeissman2022_K562_gwps	POLR2H	0.1022822622108907	0.3925681581371661	0.5558655361086134	0.1509821754191516	0.469022395938626	0.5454545737888603	0.0819053543452114	0.3365565469457777	0.5613133464965114	0.202891527427845	0.5878651948550383	0.5366082323368486				
ReplogleWeissman2022_rpe1	POLR2H	0.0054835399008495	0.0102019346992549	0.6896404684716259	0.0179286694626114	0.0339500336632429	0.656450246794591	0.0036382213908315	0.0083026077893334	0.7000905400274541	0.0049284805246198	0.0104436849212182	0.6924033996319986	specificity, uniform	0.0319840549201563	0.1007497729984924	
NadigOConner2024_hepg2	POLR2I	8.866984424214533e-24	7.536936760582353e-22	0.7531534503534889	2.9219121971259476e-14	6.574302443533382e-13	0.6904433539668795	3.6628789878738316e-14	8.241477722716119e-13	0.6896919324514821	7.313876989756482e-15	1.6456223226952086e-13	0.6949870104878284	correlation, uniform	9.963695158891354e-05	0.0037167751067969	correlation
NadigOConner2024_jurkat	POLR2I	0.1116631090381769	0.2520395889718851	0.5329396789735322	0.0037457192421429	0.017688118643453	0.5723359945729677	0.0212954411025506	0.0952690786166741	0.5548491336078458	0.0076707198375502	0.0407506991369857	0.5655748168194235	nonzero-rate, uniform	0.312100251322936	0.5656817055228216	
ReplogleWeissman2022_K562_essential	POLR2I	1.520087019024552e-07	1.7709636425974575e-06	0.6032591255605584	5.057693967595562e-06	4.3271381722762035e-05	0.5890183162892458	1.6051413465768763e-05	0.0001765655481234	0.5838426185183554	7.324902689768483e-05	0.0006148226077274	0.57656176545406	correlation, nonzero-rate	0.3809989996570968	0.5401819365661668	
ReplogleWeissman2022_K562_gwps	POLR2I	0.0039512759611397	0.04137218359311	0.574882683489532	0.000434091701261	0.0054502624713887	0.5938805231936639	0.0010984781360344	0.0225687326130714	0.5863291244260218	0.0015586606057638	0.023483819793508	0.5833322803087595	nonzero-rate, specificity	0.3241631887236419	0.7383717076482955	
ReplogleWeissman2022_rpe1	POLR2I	1.1689908765502872e-20	2.337981753100574e-19	0.7252561632830365	3.354755586828344e-13	2.7143022475247512e-12	0.6750570451535993	1.9301435003616794e-13	1.908697461468772e-12	0.6768877965946912	7.500159094976486e-14	6.675141594529074e-13	0.6799766883082425	correlation, uniform	0.0005439404275543	0.0042835308669907	correlation
GasperiniShendure2019_lowMOI	POLR2K	0.9512653512903146	0.9512653512903146	0.3466124661246612	0.93385423429475	0.9747553205052908	0.3607046070460704	0.8331904954519391	0.9026230367396006	0.4105691056910568	0.821224953086573	0.8896603658437873	0.4149051490514905				
NadigOConner2024_hepg2	POLR2K	3.258127038210529e-12	3.956297117827071e-11	0.7096316237084062	2.6769886601683995e-08	3.01161224268945e-07	0.6660215673012748	2.6932411407953948e-09	3.4627386095940795e-08	0.6780976488471917	2.262921982395521e-09	2.9094711202228124e-08	0.6789815912302201	correlation, uniform	0.122920562181596	0.2859350287078736	
NadigOConner2024_jurkat	POLR2K	0.042618176708279	0.1261325149254137	0.5994765539803707	0.2478326032431907	0.4299136995034942	0.5393809244190924	0.3507149242228	0.5845248737046668	0.5221608925425719	0.302668165670003	0.5145358816390051	0.529868299639292				
ReplogleWeissman2022_K562_essential	POLR2K	0.883662899555694	0.9980810892615924	0.4043844564227807	0.0989645552230964	0.2669290582849748	0.6031517796499949	0.1279114332125197	0.3517564413344291	0.5910417780603766	0.1705545964438419	0.4528518595233045	0.57627277850836				
ReplogleWeissman2022_K562_gwps	POLR2K	0.1955266023982986	0.5438083629202681	0.5583670248013879	0.1649452931075568	0.4970351498974377	0.5663033200056588	0.1940373868739843	0.5833170984642547	0.5587348388393755	0.1308171394013115	0.4692805318205778	0.5763884235371203				
ReplogleWeissman2022_rpe1	POLR2K	4.2143519107202683e-07	1.6958172020904403e-06	0.8180517830544116	3.013401259024942e-06	1.2190577820600902e-05	0.7922391132918601	8.586596864766039e-07	4.245595116467652e-06	0.8089437483571367	9.723212859771336e-07	4.554557602734995e-06	0.8073271707701744	correlation, specificity	0.8068457865251079	0.897077776492082	
NadigOConner2024_hepg2	POLR2L	0.4494953788118909	0.6263460196559136	0.5074988150856523	0.7172737270091845	0.8494030977740342	0.4660691312885097	0.7601950841160345	0.8660450325372545	0.4582656239420407	0.741789931406974	0.8559114593157392	0.4616934118762272				
NadigOConner2024_jurkat	POLR2L	0.6665436144197827	0.8776157589860472	0.4789686867113257	0.1671810332762248	0.3229633597381615	0.5471772502306853	0.0860836723077214	0.2574112872105961	0.5667201936558535	0.1527040578254381	0.3415748661884801	0.5500868814936427				
ReplogleWeissman2022_K562_essential	POLR2L	0.2749370364084826	0.5655847606117358	0.5223487694908886	0.1465698307635178	0.3640605473803507	0.5392909700043834	0.3012414402853334	0.5947587410761712	0.5194666228317365	0.2577329165256394	0.6359749155028492	0.5243072515498779				
ReplogleWeissman2022_K562_gwps	POLR2L	0.1262353163266528	0.4156563859231388	0.5376664279230787	0.087630025746378	0.3414549279083007	0.5446155198416808	0.1195520632522398	0.4288693062699397	0.5387479972952063	0.1178640440639851	0.4592633441113902	0.5390278755620845				
ReplogleWeissman2022_rpe1	POLR2L	0.8210970969501902	0.9383966822287888	0.4314495166330793	0.4320941056935796	0.541639090235614	0.5127544612868367	0.4590921419278966	0.5921623279939536	0.5076608545810333	0.4416315029615046	0.570194355333847	0.5109495020298491				
TianKampmann2021_CRISPRa	POU4F1	0.2269586628427433	0.9078346513709732	0.5218492230961058	0.6094625881764859	0.8126167842353146	0.4919048532514867	0.3075226646714408	0.6150453293428817	0.5146748513332055	0.356177755298211	0.7123555105964221	0.5107615576443507				
TianKampmann2021_CRISPRi	POU4F1	0.1711502431633722	0.2567253647450583	0.5257156012585373	0.6536373390447294	0.7843648068536753	0.4893101066687131	0.4262391151449154	0.5191467936492201	0.5050418233443328	0.4420773879149241	0.530492865497909	0.503952114189241				
ReplogleWeissman2022_K562_gwps	PPARA	0.3150389367089503	0.7053568402688848	0.5082802674459161	0.9054476727708308	0.9999837890165918	0.4774221687820802	0.8640942075086234	0.9815891764921624	0.4811070917873115	0.7523597795442036	0.9141575815967206	0.4882758111189856				
ReplogleWeissman2022_K562_gwps	PPARD				0.6283779370998204	0.8403160578968012	0.4900266553493116	0.4656225791891977	0.8149068618692006	0.5026270410328576	0.6180422713906691	0.8622071193474767	0.4908553537790286				
ReplogleWeissman2022_K562_gwps	PPARG				0.665397630375423	0.869247771473096	0.4887787612775885	0.9536657566589356	0.9999999998639296	0.4558364341913836	0.7339321194139183	0.9046582954203908	0.4835912505129638				
TianKampmann2021_CRISPRa	PPARGC1A	0.00325539082283	0.0260431265826405	0.5767798812827087	0.0053904877922061	0.0431239023376493	0.571950405675951	0.0023152616051505	0.0119198816494837	0.5799058691299919	0.001450964337615	0.0074052932151559	0.584032875557585	uniform, specificity	0.8006728923573868	0.8006728923573868	
NadigOConner2024_hepg2	RAD51	0.1668203035954886	0.3016962937365219	0.5413476229587826	0.3738982772574702	0.5495983924876979	0.5137531021204815	0.3899228818545557	0.6266617744091074	0.5119558593646505	0.4341442970991017	0.6105154177956118	0.507094030681186				
NadigOConner2024_jurkat	RAD51	0.6417331006022542	0.8662461735054002	0.4822629932771699	0.9402562228836338	0.9999999816193396	0.4239409445516315	0.8997071532563435	0.9999999998492852	0.4374752837130155	0.8891635192653717	0.9999999809091804	0.4402986326650448				
ReplogleWeissman2022_K562_essential	RAD51	0.8910026066392657	0.9980810892615924	0.476649774761385	0.0176199609278361	0.0678368495721692	0.5399119813626243	0.0047296546737092	0.0227614631172256	0.5491886574541973	0.1009045484593796	0.2912827801228628	0.5241948205026987	specificity, nonzero-rate	0.2679546193202217	0.4521734201028741	
ReplogleWeissman2022_K562_gwps	RAD51	0.2046428334414933	0.5604065285013203	0.5154152824106565	0.0032511625533003	0.0327386195830297	0.5508388528336675	0.0010752262136902	0.0225687326130714	0.5573272786356295	0.0747413018768627	0.3312065534151172	0.5269271521284855	specificity, nonzero-rate	0.425776135375975	0.7810987875378399	
ReplogleWeissman2022_rpe1	RAD51	0.1339971855223884	0.1914245507462692	0.5675246728212644	0.1138036533047688	0.1808665204307933	0.5735504966425846	0.2678552756108477	0.3739620037315476	0.537753996638602	0.1618807300896933	0.2484031892755639	0.5601526966855978				
NadigOConner2024_hepg2	RAD51D	0.7565981363100767	0.8926850473227984	0.4668983425839001	0.5954561033133995	0.7766818738870428	0.4885012983733277	0.6574368638909266	0.8070060374195265	0.4807000785062942	0.677830423783299	0.8026939229012752	0.4780264725420118				
NadigOConner2024_jurkat	RAD51D	0.4289033701646351	0.705903463395962	0.5048467629284091	0.4092034298413853	0.6102156409915396	0.5062108154043102	0.3758800242942761	0.6028264540568579	0.5085566938869295	0.3784000112738535	0.6068679426090103	0.5083772516895648				
ReplogleWeissman2022_K562_essential	RAD51D	0.1546326846751526	0.3839156309176204	0.5247963924822654	0.2495896343735295	0.5195216093866809	0.5164807651091596	0.2853437560330076	0.5781965582774102	0.5138288400324925	0.2797588214059572	0.6359749155028492	0.5142316892147549				
ReplogleWeissman2022_K562_gwps	RAD51D	0.8972500949850208	0.9978923287310684	0.4807457656485613	0.9136254914569442	0.9999837890165918	0.4792646820899771	0.8915841024043355	0.9882189046010396	0.4812178390507737	0.8985577942795859	0.9954610858195412	0.4806341429281731				
ReplogleWeissman2022_rpe1	RAD51D	0.3129569339212657	0.4172759118950209	0.5127486199947429	0.2844326109354352	0.3835530662614201	0.5148992127790375	0.4846919195105266	0.6075715610765757	0.5010040611227107	0.4246124049826292	0.570194355333847	0.5049718656303359				
ReplogleWeissman2022_K562_gwps	RARA				0.2309215771141894	0.606840423579149	0.5147436004824767	0.6623215723998039	0.9021323471245722	0.4916083652493054	0.3575704774107736	0.7696278847127128	0.5073127632101196				
FrangiehIzar2021_RNA	RB1	0.9381363567798447	0.9992444298668436	0.4839283500688897	0.2819041471651772	0.516824269802825	0.5060263713303951	0.7063145634592312	0.8632733553390602	0.4943343208582579	0.1065195462031763	0.2130390924063526	0.5130014202240594				
ReplogleWeissman2022_K562_gwps	RB1	0.9251051132371976	0.9979921827649768	0.4799612916744755	0.5651120518592627	0.8186879725653422	0.497719053264804	0.7941602160848467	0.9510972224442696	0.4885781499766546	0.2939836887200133	0.6858545805559533	0.507537924857997				
GasperiniShendure2019_lowMOI	RBBP4	0.7767439372204408	0.9320927246645287	0.4096657633242999	0.2243913631684457	0.4167268173128279	0.5903342366757001	0.2562549690623623	0.5924214723826454	0.5781391147244805	0.0450153101953403	0.195066344179808	0.7018970189701896				
NadigOConner2024_hepg2	RBBP4	0.873846906111918	0.940215025563456	0.4468715657015474	0.2045765229170617	0.3917422779262884	0.5383104944348089	0.7391676923994583	0.8532748128780168	0.4702625561857738	0.1749166611669254	0.3279687396879851	0.5433939071964666				
NadigOConner2024_jurkat	RBBP4	0.7367671919934854	0.9238826693251642	0.4698930118777447	0.0923467173692198	0.2180408604551024	0.5630513493108913	0.0726323966834057	0.2374520660803649	0.5692316761019052	0.0728500564248493	0.2019633952994577	0.569156859233195				
ReplogleWeissman2022_K562_essential	RBBP4	0.3739029585778697	0.6699150189238728	0.509880801355998	0.4875535445092379	0.766074019023357	0.5009593728298015	0.7079229455687834	0.9245521082961562	0.4831819515479781	0.5117342668945577	0.8155985603347663	0.4990965641998788				
ReplogleWeissman2022_K562_gwps	RBBP4	0.4881569010790493	0.8299917017014636	0.5007225269385209	0.2369147934328599	0.6154338312163949	0.5174292811847864	0.6657299718954299	0.9021323471245722	0.4895815541054006	0.2222698466587638	0.6307470147232634	0.5186042963809969				
ReplogleWeissman2022_rpe1	RBBP4	0.0010042968244883	0.0021143091041859	0.6216221917176967	0.2425229243768151	0.342611750310104	0.5274913922070673	0.5169534119336272	0.6256706568784203	0.4983271188475779	0.4193327305727232	0.570194355333847	0.5080171733987557	correlation, nonzero-rate	0.093512378027828	0.2265876852212756	
ReplogleWeissman2022_K562_gwps	RBL1	0.9944800009668407	0.9999954393391224	0.4537975838553587	0.0229884302883631	0.1443162568102797	0.536279541964959	0.0319821914677537	0.2012825617278792	0.5336766150561023	0.0055211033691289	0.0567167891555975	0.5462011977691014	uniform, nonzero-rate	0.1200675832842504	0.4475246286049335	
ReplogleWeissman2022_K562_gwps	RBL2	0.912961748859888	0.9978923287310684	0.4833275449577845	0.0786530137480734	0.3272740844825929	0.5173467407482664	0.022423333027518	0.1535658564914874	0.5246070929937359	0.0813390026522185	0.3535118192192573	0.517125101206504				
GasperiniShendure2019_lowMOI	RBMX	0.018402933276749	0.220835199320988	0.8001355013550135	0.9747553205052908	0.9747553205052908	0.2195121951219512	0.9718437985455968	0.9718437985455968	0.2262872628726287	0.9689894000510132	0.9689894000510132	0.2323848238482384				
NadigOConner2024_hepg2	RBMX	0.3344800485721194	0.5256699700817749	0.534289598274973	0.2546037021037592	0.4493006507713399	0.5529305145392898	0.1851058321265124	0.3544579764124706	0.5718526851982062	0.3121576484122235	0.476172684018646	0.5392740511570494				
ReplogleWeissman2022_K562_essential	RBMX	0.9940170505882618	0.9980810892615924	0.4389238415163644	0.9929723708791398	0.9992179015690524	0.4403163997377787	0.9942064101967028	0.9999997917412552	0.4386486142075095	0.948838628829834	0.9999881318155772	0.4602969827467291				
ReplogleWeissman2022_K562_gwps	RBMX	0.3424421439709615	0.7137623266775575	0.5124947457554843	0.1343954393472138	0.4277939336967651	0.5340488751347827	0.1987407813351664	0.5833170984642547	0.5260520672786972	0.1483372305679877	0.5003614046024661	0.5321319135197041				
ReplogleWeissman2022_rpe1	RBMX	0.0001955912499386	0.0005215766665031	0.697226359804122	0.5686723626816863	0.683752825194538	0.4903797164377205	0.0289451217843177	0.0572470186400951	0.6054856223085435	0.6729156640265039	0.7678140269020365	0.4750852666387583	correlation, specificity	0.0909622826833614	0.2265876852212756	
ReplogleWeissman2022_K562_gwps	RELA	0.058346867165562	0.2671982334229319	0.5334277552304729	0.5424305123070581	0.8029009333028689	0.4977295042085605	0.7285280524052826	0.9170203777540396	0.4870370802000996	0.4366553837334356	0.7886027772090635	0.5033976587059952				
SunshineHein2023	RELA	0.0053984829328128	0.0170951959539073	0.562141262755102	0.0052759797921415	0.0200487232101377	0.5623361323696144	0.0148382154781469	0.0469876823474654	0.5530045351473922	0.0201902157448111	0.0705273465286965	0.5499685551303855	nonzero-rate, correlation	0.9863164672267138	0.9863164672267138	
ReplogleWeissman2022_K562_gwps	RUNX1	0.0839182997497069	0.339487667169269	0.5297940975967135	0.1022178711590665	0.3819784206875566	0.5274140588353549	0.0614502363608708	0.2954841152671663	0.5333266447465705	0.1792024089190519	0.5624964502181352	0.5198400579211648				
ReplogleWeissman2022_K562_gwps	RUNX2	0.4270080821563361	0.7781801337919066	0.5042940163012235	0.6445674486335342	0.856895549359875	0.4913490567368632	0.2493211747502743	0.6476619022248505	0.5157906640050506	0.4171959321971412	0.7886027772090635	0.5048792132949139				
ReplogleWeissman2022_K562_gwps	RUNX3				0.2229128386817366	0.5997416850246724	0.5138601077096951	0.4101461293696704	0.793401670529271	0.5041298957838645	0.2517297416426081	0.6615223443166213	0.5121632813925714				
NadigOConner2024_hepg2	RUVBL1	1.4610323904884441e-18	4.1395917730505915e-17	0.8767598799286794	1.842328908315398e-18	8.29048008741929e-17	0.8756223621549643	5.827951329594741e-17	5.245156196635267e-15	0.8582616742275487	3.242491236882005e-16	1.459121056596902e-14	0.8493240345769291	correlation, nonzero-rate	0.9067752037707926	0.9489507946438528	
NadigOConner2024_jurkat	RUVBL1	0.7712705888226071	0.9359438439601664	0.4570556161395855	0.7756923375954158	0.9157478985501436	0.4562066940692895	0.7491091303092622	0.8843649455039901	0.4611794312557671	0.77609189418015	0.9162195972960104	0.4561295193356262				
ReplogleWeissman2022_K562_essential	RUVBL1	2.482401743844201e-58	1.7873292555678248e-56	0.8384433649095647	7.500980859488974e-60	2.8878776309032544e-58	0.8429880012943927	3.4851845641225816e-57	1.3417960571871937e-55	0.8349718154841235	9.61765962721394e-55	3.7027989564773677e-53	0.82746512467382	nonzero-rate, correlation	1.7411163999088198e-08	4.073531017046045e-07	nonzero-rate
ReplogleWeissman2022_K562_gwps	RUVBL1	9.525960646356876e-07	1.695620995051524e-05	0.6733113580932384	9.785826116520552e-07	2.764495877917056e-05	0.6731137298449501	4.083774356743218e-07	1.5382216743732787e-05	0.6794274099105567	3.53562653820346e-07	1.3317526627233032e-05	0.6804489501132267	uniform, specificity	0.6717401544849771	0.8345862525419413	
ReplogleWeissman2022_rpe1	RUVBL1	2.7147146506044676e-46	2.171771720483574e-44	0.8919905623664494	1.3216298367659983e-46	1.1762505547217384e-44	0.8933735277378492	1.3229872738845071e-43	1.1774586737572114e-41	0.8798943515494817	4.9925838674103875e-39	4.4433996419952455e-37	0.8583691901837877	nonzero-rate, correlation	0.6612827690281569	0.8168787146818408	
FrangiehIzar2021_RNA	RUVBL2	0.8047924375821858	0.9992444298668436	0.4692298121529739	0.8534793381670798	0.9121329589118626	0.4623292812482481	0.9218452213243212	0.9832949333154026	0.4492123933370978	0.9686166554036691	0.9963376581906388	0.4333322851052718				
NadigOConner2024_hepg2	RUVBL2	5.733154563313147e-17	9.746362757632352e-16	0.9456667156976052	3.65829771353912e-17	1.097489314061736e-15	0.94853152339126	4.3381189191555213e-16	1.952153513619984e-14	0.9325334285934426	3.620156770221561e-15	1.0860470310664685e-13	0.9183354696813688	nonzero-rate, correlation	0.7344927365735805	0.8474916191233621	
NadigOConner2024_jurkat	RUVBL2	0.343889924889559	0.5973639363836575	0.5417855045717641	0.316140027483241	0.5269000458054017	0.5497336632832815	0.3914853743988208	0.6162269782203661	0.5286574112909991	0.5448284867492166	0.7469422802207002	0.4882874758828958				
ReplogleWeissman2022_K562_essential	RUVBL2	0.0007271655942932	0.0040273786760857	0.7457998980166931	0.0009502836678688	0.0048781228283931	0.7397547033090899	0.0002260677215452	0.0017407214558981	0.7708126459300609	0.0006559448340745	0.0038852117095186	0.7480945224229085	specificity, uniform	0.3340907041594283	0.5011360562391425	
ReplogleWeissman2022_K562_gwps	RUVBL2	0.8791753710447063	0.9978923287310684	0.3488360249279635	0.5974821715332324	0.8342733603654632	0.4681337532667694	0.7953866152299423	0.9510972224442696	0.3934570796756684	0.6656069864391176	0.879855710281378	0.4447684781880319				
ReplogleWeissman2022_rpe1	RUVBL2	8.354682019168751e-31	3.3418728076675004e-29	0.9289611262011156	7.208649956574132e-27	1.2831396922701957e-25	0.8986229153888841	1.5879343051355439e-25	3.5331538289265855e-24	0.887737667572067	5.0774329901368656e-20	9.037830722443622e-19	0.8395674523204533	correlation, nonzero-rate	0.0004162979314918	0.0042835308669907	correlation
ReplogleWeissman2022_K562_gwps	RXRA	0.7133294485348822	0.9405380876978447	0.4830410600502871	0.7328946670537904	0.9001858410551989	0.4812807192865405	0.7268765159978509	0.9170203777540396	0.4818287499016692	0.780024801355838	0.9333724408560736	0.4767427868857235				
ReplogleWeissman2022_K562_gwps	SIRT1	0.3170143102332066	0.7053568402688848	0.5102842636895468	0.9743451361732676	0.9999837890165918	0.4578991523339362	0.9886074932006196	0.9999999998639296	0.4508104732786591	0.9910956905246348	0.99999988097155	0.4488110849848589				
SunshineHein2023	SIRT1	0.4850640616906452	0.708939782470943	0.5008552144970414	0.5862419807056267	0.7956141166719221	0.4950305103550296	0.88546461793175	0.9764796995546412	0.4725637943786983	0.792591374792067	0.9580959476207856	0.481399084689349				
FrangiehIzar2021_RNA	SMAD3	0.0001990257549256	0.0010946416520909	0.5385813222185698	0.0389275936141921	0.095156339945803	0.5192098580328257	0.063306718732948	0.1547497569027618	0.516642308873319	0.0097971381626776	0.0269421299473636	0.5254279638167211	correlation, uniform	0.113908084440971	0.1708621266614566	
ReplogleWeissman2022_K562_gwps	SMAD3				0.8702923410726087	0.9785376571264156	0.4730299555985566	0.2700150758470595	0.6632979037112549	0.5146540368411728	0.6762615239182989	0.879855710281378	0.48906468731268				
SunshineHein2023	SMAD3	0.526572686444339	0.71463436017446	0.4982385122647849	0.4704250665933856	0.7448396887728606	0.501963625672043	0.513956658848575	0.822857047165035	0.499075940860215	0.3922619503834804	0.6775433688441934	0.5072323378696236				
FrangiehIzar2021_RNA	SMAD4	0.8843723091691205	0.9992444298668436	0.4861329170221998	9.442248357112903e-13	6.924315461882798e-12	0.5815773521203553	0.0370675976102659	0.1164981639179786	0.5206857637011848	2.823181935109327e-05	0.0001242200051448	0.5466486129195174	nonzero-rate, uniform	1.225784922559888e-06	5.516032151519497e-06	nonzero-rate
PapalexiSatija2021_eccite_RNA	SMAD4	2.5132559094949803e-11	6.283139773737451e-11	0.5834782310061093	6.688987203415351e-10	1.672246800853838e-09	0.5770319275185165	1.519959583706097e-07	5.06653194568699e-07	0.5650653088896154	7.531433623625105e-12	1.882858405906276e-11	0.585728967790106	uniform, correlation	0.8698128320943123	0.8698128320943123	
ReplogleWeissman2022_K562_gwps	SMAD4	0.2394878011147223	0.6323841484444749	0.5162758701418336	0.4478802011463574	0.787374778840435	0.5030121713403064	0.3940692178258418	0.7812249406021075	0.506178127891955	0.2921143964480896	0.6858545805559533	0.5125806142417151				
ReplogleWeissman2022_K562_gwps	SMARCD3	0.0514560442256277	0.2633659226611101	0.5199518908889758	0.1218490596750605	0.4087690446818313	0.5142619576690947	0.0758834474202889	0.3267854977078183	0.5175347771561276	0.0970084730581518	0.4015690623164969	0.5158889668091807				
NormanWeissman2019_filtered	SNAI1	0.9896890854542072	0.999997048808692	0.4683050571778895	5.7225760677187524e-08	1.5260202847250005e-07	0.5725976675483646	1.119209433569846e-06	2.558192991016791e-06	0.5647722304896736	0.0206160961717064	0.0329857538747303	0.5279482786283194	nonzero-rate, specificity	0.0881467308920482	0.0949272486529749	nonzero-rate
ReplogleWeissman2022_K562_gwps	SOX2				0.7410062465633247	0.9028820005921608	0.4294636275739271	0.3094622953282273	0.7161581479602249	0.5542719292367486	0.5570091332900129	0.8392270941569527	0.4843549267190626				
NadigOConner2024_hepg2	SP1	0.0520262129906913	0.1105557026052191	0.5538988738257477	0.0127834107177903	0.0391634635816334	0.5740323052937313	0.152009598625903	0.3109287244620743	0.5340820057456255	0.0353504158961463	0.0964102251713083	0.5599294063645069	nonzero-rate, uniform	0.2196350526829938	0.416894286446681	
NadigOConner2024_jurkat	SP1	0.837912439333675	0.9768839473304916	0.4794000364945513	0.0380298431286973	0.1243283333053566	0.5370674811927665	0.8009231242458733	0.919979264336476	0.4823459769945958	0.2484918205394641	0.4494001009756265	0.5141926618278235				
ReplogleWeissman2022_K562_gwps	SP1	0.027262343126706	0.167334381950127	0.5395959835786479	1.6556867543268942e-05	0.0003401595679123	0.5854863085667169	0.0125770697893312	0.1136967108955542	0.5461117322730457	0.0011602585396911	0.0201706484592467	0.5627271091433487	nonzero-rate, uniform	0.0161417096892938	0.2206033657536828	
ReplogleWeissman2022_rpe1	SP1	0.8694807593709754	0.9796966302771554	0.4762657541953543	0.1853081717463608	0.2748737880904352	0.5189068790437497	0.411658333975008	0.5468297272205331	0.5047153061836226	0.5153250724833781	0.6115190860136087	0.4991888289900252				
ReplogleWeissman2022_K562_gwps	SP3	0.8439462841462408	0.9837652949582482	0.4757440377847663	0.6772697987670883	0.869782696654093	0.4889597404608022	0.7927942351857059	0.9510972224442696	0.4804150963451464	0.9170758621037404	0.9984915547777272	0.4667487123556094				
NormanWeissman2019_filtered	SPI1	1.9560744447605336e-136	1.0432397038722844e-135	0.7983960503857579	0.0132694678310545	0.026538935662109	0.5266542104552632	4.786161689271148e-59	2.552619567611279e-58	0.6941839986511217	2.921116312736104e-66	1.5579287001259222e-65	0.7061243443964134	correlation, uniform	2.298993046593364e-13	3.21859026523071e-12	correlation
PapalexiSatija2021_eccite_RNA	SPI1	0.0195830273801671	0.0279757534002387	0.5868171975412126	0.0117658964031669	0.0196098273386116	0.5953303995529478	0.0073484074293256	0.0122473457155427	0.6026997764738753	0.0211216611381893	0.0301738016259847	0.5854987426655491	specificity, nonzero-rate	0.7922740865490037	0.8698128320943123	
ReplogleWeissman2022_K562_gwps	SPI1	0.0002347489936002	0.0032142554508347	0.611560890620633	0.2951424394388758	0.6670219131318594	0.5171739318746803	0.0027690277507194	0.039112516978912	0.5884794792128046	0.0582035605623868	0.2798724401510519	0.5500787783794209	correlation, specificity	0.5082351113402093	0.7810987875378399	
TianKampmann2021_CRISPRa	SPI1	0.8548510541431877	0.99980317523568	0.4461702885643035	0.1110195054880396	0.2709034888851481	0.5622372639828999	0.0029799704123709	0.0119198816494837	0.6401140007125045	0.0018513233037889	0.0074052932151559	0.6478802992518703	uniform, specificity	0.7310917526882278	0.8006728923573868	
ReplogleWeissman2022_K562_gwps	SREBF1	0.9685232259625608	0.9999954393391224	0.4521376930678009	0.9734418485089118	0.9999837890165918	0.4502212947096683	0.743310580163344	0.9281115531321312	0.4831773474204621	0.9403615533932737	0.9984915547777272	0.4599032706517797				
SunshineHein2023	SREBF1	0.0258207120799725	0.0545103921688308	0.5929317989864864	0.0118685551579074	0.0375837580000403	0.6079849380630631	0.0107959794917901	0.0410247220688024	0.6097093186936937	0.0222717936406409	0.0705273465286965	0.5959318693693694	specificity, nonzero-rate	0.9600381702607588	0.9863164672267138	
ReplogleWeissman2022_K562_gwps	SREBF2	2.5677342194425697e-49	4.570566910607775e-47	0.8102068633167993	2.4804189375934193e-49	5.605746798961126e-47	0.8102561945647231	3.564440545395415e-17	2.685211877531213e-15	0.6759137330495123	7.805666644924927e-44	1.764080661753033e-41	0.7916540368216419	nonzero-rate, correlation	0.992603696529243	0.992603696529243	
SunshineHein2023	SREBF2	5.271172859570672e-06	2.503807108296069e-05	0.6537574404761906	7.503434097206397e-06	3.564131196173039e-05	0.6510649181547619	0.0002109294544369	0.0010019149085755	0.6230561755952381	2.2627037942245593e-05	0.0001074784302256	0.6423502604166667	correlation, nonzero-rate	0.6722285889201931	0.9676794325137013	
NadigOConner2024_hepg2	SRF	0.0201369620906716	0.048904050791631	0.59069200572538	0.0007401391167025	0.0033306260251614	0.640552886545829	0.0186023076251976	0.0669683074507116	0.5921327985866058	0.0067471402736504	0.0233554855626361	0.6092428043025381	nonzero-rate, uniform	0.0449806543413157	0.1265080903349505	
ReplogleWeissman2022_rpe1	SRF	1.4017233315520631e-16	1.4017233315520633e-15	0.743332395652234	1.1399657540578409e-18	1.449385030159255e-17	0.7600178927999925	3.068429743488929e-26	9.103008239017156e-25	0.8132471281594857	7.061963084986018e-14	6.675141594529074e-13	0.7199453992907442	specificity, nonzero-rate	0.0136702879345166	0.05066047881615	specificity
NadigOConner2024_hepg2	SSRP1	0.0012844351173522	0.0043670793989977	0.829256260700502	0.2877675417636839	0.4793887556524615	0.5611560894924696	0.0430905233942837	0.1140631501613393	0.6873857404021937	0.1169202088155008	0.2391549725771608	0.6300165404370157	correlation, specificity	0.2701079321963285	0.4191329982356822	
NadigOConner2024_jurkat	SSRP1	0.053997325949828	0.147096163794359	0.6126188584652886	0.009499858853451	0.0424993685549123	0.6643466546924114	0.0266927017551206	0.1134439824592626	0.6353567851098161	0.0167536419230377	0.0712029781729103	0.6489610524186187	nonzero-rate, uniform	0.1723291882561322	0.3569676042448452	
ReplogleWeissman2022_K562_essential	SSRP1	4.9621054019890006e-05	0.0003572715889432	0.549831977827828	0.0660151244844854	0.2033265834122152	0.5192820921997043	0.0102527262458457	0.0438588844961179	0.5296624569654267	0.141105103294868	0.3880390340608872	0.5137671936005224	correlation, specificity	0.0416970832157627	0.1125821246825595	
ReplogleWeissman2022_K562_gwps	SSRP1	0.0001120700708939	0.0016623727182604	0.5602406365414649	0.0209946730199743	0.1355656029289773	0.5331985508625807	0.0216176945621933	0.1526749678454902	0.5329994395860534	0.0405137686684221	0.2180026599776999	0.5284827934138343	correlation, nonzero-rate	2.119005915003617e-05	0.0004343962125757	correlation
ReplogleWeissman2022_rpe1	SSRP1	0.00448440732883	0.0087500630806439	0.7668119688075001	0.6792567473052997	0.765238614052806	0.4524664855866117	0.5654595363944136	0.6621828781460897	0.4831770787698238	0.3598810218297938	0.5084033482992326	0.5366358538508718	correlation, uniform	0.0192973092932664	0.0675405825264325	correlation
WesselsSatija2023	SSRP1	0.0984092759318055	0.1574548414908888	0.5694083473475005	0.343923545909795	0.3930554810397657	0.5216327778627121	0.3211962400548268	0.3211962400548268	0.5249961779544412	0.2009026577964217	0.2009026577964217	0.5451001375936401				
FrangiehIzar2021_RNA	STAT1	8.315791272929015e-121	1.8294740800443833e-119	0.7550073187636518	1.2475570883812187e-78	2.7446255944386807e-77	0.7046933484162656	6.45761925552428e-37	1.4206762362153415e-35	0.6380759687742472	1.0225882040774071e-39	2.249694048970296e-38	0.6435097765071346	correlation, nonzero-rate	7.49854417690968e-10	6.748689759218712e-09	correlation
PapalexiSatija2021_eccite_RNA	STAT1	1.596288300139192e-135	1.596288300139192e-134	0.869324060019785	6.2218605990433e-108	6.221860599043301e-107	0.828871306344064	1.1139054598004732e-64	1.1139054598004732e-63	0.7528148433429238	2.3872792295233124e-86	2.3872792295233125e-85	0.7933799264478224	correlation, nonzero-rate	3.427882262163965e-08	1.371152904865586e-07	correlation
ReplogleWeissman2022_K562_gwps	STAT1	0.8037702334772305	0.9752342296223954	0.4779888613400642	0.2846079375370959	0.6670219131318594	0.5146509223537971	0.4627165423194462	0.8149068618692006	0.5024090330362527	0.2864755813880349	0.6858545805559533	0.5145094554161096				
SunshineHein2023	STAT1	3.30246052456322e-12	2.0915583322233723e-11	0.6443255726575456	3.5344745753908025e-10	2.238500564414175e-09	0.6295815842661693	1.5416092064467757e-05	9.763524974162912e-05	0.5875974942993367	3.664373633842275e-08	2.320769968100108e-07	0.6131516894693201	correlation, nonzero-rate	0.3123986114669546	0.7759954165011996	
FrangiehIzar2021_RNA	STAT3	0.6072267527637173	0.9542134686286986	0.4965656211068219	0.1919793325754593	0.3839586651509187	0.5109889621585112	0.2540917617102313	0.5590018757625088	0.5083515317947251	0.0938090767359242	0.2063799688190332	0.5166313604396824				
PapalexiSatija2021_eccite_RNA	STAT3	0.0089177568634456	0.0148629281057427	0.533839214212725	0.2924401508474765	0.3655501885593457	0.5078032947433389	0.3306463807731044	0.4133079759663804	0.506258618139281	0.1597902468508409	0.1997378085635511	0.5142174857051529	correlation, uniform	0.1397668833904676	0.2795337667809352	
ReplogleWeissman2022_K562_gwps	STAT3	0.506281937702661	0.8299917017014636	0.4996509927431403	0.1818891809374979	0.5408809854194015	0.5201307101946857	0.3389548978811461	0.7459332642074348	0.5092058449058107	0.1982706044771056	0.5819370988548815	0.5187924680024124				
ReplogleWeissman2022_K562_gwps	STAT4				0.951549729073682	0.9999837890165918	0.4546836857774672	0.9457809030987776	0.9999999998639296	0.4561800576291631	0.9407811197548602	0.9984915547777272	0.4573781124055868				
NadigOConner2024_hepg2	STAT5A				0.1624160888258782	0.3177706085723704	0.5529429069743008	0.1755808411527648	0.3435277326901921	0.5501341346389571	0.3049327726104898	0.4731715437059324	0.527439814522964				
NadigOConner2024_jurkat	STAT5A	0.5542304492356178	0.8108186201780335	0.4962633467949716	0.5585909717790158	0.7536544857335927	0.4959607595240092	0.5459234573872364	0.7484434496437918	0.4968385622011576	0.4415708052791096	0.6584827798021811	0.5040287547784821				
PapalexiSatija2021_eccite_RNA	STAT5A	0.0851512318366614	0.1064390397958267	0.5174226996884965	0.7952522582230166	0.7952522582230166	0.4895209409466196	0.5837348476359205	0.6485942751510229	0.497313616226165	0.8693895706489367	0.9587056862517052	0.4857254062964663				
ReplogleWeissman2022_K562_essential	STAT5A	0.0141828483361534	0.0567313933446136	0.5448398019932091	0.9992179015690524	0.9992179015690524	0.4353137097214523	0.9999997917412552	0.9999997917412552	0.3964763009118344	0.9999881318155772	0.9999881318155772	0.4135506385987382	correlation, nonzero-rate	3.0174303829970696e-08	4.073531017046045e-07	correlation
ReplogleWeissman2022_K562_gwps	STAT5A	0.985822217262178	0.9999954393391224	0.4707158306255801	0.9999663660856252	0.9999837890165918	0.4467601774214015	0.9999999998639296	0.9999999998639296	0.4156621579426874	0.99999988097155	0.99999988097155	0.4309833884864289				
ReplogleWeissman2022_rpe1	STAT5A				0.1127527176507116	0.1808665204307933	0.5360479969748255	0.2103549850815623	0.3131154261200559	0.5239482215571347	0.0657794038419311	0.1125839796525359	0.544850516723773				
NadigOConner2024_hepg2	STAT5B	0.1283128510995655	0.2478770987150697	0.5346489788902952	0.5808139292025776	0.7687243180622351	0.4937711080307058	0.7395048378276146	0.8532748128780168	0.4803981312208003	0.3492241990547837	0.5152488182775498	0.5118338902616781				
NadigOConner2024_jurkat	STAT5B	0.7718418820312536	0.9359438439601664	0.4845136947489339	0.7942399107121443	0.9247998960346886	0.4829275725053883	0.610226594495641	0.7858978868504467	0.494181079864208	0.93581461302968	0.9999999809091804	0.4683888319189768				
ReplogleWeissman2022_K562_gwps	STAT5B	2.1650579051769088e-10	1.2846010237382996e-08	0.6606542154488277	5.854109884236166e-06	0.0001470032037597	0.6128132881064596	1.277558470358364e-05	0.0004124688775728	0.6083584623288436	1.1941918759007826e-07	5.397747279071536e-06	0.632974666781542	correlation, uniform	0.0982768976266853	0.4029352802694099	
ReplogleWeissman2022_rpe1	STAT5B				0.4563209051944117	0.5640633411430923	0.5024402766312961	0.069746737954669	0.1320736101694796	0.5328657225294025	0.2963289837493785	0.425375476672495	0.5118990706709236				
NadigOConner2024_hepg2	SUPT16H	0.0193880888777142	0.0487211271656062	0.5787576961062431	0.0934215799043851	0.2155882613178117	0.5503057429237849	0.0692936076937236	0.1599083254470546	0.5564451168687441	0.0682226646999981	0.1497570688536545	0.5567533113394553	correlation, uniform	0.0226618360760334	0.0784448171862694	correlation
NadigOConner2024_jurkat	SUPT16H	0.4021901136843569	0.6760216804481745	0.5096643814201066	0.360274848608412	0.5889108102252888	0.5139577979272636	0.3402046250543836	0.5845248737046668	0.516071714544997	0.3611529311229774	0.5903461374125593	0.5138662863853704				
ReplogleWeissman2022_K562_essential	SUPT16H	0.0013467662997241	0.006464478238676	0.5916984991754858	0.0119683883413571	0.0533423202440351	0.5690066169870792	0.0229271634337638	0.0882695792199906	0.561018222806688	0.0272360855058424	0.1048589291974932	0.5587669860354437	correlation, nonzero-rate	0.013128374509702	0.0443082639702443	correlation
ReplogleWeissman2022_K562_gwps	SUPT16H	0.0396103551355431	0.2203326004414588	0.5507007304161362	0.2604998128502029	0.6283718021343476	0.5185389666957047	0.2569137271369898	0.6523876666624686	0.5188591436038331	0.2590962418464042	0.6656555946236233	0.5186640085773638				
ReplogleWeissman2022_rpe1	SUPT16H	2.0011040130592258e-07	8.893795613596558e-07	0.7719403463080516	0.0001162498155375	0.0003979320608787	0.697472936185898	0.000189076595191	0.0006229018079068	0.6907171797436075	0.0001242249026196	0.0003948577261839	0.6965635074340514	correlation, nonzero-rate	0.0018644079093993	0.0090352075609355	correlation
WesselsSatija2023	SUPT16H	0.001321006668453	0.0105680533476247	0.5867190043775551	0.00032719837658	0.0013087935063203	0.5982960095510292	0.0004662155829898	0.0037297246639187	0.595474114539995	0.0003124738028281	0.0024251605944117	0.5986577909627003	uniform, nonzero-rate	0.971237949149227	0.971237949149227	
NadigOConner2024_hepg2	SUPT4H1	0.9570229113716404	0.9684160412689218	0.3126142595978062	0.0350295161238685	0.0927251897396521	0.6977162589594034	0.0253320858271222	0.0844402860904076	0.7132990917268797	0.0293633932649261	0.0825845435576048	0.7063056788833754	specificity, uniform	0.4316021923746687	0.5885484441472755	
NadigOConner2024_jurkat	SUPT4H1	0.0357885116378146	0.1229257573646677	0.6226966417806112	0.9924887975257526	0.9999999816193396	0.3344052046342122	0.9894899615339842	0.9999999998492852	0.3428636672911481	0.9911561613386424	0.9999999809091804	0.3384736552675483				
ReplogleWeissman2022_K562_essential	SUPT4H1	0.0949660972647559	0.2532429260393492	0.5444414134577524	0.8523388975730899	0.998448592875837	0.4645194413491207	0.8134814618300288	0.9787198837642532	0.4697989340648876	0.8027697532032432	0.9923877742199604	0.4711294228458047				
ReplogleWeissman2022_K562_gwps	SUPT4H1	0.2913351433530288	0.6823375725899886	0.5133235113960584	0.2178600241061937	0.5997416850246724	0.5188991753914224	0.2349165194261522	0.6320373022656001	0.5175246075393594	0.2378710764444762	0.6433917562701827	0.5172922410156172				
ReplogleWeissman2022_rpe1	SUPT4H1	0.9999551939476804	1.0	0.2172413037763953	9.43483916711899e-05	0.0003358802743494	0.7695226934197844	5.019226388012747e-05	0.0002127195945395	0.7807817839306054	4.6440378399673875e-05	0.0001722164032321	0.7821398843424165	uniform, specificity	0.5390335898782106	0.7806939207721941	
NadigOConner2024_hepg2	SUPT5H	0.0032387074891545	0.0105880821760821	0.6908628167903359	0.0001267555505311	0.0006588221552102	0.7564851656689489	0.0002995853492531	0.0014190884964623	0.7405933732420451	0.0002072468586026	0.0009816956460125	0.7475116798699979	nonzero-rate, uniform	0.6084184822477119	0.7204955710828167	
NadigOConner2024_jurkat	SUPT5H	0.0038688869628054	0.0179789452977431	0.6148319026181621	0.0002422528936911	0.0029416422805352	0.6504403992953611	0.0018814827190226	0.0133271692597437	0.6249242699624379	0.0012838949901629	0.0108716190105215	0.6300058719906048	nonzero-rate, uniform	0.0280013269158084	0.1624076961116887	
ReplogleWeissman2022_K562_essential	SUPT5H	0.4822479114506491	0.7715966583210386	0.5007080814666652	2.1339700316632223e-08	2.738594873967803e-07	0.5871462355372358	9.075297972229709e-06	0.0001164663239769	0.5681741830679294	4.235230351914227e-06	4.658753387105649e-05	0.5708211313832314	nonzero-rate, uniform	0.0004045523301336	0.0021845825827217	nonzero-rate
ReplogleWeissman2022_K562_gwps	SUPT5H	0.015786352128951	0.1213579415153623	0.5546844863061908	0.0033318064177419	0.0327386195830297	0.5690164550116957	0.007630600708754	0.0821197981037345	0.5617138520373577	0.007077424790896	0.0639799201096999	0.5624054643292934	nonzero-rate, uniform	0.3193939478531539	0.7383717076482955	
ReplogleWeissman2022_rpe1	SUPT5H	0.4410535082169371	0.5513168852711714	0.5161845514513526	0.0024931060071818	0.0056893957599791	0.8063298744539436	0.0031953327642055	0.0074838056845866	0.797505351040793	0.0030304058908423	0.0067426531071241	0.7994079433227772	nonzero-rate, uniform	0.8470673012199801	0.9044955928281144	
WesselsSatija2023	SUPT5H	0.0029326164662488	0.0117304658649952	0.5979159071576133	0.0007852127262449	0.0020939006033197	0.6123465791712238	0.0011831446212913	0.0047325784851654	0.6080325677482075	0.0011499907573121	0.0024251605944117	0.6083363713695467	nonzero-rate, uniform	0.7478457840653094	0.8724867480761944	
GasperiniShendure2019_lowMOI	TAF12	0.8849230634490879	0.9512653512903146	0.2547425474254743	0.1189745576356656	0.3467588290766299	0.7425474254742548	0.5486733369758575	0.7132753380686148	0.4756097560975609	0.2345499450854313	0.5081915476851012	0.6490514905149051				
ReplogleWeissman2022_K562_gwps	TAF9	0.4078377976316782	0.7641592418783025	0.5054638371711628	0.3421930593419384	0.7030511946479826	0.5095275043468753	0.4857991653346962	0.821232903545996	0.5008345471666837	0.4636355898190209	0.7886027772090635	0.5021394914949372				
ReplogleWeissman2022_K562_gwps	TBL1X	0.6031899610225787	0.8897661001728832	0.4926595517366507	0.4811449495574743	0.787374778840435	0.5013266845277456	0.71030298826335	0.9069405386865372	0.484447964962278	0.6813042004391201	0.879855710281378	0.4867746254673361				
ReplogleWeissman2022_K562_gwps	TBL1XR1	0.1616883838386748	0.4796755387214019	0.5333825968739988	0.3284454787600107	0.6865060410665967	0.5150159861719382	0.1279211267037241	0.4447719174621792	0.5384102318844038	0.1600572208320662	0.5242453899716951	0.5336084136007764				
NadigOConner2024_hepg2	TBP	0.1667490203123543	0.3016962937365219	0.5324856117543504	0.7550937967647642	0.8656573297478923	0.4768041167309905	0.6676647587797048	0.8070060374195265	0.4854411266842711	0.6420295991375238	0.7704355189650285	0.4877784548716907				
ReplogleWeissman2022_K562_gwps	TCEA1	0.2415849555855297	0.6323841484444749	0.5188897791270551	0.2226841974383052	0.5997416850246724	0.5205585192393416	0.201661839322977	0.5843022523973438	0.5225126664704907	0.1863239144229065	0.572128429262222	0.524016502102095				
ReplogleWeissman2022_K562_gwps	TCF4	0.5309737574269009	0.8438690073391818	0.49821890737231	0.7078032122791201	0.8886862554171174	0.4874644137600268	0.327847251646217	0.7459332642074348	0.5102183662296644	0.5548197145373066	0.8392270941569527	0.4968408480092989				
ReplogleWeissman2022_K562_gwps	TCF7L2	0.8480719239221468	0.9837652949582482	0.4780914127302763	0.4929048892471811	0.787374778840435	0.5003790108061964	0.6412618567215002	0.8958248076640594	0.4922901692456058	0.6129905404842142	0.8604711934747354	0.4938821093205993				
FrangiehIzar2021_RNA	TFAP2A	0.1771444400775277	0.4330197424117344	0.5109387291562468	0.1135544714204906	0.2498198371250794	0.5142634064437848	0.3924415130401499	0.6196427713308029	0.5032234167364004	0.5240235256390723	0.6781480920035053	0.4992884687980369				
ReplogleWeissman2022_K562_gwps	TFAP2A	0.0005418112997371	0.0064294940902143	0.5562822013522846	0.0002233422175501	0.0031547088228959	0.5604670405005743	0.078081490602753	0.3267854977078183	0.5244237677762396	0.0060835974407105	0.0572872092333576	0.5431823312388939	nonzero-rate, correlation	0.8223101508164332	0.9365198939853824	
NadigOConner2024_hepg2	TFDP1	0.3921264344611042	0.5667110930566845	0.5065948032127191	0.3713798151473342	0.5495983924876979	0.5079055289292949	0.6052434596089917	0.789447990794337	0.4935712677943025	0.4491135555693603	0.6218495384806528	0.5030812347996991				
NadigOConner2024_jurkat	TFDP1	0.9340603632823156	0.9999999999179392	0.4759730042761733	0.8881775897399441	0.9999999816193396	0.4805949254949186	0.9835378488422482	0.9999999998492852	0.4659861397125537	0.9642766684908168	0.9999999809091804	0.4712545026269628				
ReplogleWeissman2022_K562_essential	TFDP1	3.225052810475159e-06	2.902547529427643e-05	0.6027817700475653	2.6507463735237753e-05	0.0001855522461466	0.5920925397251653	0.0012453976112374	0.0079699212395962	0.5689103543022582	8.78318011039267e-05	0.0006148226077274	0.5854792663853701	correlation, nonzero-rate	0.4001347678267901	0.5401819365661668	
ReplogleWeissman2022_K562_gwps	TFDP1	1.1422309983408915e-07	2.5414639713084835e-06	0.5843423116974013	8.490788377830847e-07	2.7413116762711014e-05	0.5780151869544083	0.0004603028955755	0.0130035568000091	0.5540118428036407	8.354649487593377e-07	2.6973582631372903e-05	0.5780680721885574	correlation, uniform	0.5279635025367289	0.7810987875378399	
ReplogleWeissman2022_rpe1	TFDP1	5.032346046111802e-06	1.829944016767928e-05	0.5993648381848412	1.3378110195450284e-06	5.66977051140512e-06	0.6056314602897946	0.0003807727326224	0.0011296257734465	0.5757516772290869	6.317807718844589e-05	0.0002162634180681	0.5862612809953561	nonzero-rate, correlation	0.7172733608604998	0.8368189210039164	
ReplogleWeissman2022_K562_gwps	TFDP2	0.2550723674642173	0.6394772029384604	0.5137388594786572	0.05366575605123	0.258870210688737	0.5335913941566709	0.0454087085299817	0.2443420982803777	0.5352768517277581	0.0264049447048029	0.1737648515870974	0.5403953489021421				
NadigOConner2024_hepg2	TGS1	0.7538990630380609	0.8926850473227984	0.472871103888776	0.0103177291590052	0.0343924305300174	0.5914340096749197	0.0655176524344338	0.1551733873447117	0.5596519737287562	0.0607850202037528	0.1439645215352041	0.5611603885014407	nonzero-rate, uniform	0.038369536534872	0.1151086096046162	
NadigOConner2024_jurkat	TGS1	0.0035927892747105	0.0177393970438833	0.5629367905812834	0.0005131719695624	0.0048173823285871	0.5768694228345264	0.002115224341708	0.0138303130034756	0.5669714690979685	0.0025516115610923	0.0166836140532958	0.5655666579875958	nonzero-rate, specificity	0.3434092614107293	0.5858157988771266	
ReplogleWeissman2022_K562_essential	TGS1	0.0733406919239988	0.2200220757719965	0.5333722759721962	0.1005317232501853	0.2669290582849748	0.5293983655833177	0.1975494032068804	0.4753532514665559	0.5195542926920909	0.2164231751995941	0.5554861496789582	0.5180349427014841				
ReplogleWeissman2022_K562_gwps	TGS1	0.681839167266196	0.9405380876978447	0.4928861307866869	0.8398070471538923	0.9749563930009988	0.4850505568223185	0.5540365547259432	0.8668657586954832	0.4979559395889893	0.6011069482032605	0.8604711934747354	0.4961453479211302				
ReplogleWeissman2022_rpe1	TGS1	0.0111386774507523	0.0193716129578301	0.5833601059220965	0.0399128096110457	0.0724946950078178	0.5638877414922275	0.0322580928840668	0.0624123971017814	0.5674217232089833	0.0423320218033869	0.0784906237604465	0.5628863771332886	correlation, specificity	0.5452465478408974	0.7806939207721941	
FrangiehIzar2021_RNA	TIMP3	0.9458424201682782	0.9992444298668436	0.4793650209478748	0.8407241775530585	0.9121329589118626	0.4871827394614157	0.7037426501794838	0.8632733553390602	0.4931226531471122	0.6266051490824947	0.7658507377674935	0.495851008490956				
NadigOConner2024_hepg2	TNRC6A	0.3401393924058543	0.5256699700817749	0.5128682865554832	0.6676898466143479	0.8169432991272889	0.4864639587579763	0.655575627773235	0.8070060374195265	0.4874982780801352	0.7351308664264677	0.8559114593157392	0.48037945276803				
NadigOConner2024_jurkat	TNRC6A	0.2231679957636128	0.4197683729839385	0.5172850329711249	0.9917187246042468	0.9999999816193396	0.4456114542690599	0.6970137473979632	0.8586401236061865	0.4882923351085704	0.7912793503726996	0.9213526682421844	0.4815958106313719				
ReplogleWeissman2022_K562_gwps	TNRC6A	0.131580841674066	0.4182391038925672	0.5168343261173121	0.9862404437136836	0.9999837890165918	0.4668402846322835	0.930213558691159	0.9999999998639296	0.4777731635005641	0.983865005452131	0.99999988097155	0.4677884672852173				
ReplogleWeissman2022_rpe1	TNRC6A	0.0094802200486472	0.0168537245309284	0.5646035065118566	0.634435327379826	0.7272221099351224	0.4905390802175171	0.997037330607116	0.997037330607116	0.4242301532234065	0.7599405419221269	0.8561355472287253	0.4805583643750646	correlation, nonzero-rate	0.1366679432281532	0.277744529786247	
ReplogleWeissman2022_K562_gwps	TNRC6B	0.592868046035023	0.8868110268423033	0.4926399438687222	0.5528318889146466	0.8112987460695464	0.495838953687754	0.7864102939939444	0.9510972224442696	0.4751238317480715	0.6303538971069116	0.8633938227040122	0.4895740093263064				
ReplogleWeissman2022_K562_gwps	TNRC6C	0.6717829114720417	0.9405380876978447	0.4916099523654048	0.2131210209109714	0.5946339595787599	0.5150064230425404	0.5930550695921443	0.8668657586954832	0.495559988080658	0.4240444404134774	0.7886027772090635	0.5036129578645558				
FrangiehIzar2021_RNA	TP53	0.994345609440042	0.9992444298668436	0.4686119450833751	0.0001732822502077	0.0006353682507616	0.5443341039423013	0.000481855822462	0.002120165618833	0.5409036312379853	7.506628065037195e-05	0.0002752430290513	0.5469747554314439	uniform, nonzero-rate	0.6777478450679333	0.6807447422341586	
ReplogleWeissman2022_K562_gwps	TP53				0.9276358185296936	0.9999837890165918	0.4715091809186702	0.8652677000521816	0.9815891764921624	0.4784269447700632	0.8534516416487105	0.9741417727909524	0.4794612343362594				
TianKampmann2021_CRISPRa	TP53	0.99980317523568	0.99980317523568	0.3889812505772605	0.9596412955583088	0.9833687801166754	0.4452987900618823	0.9692837706814532	0.9692837706814532	0.4414195991502725	0.6275706402099195	0.8743943174399442	0.4898171238570241				
ReplogleWeissman2022_K562_gwps	TP53BP2	0.3473050775133131	0.7137623266775575	0.5073946970334241	0.6242423530584822	0.8403160578968012	0.494036137277742	0.4687517347035225	0.8149068618692006	0.5014768292839412	0.4893892676011733	0.8060095249236381	0.5005010400909063				
ReplogleWeissman2022_K562_gwps	TP63				0.8105850315517336	0.9692709901094804	0.4791665673499805	0.7623374727185248	0.9466388397493768	0.4831013070675552	0.8966962444206596	0.9954610858195412	0.4701023194231506				
NormanWeissman2019_filtered	TP73	7.25861215824836e-45	2.322755890639475e-44	0.7604587372803344	4.272930945128749e-37	2.278896504068666e-36	0.7356514155076946	6.920280198343287e-28	2.214489663469852e-27	0.7024026726156416	2.6644606374916953e-52	1.065784254996678e-51	0.782181686998781	uniform, correlation	0.0356328186481308	0.0453508600976211	uniform
ReplogleWeissman2022_K562_gwps	TP73				0.5248227155863482	0.8014184710980722	0.498707937861089	0.6746972158210837	0.9021323471245722	0.4906006848903408	0.5795149042702861	0.8534806015070802	0.495835944100679				
ReplogleWeissman2022_K562_gwps	TRIM28	0.5138932517452591	0.8299917017014636	0.4986677811596605	0.2906925183276321	0.6670219131318594	0.5210897813454094	0.2217012261719356	0.6110302087177739	0.5293172789912193	0.3139540213540932	0.7108810378369613	0.5185389090900541				
NadigOConner2024_hepg2	TRRAP	0.000269242394434	0.001040254705768	0.7427560908580373	0.000131764431042	0.0006588221552102	0.7559355247278681	1.4119653703299087e-05	7.475110784099517e-05	0.7937054163530128	0.0001857970255207	0.0009289851276037	0.7496743974859902	specificity, nonzero-rate	0.0122468852633524	0.052156953513327	specificity
NadigOConner2024_jurkat	TRRAP	8.72799614179598e-07	3.4475584760094125e-05	0.7336345225112946	1.862216073113621e-16	5.276278873821926e-15	0.8981437319496207	1.836720037023555e-16	3.903030078675054e-15	0.8982252207988304	3.9517154557095065e-15	1.119652712451027e-13	0.8796673337567558	specificity, nonzero-rate	0.9932294404263586	0.9932294404263586	
ReplogleWeissman2022_K562_essential	TRRAP	6.336907017924051e-19	1.5208576843017726e-17	0.6288939926305237	5.0585955506904916e-12	9.737796435079196e-11	0.5995734929495204	1.361635836014236e-30	3.4948653124365396e-29	0.6673589113560989	8.271384320818178e-05	0.0006148226077274	0.5551171545860204	specificity, correlation	8.726314011460446e-05	0.0005890261957735	specificity
ReplogleWeissman2022_K562_gwps	TRRAP	2.726252673675051e-13	2.4263648795707955e-11	0.6188990932675178	3.088720761286103e-11	1.745127230126648e-09	0.6077874213168726	1.1760119056589069e-17	1.328893453394565e-15	0.6396908894228468	3.241053296623266e-06	8.13864494485398e-05	0.5743378781641866	specificity, correlation	0.0573269961506997	0.3357724060255268	
ReplogleWeissman2022_rpe1	TRRAP	9.204199500547232e-05	0.0002539089517392	0.7701086480329449	6.413020012137238e-09	3.5672423817513395e-08	0.9108308507841936	2.7238191504186993e-09	1.7315707456233164e-08	0.9212685095943224	5.1621185424995644e-08	2.552380834902562e-07	0.8842931306404976	specificity, nonzero-rate	0.1085044816114057	0.2415260946883677	
FrangiehIzar2021_RNA	TSC22D3	0.0051009453930429	0.0224441597293891	0.528798806054314	0.0187437692789706	0.0528493966880743	0.5233225197941752	0.3890515318364914	0.6196427713308029	0.5031590444270398	0.4233919745894404	0.5821639650604806	0.5021661470221912	correlation, nonzero-rate	0.6807447422341586	0.6807447422341586	
ReplogleWeissman2022_K562_gwps	TWIST1				0.9515984072095002	0.9999837890165918	0.4652701318776701	0.9860199750210908	0.9999999998639296	0.4540328310107066	0.9921596911064784	0.99999988097155	0.449464669070864				
ReplogleWeissman2022_K562_gwps	TWIST2				0.9935008798133302	0.9999837890165918	0.4526482610735107	0.8085581092723342	0.9517402744559768	0.4833647797825942	0.9544431703800316	0.99999988097155	0.4677902216887268				
SunshineHein2023	TYK2	0.4315944375073357	0.683357859386615	0.5044392593034351	0.662363974664643	0.7995467407342342	0.4892118420006361	0.51969918768318	0.822857047165035	0.4987289778148855	0.7448875426531093	0.9580959476207856	0.4830418555184479				
ReplogleWeissman2022_K562_gwps	USF1				0.9298298155364824	0.9999837890165918	0.4663124874355022	0.9206408424219986	0.9999999998639296	0.4678004590229846	0.9410561998568844	0.9984915547777272	0.4642751122428466				
NadigOConner2024_hepg2	USF2	0.7666589229948739	0.8926850473227984	0.4709814156883937	0.8915608870791887	0.9629181679684368	0.4507682460840337	0.9118976535400244	0.9765680279740564	0.4460771350495748	0.9458024501029104	0.9966961233902358	0.4359935458897206				
NadigOConner2024_jurkat	USF2	0.5778605564780789	0.8300178902139678	0.4951626987982636	0.8690602957037746	0.9982449342543356	0.47236815027468	0.3494452630804902	0.5845248737046668	0.5095270482716251	0.6690607567715642	0.8455708565235106	0.4892297553618878				
ReplogleWeissman2022_K562_essential	USF2	0.7133914659198547	0.9678837900730294	0.4879082978706025	0.5105823690477406	0.766074019023357	0.4994307925409829	0.0611464671778156	0.1883311189076722	0.5331692246118158	0.2901241187100711	0.6359749155028492	0.5118711661452761				
ReplogleWeissman2022_K562_gwps	USF2	0.0218278344740019	0.1439020198656425	0.5290167385997089	0.0143707390022687	0.0984177883185675	0.531456621355882	0.0188944191959013	0.1414227376834613	0.529876228838904	0.0132867507821153	0.1072430598842167	0.5318983622099618				
ReplogleWeissman2022_rpe1	USF2	0.9631641679920518	1.0	0.4491369490931394	0.6373407255611185	0.7272221099351224	0.4900088630374269	0.6892154660756434	0.7764579301358515	0.4859632065997614	0.8969142288677499	0.9854983502374042	0.4640516212955536				
NadigOConner2024_hepg2	VHL	0.2998078358557008	0.4808238876931051	0.530392037375584	0.4032547708592338	0.5760782440846197	0.5141824091001422	0.6361691696871471	0.8064116235470878	0.4798456225878529	0.2474806189480828	0.4124676982468048	0.539508429819216				
NadigOConner2024_jurkat	VHL	0.8408621318794105	0.9768839473304916	0.4630181481639371	0.0410412048491704	0.1292037930436848	0.5644316889467683	0.1457021409802075	0.342311495114411	0.5390968685925512	0.063217328949628	0.1948232887624149	0.5566344555207026				
ReplogleWeissman2022_K562_essential	VHL	0.1968613526142736	0.4572263673621838	0.5196112389629908	0.7165923074134435	0.936550447235521	0.4868307345481871	0.722338747513635	0.9245521082961562	0.4864385684764231	0.6599418602183569	0.8761297109795427	0.4905199135825662				
ReplogleWeissman2022_K562_gwps	VHL	0.380398541388148	0.728074627603122	0.5045616649830165	0.2505037833300965	0.6283718021343476	0.5100828399007667	0.2333794162464062	0.6320373022656001	0.5109048252881324	0.2943712137784401	0.6858545805559533	0.5081012647767027				
ReplogleWeissman2022_rpe1	VHL	0.4542387648078844	0.5590630951481654	0.5042269285449812	0.1190960274555628	0.1859569551499139	0.5433631145015729	0.2797969223868923	0.3773019104914153	0.5214497898548063	0.0956081223972283	0.1575763498769133	0.5480493381910272				
ReplogleWeissman2022_K562_gwps	WT1	0.0089926745418015	0.0800348034220333	0.5408202437995471	0.457209386512721	0.787374778840435	0.5018541919695481	0.5461913320357219	0.8668657586954832	0.4979978599515472	0.4981373540247435	0.8088087859476941	0.5000805797160894	correlation, nonzero-rate	0.1608137611536897	0.5494470172751066	
ReplogleWeissman2022_K562_gwps	XBP1	0.6424737265846252	0.9222606720327684	0.4935627173642542	0.5000619978669651	0.787374778840435	0.4999972846983785	0.5868236990741023	0.8668657586954832	0.4961317414524672	0.637307234376276	0.867659246801436	0.4938061977133174				
SunshineHein2023	XBP1	0.8790486703675354	0.9278847076101764	0.4720137186819172	0.9031147320742576	0.9432160568690804	0.4689223345588235	0.8055318102088515	0.9764796995546412	0.4793964460784313	0.858585961296805	0.9595960743905468	0.4743157679738562				
NadigOConner2024_hepg2	YBX1	0.3944165492518662	0.5667110930566845	0.513119178201445	0.6163515112228433	0.7924519430007985	0.4855111575404079	0.5499357786845849	0.7733471887751975	0.4938568236557267	0.4688286215367567	0.6297697901240016	0.5038333188241781				
NadigOConner2024_jurkat	YBX1	0.4411542167468509	0.7112486351632904	0.5052758945888718	0.6372857958010305	0.8076464595360333	0.4874857966461019	0.688765721678801	0.8586401236061865	0.482456474822887	0.6774478126132355	0.8455708565235106	0.4835889301538156				
ReplogleWeissman2022_K562_essential	YBX1	0.948746468160786	0.9980810892615924	0.4480590028722819	0.8425276544048432	0.998448592875837	0.468033697819646	0.798998319361014	0.9765535014412392	0.4733414212929116	0.7229689299821843	0.9435357221801388	0.4811785183190021				
ReplogleWeissman2022_K562_gwps	YBX1	0.0675116155867906	0.2861206565344938	0.5348032889177431	0.6624886564097578	0.869247771473096	0.4902369392317794	0.247753663791369	0.6476619022248505	0.5158713865374724	0.5934941361547609	0.8598056075062562	0.4944918547243817				
ReplogleWeissman2022_rpe1	YBX1	6.192244523315885e-05	0.0001769212720947	0.7060309326629947	0.970105934408697	0.9999999948166662	0.3989642784846076	0.9799783412470237	0.997037330607116	0.3897884143006916	0.9884102733923816	0.99999994418258	0.3781320152155588	correlation, nonzero-rate	0.0005036913471281	0.0042835308669907	correlation
NadigOConner2024_hepg2	YY1	0.9509616841444928	0.9684160412689218	0.4321186268535446	0.7774004084947439	0.8745754595565869	0.4686735730245784	0.8629587074684122	0.9471498008799646	0.4551208612634572	0.7904243036813126	0.894939402962677	0.4668494820231565				
NadigOConner2024_jurkat	YY1	0.0431085810504578	0.1261325149254137	0.5616023436340524	0.0497041005970985	0.1362854371210766	0.5591619185277436	0.0878226744600857	0.2574112872105961	0.5486258896711039	0.2548814900849138	0.4513526386920348	0.5236692843269473				
ReplogleWeissman2022_K562_essential	YY1	0.2386656431398861	0.505409597237406	0.5227418519723428	0.4751763977226938	0.7622621380134881	0.5019931910760025	0.3865573374948494	0.7086884520738906	0.5092271000673562	0.5395257466207869	0.8155985603347663	0.4968246404237479				
ReplogleWeissman2022_K562_gwps	YY1	0.1003290055416737	0.3925681581371661	0.5278784883614677	0.0029117113689898	0.0313355604472239	0.560074899636315	0.00614948785963	0.06948921281382	0.5545389057769277	0.0002067029580586	0.0038929057101053	0.5769328004970973	uniform, nonzero-rate	0.2024301335071169	0.6384334979839841	
ReplogleWeissman2022_rpe1	YY1	0.005269341788427	0.0100368415017658	0.5799190641435001	0.000150550946367	0.0004785369366666	0.6129383261437895	0.0777576407294621	0.1412332658147374	0.544381254342763	0.0010704135664871	0.0025070212478252	0.5959279401906027	nonzero-rate, uniform	0.2857501779442557	0.5000628114024476	
NadigOConner2024_hepg2	ZBTB17	0.8403973821701468	0.940215025563456	0.4741555386015505	0.0145280709771318	0.0421782705787698	0.5566351738025433	0.1145184013995794	0.2453965744276701	0.5312105639445892	0.0075204522959427	0.0250681743198092	0.5630872923334309	uniform, nonzero-rate	0.5648467574256213	0.700175834818366	
NadigOConner2024_jurkat	ZBTB17	0.0233038260404307	0.0836819207815467	0.5290670838409246	0.9379737409732424	0.9999999816193396	0.4775337931598613	0.7871597611603831	0.916555886282638	0.4883635884832193	0.7725695877386091	0.9162195972960104	0.489083293372914	correlation, uniform	0.0783438104268794	0.2915578771701514	
ReplogleWeissman2022_K562_essential	ZBTB17	0.9946031965951484	0.9980810892615924	0.4412035937553538	0.003668214322905	0.0176532814289804	0.5618382668306636	0.0172919144786562	0.0700777586766597	0.5487385937612614	0.0055900953376855	0.0269023338126118	0.5585134287304293	nonzero-rate, uniform	0.7879781679669634	0.8603066506365463	
ReplogleWeissman2022_K562_gwps	ZBTB17	0.9958634007655736	0.9999954393391224	0.4569690761783505	0.0840975186340211	0.3357046074349781	0.522455249114768	0.1824069193429586	0.581868858733476	0.5147672337044447	0.1277141631323764	0.4692805318205778	0.5185319561048303				
ReplogleWeissman2022_rpe1	ZBTB17	0.9977181656982196	1.0	0.4503837195024098	0.5923167325912172	0.6936340684291886	0.4959153351818196	0.9191587927607016	0.997037330607116	0.4755194902875957	0.378592890936275	0.5264807389582574	0.5054086910261109				
ReplogleWeissman2022_K562_gwps	ZNF382				0.8790614265248025	0.9835043682901256	0.4751975553360296	0.6415001828554486	0.8958248076640594	0.4923181291201645	0.6289040222567113	0.8633938227040122	0.4930285141143893				
