Dataset	TF	Weight	N_Pert	N_Control	U_Stat	MWU_AUC_Effect	ROC_AUC	PR_AUC	AP_Baseline	AP_Lift	P_Value	Adjusted_P_Value	Significant_FDR_BH	Mean_Diff	Score
FrangiehIzar2021_RNA	STAT1	CORRELATION	707	56261	9744958.0	0.24499268123634826	0.7550073187636518	0.028044494382740686	0.012410476056733604	2.259743643558658	8.315791272929015e-121	1.8294740800443833e-119	True	-2.2390077105986417	276.49463998205414
FrangiehIzar2021_RNA	JAK2	CORRELATION	1087	56261	23567331.5	0.38536602152273375	0.6146339784772662	0.026373042673690908	0.018954453511892306	1.3913902955389386	9.32362786608144e-39	1.0255990652689584e-37	True	-0.7298214407697143	87.56826681779343
FrangiehIzar2021_RNA	MYC	CORRELATION	185	56261	3986410.0	0.3830035399684002	0.6169964600315998	0.0050410041632562375	0.0032774687311767	1.5380784918873598	1.8625130517842564e-08	1.3658429046417881e-07	True	-1.562650089359217	17.798754065035943
FrangiehIzar2021_RNA	SMAD3	CORRELATION	711	56261	18457472.0	0.46141867778143014	0.5385813222185698	0.01386219005170902	0.012479814645790914	1.110768905240459	0.00019902575492561944	0.0010946416520909068	True	-0.22631729835471126	8.522076319877272
FrangiehIzar2021_RNA	TSC22D3	CORRELATION	671	56261	17788378.0	0.47120119394568605	0.528798806054314	0.012506808158162908	0.01178599030422258	1.0611588704329817	0.005100945393042995	0.02244415972938918	True	-0.10183432826801497	5.278329385246071
FrangiehIzar2021_RNA	CDKN2A	CORRELATION	865	56261	23247159.0	0.47769019967116516	0.5223098003288349	0.015966510321540256	0.015141966880229668	1.0544541833853278	0.012045315341659407	0.04416615625275116	True	-0.17318354302356587	4.419079462962491
FrangiehIzar2021_RNA	JAK1	CORRELATION	990	56261	26899349.5	0.4829466255667354	0.5170533744332646	0.018492754702696384	0.017292274370753348	1.0694229287717887	0.0325681167069995	0.10235693822199844	False	-0.13517880674626162	3.424421484301037
FrangiehIzar2021_RNA	FOS	CORRELATION	708	56261	19472267.0	0.4888502155560891	0.5111497844439108	0.012701993929267156	0.012427811616844248	1.0220619945712157	0.15355587571421986	0.4222786582141046	False	-0.1579253761600269	1.873690767023321
FrangiehIzar2021_RNA	TFAP2A	CORRELATION	604	56261	16619106.0	0.48906127084375317	0.5109387291562468	0.010422950826198665	0.010621647762243912	0.9812932098208395	0.17714444007752772	0.4330197424117344	False	-0.011360702772690624	1.7307898335567655
FrangiehIzar2021_RNA	KLF4	CORRELATION	717	56261	20058148.0	0.4972379057092867	0.5027620942907133	0.012586830991701936	0.01258380427533434	1.000240524749223	0.39952176570229525	0.8789478845450496	False	-0.023523154773593485	0.917487032901231
FrangiehIzar2021_RNA	CDKN1A	CORRELATION	1036	56261	29130801.0	0.4997873088602013	0.5002126911397988	0.0180211045881706	0.01808122589315322	0.9966749320351455	0.49062639804321967	0.9542134686286986	False	-0.039441083249411646	0.7120723409346814
FrangiehIzar2021_RNA	DNMT1	CORRELATION	331	56261	9336794.5	0.5013746355127008	0.49862536448729916	0.0059435635188065	0.005848883234379418	1.0161877542486328	0.534418619057338	0.9542134686286986	False	-0.0037119069620187885	0.6265758163162284
FrangiehIzar2021_RNA	IRF3	CORRELATION	791	56261	22360060.5	0.5024455956369684	0.4975544043630316	0.013665530078973968	0.01386454462595527	0.9856457927504713	0.594807047840428	0.9542134686286986	False	0.06409367529229232	0.5195182153734855
FrangiehIzar2021_RNA	STAT3	CORRELATION	528	56261	14954925.0	0.5034343788931781	0.49656562110682195	0.009123258060155622	0.00929757523464051	0.9812513295041244	0.6072267527637173	0.9542134686286986	False	0.12892996381353933	0.49885299464251276
FrangiehIzar2021_RNA	CCND1	CORRELATION	631	56261	18010415.0	0.5073257588141031	0.49267424118589687	0.01086531505115753	0.011091190325529073	0.9796347129801175	0.736936445961145	0.9992444298668436	False	-0.026820109592460756	0.3052536239423987
FrangiehIzar2021_RNA	RUVBL2	CORRELATION	65	56261	1941008.0	0.5307701878470261	0.4692298121529739	0.001131061163394617	0.0011539963782267514	0.9801254013748492	0.8047924375821858	0.9992444298668436	False	0.1650234325524572	0.21717087632322432
FrangiehIzar2021_RNA	FOXM1	CORRELATION	258	56261	7527527.0	0.518591230875919	0.481408769124081	0.004350318301222624	0.004564836603620021	0.9530063568480678	0.8489819625027375	0.9992444298668436	False	-0.07139867217762758	0.16371733847629474
FrangiehIzar2021_RNA	SMAD4	CORRELATION	628	56261	18155904.5	0.5138670829778001	0.48613291702219985	0.010706908676330219	0.011039040939373166	0.9699129421779454	0.8843723091691205	0.9992444298668436	False	0.03329670613998931	0.12287714079078693
FrangiehIzar2021_RNA	RB1	CORRELATION	775	56261	22501898.0	0.5160716499311102	0.48392835006888973	0.012710940126993092	0.013587909390560348	0.9354595884944231	0.9381363567798449	0.9992444298668436	False	0.14897465705467952	0.06385997083973638
FrangiehIzar2021_RNA	TIMP3	CORRELATION	496	56261	14528556.5	0.5206349790521252	0.4793650209478748	0.008168071334478149	0.008739010166146907	0.9346677917963232	0.9458424201682782	0.9992444298668436	False	0.13162245786193746	0.05567929868036426
FrangiehIzar2021_RNA	TP53	CORRELATION	548	56261	16383240.0	0.5313880549166249	0.4686119450833751	0.008698290921673929	0.009646358851590417	0.9017175346156464	0.994345609440042	0.9992444298668436	False	0.4578747872945026	0.005670437143950969
FrangiehIzar2021_RNA	E2F1	CORRELATION	583	56261	17650628.0	0.5381262282141708	0.4618737717858292	0.008790771196640717	0.010256139610161143	0.8571228094371267	0.9992444298668436	0.9992444298668436	False	0.4223945156536415	0.0007558557201325269
FrangiehIzar2021_RNA	STAT1	NONZERORATE	707	56261	11746273.0	0.2953066515837343	0.7046933484162656	0.026341455670347985	0.012410476056733604	2.122517746291915	1.2475570883812187e-78	2.744625594438681e-77	True	-1.2647483785832263	179.38044994370966
FrangiehIzar2021_RNA	JAK2	NONZERORATE	1087	56261	26514349.5	0.4335547866366748	0.5664452133633252	0.02244231616079662	0.018954453511892306	1.1840128309009794	2.8136281408976664e-14	3.094990954987433e-13	True	-0.3275317124695366	31.20171649804831
FrangiehIzar2021_RNA	SMAD4	NONZERORATE	628	56261	14783670.5	0.41842264787964467	0.5815773521203553	0.014082170533259558	0.011039040939373166	1.2756697443735716	9.442248357112905e-13	6.924315461882798e-12	True	-0.37439674588814753	27.688412083700996
FrangiehIzar2021_RNA	MYC	NONZERORATE	185	56261	3835913.0	0.3685441933997772	0.6314558066002227	0.005352113655993586	0.0032774687311767	1.6330022023038593	3.133364540041532e-10	1.7233504970228424e-09	True	-1.7749196707596444	21.883743569794483
FrangiehIzar2021_RNA	JAK1	NONZERORATE	990	56261	25280777.5	0.45388704233641225	0.5461129576635878	0.019643754729424014	0.017292274370753348	1.1359844464790447	3.064352338813807e-07	1.3483150290780751e-06	True	-0.21607346993751259	14.998259412605726
FrangiehIzar2021_RNA	TP53	NONZERORATE	548	56261	14048648.0	0.45566589605769875	0.5443341039423013	0.011125026500420049	0.009646358851590417	1.1532876468291287	0.00017328225020773192	0.0006353682507616837	True	-0.27598946426243215	8.660588788832545
FrangiehIzar2021_RNA	TSC22D3	NONZERORATE	671	56261	17995114.0	0.47667748020582484	0.5233225197941752	0.011892852366544453	0.01178599030422258	1.0090668717319058	0.01874376927897066	0.05284939668807431	True	0.036629622777043236	3.9768938869128636
FrangiehIzar2021_RNA	CDKN2A	NONZERORATE	865	56261	23336448.0	0.47952493914356425	0.5204750608564357	0.016539099435001557	0.015141966880229668	1.0922688951721375	0.019217962432027023	0.05284939668807431	True	-0.15474795941580174	3.951909893961575
FrangiehIzar2021_RNA	SMAD3	NONZERORATE	711	56261	19232361.0	0.48079014196717423	0.5192098580328257	0.013027212683723725	0.012479814645790914	1.0438626737230774	0.038927593614192166	0.09515633994580307	True	-0.08089063622898733	3.2460519324171586
FrangiehIzar2021_RNA	TFAP2A	NONZERORATE	604	56261	16506128.0	0.48573659355621523	0.5142634064437848	0.010920266562738947	0.010621647762243912	1.0281141690234274	0.11355447142049063	0.2498198371250794	False	-0.0034135815158523597	2.1754726327779568
FrangiehIzar2021_RNA	STAT3	NONZERORATE	528	56261	14526468.0	0.48901103784148875	0.5109889621585112	0.009405914003176433	0.00929757523464051	1.0116523680423986	0.19197933257545935	0.3839586651509187	False	0.10477314365051259	1.6503675555844106
FrangiehIzar2021_RNA	RB1	NONZERORATE	775	56261	21538374.0	0.493973628669605	0.5060263713303951	0.013816622412268002	0.013587909390560348	1.0168320979433776	0.28190414716517725	0.516824269802825	False	-0.04684903086368387	1.2661881694939534
FrangiehIzar2021_RNA	CDKN1A	NONZERORATE	1036	56261	29103567.0	0.49932006432513	0.50067993567487	0.018039062139094054	0.01808122589315322	0.9976680920691814	0.4700588402913659	0.7201127521071586	False	0.019268162363045977	0.7548974000046217
FrangiehIzar2021_RNA	CCND1	NONZERORATE	631	56261	17726446.0	0.4993267877518215	0.5006732122481785	0.010594370127308963	0.011091190325529073	0.9552058720806046	0.47677291928832083	0.7201127521071586	False	-0.03362219160682475	0.7407149616386252
FrangiehIzar2021_RNA	FOS	NONZERORATE	708	56261	19906567.0	0.4997532936936275	0.5002467063063725	0.011973711343951983	0.012427811616844248	0.9634609626463284	0.49098596734579	0.7201127521071586	False	0.008735076387852182	0.7113397313398337
FrangiehIzar2021_RNA	IRF3	NONZERORATE	791	56261	22363813.5	0.5025299280707033	0.49747007192929665	0.013675976524561612	0.01386454462595527	0.9863992574959407	0.5980108320355464	0.7628268533271616	False	0.03661537435849612	0.514146411423741
FrangiehIzar2021_RNA	DNMT1	NONZERORATE	331	56261	9399353.5	0.5047339785745021	0.49526602142549797	0.00565320096672739	0.005848883234379418	0.966543652897391	0.6169494789105444	0.7628268533271616	False	0.0646517336400395	0.48296814025980944
FrangiehIzar2021_RNA	KLF4	NONZERORATE	717	56261	20308019.0	0.5034321631620429	0.49656783683795713	0.012506834316594662	0.01258380427533434	0.993883411005482	0.6241310618131323	0.7628268533271616	False	0.0021816233784870825	0.47139489771002013
FrangiehIzar2021_RNA	TIMP3	NONZERORATE	496	56261	14310399.5	0.5128172605385842	0.48718273946141577	0.008357905589500851	0.008739010166146907	0.9563904184340722	0.8407241775530585	0.9121329589118626	False	0.05330254933819292	0.17349164241884946
FrangiehIzar2021_RNA	RUVBL2	NONZERORATE	65	56261	1966243.0	0.5376707187517518	0.4623292812482481	0.0010285403694831117	0.0011539963782267514	0.8912856131000885	0.8534793381670798	0.9121329589118626	False	0.4536948617860374	0.15843394539792738
FrangiehIzar2021_RNA	FOXM1	NONZERORATE	258	56261	7553020.0	0.520347511025923	0.479652488974077	0.004266091154800517	0.004564836603620021	0.9345550619308931	0.8706723698704144	0.9121329589118626	False	0.11405157970399024	0.1384895268882259
FrangiehIzar2021_RNA	E2F1	NONZERORATE	583	56261	17692621.0	0.5394064962421071	0.46059350375789293	0.008830786079606447	0.010256139610161143	0.8610243634805298	0.9994792480943595	0.9994792480943595	False	0.4427776923056764	0.0005208875440054425
FrangiehIzar2021_RNA	STAT1	SPECIFICITY	707	56261	14396081.0	0.36192403122575284	0.6380759687742472	0.019131224706685025	0.012410476056733604	1.5415383438337094	6.45761925552428e-37	1.4206762362153417e-35	True	-0.7034348950662882	83.33038772720792
FrangiehIzar2021_RNA	JAK2	SPECIFICITY	1087	56261	26027756.5	0.4255981620815863	0.5744018379184137	0.023097960038537414	0.018954453511892306	1.2186033231739133	1.938630819409837e-17	2.1324939013508208e-16	True	-0.3032943101323327	38.48196462018243
FrangiehIzar2021_RNA	JAK1	SPECIFICITY	990	56261	24629484.5	0.4421938318145282	0.5578061681854718	0.020106319639424455	0.017292274370753348	1.1627342481582723	2.029552851534084e-10	1.4883387577916618e-09	True	-0.27902959747283146	22.318035431330053
FrangiehIzar2021_RNA	MYC	SPECIFICITY	185	56261	4472254.0	0.4296821234237917	0.5703178765762082	0.0044639166340648805	0.0032774687311767	1.3620012882509527	0.00047033889655110744	0.0021201656188330658	True	-0.5816017647883258	7.662057066604787
FrangiehIzar2021_RNA	TP53	SPECIFICITY	548	56261	14154413.0	0.4590963687620147	0.5409036312379853	0.012750544352093269	0.009646358851590417	1.3217986753614352	0.00048185582246206037	0.0021201656188330658	True	-0.26336414882399145	7.637865612182734
FrangiehIzar2021_RNA	CDKN2A	SPECIFICITY	865	56261	23273728.0	0.47823614814233373	0.5217638518576663	0.01617250667463619	0.015141966880229668	1.0680585159482856	0.013886377644328401	0.050916718029204146	True	-0.07950161222335358	4.276846944972438
FrangiehIzar2021_RNA	SMAD4	SPECIFICITY	628	56261	16935086.5	0.4793142362988152	0.5206857637011848	0.011961699826482921	0.011039040939373166	1.0835814353961575	0.03706759761026592	0.11649816391797861	False	-0.013126512524852973	3.2950120707642787
FrangiehIzar2021_RNA	DNMT1	SPECIFICITY	331	56261	8808961.5	0.47303063822470487	0.5269693617752951	0.0065468633653868015	0.005848883234379418	1.1193356240905434	0.04506447716810174	0.12392731221227977	False	-0.14047005726158113	3.09966098876964
FrangiehIzar2021_RNA	SMAD3	SPECIFICITY	711	56261	19335067.0	0.483357691126681	0.516642308873319	0.013182303989254535	0.012479814645790914	1.0562900462388318	0.06330671873294802	0.15474975690276183	False	-0.08879657026463897	2.759763814343755
FrangiehIzar2021_RNA	STAT3	SPECIFICITY	528	56261	14604815.0	0.49164846820527486	0.5083515317947251	0.009604413009425886	0.00929757523464051	1.0330019136217552	0.2540917617102313	0.5590018757625088	False	-0.06957042339545866	1.3700598106289437
FrangiehIzar2021_RNA	KLF4	SPECIFICITY	717	56261	20038141.0	0.49674193575336034	0.5032580642466397	0.013065395860433366	0.01258380427533434	1.0382707466328764	0.38197438478431645	0.6196427713308029	False	-0.05301075817754396	0.9624017281623236
FrangiehIzar2021_RNA	TSC22D3	SPECIFICITY	671	56261	18756308.0	0.4968409555729602	0.5031590444270398	0.012000331961197735	0.01178599030422258	1.0181861389193883	0.3890515318364914	0.6196427713308029	False	-0.5900010041490239	0.9440434715500277
FrangiehIzar2021_RNA	TFAP2A	SPECIFICITY	604	56261	16881285.0	0.4967765832635996	0.5032234167364004	0.010856584029851683	0.010621647762243912	1.0221186272475429	0.39244151304014996	0.6196427713308029	False	-0.01127716638837365	0.9353677642256453
FrangiehIzar2021_RNA	IRF3	SPECIFICITY	791	56261	22129618.5	0.4972674089343978	0.5027325910656022	0.013681502705456046	0.01386454462595527	0.9867978411525642	0.39431812721051096	0.6196427713308029	False	-0.007843631983469018	0.9305972660117148
FrangiehIzar2021_RNA	CDKN1A	SPECIFICITY	1036	56261	29080287.0	0.4989206572319208	0.5010793427680792	0.017973321991267128	0.01808122589315322	0.9940322684687573	0.45253842210090056	0.6235623801708813	False	-0.015840304879728026	0.7928826087266452
FrangiehIzar2021_RNA	CCND1	SPECIFICITY	631	56261	17702418.0	0.49864995585578886	0.5013500441442111	0.010931315464885743	0.011091190325529073	0.9855854190622498	0.45349991285155	0.6235623801708813	False	-0.047150556626632284	0.790760201595542
FrangiehIzar2021_RNA	TIMP3	SPECIFICITY	496	56261	14144643.5	0.5068773468528879	0.4931226531471122	0.008736930013132457	0.008739010166146907	0.9997619692648364	0.7037426501794838	0.8632733553390602	False	0.008998759520732875	0.3513425433774682
FrangiehIzar2021_RNA	RB1	SPECIFICITY	775	56261	22048174.0	0.505665679141742	0.49433432085825796	0.013311356381062692	0.013587909390560348	0.9796471258713441	0.7063145634592312	0.8632733553390602	False	0.0036396250815404884	0.34769458341238496
FrangiehIzar2021_RNA	FOXM1	SPECIFICITY	258	56261	7478714.0	0.5152283742893207	0.48477162571067933	0.004341463174576875	0.004564836603620021	0.9510665006353117	0.8010537329967993	0.927535901364715	False	0.1319246809673251	0.2218272517706931
FrangiehIzar2021_RNA	RUVBL2	SPECIFICITY	65	56261	2014211.0	0.5507876066629022	0.44921239333709784	0.0010164355278587905	0.0011539963782267514	0.8807961160334498	0.9218452213243211	0.9832949333154026	False	0.4439778947764958	0.08137794226794452
FrangiehIzar2021_RNA	FOS	SPECIFICITY	708	56261	20617196.0	0.5175935965114971	0.48240640348850305	0.011565979820297004	0.012427811616844248	0.9306529722916668	0.946469654304641	0.9832949333154026	False	0.11091578752349078	0.05501636980325648
FrangiehIzar2021_RNA	E2F1	SPECIFICITY	583	56261	17238547.0	0.525562845526103	0.474437154473897	0.009269364958683229	0.010256139610161143	0.9037869326095874	0.9832949333154026	0.9832949333154026	False	0.11050520914189091	0.016846169944578382
FrangiehIzar2021_RNA	STAT1	UNIFORM	707	56261	14179943.0	0.3564902234928655	0.6435097765071346	0.019510249878404058	0.012410476056733604	1.5720790877976272	1.0225882040774073e-39	2.249694048970296e-38	True	-0.7511339368196103	89.77848175839702
FrangiehIzar2021_RNA	JAK2	UNIFORM	1087	56261	25603113.5	0.41865452557027916	0.5813454744297208	0.02339250774559532	0.018954453511892306	1.234143085735419	1.7561420535372653e-20	1.9317562588909917e-19	True	-0.3125177852456399	45.48858247184806
FrangiehIzar2021_RNA	MYC	UNIFORM	185	56261	3966298.0	0.3810712331570475	0.6189287668429526	0.005243858910496113	0.0032774687311767	1.599972216550614	1.1075052361885025e-08	8.121705065382352e-08	True	-1.3366544552759527	18.318570793090945
FrangiehIzar2021_RNA	JAK1	UNIFORM	990	56261	25212092.5	0.45265388281420704	0.547346117185793	0.01974278587681478	0.017292274370753348	1.1417113477106293	1.5237709088172313e-07	8.380739998494772e-07	True	-0.23082568226757247	15.696907527291799
FrangiehIzar2021_RNA	SMAD4	UNIFORM	628	56261	16017769.5	0.4533513870804826	0.5466486129195174	0.01274278039103741	0.011039040939373166	1.15433763322568	2.8231819351093274e-05	0.0001242200051448104	True	-0.1820128061816657	10.475060870340409
FrangiehIzar2021_RNA	TP53	UNIFORM	548	56261	13967234.0	0.4530252445685561	0.5469747554314439	0.01194686565269922	0.009646358851590417	1.2384844723799089	7.506628065037195e-05	0.00027524302905136385	True	-0.31495708685324936	9.497139092693056
FrangiehIzar2021_RNA	CDKN2A	UNIFORM	865	56261	22675949.0	0.46595279042669935	0.5340472095733007	0.016698153839527816	0.015141966880229668	1.1027731054761456	0.00028826979552638306	0.000905990785940061	True	-0.18746889096332947	8.151613726320095
FrangiehIzar2021_RNA	SMAD3	UNIFORM	711	56261	18983627.0	0.4745720361832789	0.5254279638167211	0.013324610989413127	0.012479814645790914	1.067693020096828	0.009797138162677695	0.02694212994736366	True	-0.06111074122540247	4.625664960169547
FrangiehIzar2021_RNA	KLF4	UNIFORM	717	56261	19472898.0	0.48272966275902235	0.5172703372409777	0.01341996335602869	0.01258380427533434	1.066447241422319	0.05571131601475929	0.13618321692496713	False	-0.06340715613410286	2.8875719926335686
FrangiehIzar2021_RNA	STAT3	UNIFORM	528	56261	14358856.0	0.4833686395603176	0.5166313604396824	0.009753805656414389	0.00929757523464051	1.0490698284509787	0.0938090767359242	0.20637996881903325	False	-0.07195986246201082	2.366493660744066
FrangiehIzar2021_RNA	RB1	UNIFORM	775	56261	21234246.0	0.4869985797759406	0.5130014202240594	0.014403729447573906	0.013587909390560348	1.0600401455120325	0.10651954620317633	0.21303909240635266	False	-0.1253633508904458	2.239426778248481
FrangiehIzar2021_RNA	CDKN1A	UNIFORM	1036	56261	28815749.0	0.49438206815875185	0.5056179318412481	0.018259532773219376	0.01808122589315322	1.0098614375551647	0.2673991811407138	0.4902318320913087	False	-0.009152350926278327	1.3190126766199786
FrangiehIzar2021_RNA	CCND1	UNIFORM	631	56261	17587367.0	0.49540914569803723	0.5045908543019628	0.01091796564738946	0.011091190325529073	0.9843817775139162	0.3455863323698012	0.5809318272557525	False	-0.06525357340834481	1.0625127903753457
FrangiehIzar2021_RNA	DNMT1	UNIFORM	331	56261	9215668.5	0.4948703149880163	0.5051296850119837	0.005901120839588424	0.005848883234379418	1.0089312101328944	0.37359717444040397	0.5809318272557525	False	0.11878837799266587	0.9845771357170668
FrangiehIzar2021_RNA	IRF3	UNIFORM	791	56261	22131705.5	0.49731430522781767	0.5026856947721823	0.013983861943397142	0.01386454462595527	1.0086059312195874	0.3960898822198312	0.5809318272557525	False	-0.07391625890238518	0.9261141181800493
FrangiehIzar2021_RNA	TSC22D3	UNIFORM	671	56261	18793791.0	0.4978338529778088	0.5021661470221912	0.011853675120245816	0.01178599030422258	1.005742819591408	0.42339197458944045	0.5821639650604806	False	-0.09840176485233443	0.8594568751387649
FrangiehIzar2021_RNA	TFAP2A	UNIFORM	604	56261	17015001.0	0.500711531201963	0.49928846879803696	0.010955228147102584	0.010621647762243912	1.0314057095777953	0.5240235256390723	0.6781480920035053	False	0.011471151723631237	0.6462186994111302
FrangiehIzar2021_RNA	TIMP3	UNIFORM	496	56261	14068507.5	0.504148991509044	0.49585100849095604	0.008861793344734996	0.008739010166146907	1.0140500098127503	0.6266051490824947	0.7658507377674935	False	-0.04500115836592938	0.4674386830026054
FrangiehIzar2021_RNA	FOS	UNIFORM	708	56261	20242499.0	0.5081868484827122	0.4918131515172877	0.011788225126700792	0.012427811616844248	0.9485358718121715	0.7733435368042292	0.8954504110364759	False	0.009825865761079744	0.2570319089335332
FrangiehIzar2021_RNA	FOXM1	UNIFORM	258	56261	7499086.0	0.516631855214119	0.48336814478588097	0.0042939233527420516	0.004564836603620021	0.9406521471846048	0.822075600416857	0.9042831604585427	False	0.03216620695685548	0.19592291684501376
FrangiehIzar2021_RNA	RUVBL2	UNIFORM	65	56261	2072284.0	0.5666677148947282	0.4333322851052718	0.0009693982946184722	0.0011539963782267514	0.8400358206566164	0.9686166554036693	0.9963376581906388	False	0.4702622432069452	0.03188635382358721
FrangiehIzar2021_RNA	E2F1	UNIFORM	583	56261	17457155.0	0.5322276904538553	0.4677723095461446	0.00912176850456422	0.010256139610161143	0.8893958985822445	0.9963376581906388	0.9963376581906388	False	0.24190045348466543	0.0036690646022551426
GasperiniShendure2019_lowMOI	RBMX	CORRELATION	4	369	295.0	0.19986449864498645	0.8001355013550135	0.027976190476190474	0.010723860589812333	2.6087797619047617	0.018402933276749	0.220835199320988	False	-1.014756473210067	3.9952452098581515
GasperiniShendure2019_lowMOI	LMO2	CORRELATION	25	369	3816.0	0.41365853658536583	0.5863414634146341	0.0915776578425873	0.06345177664974619	1.443263887599176	0.07429708883406314	0.3830360462312268	False	-0.47741001854203274	2.599683509263402
GasperiniShendure2019_lowMOI	MAX	CORRELATION	9	369	1237.0	0.3724781692261367	0.6275218307738634	0.09123367301105287	0.023809523809523808	3.8318142664642205	0.0957590115578067	0.3830360462312268	False	-5.39285291944591	2.3459205398637346
GasperiniShendure2019_lowMOI	CEBPB	CORRELATION	16	369	2625.0	0.4446138211382114	0.5553861788617888	0.07451627155204146	0.04155844155844156	1.7930477842209978	0.22686330816505723	0.6805899244951717	False	-0.06973610697317437	1.4834076095496582
GasperiniShendure2019_lowMOI	BTF3	CORRELATION	15	369	2568.0	0.46395663956639566	0.5360433604336043	0.057656550806281626	0.0390625	1.4760077006408097	0.3177750485449661	0.6853243629943924	False	-0.1562094496748469	1.1464115410362015
GasperiniShendure2019_lowMOI	MYC	CORRELATION	20	369	3503.0	0.4746612466124661	0.5253387533875339	0.0639523287537874	0.05141388174807198	1.243872794261165	0.35167191413527554	0.6853243629943924	False	-1.0821137807886503	1.0450566001397235
GasperiniShendure2019_lowMOI	NPM1	CORRELATION	31	369	5562.0	0.48623131392604246	0.5137686860739575	0.0812032009004878	0.0775	1.047783237425649	0.3997725450800622	0.6853243629943924	False	0.15692557636089605	0.9168595309095043
GasperiniShendure2019_lowMOI	APEX1	CORRELATION	13	369	2447.5	0.5102147175317907	0.4897852824682093	0.03791957279931877	0.034031413612565446	1.1142520622569054	0.5503391247996149	0.8255086871994224	False	0.014966134359660974	0.5972206002247129
GasperiniShendure2019_lowMOI	GATA2	CORRELATION	15	369	2963.0	0.5353206865401987	0.4646793134598012	0.03698766185358311	0.0390625	0.9468841434517277	0.6790829131934527	0.905443884257937	False	0.04511549866893132	0.3870120481368886
GasperiniShendure2019_lowMOI	RBBP4	CORRELATION	6	369	1307.0	0.5903342366757001	0.40966576332429994	0.01695569897828601	0.016	1.0597311861428755	0.7767439372204408	0.9320927246645289	False	0.6159812462728469	0.25264453605590054
GasperiniShendure2019_lowMOI	TAF12	CORRELATION	2	369	550.0	0.7452574525745257	0.2547425474254743	0.005420094007050529	0.005390835579514825	1.005427438307873	0.8849230634490879	0.9512653512903146	False	2.070282169184932	0.12225457170901578
GasperiniShendure2019_lowMOI	POLR2K	CORRELATION	10	369	2411.0	0.6533875338753388	0.3466124661246612	0.0208041311687762	0.026385224274406333	0.788476571296618	0.9512653512903146	0.9512653512903146	False	0.6583129286525541	0.04996223191773027
GasperiniShendure2019_lowMOI	MAX	NONZERORATE	9	369	858.0	0.25835591689250226	0.7416440831074976	0.08174646218253939	0.023809523809523808	3.4333514116666546	0.006636783620714172	0.05602894456292205	True	-2.9292206291415197	5.015127827321453
GasperiniShendure2019_lowMOI	BTF3	NONZERORATE	15	369	1767.0	0.3192411924119241	0.6807588075880759	0.126160959611195	0.0390625	3.229720566046592	0.008619837625064932	0.05602894456292205	True	-1.090502770170315	4.753689031483382
GasperiniShendure2019_lowMOI	H3F3B	NONZERORATE	15	369	2049.0	0.370189701897019	0.6298102981029811	0.05560210482281543	0.0390625	1.423413883464075	0.04417892869330546	0.19144202433765697	False	-0.5117119794289793	3.1195073299644447
GasperiniShendure2019_lowMOI	TAF12	NONZERORATE	2	369	190.0	0.25745257452574527	0.7425474254742548	0.01622784150156413	0.005390835579514825	3.010264598540146	0.11897455763566567	0.34675882907662997	False	-0.7102606930422366	2.128845610110342
GasperiniShendure2019_lowMOI	LMO2	NONZERORATE	25	369	4000.0	0.43360433604336046	0.5663956639566395	0.09119641825659736	0.06345177664974619	1.4372555517239745	0.13336878041408845	0.34675882907662997	False	-0.3060607072299968	2.014637202769276
GasperiniShendure2019_lowMOI	NPM1	NONZERORATE	31	369	5142.0	0.44951481772882246	0.5504851822711775	0.11098078049386856	0.0775	1.4320100708886265	0.17534420891213093	0.3799124526429503	False	-0.3116799033185393	1.7410043288202388
GasperiniShendure2019_lowMOI	RBBP4	NONZERORATE	6	369	907.0	0.40966576332429994	0.5903342366757001	0.02383414309595969	0.016	1.4896339434974806	0.22439136316844577	0.4167268173128279	False	-0.4458160323069285	1.4943635946284624
GasperiniShendure2019_lowMOI	MYC	NONZERORATE	20	369	3574.0	0.4842818428184282	0.5157181571815719	0.06184571526279502	0.05141388174807198	1.2028991618613631	0.40677953982720777	0.5930747007485282	False	-0.46593976848575114	0.8994839114825991
GasperiniShendure2019_lowMOI	CEBPB	NONZERORATE	16	369	2853.0	0.48323170731707316	0.5167682926829268	0.07984775002748483	0.04155844155844156	1.9213364850363537	0.41059017744128873	0.5930747007485282	False	-0.5476217874626892	0.8901596971352556
GasperiniShendure2019_lowMOI	APEX1	NONZERORATE	13	369	2597.5	0.5414842609964561	0.4585157390035439	0.0351666378813845	0.034031413612565446	1.0333581285145292	0.6949415680994849	0.8771829162362194	False	0.013284987793873049	0.3639275116288188
GasperiniShendure2019_lowMOI	GATA2	NONZERORATE	15	369	3041.0	0.5494128274616079	0.4505871725383921	0.03591960254538515	0.0390625	0.9195418251618598	0.742231698353724	0.8771829162362194	False	0.39935507893777555	0.2980938226261242
GasperiniShendure2019_lowMOI	POLR2K	NONZERORATE	10	369	2359.0	0.6392953929539296	0.36070460704607044	0.02110107013238272	0.026385224274406333	0.799730558017305	0.9338542342947499	0.9747553205052907	False	0.7395673664982801	0.06843491899844834
GasperiniShendure2019_lowMOI	RBMX	NONZERORATE	4	369	1152.0	0.7804878048780488	0.21951219512195122	0.009280519204735486	0.010723860589812333	0.8654084158415841	0.9747553205052907	0.9747553205052907	False	1.1216655518624927	0.0255687928062524
GasperiniShendure2019_lowMOI	BTF3	SPECIFICITY	15	369	1901.0	0.34345076784101175	0.6565492321589883	0.08459021210799458	0.0390625	2.1655094299646613	0.01958353209343925	0.14543230371079233	False	-0.6932663321846741	3.933066265225267
GasperiniShendure2019_lowMOI	MAX	SPECIFICITY	9	369	1010.0	0.30412526347485697	0.695874736525143	0.07240517471066858	0.023809523809523808	3.0410173378480807	0.02237420057089113	0.14543230371079233	False	-1.6170268041868188	3.799846744134759
GasperiniShendure2019_lowMOI	CEBPB	SPECIFICITY	16	369	2212.0	0.37466124661246614	0.6253387533875339	0.09073543615096859	0.04155844155844156	2.1833214323826815	0.04485550049475748	0.1943738354772824	False	-0.7147745022913519	3.104309055973672
GasperiniShendure2019_lowMOI	H3F3B	SPECIFICITY	15	369	2345.0	0.42366757000903343	0.5763324299909665	0.054902162544056894	0.0390625	1.4054953611278564	0.1582712106000223	0.5143814344500725	False	-0.23135567665152174	1.843445194711739
GasperiniShendure2019_lowMOI	RBBP4	SPECIFICITY	6	369	934.0	0.4218608852755194	0.5781391147244805	0.04596113739701691	0.016	2.872571087313557	0.2562549690623623	0.5924214723826454	False	-0.7876526693301038	1.361582357254654
GasperiniShendure2019_lowMOI	LMO2	SPECIFICITY	25	369	4280.0	0.46395663956639566	0.5360433604336043	0.07597893057220978	0.06345177664974619	1.1974279458180261	0.27342529494583634	0.5924214723826454	False	-0.13875482250089624	1.2967268390530584
GasperiniShendure2019_lowMOI	MYC	SPECIFICITY	20	369	3647.0	0.49417344173441735	0.5058265582655826	0.0625605164551325	0.05141388174807198	1.2168020450523271	0.4654232384990569	0.6905718654570008	False	0.08248476909035468	0.7648080970462615
GasperiniShendure2019_lowMOI	GATA2	SPECIFICITY	15	369	2739.0	0.4948509485094851	0.5051490514905149	0.05247711396855082	0.0390625	1.343414117594901	0.4735105865376813	0.6905718654570008	False	-1.2137619430975164	0.7475810085538164
GasperiniShendure2019_lowMOI	APEX1	SPECIFICITY	13	369	2376.5	0.49541380029184906	0.5045861997081509	0.03854320534541578	0.034031413612565446	1.1325772647652945	0.4780882145471544	0.6905718654570008	False	0.561794786460097	0.737960014255972
GasperiniShendure2019_lowMOI	TAF12	SPECIFICITY	2	369	387.0	0.524390243902439	0.47560975609756095	0.007532632582276471	0.005390835579514825	1.3973033440122853	0.5486733369758575	0.7132753380686148	False	-0.05380709539001423	0.6002520291799789
GasperiniShendure2019_lowMOI	NPM1	SPECIFICITY	31	369	6183.0	0.5405192761605035	0.45948072383949645	0.08832561002065738	0.0775	1.1396852905891275	0.7735188762323768	0.9026230367396006	False	-0.062768716289189	0.2568052056050137
GasperiniShendure2019_lowMOI	POLR2K	SPECIFICITY	10	369	2175.0	0.5894308943089431	0.41056910569105687	0.023022666999319635	0.026385224274406333	0.8725590792742142	0.8331904954519391	0.9026230367396006	False	0.32297071265551375	0.18249297694322197
GasperiniShendure2019_lowMOI	RBMX	SPECIFICITY	4	369	1142.0	0.7737127371273713	0.2262872628726287	0.009344978775692583	0.010723860589812333	0.8714192708333334	0.9718437985455967	0.9718437985455967	False	1.0664053250783092	0.028560188520277925
GasperiniShendure2019_lowMOI	BTF3	UNIFORM	15	369	1774.0	0.3205058717253839	0.6794941282746161	0.07364206135786247	0.0390625	1.8852367707612792	0.009017835607650604	0.08184343795999875	True	-0.9248842683701104	4.708550928507285
GasperiniShendure2019_lowMOI	MAX	UNIFORM	9	369	935.0	0.28154170430593195	0.718458295694068	0.08795813741050819	0.023809523809523808	3.694241771241344	0.012591298147692116	0.08184343795999875	True	-2.1390677995847796	4.374749326813801
GasperiniShendure2019_lowMOI	RBBP4	UNIFORM	6	369	660.0	0.2981029810298103	0.7018970189701896	0.0939485705177187	0.016	5.871785657357418	0.04501531019534032	0.19506634417980806	False	-1.599230143932824	3.100752620512632
GasperiniShendure2019_lowMOI	CEBPB	UNIFORM	16	369	2448.0	0.4146341463414634	0.5853658536585367	0.08884018146311709	0.04155844155844156	2.137716866456255	0.12396803274099216	0.4028961064082245	False	-0.5435172368702826	2.087731547089225
GasperiniShendure2019_lowMOI	H3F3B	UNIFORM	15	369	2362.0	0.4267389340560072	0.5732610659439927	0.05463355094546998	0.0390625	1.3986189042040316	0.1682157388355694	0.4373609209724804	False	-0.32271310888180704	1.7825079636712502
GasperiniShendure2019_lowMOI	TAF12	UNIFORM	2	369	259.0	0.3509485094850949	0.6490514905149051	0.011610688564313118	0.005390835579514825	2.1537827286800835	0.23454994508543137	0.5081915476851012	False	-0.5257758621614765	1.4500867283350418
GasperiniShendure2019_lowMOI	NPM1	UNIFORM	31	369	5348.0	0.4675233849112685	0.5324766150887315	0.08766709441465306	0.0775	1.1311883150277815	0.2742314400258431	0.5092869600479943	False	-0.22130450682003813	1.2937828575012256
GasperiniShendure2019_lowMOI	MYC	UNIFORM	20	369	3486.0	0.47235772357723577	0.5276422764227643	0.06507765575194571	0.05141388174807198	1.265760404375344	0.3388797213178549	0.5382768544546106	False	-0.40704711203171035	1.0821100389317597
GasperiniShendure2019_lowMOI	LMO2	UNIFORM	25	369	4433.0	0.4805420054200542	0.5194579945799458	0.07379896656217788	0.06345177664974619	1.1630717130199235	0.37265320693011506	0.5382768544546106	False	-0.04982807032525917	0.9871070319485007
GasperiniShendure2019_lowMOI	GATA2	UNIFORM	15	369	2690.0	0.4859981933152665	0.5140018066847335	0.04209570358493069	0.0390625	1.0776500117742258	0.4275041760070989	0.5557554288092286	False	-0.30687107051963225	0.8497912222153748
GasperiniShendure2019_lowMOI	APEX1	UNIFORM	13	369	2504.5	0.5220971440483636	0.4779028559516365	0.037400909682736516	0.034031413612565446	1.09901134606195	0.607268110681119	0.7176804944413224	False	0.21000260696206313	0.4987848874505229
GasperiniShendure2019_lowMOI	POLR2K	UNIFORM	10	369	2159.0	0.5850948509485094	0.4149051490514905	0.023085855901962448	0.026385224274406333	0.8749539386843768	0.821224953086573	0.8896603658437873	False	0.2463073019748242	0.19695820817312715
GasperiniShendure2019_lowMOI	RBMX	UNIFORM	4	369	1133.0	0.7676151761517616	0.23238482384823847	0.009409015660938484	0.010723860589812333	0.8773907103825136	0.9689894000510133	0.9689894000510133	False	1.0451146652914955	0.031501606211044565
NadigOConner2024_hepg2	POLR2I	CORRELATION	133	4923	161625.0	0.24684654964651115	0.7531534503534889	0.06208878110002316	0.026305379746835444	2.3603073476820833	8.866984424214533e-24	7.536936760582353e-22	True	-1.5648364445887206	53.07970746806227
NadigOConner2024_hepg2	MYC	CORRELATION	52	4923	35113.0	0.1371622994109283	0.8628377005890717	0.06445923451730436	0.010452261306532663	6.167013302376715	9.822360871860922e-20	4.174503370540892e-18	True	-8.050632568162284	43.767040351759725
NadigOConner2024_hepg2	RUVBL1	CORRELATION	45	4923	27302.0	0.12324012007132056	0.8767598799286794	0.2894491749681968	0.009057971014492754	31.955188916488922	1.461032390488444e-18	4.1395917730505915e-17	True	-7.179725386878573	41.06738837128894
NadigOConner2024_hepg2	POLR2E	CORRELATION	131	4923	182574.0	0.283098650515651	0.716901349484349	0.06323566944879112	0.0259200633161852	2.4396417816350406	1.0104220965892483e-17	2.1471469552521527e-16	True	-1.1839578418337124	39.13357841993367
NadigOConner2024_hepg2	RUVBL2	CORRELATION	29	4923	7757.0	0.05433328430239481	0.9456667156976052	0.2686441507572799	0.0058562197092084005	45.873304639656894	5.733154563313148e-17	9.746362757632352e-16	True	-8.127497281097968	37.397680667051084
NadigOConner2024_hepg2	POLR2C	CORRELATION	58	4923	65370.0	0.22893946079976465	0.7710605392002352	0.039858187103665725	0.011644248142943184	3.4229936200579134	5.687016314424542e-13	8.056606445434767e-12	True	-1.5943991529797057	28.1954204718796
NadigOConner2024_hepg2	POLR2K	CORRELATION	91	4923	130083.0	0.29036837629159384	0.7096316237084062	0.06779485715592495	0.01814918228958915	3.735422129448436	3.2581270382105286e-12	3.956297117827071e-11	True	-1.2095675710501046	26.449868613810754
NadigOConner2024_hepg2	POLR2F	CORRELATION	79	4923	117864.0	0.30305695045472425	0.6969430495452758	0.03967235449942374	0.015793682526989206	2.511912876026804	8.978877672496671e-10	9.540057527027713e-09	True	-1.2079523582483591	20.830976036228115
NadigOConner2024_hepg2	POLR2H	CORRELATION	33	4923	36110.0	0.22227146541588955	0.7777285345841105	0.017797626449719373	0.006658595641646489	2.672879899539673	1.785193749786227e-08	1.6860163192425477e-07	True	-1.7683804213889265	17.841153791313555
NadigOConner2024_hepg2	ATR	CORRELATION	100	4923	169229.5	0.3437527930123908	0.6562472069876093	0.037401956327949695	0.019908421262193908	1.878700266352913	4.0812324188996145e-08	3.4690475560646723e-07	True	-1.041975820607921	17.01428173769249
NadigOConner2024_hepg2	POLR2G	CORRELATION	32	4923	35885.5	0.22779237761527524	0.7722076223847247	0.016672221049546986	0.006458123107971746	2.581589228140791	5.206001398451225e-08	4.0228192624395827e-07	True	-1.6606499348712203	16.77086866875705
NadigOConner2024_hepg2	POLR2B	CORRELATION	117	4923	208860.0	0.36260983244529865	0.6373901675547015	0.03783408820379777	0.023214285714285715	1.6297761072405195	1.7856210077340056e-07	1.264814880478254e-06	True	-0.9680007646884823	15.538329392738664
NadigOConner2024_hepg2	MYBL2	CORRELATION	136	4923	251494.0	0.3756288011853126	0.6243711988146874	0.037328366576934294	0.02688278315872702	1.3885603420052248	3.600817620366966e-07	2.354380751778401e-06	True	-1.4034262682261918	14.836934714514763
NadigOConner2024_hepg2	POLR2A	CORRELATION	22	4923	21770.0	0.20100456115081344	0.7989954388491866	0.014341010132610013	0.004448938321536906	3.223467959352569	6.186971480228837e-07	3.756375541567508e-06	True	-1.872038840194525	14.295649944048533
NadigOConner2024_hepg2	GTF2H1	CORRELATION	42	4923	60452.0	0.2923691516013271	0.7076308483986729	0.02191557524919573	0.008459214501510574	2.5907340741013525	1.7102961470640472e-06	9.691678166696268e-06	True	-1.199773034760721	13.278844017026998
NadigOConner2024_hepg2	POLR2D	CORRELATION	82	4923	143940.0	0.35656426034095806	0.6434357396590419	0.026436083454036884	0.016383616383616385	1.6135682644811535	4.011951850100411e-06	2.1313494203658432e-05	True	-0.8666570991235847	12.426232689407088
NadigOConner2024_hepg2	ATF4	CORRELATION	22	4923	26552.0	0.24515723967277897	0.754842760327221	0.020836760374137262	0.004448938321536906	4.683535456823125	1.8060129095487043e-05	9.030064547743521e-05	True	-1.5102140039251808	10.921803861856628
NadigOConner2024_hepg2	NELFA	CORRELATION	40	4923	65042.0	0.33029656713386146	0.6697034328661385	0.015362298288905445	0.008059641345960105	1.906077160195943	0.00010580793194807669	0.0004996485675325844	True	-1.114011707588071	9.153885070196427
NadigOConner2024_hepg2	CDC6	CORRELATION	71	4923	130696.0	0.3739160537059448	0.6260839462940553	0.020898924665228292	0.014217060472567081	1.4699891518049308	0.00012928911305422984	0.0005783986636636598	True	-0.7540911146369116	8.953459474847959
NadigOConner2024_hepg2	NFYC	CORRELATION	106	4923	208909.0	0.40033305355301835	0.5996669464469816	0.02897768794089489	0.021077749055478226	1.3747999307052867	0.00021856607156076698	0.0009289058041332597	True	-0.5610951538850345	8.428422202132566
NadigOConner2024_hepg2	DNMT1	CORRELATION	82	4923	156551.0	0.3878038871796396	0.6121961128203603	0.023922278448872018	0.016383616383616385	1.460134190690298	0.0002414040195816	0.0009771115078302858	True	-0.5558144065691606	8.329038598314368
NadigOConner2024_hepg2	TRRAP	CORRELATION	17	4923	21529.0	0.2572439091419627	0.7427560908580373	0.010493463810071841	0.0034412955465587046	3.0492771306914643	0.00026924239443409183	0.001040254705768082	True	-1.2356852256627486	8.219898489553879
NadigOConner2024_hepg2	NELFB	CORRELATION	107	4923	212898.0	0.404164317403908	0.595835682596092	0.029358907210305714	0.021272365805168985	1.3801430211947454	0.00033822792766183713	0.001249972776141572	True	-0.47296984539793396	7.991790547553004
NadigOConner2024_hepg2	BRCA1	CORRELATION	47	4923	85609.0	0.3699914859042013	0.6300085140957987	0.024538833733026743	0.009456740442655936	2.594851141556232	0.0010612365177470342	0.0037585460003540794	True	-1.170067391610686	6.8483205245447065
NadigOConner2024_hepg2	SSRP1	CORRELATION	7	4923	5884.0	0.170743739299498	0.829256260700502	0.006566634242652605	0.0014198782961460446	4.62478668803962	0.0012844351173522824	0.0043670793989977605	True	-1.9884899647972638	6.6574362546774335
NadigOConner2024_hepg2	SUPT5H	CORRELATION	17	4923	25872.0	0.3091371832096641	0.6908628167903359	0.007919259621738152	0.0034412955465587046	2.301243678316851	0.0032387074891545493	0.010588082176082179	True	-1.215599353328456	5.732580951869335
NadigOConner2024_hepg2	MED1	CORRELATION	11	4923	14681.0	0.271102247336251	0.728897752663749	0.009560785930761538	0.0022294284556141062	4.288447071125221	0.004313023283847949	0.01320961126661769	True	-1.381832757987234	5.446116162803771
NadigOConner2024_hepg2	NELFCD	CORRELATION	49	4923	94382.0	0.39125802667197285	0.6087419733280272	0.01887345946786995	0.009855189058728881	1.9150783770254978	0.004351401358415239	0.01320961126661769	True	-0.7217212358643951	5.437257334401327
NadigOConner2024_hepg2	NELFE	CORRELATION	54	4923	107432.0	0.4041197402968681	0.595880259703132	0.014378548701051111	0.0108499095840868	1.3252229052802107	0.00758041996028297	0.02221847229738112	True	-0.6061095254296865	4.882186677131324
NadigOConner2024_hepg2	GTF2F2	CORRELATION	75	4923	155660.0	0.42158575394407205	0.5784142460559281	0.020846801788896332	0.015006002400960384	1.3892308712120516	0.009750877882974069	0.027627487335093192	True	-0.38474763806683365	4.630397958746282
NadigOConner2024_hepg2	MAX	CORRELATION	45	4923	89362.0	0.4033764416457896	0.5966235583542104	0.018093417467996815	0.009057971014492754	1.9975132884668483	0.012713294385236199	0.03485903299177667	True	-0.7873895387875983	4.365107031045629
NadigOConner2024_hepg2	KAT5	CORRELATION	6	4923	7316.0	0.2476809533482294	0.7523190466517706	0.18464258647514886	0.0012172854534388314	151.6838847893348	0.014919645570321136	0.03963030854616552	True	-2.2803339250142054	4.205076439829091
NadigOConner2024_hepg2	SUPT16H	CORRELATION	58	4923	120279.0	0.42124230389375694	0.5787576961062431	0.015362505770452645	0.011644248142943184	1.3193214007349072	0.019388088877714232	0.048721127165606296	True	-0.4479990509131023	3.9430963768484752
NadigOConner2024_hepg2	CHEK1	CORRELATION	63	4923	131644.0	0.42445405272949455	0.5755459472705055	0.014589426182815928	0.01263537906137184	1.1546488721828607	0.01948845086624252	0.048721127165606296	True	-0.38919065552554233	3.937933252139222
NadigOConner2024_hepg2	SRF	CORRELATION	43	4923	86646.0	0.40930799427461984	0.59069200572538	0.013579256303055773	0.008658880386629078	1.5682462046738364	0.0201369620906716	0.04890405079163103	True	-0.5130502133707527	3.9051982426584506
NadigOConner2024_hepg2	CCNK	CORRELATION	93	4923	201262.0	0.4395912100105059	0.5604087899894941	0.023319517940499065	0.01854066985645933	1.2577494837585304	0.022739302033927954	0.05369001869121878	True	-0.32929702989979703	3.783660484449708
NadigOConner2024_hepg2	MCM5	CORRELATION	44	4923	90378.0	0.417234502243643	0.5827654977563571	0.013048549652803535	0.008858465874773505	1.4730033210335263	0.028892088266490132	0.06547961515872058	True	-0.43825823637743544	3.544187483748704
NadigOConner2024_hepg2	CDK9	CORRELATION	63	4923	133611.5	0.4307977778422629	0.5692022221577371	0.019496258884073216	0.01263537906137184	1.5429896316823661	0.029273239718016264	0.06547961515872058	True	-0.2558981326494649	3.53108150049436
NadigOConner2024_hepg2	CCNH	CORRELATION	96	4923	212418.0	0.4494591712370506	0.5505408287629494	0.024539402374424736	0.019127316198445904	1.2829506303878933	0.04459248599669481	0.09718875153125793	True	-0.19518994155288255	3.110189909560125
NadigOConner2024_hepg2	SP1	CORRELATION	77	4923	169104.0	0.4461011261742523	0.5538988738257477	0.019345483190944476	0.0154	1.2562002072041867	0.052026212990691365	0.11055570260521914	False	-0.6692205179127881	2.956007591439569
NadigOConner2024_hepg2	GTF2H4	CORRELATION	49	4923	105709.0	0.4382137986212157	0.5617862013787843	0.012938940565180152	0.009855189058728881	1.3129063773484841	0.06791603223252306	0.14080153023815756	False	-0.446700047331241	2.689483156934529
NadigOConner2024_hepg2	ACTL6A	CORRELATION	9	4923	16419.0	0.3705734985442481	0.6294265014557519	0.004325884596288066	0.0018248175182481751	2.3705847587658604	0.08954559823909175	0.1812232345314952	False	-0.7740348035573041	2.4130073059091894
NadigOConner2024_hepg2	MNAT1	CORRELATION	68	4923	151867.0	0.4536539173865768	0.5463460826134232	0.01640082646676453	0.013624524143458225	1.2037724249356143	0.09418140556738497	0.1861725458890168	False	-0.35238914808165567	2.362532510011955
NadigOConner2024_hepg2	STAT5B	CORRELATION	91	4923	208474.0	0.46535102110970483	0.5346489788902952	0.01989345343544912	0.01814918228958915	1.0961074233554053	0.12831285109956553	0.24787709871506974	False	-0.08620597338324554	2.053283847921756
NadigOConner2024_hepg2	ERCC2	CORRELATION	56	4923	126368.0	0.45837323351034504	0.5416267664896549	0.013885098816974688	0.011247238401285399	1.2345340537449458	0.1416694150552471	0.2675977839932445	False	0.03836868055689735	1.9542589985240355
NadigOConner2024_hepg2	TBP	CORRELATION	75	4923	172618.0	0.46751438824564967	0.5324856117543504	0.016650078045250587	0.015006002400960384	1.1095612009354991	0.16674902031235433	0.3016962937365219	False	-0.004502386138908493	1.7912654693919428
NadigOConner2024_hepg2	RAD51	CORRELATION	46	4923	103865.5	0.45865237704121736	0.5413476229587826	0.011309102073882384	0.009257395854296638	1.221628874024382	0.1668203035954886	0.3016962937365219	False	-0.20088897836450123	1.7908380722717023
NadigOConner2024_hepg2	NPM1	CORRELATION	47	4923	106717.0	0.4612176453554959	0.5387823546445041	0.011893118007677415	0.009456740442655936	1.2576339680458883	0.17969677051757005	0.31821303112486365	False	-0.16382252767389205	1.7164844568757047
NadigOConner2024_hepg2	GTF2F1	CORRELATION	18	4923	39402.0	0.44464757261832216	0.5553524273816779	0.004250918761345855	0.0036429872495446266	1.1668771999894372	0.20830387551678453	0.3554580619248434	False	-0.5901850044179727	1.5687573254308511
NadigOConner2024_hepg2	FOXO1	CORRELATION	44	4923	100639.0	0.46460491570180784	0.5353950842981922	0.010795201211724031	0.008858465874773505	1.2186310095143924	0.20909297760284906	0.3554580619248434	False	-0.12883146797866676	1.5649762570290096
NadigOConner2024_hepg2	E2F6	CORRELATION	56	4923	130751.0	0.4742716404050956	0.5257283595949044	0.015425278114544853	0.011247238401285399	1.371472495219979	0.25363939922033696	0.42273233203389493	False	-0.12535952192123279	1.3718417087844907
NadigOConner2024_hepg2	GABPA	CORRELATION	82	4923	194042.5	0.48067681316666916	0.5193231868333308	0.01703799185206733	0.016383616383616385	1.0399408441414264	0.2738999001553149	0.44772099063849546	False	-0.06247061800910296	1.294992567242872
NadigOConner2024_hepg2	VHL	CORRELATION	25	4923	57797.0	0.469607962624416	0.530392037375584	0.005852939111948122	0.0050525464834276475	1.1584137090367723	0.2998078358557008	0.4808238876931051	False	-0.17688280424138775	1.2046135567115719
NadigOConner2024_hepg2	RBMX	CORRELATION	13	4923	29805.0	0.465710401725027	0.534289598274973	0.002987165096310731	0.002633711507293355	1.134203608876136	0.3344800485721194	0.5256699700817749	False	-0.04553149185342182	1.0951780467170258
NadigOConner2024_hepg2	TNRC6A	CORRELATION	87	4923	208639.0	0.48713171344451683	0.5128682865554832	0.02034517148648722	0.017365269461077845	1.1716012545666779	0.34013939240585433	0.5256699700817749	False	0.02600743599461281	1.0783997677255324
NadigOConner2024_hepg2	HDAC3	CORRELATION	42	4923	99830.0	0.4828163237669636	0.5171836762330364	0.008800501712569728	0.008459214501510574	1.0403450238787786	0.35047265341522277	0.5319674203623918	False	-0.10116297287290042	1.0484725971912168
NadigOConner2024_hepg2	LIN52	CORRELATION	32	4923	76350.0	0.484651127361365	0.5153488726386349	0.007089253556340042	0.006458123107971746	1.0977266053645283	0.3821940988316398	0.5667110930566845	False	0.08084402385694434	0.9618266872961049
NadigOConner2024_hepg2	TFDP1	CORRELATION	148	4923	359497.0	0.4934051967872809	0.5065948032127191	0.028509936192373603	0.029185564977322026	0.976850583996801	0.3921264344611042	0.5667110930566845	False	-0.3259238419293484	0.9361709543049437
NadigOConner2024_hepg2	YBX1	CORRELATION	35	4923	83892.0	0.4868808217985549	0.513119178201445	0.008744496739967437	0.0070592981040742235	1.2387204239073872	0.3944165492518662	0.5667110930566845	False	-0.37830336341928084	0.9303476965562231
NadigOConner2024_hepg2	NFYB	CORRELATION	104	4923	252286.0	0.4927537930280161	0.5072462069719839	0.024672717415164358	0.02068828327034016	1.192593754288762	0.4000313598047185	0.5667110930566845	False	-0.08152411651730151	0.9162123354354399
NadigOConner2024_hepg2	POLR2L	CORRELATION	24	4923	58190.0	0.49250118491434763	0.5074988150856523	0.006449160365638007	0.004851425106124924	1.329333180367134	0.44949537881189094	0.6263460196559136	False	0.25846537300224537	0.7996297058532514
NadigOConner2024_hepg2	CTDP1	CORRELATION	82	4923	201630.0	0.49947236218248836	0.5005276378175116	0.016232886531625284	0.016383616383616385	0.9907999645217627	0.493463931547289	0.676523131959993	False	-0.050761858272937666	0.7063055098164901
NadigOConner2024_hepg2	ERCC3	CORRELATION	38	4923	93710.0	0.5009247677389697	0.49907523226103045	0.00796380508155073	0.007659746018947792	1.0396957107782414	0.5078737450990829	0.6852264814828896	False	0.2977373404291327	0.6775223955626882
NadigOConner2024_hepg2	LIN54	CORRELATION	137	4923	340299.0	0.5045570397256435	0.49544296027435647	0.02765854544991122	0.02707509881422925	1.0215491969091297	0.5723154054240341	0.7601063978287953	False	0.06871307734982013	0.5580650314879386
NadigOConner2024_hepg2	CDK7	CORRELATION	18	4923	45635.0	0.514986345272756	0.485013654727244	0.003574511837441695	0.0036429872495446266	0.9812034993777452	0.5870782568137496	0.7677177204487495	False	0.3495602538900937	0.5325971514917764
NadigOConner2024_hepg2	CDK12	CORRELATION	17	4923	43314.0	0.5175466896082016	0.4824533103917984	0.00344072494508122	0.0034412955465587046	0.9998341899236015	0.5988556418467956	0.7712534781360246	False	-0.025875487356893462	0.5127347084978314
NadigOConner2024_hepg2	HMGA1	CORRELATION	47	4923	119259.0	0.5154226146485666	0.48457738535143335	0.010246429355480926	0.009456740442655936	1.0835054020583021	0.6422932352311899	0.8148496267858379	False	-0.012387591076931104	0.4427103268753792
NadigOConner2024_hepg2	GTF2H3	CORRELATION	34	4923	88171.0	0.5267651240874168	0.4732348759125832	0.008068137968689434	0.00685898729070002	1.1762870561998096	0.7050865787838273	0.8813582234797841	False	0.47782239878677635	0.34943467692443375
NadigOConner2024_hepg2	CCND1	CORRELATION	39	4923	101166.5	0.5269170872461549	0.4730829127538452	0.007329369828269559	0.007859733978234583	0.932521361227527	0.7190462210563016	0.8857815766635599	False	0.3398495485591152	0.32982963813076993
NadigOConner2024_hepg2	GTF2H2	CORRELATION	30	4923	78872.0	0.5340375110027761	0.4659624889972239	0.005607956250848122	0.0060569351907934586	0.9258735770150249	0.7401719646539462	0.8926850473227984	False	0.1417941254878825	0.3008727351135612
NadigOConner2024_hepg2	TGS1	CORRELATION	54	4923	140133.0	0.5271288961112239	0.472871103888776	0.01190976245312704	0.0108499095840868	1.0976831060965422	0.7538990630380609	0.8926850473227984	False	0.20019993908922387	0.2824967885851751
NadigOConner2024_hepg2	RAD51D	CORRELATION	37	4923	97105.0	0.5331016574160998	0.46689834258390017	0.007369873349695403	0.007459677419354839	0.9879614003916	0.7565981363100767	0.8926850473227984	False	0.060535256324297904	0.27892303002959823
NadigOConner2024_hepg2	USF2	CORRELATION	53	4923	138031.0	0.5290185843116063	0.4709814156883937	0.009729959689119574	0.01065112540192926	0.9135147059067736	0.7666589229948739	0.8926850473227984	False	0.07203855155686274	0.2657132662254843
NadigOConner2024_hepg2	HSF1	CORRELATION	32	4923	85352.0	0.5417936217753403	0.4582063782246597	0.00914993093675581	0.006458123107971746	1.4168096184882826	0.7928400508776918	0.9106946530351866	False	0.20852185945450988	0.2321337789808952
NadigOConner2024_hepg2	ZBTB17	CORRELATION	127	4923	328769.0	0.5258444613984495	0.4741555386015505	0.02616205399725005	0.02514851485148515	1.040302147134746	0.8403973821701468	0.940215025563456	False	0.21977380166748972	0.17388042499693002
NadigOConner2024_hepg2	HDAC7	CORRELATION	46	4923	123373.0	0.5447941781699035	0.4552058218300965	0.008215545105421298	0.009257395854296638	0.8874574701921398	0.8525630229494892	0.940215025563456	False	0.09359831084670685	0.15950814534346996
NadigOConner2024_hepg2	ASF1B	CORRELATION	45	4923	120912.0	0.5457918613311666	0.45420813866883347	0.007951766710103603	0.009057971014492754	0.8778750447954378	0.8557438207165702	0.940215025563456	False	0.6891640596629602	0.1557842224958738
NadigOConner2024_hepg2	ELOB	CORRELATION	64	4923	170580.0	0.5414000609384522	0.45859993906154783	0.01163942106653713	0.012833366753559254	0.9069655134190729	0.8729622764634073	0.940215025563456	False	0.3671753391868058	0.13586293545829575
NadigOConner2024_hepg2	RBBP4	CORRELATION	39	4923	106199.0	0.5531284342984526	0.4468715657015474	0.006918241185498964	0.007859733978234583	0.880213147755022	0.873846906111918	0.940215025563456	False	0.7508116895069188	0.13485008330139026
NadigOConner2024_hepg2	NF1	CORRELATION	24	4923	67810.0	0.5739217279436658	0.4260782720563342	0.004108111408076407	0.004851425106124924	0.8467844639897494	0.8946042258980842	0.9408275250054926	False	0.17040209585600016	0.11137386420952043
NadigOConner2024_hepg2	CLOCK	CORRELATION	225	4923	581353.0	0.524840770081477	0.47515922991852305	0.04072399428253825	0.043706293706293704	0.9317649891844751	0.8965532885346459	0.9408275250054926	False	0.10128139674913518	0.10919754706248622
NadigOConner2024_hepg2	ELL	CORRELATION	226	4923	585789.5	0.5265059796979682	0.4734940203020318	0.043194477314297	0.043892017867547095	0.9841078039438729	0.9114289897631962	0.9447739528033131	False	0.18552444940417936	0.0927415927108873
NadigOConner2024_hepg2	YY1	CORRELATION	50	4923	139784.0	0.5678813731464554	0.4321186268535446	0.008472159414971547	0.010054293183189221	0.84264097541307	0.9509616841444928	0.9684160412689218	False	0.4722027872326122	0.05028150731729583
NadigOConner2024_hepg2	SUPT4H1	CORRELATION	7	4923	23688.0	0.6873857404021938	0.3126142595978062	0.0011886139299878344	0.0014198782961460446	0.8371238106914319	0.9570229113716404	0.9684160412689218	False	1.3359393908884658	0.043927946988549356
NadigOConner2024_hepg2	GABPB1	CORRELATION	40	4923	116949.0	0.5938909201706276	0.40610907982937233	0.01028533008839401	0.008059641345960105	1.2761523307174867	0.9797489052275794	0.9797489052275794	False	0.1754703841906206	0.020458959302786357
NadigOConner2024_hepg2	MYC	NONZERORATE	52	4923	31901.0	0.12461522836294317	0.8753847716370569	0.0700535298542721	0.010452261306532663	6.70223675048084	5.446109881105175e-21	4.901498892994657e-19	True	-5.650060099358578	46.659385382347836
NadigOConner2024_hepg2	RUVBL1	NONZERORATE	45	4923	27554.0	0.12437763784503578	0.8756223621549643	0.27962306733959374	0.009057971014492754	30.870386634291147	1.842328908315398e-18	8.290480087419291e-17	True	-6.572511003090688	40.835501191567914
NadigOConner2024_hepg2	RUVBL2	NONZERORATE	29	4923	7348.0	0.05146847660874011	0.9485315233912599	0.1968846681508776	0.0058562197092084005	33.61975436838434	3.65829771353912e-17	1.097489314061736e-15	True	-6.948371336570482	37.84694864727106
NadigOConner2024_hepg2	POLR2I	NONZERORATE	133	4923	202685.0	0.3095566460331206	0.6904433539668795	0.05229697716998136	0.026305379746835444	1.9880715531686144	2.9219121971259476e-14	6.574302443533382e-13	True	-1.2018619427848174	31.16395303793559
NadigOConner2024_hepg2	POLR2E	NONZERORATE	131	4923	216770.0	0.3361228568814708	0.6638771431185292	0.05876871270165352	0.0259200633161852	2.2673059083523426	6.97382348467792e-11	1.2552882272420257e-09	True	-1.121688949518791	23.386272385486315
NadigOConner2024_hepg2	POLR2F	NONZERORATE	79	4923	120734.0	0.3104364170247122	0.6895635829752879	0.03135560356358104	0.015793682526989206	1.9853256838611688	3.521745324858935e-09	4.8881356541556934e-08	True	-1.0762149360737245	19.46430913929411
NadigOConner2024_hepg2	MAX	NONZERORATE	45	4923	55436.0	0.2502358543796691	0.7497641456203309	0.02249818113111894	0.009057971014492754	2.483799196875531	3.8018832865655396e-09	4.8881356541556934e-08	True	-2.290102138427443	19.387769291256273
NadigOConner2024_hepg2	POLR2K	NONZERORATE	91	4923	149620.0	0.3339784326987252	0.6660215673012748	0.039347405344505045	0.01814918228958915	2.1679987955752558	2.6769886601683995e-08	3.0116122426894495e-07	True	-1.13952742262056	17.435988215445384
NadigOConner2024_hepg2	POLR2C	NONZERORATE	58	4923	86472.0	0.30284309399230913	0.6971569060076909	0.022784760686460997	0.011644248142943184	1.9567395341252107	1.1488415574114865e-07	1.1488415574114865e-06	True	-1.2515316069658238	15.979341557673793
NadigOConner2024_hepg2	ATR	NONZERORATE	100	4923	173126.5	0.35166869794840544	0.6483313020515946	0.03705492808611436	0.019908421262193908	1.8612690377655243	1.7736919351630993e-07	1.5618218732542552e-06	True	-0.9458896388484841	15.545032437639462
NadigOConner2024_hepg2	POLR2B	NONZERORATE	117	4923	209057.0	0.362951851678238	0.637048148321762	0.03780306388681321	0.023214285714285715	1.6284396751242614	1.9088934006440897e-07	1.5618218732542552e-06	True	-0.9530690965247708	15.47157194819077
NadigOConner2024_hepg2	POLR2A	NONZERORATE	22	4923	23059.0	0.21290602552028512	0.7870939744797149	0.013754455479515364	0.004448938321536906	3.0916264702819762	1.6080323907596313e-06	1.2060242930697234e-05	True	-1.7769682512723213	13.340499243903144
NadigOConner2024_hepg2	POLR2G	NONZERORATE	32	4923	42818.5	0.2718013660369693	0.7281986339630306	0.013316439191990855	0.006458123107971746	2.061967381134834	4.110145198434428e-06	2.845485137377681e-05	True	-1.3603226551699141	12.402052201993918
NadigOConner2024_hepg2	GTF2H1	NONZERORATE	42	4923	62483.0	0.3021918497238424	0.6978081502761576	0.0211059996570981	0.008459214501510574	2.495030673749811	4.842122006736296e-06	3.11279271861619e-05	True	-1.2198308596315277	12.238157502174722
NadigOConner2024_hepg2	POLR2H	NONZERORATE	33	4923	48019.0	0.29557611458891164	0.7044238854110884	0.013436721289310775	0.006658595641646489	2.0179512336310363	2.4927605180806124e-05	0.00014956563108483675	True	-1.209850498327533	10.599534726783661
NadigOConner2024_hepg2	NELFA	NONZERORATE	40	4923	64290.0	0.3264777574649604	0.6735222425350396	0.015371135654369343	0.008059641345960105	1.907173656315876	7.590236637089001e-05	0.0004269508108362563	True	-1.030795165038206	9.486062696566616
NadigOConner2024_hepg2	SUPT5H	NONZERORATE	17	4923	20380.0	0.24351483433105112	0.7564851656689489	0.008705334960798512	0.0034412955465587046	2.5296679239026263	0.00012675555053116925	0.0006588221552102463	True	-1.6088347633641886	8.973250125278854
NadigOConner2024_hepg2	TRRAP	NONZERORATE	17	4923	20426.0	0.24406447527213201	0.7559355247278681	0.016343592964448456	0.0034412955465587046	4.749255837904434	0.00013176443104204928	0.0006588221552102463	True	-1.8931101767633498	8.93449484301517
NadigOConner2024_hepg2	MYBL2	NONZERORATE	136	4923	276927.0	0.4136152632899595	0.5863847367100405	0.03261505420024237	0.02688278315872702	1.2132320529340157	0.000288520990618786	0.0013666783766153022	True	-0.6407415039098017	8.150742716885418
NadigOConner2024_hepg2	SRF	NONZERORATE	43	4923	76091.0	0.35944711345417096	0.640552886545829	0.013795780729877425	0.008658880386629078	1.593252258245844	0.0007401391167025385	0.0033306260251614235	True	-0.6844699022146562	7.208672393891035
NadigOConner2024_hepg2	GTF2F2	NONZERORATE	75	4923	148571.0	0.40238607894915024	0.5976139210508498	0.021275981909534628	0.015006002400960384	1.4178314344513876	0.0018203310923098834	0.007801418967042357	True	-0.5457414427508229	6.308736875587076
NadigOConner2024_hepg2	POLR2D	NONZERORATE	82	4923	164345.0	0.4071109723894314	0.5928890276105686	0.0231981182555406	0.016383616383616385	1.4159339252314718	0.0019187031595141598	0.007849240198012471	True	-0.6265942422229132	6.256105758906335
NadigOConner2024_hepg2	NELFB	NONZERORATE	107	4923	221299.0	0.42011272664453136	0.5798872733554685	0.02756185557225283	0.021272365805168985	1.2956647993311379	0.002303438022305874	0.009013453130762116	True	-0.3917834633455138	6.073352479830075
NadigOConner2024_hepg2	NFYB	NONZERORATE	104	4923	218717.0	0.4271883154424288	0.5728116845575713	0.029398091997276925	0.02068828327034016	1.4210020045222223	0.005460949293064869	0.020478559848993258	True	-0.7980254909655397	5.210132641139084
NadigOConner2024_hepg2	ELL	NONZERORATE	226	4923	501598.5	0.45083534214514137	0.5491646578548586	0.05964364842263702	0.043892017867547095	1.3588723262307878	0.00615283086332859	0.02215019110798292	True	-0.2655038799339963	5.090843000090371
NadigOConner2024_hepg2	NFYC	NONZERORATE	106	4923	224124.0	0.42948961171857936	0.5705103882814206	0.027997312393164796	0.021077749055478226	1.3282875851436393	0.006426155677216488	0.022244385036518613	True	-0.7968344190913124	5.047378792435562
NadigOConner2024_hepg2	TGS1	NONZERORATE	54	4923	108614.0	0.4085659903250803	0.5914340096749197	0.02001594331228934	0.0108499095840868	1.8448027752826677	0.01031772915900522	0.0343924305300174	True	-0.6919821353279604	4.573891585873727
NadigOConner2024_hepg2	KAT5	NONZERORATE	6	4923	7025.0	0.23782923691516014	0.7621707630848399	0.008161156459106828	0.0012172854534388314	6.704390031156259	0.011735294913942434	0.03772059079481497	True	-1.7473299864981604	4.445154318853693
NadigOConner2024_hepg2	SP1	NONZERORATE	77	4923	161472.0	0.4259676947062688	0.5740323052937313	0.027724504815391692	0.0154	1.80029252047998	0.012783410717790393	0.0391634635816334	True	-0.7052516645414662	4.359606986312379
NadigOConner2024_hepg2	NRF1	NONZERORATE	30	4923	56474.0	0.3823820163856727	0.6176179836143273	0.008234271951450899	0.0060569351907934586	1.3594782991845433	0.013054487860544464	0.0391634635816334	True	-0.3636247171588976	4.338623306972849
NadigOConner2024_hepg2	ZBTB17	NONZERORATE	127	4923	277201.0	0.4433648261974566	0.5566351738025433	0.03030467283461033	0.02514851485148515	1.2050283292502533	0.014528070977131819	0.0421782705787698	True	-0.17755009480106482	4.231672571594673
NadigOConner2024_hepg2	NELFE	NONZERORATE	54	4923	112233.0	0.4221793396077369	0.5778206603922631	0.013663743969734393	0.0108499095840868	1.2593417358771866	0.024357338938850694	0.06850501576551757	True	-0.49650365088454373	3.714922081070887
NadigOConner2024_hepg2	CDK9	NONZERORATE	63	4923	133003.5	0.4288374297515065	0.5711625702484935	0.019468643847588694	0.01263537906137184	1.5408040987948768	0.025877301937307716	0.07057445982902105	True	-0.30087569493097244	3.65438906759296
NadigOConner2024_hepg2	SUPT4H1	NONZERORATE	7	4923	10417.0	0.30228374104059663	0.6977162589594034	0.003831133895812867	0.0014198782961460446	2.6982128723367764	0.03502951612386858	0.09272518973965212	True	-1.4222441271356105	3.3515642550605915
NadigOConner2024_hepg2	CCNH	NONZERORATE	96	4923	215113.0	0.4551615715349719	0.5448384284650281	0.023897853006436362	0.019127316198445904	1.249409627492751	0.0657856817952112	0.16916318175911452	False	-0.2554578672121497	2.7213530662260794
NadigOConner2024_hepg2	NANOG	NONZERORATE	28	4923	57872.0	0.41983691709468673	0.5801630829053133	0.007072796653121114	0.005655423146839022	1.250622008200094	0.0714552250427712	0.178638062606928	False	-0.3138907911759588	2.638684248619832
NadigOConner2024_hepg2	GTF2H4	NONZERORATE	49	4923	107036.0	0.4437148412076592	0.5562851587923408	0.013044826335591297	0.009855189058728881	1.3236505416440802	0.08712149652779988	0.21191715371626998	False	-0.38392924205545786	2.4404516227294875
NadigOConner2024_hepg2	ATF4	NONZERORATE	22	4923	45298.0	0.418240910014219	0.581759089985781	0.0063289319577226385	0.004448938321536906	1.4225712968608386	0.09254233346297325	0.21558826131781175	False	-0.32443688132755066	2.380089080098553
NadigOConner2024_hepg2	SUPT16H	NONZERORATE	58	4923	128403.0	0.4496942570762151	0.5503057429237849	0.013661563227532711	0.011644248142943184	1.1732456282127661	0.0934215799043851	0.21558826131781175	False	-0.26323280352741096	2.3706329122080496
NadigOConner2024_hepg2	MCM5	NONZERORATE	44	4923	96834.0	0.4470389452107916	0.5529610547892083	0.010924028538762223	0.008858465874773505	1.2331738580007265	0.112360492856667	0.25281110892750075	False	-0.19055117063101598	2.186042890348924
NadigOConner2024_hepg2	ACTL6A	NONZERORATE	9	4923	17073.0	0.3853341458460288	0.6146658541539711	0.004936703515892513	0.0018248175182481751	2.7053135267090975	0.11696092758754584	0.2567434995824177	False	-0.7824773225484871	2.145915352202047
NadigOConner2024_hepg2	MNAT1	NONZERORATE	68	4923	153961.0	0.45990907027039946	0.5400909297296005	0.01609303255389394	0.013624524143458225	1.1811812570071274	0.12758269066086836	0.27339147998757507	False	-0.33504380916522375	2.058990570401156
NadigOConner2024_hepg2	ELOB	NONZERORATE	64	4923	145276.0	0.4610882591915499	0.5389117408084502	0.015009214965766224	0.012833366753559254	1.169546172410565	0.14188872680812437	0.29697640494723704	False	-0.30769274888872133	1.9527121425941287
NadigOConner2024_hepg2	GABPA	NONZERORATE	82	4923	188591.5	0.4671737439495053	0.5328262560504947	0.01777199286800625	0.016383616383616385	1.0847417598094058	0.15360139030258818	0.3141846619825667	False	-0.10041618456757789	1.8733944068603876
NadigOConner2024_hepg2	CCNK	NONZERORATE	93	4923	215213.0	0.4700626202660761	0.529937379733924	0.022831635458060072	0.01854066985645933	1.2314353059960141	0.16078397974871805	0.31777060857237044	False	-0.1409790241836037	1.827693555628883
NadigOConner2024_hepg2	STAT5A	NONZERORATE	29	4923	63825.0	0.44705709302569924	0.5529429069743008	0.010264349403157918	0.0058562197092084005	1.7527261463599313	0.1624160888258782	0.31777060857237044	False	-0.39675513859013367	1.8175937870367154
NadigOConner2024_hepg2	RBBP4	NONZERORATE	39	4923	88643.0	0.4616895055651911	0.5383104944348089	0.00932813223394064	0.007859733978234583	1.1868254396106015	0.20457652291706174	0.3917422779262884	False	-0.2730794551805371	1.5868131782993857
NadigOConner2024_hepg2	DNMT1	NONZERORATE	82	4923	191482.0	0.4743340120786948	0.5256659879213051	0.019966884731086224	0.016383616383616385	1.218710464379104	0.2123279771507856	0.398114957157723	False	-0.17371056995910178	1.549623137745766
NadigOConner2024_hepg2	NELFCD	NONZERORATE	49	4923	113495.0	0.4704904509030913	0.5295095490969087	0.010962897231282713	0.009855189058728881	1.1123984700803602	0.23825958163832123	0.4329182262401639	False	-0.16459823872019697	1.4343945205164288
NadigOConner2024_hepg2	GTF2F1	NONZERORATE	18	4923	40052.0	0.45198275667501747	0.5480172433249825	0.004167327109163151	0.0036429872495446266	1.1439312914652848	0.24051012568897995	0.4329182262401639	False	-0.5261778316393164	1.424993087665732
NadigOConner2024_hepg2	RBMX	NONZERORATE	13	4923	28612.0	0.44706948546071035	0.5529305145392898	0.0031721752466239784	0.002633711507293355	1.2044505397950738	0.25460370210375927	0.4493006507713399	False	-0.10526760061399709	1.3680470521013932
NadigOConner2024_hepg2	MYB	NONZERORATE	39	4923	90645.0	0.4721167518242472	0.5278832481757528	0.008511548428740757	0.007859733978234583	1.0829308539336318	0.27401489904758025	0.47425655604388894	False	0.00612134793768504	1.2945727979863333
NadigOConner2024_hepg2	MED1	NONZERORATE	11	4923	24323.0	0.44915332483888243	0.5508466751611176	0.002861502078217514	0.0022294284556141062	1.2835137503568377	0.2798230719514995	0.4751712542572633	False	-0.18542031303716422	1.2735977614244163
NadigOConner2024_hepg2	SSRP1	NONZERORATE	7	4923	15123.0	0.43884391050753024	0.5611560894924696	0.0018972132570306264	0.0014198782961460446	1.3361801938801412	0.2877675417636839	0.47938875565246153	False	-0.1242908553754606	1.2456022714183146
NadigOConner2024_hepg2	GATA1	NONZERORATE	20	4923	45783.0	0.4649908592321755	0.5350091407678245	0.006617536454071697	0.004046125834513453	1.6355241346238198	0.294209784953684	0.47938875565246153	False	-0.20449629722799115	1.2234622118380285
NadigOConner2024_hepg2	LIN52	NONZERORATE	32	4923	74498.0	0.47289508429819216	0.5271049157018077	0.00708421132359614	0.006458123107971746	1.0969458471380897	0.2982863368504205	0.47938875565246153	False	-0.08723390453470181	1.2097013918948847
NadigOConner2024_hepg2	CDK12	NONZERORATE	17	4923	39814.0	0.47572618322161286	0.5242738167783871	0.003976648470568671	0.0034412955465587046	1.155567261447602	0.36460476801868913	0.5495983924876979	False	-0.32031124710303605	1.0089413394267879
NadigOConner2024_hepg2	ERCC2	NONZERORATE	56	4923	134229.0	0.48688735091842955	0.5131126490815706	0.014509156950686226	0.011247238401285399	1.2900195081690486	0.3677113408973787	0.5495983924876979	False	-0.05147906755066011	1.000457048351033
NadigOConner2024_hepg2	TFDP1	NONZERORATE	148	4923	358542.0	0.4920944710707051	0.5079055289292949	0.028874380865502938	0.029185564977322026	0.989337738979496	0.3713798151473342	0.5495983924876979	False	-0.1095019865281221	0.9905299795551552
NadigOConner2024_hepg2	RAD51	NONZERORATE	46	4923	110114.5	0.4862468978795185	0.5137531021204815	0.009874192727832312	0.009257395854296638	1.0666274709695382	0.37389827725747027	0.5495983924876979	False	0.03617730312517217	0.9837715045050827
NadigOConner2024_hepg2	LIN54	NONZERORATE	137	4923	331818.0	0.49198236788143246	0.5080176321185677	0.027748997212124392	0.02707509881422925	1.0248899700244483	0.3742541959472345	0.5495983924876979	False	-0.01234488433317138	0.982820044129392
NadigOConner2024_hepg2	HDAC3	NONZERORATE	42	4923	100523.0	0.48616793863594593	0.513832061364054	0.008901925597022327	0.008459214501510574	1.0523347759337107	0.37861222593596966	0.5495983924876979	False	-0.005005615633960819	0.9712427482402718
NadigOConner2024_hepg2	VHL	NONZERORATE	25	4923	59792.0	0.4858175908998578	0.5141824091001422	0.005089441540004632	0.0050525464834276475	1.0073022695977167	0.4032547708592338	0.5760782440846197	False	0.09346767606382306	0.9081867310257663
NadigOConner2024_hepg2	HMGA1	NONZERORATE	47	4923	113952.0	0.49248641850454444	0.5075135814954556	0.011729354049393965	0.009456740442655936	1.240316800542298	0.42953922418153506	0.6040395340052837	False	0.022535983831934836	0.8450422165087802
NadigOConner2024_hepg2	CTDP1	NONZERORATE	82	4923	200822.0	0.49747080651793724	0.5025291934820628	0.01628844105218884	0.016383616383616385	0.9941908227585993	0.4686424471452967	0.64888954220118	False	-0.09785034690447925	0.7579151741143315
NadigOConner2024_hepg2	CDC6	NONZERORATE	71	4923	174687.0	0.4997725536644609	0.5002274463355391	0.014377596579023134	0.014217060472567081	1.0112917931780496	0.49738715725336213	0.6782552144364029	False	-0.03637521507230389	0.6983865677021753
NadigOConner2024_hepg2	ERCC3	NONZERORATE	38	4923	94056.0	0.5027743032169089	0.49722569678309114	0.007829777941097852	0.007659746018947792	1.022198114889117	0.523563666368256	0.7032944772110902	False	0.3584728306626084	0.6470966393169677
NadigOConner2024_hepg2	STAT5B	NONZERORATE	91	4923	226787.0	0.5062288919692942	0.4937711080307058	0.01787094349474916	0.01814918228958915	0.9846693481612339	0.5808139292025776	0.7687243180622351	False	0.04680326147718661	0.543324832972326
NadigOConner2024_hepg2	RAD51D	NONZERORATE	37	4923	93170.0	0.5114987016266723	0.4885012983733277	0.007457443133490517	0.007459677419354839	0.9997004849219719	0.5954561033133995	0.7766818738870428	False	-0.12789784755570405	0.5184276069031217
NadigOConner2024_hepg2	YBX1	NONZERORATE	35	4923	88649.0	0.514488842459592	0.48551115754040797	0.009374025667117255	0.0070592981040742235	1.3278976930733528	0.6163515112228433	0.7924519430007985	False	-0.1170739106612807	0.48393784309689775
NadigOConner2024_hepg2	CHEK1	NONZERORATE	63	4923	159164.0	0.5131855978900464	0.4868144021099536	0.011649959028632879	0.01263537906137184	0.9220110431232308	0.6407156056122597	0.8121747113394842	False	0.06865610723107912	0.44516959350524477
NadigOConner2024_hepg2	CDK7	NONZERORATE	18	4923	46877.0	0.5290021892703185	0.47099781072968155	0.003418511306906002	0.0036429872495446266	0.9383813537456975	0.6648529161449668	0.8169432991272889	False	0.3396845115856909	0.4081894415192786
NadigOConner2024_hepg2	TNRC6A	NONZERORATE	87	4923	219948.0	0.5135360412420237	0.4864639587579763	0.018306921760666124	0.017365269461077845	1.0542261841487044	0.6676898466143479	0.8169432991272889	False	0.14519018667644312	0.40393151474232414
NadigOConner2024_hepg2	GTF2H3	NONZERORATE	34	4923	87386.0	0.5220752530140637	0.4779247469859364	0.00819309771356994	0.00685898729070002	1.1945054519460647	0.6717089348379931	0.8169432991272889	False	0.3611615005866593	0.39793016496959993
NadigOConner2024_hepg2	NPM1	NONZERORATE	47	4923	120441.0	0.5205310721277893	0.47946892787221074	0.01597681876878136	0.009456740442655936	1.6894636017200713	0.6862601517865136	0.8235121821438163	False	0.044994515287403364	0.37649849313628236
NadigOConner2024_hepg2	POLR2L	NONZERORATE	24	4923	63085.0	0.5339308687114903	0.4660691312885097	0.004552325465571889	0.004851425106124924	0.9383480865910055	0.7172737270091845	0.8494030977740342	False	0.2554923562423651	0.3322977441391472
NadigOConner2024_hepg2	E2F6	NONZERORATE	56	4923	144968.0	0.5258408055483009	0.4741591944516991	0.011642197387309334	0.011247238401285399	1.0351160855609496	0.7473176215337849	0.8656573297478923	False	0.29748268503811837	0.2912649880565605
NadigOConner2024_hepg2	TBP	NONZERORATE	75	4923	193177.0	0.5231958832690095	0.47680411673099055	0.014496193163774805	0.015006002400960384	0.9660263124339531	0.7550937967647642	0.8656573297478923	False	0.09189488208803887	0.28091330332401676
NadigOConner2024_hepg2	GABPB1	NONZERORATE	40	4923	104830.0	0.5323481616900264	0.4676518383099736	0.010209353080648357	0.008059641345960105	1.2667254834814448	0.7598547672231499	0.8656573297478923	False	-0.029718441205610846	0.2746279597218945
NadigOConner2024_hepg2	YY1	NONZERORATE	50	4923	130786.0	0.5313264269754215	0.46867357302457846	0.009411667159608592	0.010054293183189221	0.9360844156946706	0.7774004084947439	0.8745754595565869	False	0.15358892546826233	0.2517997351013997
NadigOConner2024_hepg2	CCND1	NONZERORATE	39	4923	104420.5	0.5438652687281572	0.4561347312718428	0.008885792030580184	0.007859733978234583	1.1305461552753557	0.8277152884411464	0.9196836538234959	False	0.019354028539578037	0.18908603826808335
NadigOConner2024_hepg2	HSF1	NONZERORATE	32	4923	88008.0	0.5586532602071907	0.44134673979280925	0.006018855914611078	0.006458123107971746	0.9319822205280591	0.8740183047282153	0.9592883832382851	False	0.24553420509502583	0.13465395992095597
NadigOConner2024_hepg2	USF2	NONZERORATE	53	4923	143305.0	0.5492317539159662	0.45076824608403376	0.009652167280020964	0.01065112540192926	0.9062110261393268	0.8915608870791887	0.9629181679684367	False	0.19062787324556474	0.11478154667045003
NadigOConner2024_hepg2	FOXO1	NONZERORATE	44	4923	120373.0	0.5557079016859638	0.4442920983140361	0.016130083081017835	0.008858465874773505	1.8208664241685362	0.8987236234372076	0.9629181679684367	False	0.33467814049441796	0.10677971843071969
NadigOConner2024_hepg2	ASF1B	NONZERORATE	45	4923	124195.0	0.560611190105401	0.43938880989459905	0.00781677083996996	0.009057971014492754	0.8629715007326836	0.9199692807784612	0.974085120824253	False	0.6830402215783022	0.08341499995471918
NadigOConner2024_hepg2	CLOCK	NONZERORATE	225	4923	593600.0	0.5358972622836121	0.4641027377163879	0.04135748430892007	0.043706293706293704	0.9462592409880912	0.965918030911972	0.9998244090251259	False	0.19967709867239522	0.034676302498327614
NadigOConner2024_hepg2	GTF2H2	NONZERORATE	30	4923	89667.0	0.6071297989031078	0.39287020109689214	0.004665582206175991	0.0060569351907934586	0.7702876222396561	0.9786380591352623	0.9998244090251259	False	0.5890428408496415	0.021593409471897543
NadigOConner2024_hepg2	NF1	NONZERORATE	24	4923	78637.0	0.6655579253842508	0.3344420746157492	0.003538513960784164	0.004851425106124924	0.7293761901666358	0.9974651879846327	0.9998244090251259	False	0.6160601487536665	0.002538030090638128
NadigOConner2024_hepg2	BRCA1	NONZERORATE	47	4923	147773.0	0.6386565880517415	0.3613434119482585	0.009342252383306958	0.009456740442655936	0.9878934967028846	0.9994754661592106	0.9998244090251259	False	0.49995573085902534	0.0005246714567894353
NadigOConner2024_hepg2	HDAC7	NONZERORATE	46	4923	147844.0	0.6528539508429819	0.3471460491570181	0.0071695409274438624	0.009257395854296638	0.7744662797493164	0.9998244090251259	0.9998244090251259	False	0.75720679165112	0.00017560639277415803
NadigOConner2024_hepg2	RUVBL1	SPECIFICITY	45	4923	31400.0	0.1417383257724513	0.8582616742275487	0.25089927674368895	0.009057971014492754	27.69928015250326	5.827951329594741e-17	5.245156196635267e-15	True	-5.740346270230926	37.381281043734056
NadigOConner2024_hepg2	RUVBL2	SPECIFICITY	29	4923	9632.0	0.06746657140655754	0.9325334285934426	0.18914588303491187	0.0058562197092084005	32.2982900961684	4.338118919155521e-16	1.9521535136199842e-14	True	-6.150640057019994	35.37392066251582
NadigOConner2024_hepg2	MYC	SPECIFICITY	52	4923	48101.0	0.18789746714792419	0.8121025328520758	0.05735366855737006	0.010452261306532663	5.487201943709924	4.429746121184328e-15	1.3289238363552983e-13	True	-3.0658853660585947	33.0504341214836
NadigOConner2024_hepg2	POLR2I	SPECIFICITY	133	4923	203177.0	0.31030806754851786	0.6896919324514821	0.052394752005559625	0.026305379746835444	1.9917884672188682	3.662878987873831e-14	8.241477722716119e-13	True	-1.175032496838548	30.937941855009154
NadigOConner2024_hepg2	POLR2E	SPECIFICITY	131	4923	210843.0	0.3269324699610645	0.6730675300389355	0.060100680142129305	0.0259200633161852	2.3186934155597063	6.164349612416814e-12	1.1095829302350266e-10	True	-1.1238822953008707	25.81223848164679
NadigOConner2024_hepg2	POLR2F	SPECIFICITY	79	4923	118025.0	0.30347092053060165	0.6965290794693983	0.03367284016129935	0.015793682526989206	2.1320448922382194	9.707062478108315e-10	1.4560593717162472e-08	True	-1.2286838386358663	20.75299721883381
NadigOConner2024_hepg2	POLR2K	SPECIFICITY	91	4923	144210.0	0.3219023511528082	0.6780976488471917	0.04015496474813456	0.01814918228958915	2.2124944312873263	2.6932411407953948e-09	3.462738609594079e-08	True	-1.167412988143627	19.732520483570074
NadigOConner2024_hepg2	POLR2C	SPECIFICITY	58	4923	81878.0	0.2867539417372362	0.7132460582627638	0.023790292998723754	0.011644248142943184	2.043093955631776	1.098827614848672e-08	1.2361810667047558e-07	True	-1.3243744306368113	18.326436937204765
NadigOConner2024_hepg2	ATR	SPECIFICITY	100	4923	170975.5	0.34729941092829575	0.6527005890717041	0.03699779037620867	0.019908421262193908	1.8583990105969614	7.952848824067705e-08	7.952848824067705e-07	True	-0.9379743374252829	16.34715053682549
NadigOConner2024_hepg2	POLR2B	SPECIFICITY	117	4923	208468.0	0.3619292662558964	0.6380707337441036	0.03788476004480852	0.023214285714285715	1.6319588942379055	1.562780412405461e-07	1.4065023711649148e-06	True	-0.9662965964808367	15.671629100492131
NadigOConner2024_hepg2	MAX	SPECIFICITY	45	4923	64471.0	0.29101947773489517	0.7089805222651049	0.020873689697216532	0.009057971014492754	2.3044553425727052	6.701402567284956e-07	5.48296573686951e-06	True	-1.536197204815584	14.215778808068885
NadigOConner2024_hepg2	MYBL2	SPECIFICITY	136	4923	254903.0	0.38072044783787984	0.6192795521621202	0.03541476278745285	0.02688278315872702	1.317377095159735	1.0023171961319131e-06	7.517378970989349e-06	True	-1.1622593610568188	13.813196042391196
NadigOConner2024_hepg2	POLR2A	SPECIFICITY	22	4923	23695.0	0.21877827636511366	0.7812217236348864	0.013224546948088422	0.004448938321536906	2.9725174844680566	2.5422714164501826e-06	1.738924615567621e-05	True	-1.7115132921776093	12.88245261809974
NadigOConner2024_hepg2	POLR2G	SPECIFICITY	32	4923	42102.5	0.2672563731464554	0.7327436268535447	0.013672679507984795	0.006458123107971746	2.1171289675645206	2.7055608296292647e-06	1.738924615567621e-05	True	-1.3756376178742111	12.82020133642417
NadigOConner2024_hepg2	GTF2H1	SPECIFICITY	42	4923	61470.0	0.29729259162531557	0.7027074083746844	0.02176846050178512	0.008459214501510574	2.5733430093181697	2.8982076926127017e-06	1.738924615567621e-05	True	-1.182008500218887	12.751418049065562
NadigOConner2024_hepg2	POLR2H	SPECIFICITY	33	4923	45698.0	0.2812894330261789	0.7187105669738211	0.013821630134817093	0.006658595641646489	2.07575754388344	7.130813466717343e-06	4.011082575028505e-05	True	-1.2792776928645604	11.851085239342224
NadigOConner2024_hepg2	TRRAP	SPECIFICITY	17	4923	17265.0	0.20629458364698713	0.7937054163530128	0.02296947320802186	0.0034412955465587046	6.674658685154587	1.4119653703299087e-05	7.475110784099517e-05	True	-2.407569092958928	11.167942851462032
NadigOConner2024_hepg2	NELFA	SPECIFICITY	40	4923	64306.0	0.3265590087345115	0.6734409912654885	0.015534267908411371	0.008059641345960105	1.9274142907361407	7.644596314365317e-05	0.00038222981571826587	True	-1.002658788072928	9.478926430859724
NadigOConner2024_hepg2	SUPT5H	SPECIFICITY	17	4923	21710.0	0.25940662675795484	0.7405933732420451	0.008568400529144642	0.0034412955465587046	2.4898763890573252	0.00029958534925315894	0.0014190884964623317	True	-1.5309082691037486	8.113111208541072
NadigOConner2024_hepg2	POLR2D	SPECIFICITY	82	4923	161546.0	0.4001773655762152	0.5998226344237848	0.02340190768934041	0.016383616383616385	1.428372536404253	0.0009448453583508282	0.004251804112578727	True	-0.6589830404623365	6.964489285818133
NadigOConner2024_hepg2	NELFB	SPECIFICITY	107	4923	220256.0	0.4181327015477608	0.5818672984522393	0.02770404975750993	0.021272365805168985	1.3023492549558409	0.0018448811921997989	0.00790663368085628	True	-0.4092877773606615	6.295340398034713
NadigOConner2024_hepg2	NRF1	SPECIFICITY	30	4923	52155.0	0.35313833028641073	0.6468616697135893	0.009227738047838276	0.0060569351907934586	1.5234995516980994	0.002737187995779195	0.011197587255460344	True	-0.5771557836509635	5.90082416447965
NadigOConner2024_hepg2	GTF2F2	SPECIFICITY	75	4923	152024.0	0.4117381000744803	0.5882618999255197	0.021013810417195238	0.015006002400960384	1.4003603262018907	0.004279997335816668	0.01674781566189131	True	-0.4686367005135553	5.453802891861367
NadigOConner2024_hepg2	ELL	SPECIFICITY	226	4923	499667.5	0.44909976469488533	0.5509002353051147	0.057801712396217696	0.043892017867547095	1.3169071554341811	0.004776195742072708	0.017910734032772657	True	-0.2505311376859591	5.344110919210593
NadigOConner2024_hepg2	SRF	SPECIFICITY	43	4923	86341.0	0.40786720141339416	0.5921327985866058	0.011379447741767025	0.008658880386629078	1.3141938950143033	0.018602307625197666	0.0669683074507116	True	-0.512501731374064	3.984469640087673
NadigOConner2024_hepg2	NELFE	SPECIFICITY	54	4923	111681.0	0.4201029182747647	0.5798970817252352	0.013812396749484755	0.0108499095840868	1.2730425670775116	0.021501836018157958	0.07442943237054678	True	-0.4774738367159759	3.8396169513011738
NadigOConner2024_hepg2	SUPT4H1	SPECIFICITY	7	4923	9880.0	0.28670090827312034	0.7132990917268797	0.003877073123482708	0.0014198782961460446	2.730567214109964	0.02533208582712228	0.0844402860904076	True	-1.461992932617177	3.6756834722426506
NadigOConner2024_hepg2	NFYB	SPECIFICITY	104	4923	228437.0	0.4461729870779231	0.5538270129220769	0.026542415376591497	0.02068828327034016	1.282968481712745	0.02994821324705035	0.09626211400837613	True	-0.47148368876243196	3.5082856140617036
NadigOConner2024_hepg2	MED1	SPECIFICITY	11	4923	18482.0	0.34129226450981476	0.6587077354901852	0.004357262345369325	0.0022294284556141062	1.9544302192774772	0.03429667656514823	0.10333575518566156	False	-0.7633130653806096	3.3727068226490533
NadigOConner2024_hepg2	CDK9	SPECIFICITY	63	4923	134433.5	0.4334481168728579	0.5665518831271421	0.019347468374209132	0.01263537906137184	1.53121392561598	0.03444525172855385	0.10333575518566156	False	-0.26072090541188264	3.3683841218332176
NadigOConner2024_hepg2	NFYC	SPECIFICITY	106	4923	235105.0	0.4505325407501945	0.5494674592498054	0.024556279058520036	0.021077749055478226	1.1650332772197856	0.04046088295413398	0.11406315016133935	False	-0.4581602585588096	3.2074196245905404
NadigOConner2024_hepg2	CCNH	SPECIFICITY	96	4923	211814.0	0.4481811564764033	0.5518188435235967	0.02448041825944498	0.019127316198445904	1.279866867126608	0.04069354898601835	0.11406315016133935	False	-0.18347159244480055	3.20168570066832
NadigOConner2024_hepg2	NELFCD	SPECIFICITY	49	4923	103347.0	0.4284221915457225	0.5715778084542775	0.012020851503486963	0.009855189058728881	1.21974844235382	0.04209531828090686	0.11406315016133935	False	-0.3913910783028133	3.167818749206559
NadigOConner2024_hepg2	SSRP1	SPECIFICITY	7	4923	10773.0	0.3126142595978062	0.6873857404021937	0.002925410561767564	0.0014198782961460446	2.0603248670734415	0.04309052339428375	0.11406315016133935	False	-0.6519282774716068	3.1444521808910566
NadigOConner2024_hepg2	ATF4	SPECIFICITY	22	4923	42943.0	0.39649696231049064	0.6035030376895094	0.005590823941187243	0.004448938321536906	1.2566647449623143	0.04669935183890029	0.1200840475857436	False	-0.2405786836450104	3.0640249936562736
NadigOConner2024_hepg2	GTF2H4	SPECIFICITY	49	4923	104799.0	0.43444141824920096	0.565558581750799	0.013118781567961637	0.009855189058728881	1.3311547337939849	0.05676090350682129	0.1419022587670532	False	-0.4217506351948755	2.868907508796878
NadigOConner2024_hepg2	CDC6	SPECIFICITY	71	4923	155999.0	0.44630692953168943	0.5536930704683106	0.016812525413061573	0.014217060472567081	1.1825598860961901	0.059869177255112274	0.1456277284583812	False	-0.28001337844574825	2.8155934763288406
NadigOConner2024_hepg2	TGS1	SPECIFICITY	54	4923	117063.0	0.4403480262712438	0.5596519737287562	0.01970508027385904	0.0108499095840868	1.8161515652406748	0.06551765243443383	0.1551733873447117	False	-0.5688043734666637	2.7254356698345075
NadigOConner2024_hepg2	SUPT16H	SPECIFICITY	58	4923	126650.0	0.4435548831312558	0.5564451168687441	0.013731302931418204	0.011644248142943184	1.1792348258861047	0.06929360769372368	0.15990832544705463	False	-0.32432772103264573	2.669402618112557
NadigOConner2024_hepg2	MCM5	SPECIFICITY	44	4923	96314.0	0.44463833951950954	0.5553616604804905	0.010183857619098919	0.008858465874773505	1.149618654410553	0.10220207779688695	0.22995467504299563	False	-0.11877614978540244	2.2808032707255887
NadigOConner2024_hepg2	MNAT1	SPECIFICITY	68	4923	153018.0	0.45709216044735995	0.5429078395526401	0.01614057830095931	0.013624524143458225	1.1846709750012927	0.11164101766680351	0.24506564853688576	False	-0.3135192222599699	2.192466754744639
NadigOConner2024_hepg2	ZBTB17	SPECIFICITY	127	4923	293097.0	0.4687894360554108	0.5312105639445892	0.029173165251737358	0.02514851485148515	1.160035311191131	0.11451840139957942	0.24539657442767018	False	-0.1676307446351466	2.167019757987101
NadigOConner2024_hepg2	ELOB	SPECIFICITY	64	4923	144609.0	0.45897128275441806	0.5410287172455819	0.015196795374426413	0.012833366753559254	1.1841627895666331	0.12919823666307984	0.27041491394598105	False	-0.35101209116133264	2.046407335845349
NadigOConner2024_hepg2	SP1	SPECIFICITY	77	4923	176616.0	0.4659179942543745	0.5340820057456255	0.021869087295378287	0.0154	1.4200706035959927	0.15200959862590302	0.31092872446207437	False	-0.15762893391215382	1.8838116112750405
NadigOConner2024_hepg2	ACTL6A	SPECIFICITY	9	4923	17949.0	0.40510528810345997	0.59489471189654	0.005068650692160085	0.0018248175182481751	2.777620579303727	0.16229790381592235	0.3245958076318447	False	-0.8203935025217877	1.8183217200353092
NadigOConner2024_hepg2	STAT5A	SPECIFICITY	29	4923	64226.0	0.44986586536104284	0.5501341346389571	0.013568417455483931	0.0058562197092084005	2.316924249639877	0.17558084115276484	0.3435277326901921	False	-0.3189166455518867	1.739655708786102
NadigOConner2024_hepg2	RBMX	SPECIFICITY	13	4923	27401.0	0.4281473148017938	0.5718526851982062	0.0036410679101327127	0.002633711507293355	1.3824854772626978	0.18510583212651244	0.3544579764124706	False	-0.34167581848243034	1.6868275519222147
NadigOConner2024_hepg2	GTF2F1	SPECIFICITY	18	4923	39135.0	0.4416345047058027	0.5583654952941973	0.004328985815697205	0.0036429872495446266	1.1883066064088827	0.19584873150892812	0.36721637157924025	False	-0.5809572739200244	1.6304126957412683
NadigOConner2024_hepg2	CCNK	SPECIFICITY	93	4923	217578.0	0.4752281915695255	0.5247718084304744	0.022769224239459283	0.01854066985645933	1.228069126721804	0.20605101060013403	0.3784610398777972	False	-0.1158018168282412	1.5796315165738906
NadigOConner2024_hepg2	ERCC2	SPECIFICITY	56	4923	129811.0	0.47086198891500536	0.5291380110849946	0.012772762242380057	0.011247238401285399	1.1356354143716125	0.22633787010456452	0.4074081661882161	False	0.06572853460005328	1.4857263956478268
NadigOConner2024_hepg2	LIN52	SPECIFICITY	32	4923	73075.0	0.46386222831606744	0.5361377716839326	0.007067564850328184	0.006458123107971746	1.0943682447930048	0.24016866392669517	0.42374232701507636	False	-0.11771208028278596	1.4264138361035619
NadigOConner2024_hepg2	NANOG	SPECIFICITY	28	4923	63711.0	0.4621963959258292	0.5378036040741708	0.0068521947860489055	0.005655423146839022	1.2116148709188619	0.24482890005315522	0.42374232701507636	False	-0.14847064241878646	1.4071956795393075
NadigOConner2024_hepg2	GATA1	SPECIFICITY	20	4923	46019.0	0.4673877716839326	0.5326122283160675	0.009740411735657184	0.004046125834513453	2.407342760467673	0.3071047469724437	0.5214986269343383	False	-0.042025313219525434	1.1805663942388571
NadigOConner2024_hepg2	LIN54	SPECIFICITY	137	4923	331242.0	0.4911283399387057	0.5088716600612943	0.028222946571405262	0.02707509881422925	1.0423949609584717	0.36138448373505583	0.6023074728917598	False	-0.03178240164718801	1.0178128355169795
NadigOConner2024_hepg2	CDK12	SPECIFICITY	17	4923	39967.0	0.47755433678651227	0.5224456632134877	0.003961954554566617	0.0034412955465587046	1.151297382327005	0.3744466897183915	0.6127309468119133	False	-0.31653969517835995	0.9823058367093559
NadigOConner2024_hepg2	RAD51	SPECIFICITY	46	4923	110521.5	0.4880441406353496	0.5119558593646505	0.010635685611710476	0.009257395854296638	1.1488852566215078	0.38992288185455576	0.6266617744091074	False	0.08703391682551964	0.9418062982458183
NadigOConner2024_hepg2	KAT5	SPECIFICITY	6	4923	14042.0	0.47538763626514996	0.5246123637348501	0.0013963167939698212	0.0012172854534388314	1.147074246246208	0.41942385274180527	0.6622481885396926	False	-0.024372982353588174	0.8688732886413164
NadigOConner2024_hepg2	GABPA	SPECIFICITY	82	4923	199520.5	0.4942467660508415	0.5057532339491585	0.016250505476257525	0.016383616383616385	0.9918753647398647	0.4289959254423685	0.6656833325829855	False	0.02158436590309118	0.8463078579025614
NadigOConner2024_hepg2	CCND1	SPECIFICITY	39	4923	94612.5	0.49278113720526884	0.5072188627947312	0.009617442365469128	0.007859733978234583	1.223634590191226	0.4382209928583136	0.6684727009703089	False	-0.09640613134268808	0.8250319459433703
NadigOConner2024_hepg2	HDAC7	SPECIFICITY	46	4923	112362.0	0.4961714755053917	0.5038285244946082	0.00910247601242864	0.009257395854296638	0.9832652892556069	0.46435337143361477	0.6954673032053974	False	-0.010535827393528173	0.7671094402424593
NadigOConner2024_hepg2	CTDP1	SPECIFICITY	82	4923	200911.0	0.4976912749017801	0.5023087250982199	0.016291844765399133	0.016383616383616385	0.9943985737905201	0.47137228328365827	0.6954673032053974	False	-0.058547005408622566	0.7521070868067885
NadigOConner2024_hepg2	CHEK1	SPECIFICITY	63	4923	155819.0	0.5024004591341581	0.49759954086584185	0.011990567432067688	0.01263537906137184	0.9489677653379285	0.5261687242187463	0.763793309349793	False	0.08048603477041089	0.6421333492029322
NadigOConner2024_hepg2	MYB	SPECIFICITY	39	4923	96872.0	0.5045495502533893	0.4954504497466107	0.0074972580292866076	0.007859733978234583	0.9538819061876961	0.5390658164846132	0.7700940235494474	False	0.08543181997372518	0.6179176070220008
NadigOConner2024_hepg2	YBX1	SPECIFICITY	35	4923	87211.0	0.5061431763442732	0.49385682365572675	0.014594559200419148	0.0070592981040742235	2.067423557590804	0.5499357786845849	0.7733471887751975	False	-0.25819482333199195	0.5979537736013313
NadigOConner2024_hepg2	CDK7	SPECIFICITY	18	4923	45263.0	0.5107883630126165	0.48921163698738346	0.0035997434498095467	0.0036429872495446266	0.9881295769727205	0.562937965463528	0.779452567564885	False	0.2573595097530742	0.5745858425909045
NadigOConner2024_hepg2	ERCC3	SPECIFICITY	38	4923	95222.0	0.5090071308679988	0.4909928691320013	0.007777600947552513	0.007659746018947792	1.0153862710738952	0.5760298375172298	0.7854952329780407	False	0.2549751039816366	0.5515958183826933
NadigOConner2024_hepg2	HMGA1	SPECIFICITY	47	4923	118019.0	0.5100634883590269	0.4899365116409731	0.009096552826517921	0.009456740442655936	0.9619120754849801	0.5940290755918262	0.789447990794337	False	0.20564141250742696	0.5208270120096578
NadigOConner2024_hepg2	DNMT1	SPECIFICITY	82	4923	205112.0	0.5080978780537349	0.49190212194626515	0.018382109493724937	0.016383616383616385	1.121981195318211	0.5994579773764543	0.789447990794337	False	-0.02222214414840243	0.5117294030907581
NadigOConner2024_hepg2	TFDP1	SPECIFICITY	148	4923	368986.0	0.5064287322056975	0.49357126779430255	0.028204320551232422	0.029185564977322026	0.966379118346619	0.6052434596089917	0.789447990794337	False	-0.10701648071337555	0.5021244893206757
NadigOConner2024_hepg2	GTF2H3	SPECIFICITY	34	4923	86144.0	0.5146551003094717	0.48534489969052824	0.008437407649094952	0.00685898729070002	1.2301244034283436	0.6160799854741884	0.7921028384668136	False	0.4790226805732055	0.48437847732894357
NadigOConner2024_hepg2	VHL	SPECIFICITY	25	4923	64018.0	0.5201543774121471	0.47984562258785296	0.005891184130537252	0.0050525464834276475	1.165983163115933	0.6361691696871471	0.8064116235470878	False	-0.08308897392217099	0.4522907609369723
NadigOConner2024_hepg2	TNRC6A	SPECIFICITY	87	4923	219505.0	0.5125017219198648	0.48749827808013524	0.018563341368719607	0.017365269461077845	1.068992416750405	0.655575627773235	0.8070060374195265	False	0.04221869882952935	0.4222416082561484
NadigOConner2024_hepg2	RAD51D	SPECIFICITY	37	4923	94591.0	0.5192999214937057	0.48070007850629426	0.0073832464952892154	0.007459677419354839	0.9897541247739057	0.6574368638909266	0.8070060374195265	False	-0.009159412299953096	0.4194065440413568
NadigOConner2024_hepg2	TBP	SPECIFICITY	75	4923	189988.0	0.5145588733157289	0.4854411266842711	0.015390970933152663	0.015006002400960384	1.0256543029852936	0.6676647587797048	0.8070060374195265	False	0.03208500123037203	0.40396908953263794
NadigOConner2024_hepg2	FOXO1	SPECIFICITY	44	4923	112537.0	0.519532620538105	0.480467379461895	0.010039633557166774	0.008858465874773505	1.1333377245101675	0.6725050311829388	0.8070060374195265	False	0.25708349107781125	0.3967456862212076
NadigOConner2024_hepg2	NPM1	SPECIFICITY	47	4923	120581.0	0.5211361347733824	0.4788638652266175	0.011163160313370564	0.009456740442655936	1.180444824626632	0.6913135712011287	0.8186608080013366	False	-0.048583240201870936	0.3691617648029133
NadigOConner2024_hepg2	RBBP4	SPECIFICITY	39	4923	101708.0	0.5297374438142263	0.4702625561857738	0.00750859373717189	0.007859733978234583	0.9553241570217159	0.7391676923994583	0.8532748128780168	False	0.104096229734143	0.302230465779369
NadigOConner2024_hepg2	STAT5B	SPECIFICITY	91	4923	232778.0	0.5196018687791997	0.48039813122080033	0.01789636483634758	0.01814918228958915	0.9860700361477666	0.7395048378276146	0.8532748128780168	False	0.0672609574491077	0.3017744548275097
NadigOConner2024_hepg2	POLR2L	SPECIFICITY	24	4923	64007.0	0.5417343760579593	0.45826562394204073	0.004613939328498357	0.004851425106124924	0.9510482440867238	0.7601950841160345	0.8660450325372545	False	0.2859884459437442	0.27418018901454455
NadigOConner2024_hepg2	CLOCK	SPECIFICITY	225	4923	570522.0	0.5150626311869456	0.4849373688130544	0.04382355569168145	0.043706293706293704	1.0026829542256717	0.7779648163626398	0.8752104184079699	False	0.10885792340526292	0.25107397901061207
NadigOConner2024_hepg2	E2F6	SPECIFICITY	56	4923	146759.0	0.5323372798235687	0.46766272017643123	0.012555843949834878	0.011247238401285399	1.1163490540397831	0.7977225052327075	0.8863583391474528	False	0.21306032485330317	0.225994479810763
NadigOConner2024_hepg2	YY1	SPECIFICITY	50	4923	134122.0	0.5448791387365428	0.45512086126345724	0.009286396056859719	0.010054293183189221	0.9236249518152677	0.8629587074684122	0.9471498008799646	False	0.19158960012350915	0.14738843670461277
NadigOConner2024_hepg2	GTF2H2	SPECIFICITY	30	4923	83659.0	0.5664499966145304	0.43355000338546956	0.005056310161317469	0.0060569351907934586	0.8347968076335142	0.8956141823691279	0.9711479085930302	False	0.3957745681090555	0.11024555877647889
NadigOConner2024_hepg2	USF2	SPECIFICITY	53	4923	144529.0	0.5539228649504252	0.4460771350495748	0.010346077340910514	0.01065112540192926	0.9713600160069947	0.9118976535400244	0.9765680279740565	False	0.1417535254214221	0.09222751720075224
NadigOConner2024_hepg2	GABPB1	SPECIFICITY	40	4923	111283.0	0.5651178143408491	0.43488218565915093	0.009917481507351653	0.008059641345960105	1.2305115180246562	0.9223142486421645	0.9765680279740565	False	0.09721511971982214	0.08086927982785216
NadigOConner2024_hepg2	BRCA1	SPECIFICITY	47	4923	132476.0	0.5725448502686046	0.4274551497313954	0.008940299321491419	0.009456740442655936	0.9453890984640926	0.9567868281778062	0.9970974545388351	False	0.18697196147430328	0.04417466241710313
NadigOConner2024_hepg2	HDAC3	SPECIFICITY	42	4923	120874.0	0.5845932116498844	0.41540678835011563	0.006924615595281647	0.008459214501510574	0.8185884864422233	0.970682954227956	0.9970974545388351	False	0.4290705780977039	0.02975537870663704
NadigOConner2024_hepg2	ASF1B	SPECIFICITY	45	4923	132723.0	0.5991062360349381	0.400893763965062	0.007325284261684991	0.009057971014492754	0.808711382490023	0.9891929493956584	0.9970974545388351	False	1.1838050816949803	0.010865870942506945
NadigOConner2024_hepg2	HSF1	SPECIFICITY	32	4923	97659.0	0.6199154478976234	0.38008455210237657	0.004911445301603829	0.006458123107971746	0.7605066084202179	0.9904116681355932	0.9970974545388351	False	0.4765830991052882	0.009634595885750025
NadigOConner2024_hepg2	NF1	SPECIFICITY	24	4923	78330.0	0.6629595774933983	0.33704042250660166	0.003463668398505806	0.004851425106124924	0.7139486486420092	0.9970974545388351	0.9970974545388351	False	0.5609993669202399	0.0029067660151202083
NadigOConner2024_hepg2	MYC	UNIFORM	52	4923	41957.0	0.16389709214206472	0.8361029078579352	0.05801843497709474	0.010452261306532663	5.550802192520122	3.3853138649212394e-17	3.0467824784291154e-15	True	-4.25294780789856	37.92449995655197
NadigOConner2024_hepg2	RUVBL1	UNIFORM	45	4923	33380.0	0.15067596542307085	0.8493240345769291	0.23014637443707556	0.009057971014492754	25.40815973785314	3.242491236882005e-16	1.459121056596902e-14	True	-5.02639423067048	35.66501955328064
NadigOConner2024_hepg2	RUVBL2	UNIFORM	29	4923	11659.0	0.08166453031863105	0.9183354696813689	0.16749254687713142	0.0058562197092084005	28.600796280536372	3.620156770221561e-15	1.0860470310664683e-13	True	-5.698714815428638	33.25225906331968
NadigOConner2024_hepg2	POLR2I	UNIFORM	133	4923	199710.0	0.30501298951217165	0.6949870104878284	0.052924681794018234	0.026305379746835444	2.0119337680492944	7.313876989756482e-15	1.6456223226952084e-13	True	-1.2228457143518918	32.54900289378863
NadigOConner2024_hepg2	POLR2E	UNIFORM	131	4923	210657.0	0.3266440589660931	0.673355941033907	0.060199443508896895	0.0259200633161852	2.3225037213279762	5.70074996942193e-12	1.0261349944959474e-10	True	-1.1541862219211882	25.890423376160292
NadigOConner2024_hepg2	POLR2F	UNIFORM	79	4923	116203.0	0.2987861163178776	0.7012138836821223	0.03398123872031421	0.015793682526989206	2.1515715959368564	3.9799648269566577e-10	5.969947240434987e-09	True	-1.252442723792603	21.644577948131236
NadigOConner2024_hepg2	POLR2K	UNIFORM	91	4923	143814.0	0.3210184087697799	0.6789815912302201	0.04037525631880876	0.01814918228958915	2.2246322547528257	2.262921982395521e-09	2.9094711202228124e-08	True	-1.1909918827911603	19.906608946189554
NadigOConner2024_hepg2	POLR2C	UNIFORM	58	4923	81116.0	0.28408525779767035	0.7159147422023296	0.024056431672875384	0.011644248142943184	2.065949761424005	7.3211610479316215e-09	8.236306178923073e-08	True	-1.3541863957668516	18.73249690844551
NadigOConner2024_hepg2	ATR	UNIFORM	100	4923	170618.5	0.3465742433475523	0.6534257566524477	0.03710578724033949	0.019908421262193908	1.8638236930822527	6.946884341895036e-08	6.059863723615837e-07	True	-0.9649937417370206	16.482387481020627
NadigOConner2024_hepg2	POLR2B	UNIFORM	117	4923	206263.0	0.3581010814405086	0.6418989185594912	0.038226166846201164	0.023214285714285715	1.6466656487594347	7.299175359925801e-08	6.059863723615837e-07	True	-0.9998002770464827	16.432919366572705
NadigOConner2024_hepg2	MAX	UNIFORM	45	4923	60437.0	0.27281016543661274	0.7271898345633871	0.02390619787581867	0.009057971014492754	2.639244245490381	7.406500106641577e-08	6.059863723615837e-07	True	-2.058774318101257	16.418322736514018
NadigOConner2024_hepg2	POLR2A	UNIFORM	22	4923	23210.0	0.21430022344099126	0.7856997765590088	0.013395477534013335	0.004448938321536906	3.0109380184407244	1.7941870702284302e-06	1.3456403026713227e-05	True	-1.7630062420058357	13.230958524274332
NadigOConner2024_hepg2	POLR2G	UNIFORM	32	4923	41619.5	0.2641904072719886	0.7358095927280114	0.013809785908687757	0.006458123107971746	2.13835903679837	2.0318541298258177e-06	1.4066682437255663e-05	True	-1.4066815523951153	13.106561817327856
NadigOConner2024_hepg2	GTF2H1	UNIFORM	42	4923	61371.0	0.29681378950117526	0.7031862104988248	0.02178555666728444	0.008459214501510574	2.5753640203111248	2.7547115581707134e-06	1.770886001681173e-05	True	-1.1995664764442409	12.802197818419259
NadigOConner2024_hepg2	POLR2H	UNIFORM	33	4923	45340.0	0.27908580010956613	0.7209141998904339	0.013955577182292315	0.006658595641646489	2.095873955013355	5.838829550409857e-06	3.503297730245915e-05	True	-1.305169896799912	12.050980200661167
NadigOConner2024_hepg2	MYBL2	UNIFORM	136	4923	265556.0	0.39663165692846303	0.603368343071537	0.03388665912754815	0.02688278315872702	1.2605338862225448	1.9031341265334115e-05	0.0001070512946175044	True	-0.9336942808525869	10.869423397514385
NadigOConner2024_hepg2	NELFA	UNIFORM	40	4923	64260.0	0.3263254113345521	0.6736745886654478	0.015577004469534948	0.008059641345960105	1.9327168295575485	7.489291644376618e-05	0.00039649191058464453	True	-1.0262233667492293	9.499451245427927
NadigOConner2024_hepg2	TRRAP	UNIFORM	17	4923	20950.0	0.25032560251400987	0.7496743974859902	0.01439837131828286	0.0034412955465587046	4.183997312489255	0.00018579702552074285	0.0009289851276037142	True	-1.5707792223818817	8.590855740750664
NadigOConner2024_hepg2	SUPT5H	UNIFORM	17	4923	21131.0	0.25248832013000205	0.7475116798699979	0.008613298456037683	0.0034412955465587046	2.5029231984015383	0.00020724685860264196	0.0009816956460125146	True	-1.58083941806902	8.481599921590202
NadigOConner2024_hepg2	NRF1	UNIFORM	30	4923	48566.0	0.32883742975150654	0.6711625702484936	0.010174117926046352	0.0060569351907934586	1.6797468695902527	0.0006032468731393233	0.002714610929126955	True	-0.6859228390761317	7.413184036830506
NadigOConner2024_hepg2	POLR2D	UNIFORM	82	4923	160528.0	0.3976556036127089	0.602344396387291	0.023599130816460062	0.016383616383616385	1.4404103626388123	0.0007224327293871028	0.003096140268801869	True	-0.6777468398967208	7.232886250427253
NadigOConner2024_hepg2	NELFB	UNIFORM	107	4923	219703.0	0.41708288958370116	0.5829171104162988	0.027807655828608824	0.021272365805168985	1.307219708578527	0.0016369982338701062	0.006696810956741343	True	-0.41424694686219443	6.4148910594757576
NadigOConner2024_hepg2	GTF2F2	UNIFORM	75	4923	150133.0	0.40661656171711014	0.5933834382828899	0.0213164921090812	0.015006002400960384	1.420531034149171	0.002703689168059998	0.010579653266321733	True	-0.5069485655190427	5.913138080049514
NadigOConner2024_hepg2	NFYC	UNIFORM	106	4923	220556.0	0.42265224073371427	0.5773477592662858	0.028670725335351463	0.021077749055478226	1.3602365821837972	0.0031755301462152337	0.011908238048307127	True	-0.7805099920100131	5.752280685390386
NadigOConner2024_hepg2	ELL	UNIFORM	226	4923	501268.5	0.45053873905939074	0.5494612609406092	0.05939170621949101	0.043892017867547095	1.3531322801953949	0.005895177966387613	0.021222640678995406	True	-0.2794455082827879	5.133620556069763
NadigOConner2024_hepg2	SRF	UNIFORM	43	4923	82719.0	0.39075719569746187	0.6092428043025381	0.012129028220391615	0.008658880386629078	1.4007617242433663	0.006747140273650446	0.02335548556263616	True	-0.5220046444542851	4.99863652703119
NadigOConner2024_hepg2	ZBTB17	UNIFORM	127	4923	273167.0	0.4369127076665691	0.5630872923334309	0.030953569922537453	0.02514851485148515	1.2308309299906623	0.007520452295942779	0.025068174319809264	True	-0.22943751469395582	4.890128997091999
NadigOConner2024_hepg2	NFYB	UNIFORM	104	4923	223806.0	0.43712792387381055	0.5628720761261895	0.027339099988882107	0.02068828327034016	1.3214774581164457	0.013983942493490829	0.04494838658622052	True	-0.5744364423201398	4.269845572384991
NadigOConner2024_hepg2	KAT5	UNIFORM	6	4923	7394.0	0.25032161960863974	0.7496783803913603	0.005775876550748698	0.0012172854534388314	4.744882586440055	0.01588206642014152	0.049289171648715054	True	-1.2975250608782223	4.142564704416016
NadigOConner2024_hepg2	NELFE	UNIFORM	54	4923	111421.0	0.419124893733872	0.580875106266128	0.013875321882931745	0.0108499095840868	1.2788421668768757	0.020258119140812856	0.06077435742243857	True	-0.5053176378430596	3.899199620561321
NadigOConner2024_hepg2	CDK9	UNIFORM	63	4923	133512.5	0.4304785764261694	0.5695214235738306	0.019463201136943137	0.01263537906137184	1.5403733471237855	0.02869629535578222	0.08258454355760486	True	-0.2710379708877267	3.550987246228381
NadigOConner2024_hepg2	SUPT4H1	UNIFORM	7	4923	10121.0	0.2936943211166246	0.7063056788833754	0.0038451138653480643	0.0014198782961460446	2.7080587651665655	0.029363393264926176	0.08258454355760486	True	-1.4652323753607377	3.528006507495564
NadigOConner2024_hepg2	SP1	UNIFORM	77	4923	166818.0	0.4400705936354931	0.5599294063645069	0.023985185191413023	0.0154	1.5574795578839624	0.035350415896146375	0.0964102251713083	True	-0.48802597435236916	3.342445121612685
NadigOConner2024_hepg2	CDC6	UNIFORM	71	4923	153494.0	0.4391402242420601	0.5608597757579398	0.016710744009385093	0.014217060472567081	1.175400782857312	0.038903965628769153	0.10298108548791834	False	-0.37108193465447686	3.2466590893693947
NadigOConner2024_hepg2	NANOG	UNIFORM	28	4923	55944.0	0.40585009140767825	0.5941499085923219	0.007801174166934465	0.005655423146839022	1.3794147607318763	0.042655425222420974	0.10968537914336822	False	-0.37407273943096475	3.1546008097948115
NadigOConner2024_hepg2	CCNH	UNIFORM	96	4923	212829.0	0.45032881373146455	0.5496711862685355	0.02428445811212851	0.019127316198445904	1.2696218256747187	0.04741363752183867	0.11853409380459667	False	-0.20644752087324852	3.0488453802309077
NadigOConner2024_hepg2	GTF2H4	UNIFORM	49	4923	104943.0	0.43503836635202525	0.5649616336479748	0.013147641952227822	0.009855189058728881	1.3340831793158516	0.05842314101562626	0.1421103430109828	False	-0.42372097985651036	2.8400432173667873
NadigOConner2024_hepg2	TGS1	UNIFORM	54	4923	116662.0	0.43883961149855927	0.5611603885014407	0.02042280513320936	0.0108499095840868	1.8823018731107959	0.06078502020375284	0.14396452153520412	False	-0.6104604908290575	2.800411898593867
NadigOConner2024_hepg2	ATF4	UNIFORM	22	4923	43990.0	0.40616401676730746	0.5938359832326926	0.006001247195747597	0.004448938321536906	1.348916699225994	0.06412611613681836	0.14798334493111928	False	-0.02254640401322483	2.7469035700002884
NadigOConner2024_hepg2	NELFCD	UNIFORM	49	4923	105723.0	0.4382718352423236	0.5617281647576765	0.011481997420196595	0.009855189058728881	1.1650712484330097	0.06821279422389766	0.14975706885365453	False	-0.3319437926974277	2.685123133136261
NadigOConner2024_hepg2	SUPT16H	UNIFORM	58	4923	126562.0	0.4432466886605448	0.5567533113394553	0.013781142082560838	0.011644248142943184	1.1835149778144056	0.06822266469999817	0.14975706885365453	False	-0.32137006769605103	2.684978442361655
NadigOConner2024_hepg2	MCM5	UNIFORM	44	4923	94408.0	0.43583919635107937	0.5641608036489206	0.01071727987432158	0.008858465874773505	1.2098347530853475	0.07066958835200125	0.15143483218285983	False	-0.3274105672855776	2.6497399492291076
NadigOConner2024_hepg2	MNAT1	UNIFORM	68	4923	152539.0	0.45566130169313307	0.5443386983068669	0.01620726902343589	0.013624524143458225	1.18956587788189	0.10411263178558977	0.21791015955123438	False	-0.33946214982228295	2.2622819679216017
NadigOConner2024_hepg2	SSRP1	UNIFORM	7	4923	12750.0	0.36998345956298423	0.6300165404370157	0.0024357677350327713	0.0014198782961460446	1.7154764191016518	0.11692020881550086	0.23915497257716087	False	-0.8264983479887464	2.1462635527716407
NadigOConner2024_hepg2	MED1	UNIFORM	11	4923	21564.0	0.398205085590826	0.6017949144091741	0.0034117750420948403	0.0022294284556141062	1.5303361870632675	0.12140221615830832	0.24280443231661664	False	-0.49461403808005155	2.108646145512583
NadigOConner2024_hepg2	ELOB	UNIFORM	64	4923	144414.0	0.45835237659963435	0.5416476234003657	0.015228265661126339	0.012833366753559254	1.186615013313079	0.12564152793365274	0.24582038073975537	False	-0.3485062128561262	2.0743224431817797
NadigOConner2024_hepg2	DNMT1	UNIFORM	82	4923	187549.0	0.4645912912511209	0.535408708748879	0.019912440854340255	0.016383616383616385	1.2153873960484507	0.13535199654537938	0.25918467423583286	False	-0.25123315048602723	1.999876512048875
NadigOConner2024_hepg2	RBBP4	UNIFORM	39	4923	87667.0	0.45660609280353337	0.5433939071964666	0.009187902925236002	0.007859733978234583	1.1689839567954114	0.1749166611669254	0.3279687396879851	False	-0.2254202474062404	1.7434456403915704
NadigOConner2024_hepg2	ACTL6A	UNIFORM	9	4923	18303.0	0.4130949962759835	0.5869050037240164	0.004994157644111984	0.0018248175182481751	2.7367983889733676	0.1834991496004067	0.33703925436809395	False	-0.7360444775183391	1.6955452458284594
NadigOConner2024_hepg2	GTF2F1	UNIFORM	18	4923	39005.0	0.44016746789446365	0.5598325321055364	0.004307746436520736	0.0036429872495446266	1.1824763968249419	0.18995160417992313	0.3419128875238616	False	-0.5882439635582584	1.660985954109496
NadigOConner2024_hepg2	LIN52	UNIFORM	32	4923	71807.0	0.45581327442616293	0.5441867255738371	0.007370741039968532	0.006458123107971746	1.1413131829076273	0.1940776291423129	0.3424899337805522	False	-0.11069541069033073	1.6394970497394488
NadigOConner2024_hepg2	CCNK	UNIFORM	93	4923	217709.0	0.47551431835208446	0.5244856816479155	0.022706775802177583	0.01854066985645933	1.2247009400400297	0.2087615188277498	0.36131801335572084	False	-0.1000810886719477	1.5665627367603605
NadigOConner2024_hepg2	GABPA	UNIFORM	82	4923	191550.5	0.4745036984190683	0.5254963015809317	0.01746350775658748	0.016383616383616385	1.065912881972199	0.2138622843506049	0.3631623696519706	False	-0.06944310848233937	1.542423002187224
NadigOConner2024_hepg2	VHL	UNIFORM	25	4923	56675.0	0.46049157018078407	0.539508429819216	0.005589609429456193	0.0050525464834276475	1.1062954982779698	0.24748061894808288	0.4124676982468048	False	-0.0768152729186184	1.3964230073200405
NadigOConner2024_hepg2	GATA1	UNIFORM	20	4923	45377.0	0.46086735730245787	0.5391326426975421	0.005233739086595692	0.004046125834513453	1.2935186152521252	0.2726317256983648	0.44308363828450004	False	-0.0660767911986894	1.2996333846193382
NadigOConner2024_hepg2	ERCC2	UNIFORM	56	4923	131472.0	0.4768869156437712	0.5231130843562288	0.014160822958473217	0.011247238401285399	1.2590488841113956	0.2756964860436889	0.44308363828450004	False	0.03210792357615855	1.2884547066132674
NadigOConner2024_hepg2	LIN54	UNIFORM	137	4923	327678.0	0.48584404204308396	0.5141559579569162	0.02931390426282491	0.02707509881422925	1.0826887267875478	0.28566728181044276	0.45105360285859386	False	-0.05801574818771976	1.2529274956926755
NadigOConner2024_hepg2	STAT5A	UNIFORM	29	4923	67466.0	0.472560185477036	0.527439814522964	0.011107274327428671	0.0058562197092084005	1.8966628437733373	0.3049327726104898	0.4731715437059324	False	-0.3025011002995735	1.1876639443407957
NadigOConner2024_hepg2	RBMX	UNIFORM	13	4923	29486.0	0.46072594884295065	0.5392740511570494	0.0030718130836539332	0.002633711507293355	1.1663437985319858	0.3121576484122235	0.476172684018646	False	0.1068544912886296	1.1642469354128016
NadigOConner2024_hepg2	HMGA1	UNIFORM	47	4923	111193.0	0.4805623625103185	0.5194376374896815	0.010873973861809055	0.009456740442655936	1.1498648955998085	0.32297483915203395	0.48446225872805093	False	-0.07998067600037506	1.1301808561557616
NadigOConner2024_hepg2	STAT5B	UNIFORM	91	4923	218695.0	0.4881661097383218	0.5118338902616781	0.019299030481256745	0.01814918228958915	1.063355371791443	0.34922419905478375	0.5152488182775498	False	0.004888887896810454	1.0520411588645058
NadigOConner2024_hepg2	CDK12	UNIFORM	17	4923	39899.0	0.4767418240910014	0.5232581759089987	0.003984396762333791	0.0034412955465587046	1.1578188238781721	0.3700619600786381	0.5371867162431844	False	-0.318763941062836	0.9940848276916777
NadigOConner2024_hepg2	MYB	UNIFORM	39	4923	93828.0	0.4886951358614978	0.5113048641385023	0.007894036496752495	0.007859733978234583	1.0043643358175867	0.4038020866582992	0.5768601237975703	False	0.18758377949116073	0.9068304055627665
NadigOConner2024_hepg2	RAD51	UNIFORM	46	4923	111622.5	0.4929059693188141	0.507094030681186	0.009999411514950998	0.009257395854296638	1.0801538221259024	0.43414429709910174	0.6105154177956118	False	0.0787243434087441	0.8343783183463906
NadigOConner2024_hepg2	TFDP1	UNIFORM	148	4923	362057.0	0.49691876520030087	0.5030812347996991	0.028569226390962675	0.029185564977322026	0.9788820745173765	0.44911355556936033	0.6218495384806528	False	-0.15741797607931118	0.8004795154887903
NadigOConner2024_hepg2	CTDP1	UNIFORM	82	4923	200562.0	0.49682674157637374	0.5031732584236263	0.016330314633007152	0.016383616383616385	0.9967466431487901	0.46067655287925824	0.6281952993808068	False	-0.06824414513298233	0.7750591028888166
NadigOConner2024_hepg2	YBX1	UNIFORM	35	4923	85492.0	0.49616668117582197	0.5038333188241781	0.010963724836438819	0.0070592981040742235	1.5530899354018188	0.46882862153675675	0.6297697901240016	False	-0.2919983277839524	0.7575179898168591
NadigOConner2024_hepg2	CHEK1	UNIFORM	63	4923	155060.0	0.49995324827744086	0.5000467517225592	0.01195526268154672	0.01263537906137184	0.9461736465109833	0.4995078856788817	0.6611133781044023	False	0.02869954737054231	0.6941318938732361
NadigOConner2024_hepg2	ERCC3	UNIFORM	38	4923	94482.0	0.5050514769556432	0.49494852304435677	0.007834477437044272	0.007659746018947792	1.0228116464520167	0.542828691321932	0.7026563463205611	False	0.25516474398110744	0.61096149441922
NadigOConner2024_hepg2	CDK7	UNIFORM	18	4923	45012.0	0.5079558534768772	0.4920441465231228	0.0036306130269567563	0.0036429872495446266	0.9966032758996296	0.5465104915826586	0.7026563463205611	False	0.21389767347424893	0.6042017737773417
NadigOConner2024_hepg2	HDAC3	UNIFORM	42	4923	105056.0	0.5080912722594624	0.49190872774053757	0.00815765077931896	0.008459214501510574	0.9643508599837771	0.5717826638404512	0.7247949259949381	False	0.17104477903815857	0.5589963181256814
NadigOConner2024_hepg2	CCND1	UNIFORM	39	4923	98032.5	0.5105939155299302	0.48940608447006984	0.009921058916790187	0.007859733978234583	1.2622639575669976	0.5902982065722258	0.7378727582152822	False	-0.13053285939415282	0.5271274349033718
NadigOConner2024_hepg2	NPM1	UNIFORM	47	4923	118707.0	0.5130369390745134	0.4869630609254865	0.013311344312782324	0.009456740442655936	1.4076038560537902	0.6210207695769897	0.7644125203619232	False	-0.03333878751614511	0.47639075223436794
NadigOConner2024_hepg2	GTF2H3	UNIFORM	34	4923	86416.0	0.5162801257004935	0.4837198742995065	0.008350280704639074	0.00685898729070002	1.2174218074381145	0.6285169611864702	0.7644125203619232	False	0.4567071345331678	0.46439226454354465
NadigOConner2024_hepg2	TBP	UNIFORM	75	4923	189125.0	0.5122215451283093	0.4877784548716907	0.014869717459731091	0.015006002400960384	0.99091797151648	0.6420295991375238	0.7704355189650285	False	0.12637938723414818	0.4431208717793769
NadigOConner2024_hepg2	RAD51D	UNIFORM	37	4923	95078.0	0.5219735274579882	0.47802647254201186	0.0073311619956025155	0.007459677419354839	0.9827719864375264	0.677830423783299	0.8026939229012752	False	-0.01149494116513805	0.3888581347390808
NadigOConner2024_hepg2	TNRC6A	UNIFORM	87	4923	222554.0	0.51962054723197	0.48037945276803007	0.017771273819553086	0.017365269461077845	1.023380250988057	0.7351308664264677	0.8559114593157392	False	0.09806058529847272	0.30770674605842196
NadigOConner2024_hepg2	POLR2L	UNIFORM	24	4923	63602.0	0.5383065881237727	0.4616934118762272	0.004608956026287105	0.004851425106124924	0.9500210609184295	0.741789931406974	0.8559114593157392	False	0.2813137165081363	0.29868918720968524
NadigOConner2024_hepg2	YY1	UNIFORM	50	4923	131235.0	0.5331505179768434	0.46684948202315657	0.010273105969176037	0.010054293183189221	1.0217631196942487	0.7904243036813126	0.894939402962677	False	0.07386534861102076	0.23518538443655046
NadigOConner2024_hepg2	E2F6	UNIFORM	56	4923	146675.0	0.5320325875627521	0.46796741243724793	0.012224775918895071	0.011247238401285399	1.08691355893176	0.7955016915223796	0.894939402962677	False	0.21764358498563474	0.2287823048427855
NadigOConner2024_hepg2	FOXO1	UNIFORM	44	4923	117657.0	0.5431693534984211	0.45683064650157884	0.009358971514909612	0.008858465874773505	1.0565002616944557	0.8383027389318238	0.9314474877020265	False	0.2938823675804338	0.1763759800982568
NadigOConner2024_hepg2	CLOCK	UNIFORM	225	4923	582835.0	0.5261787076534182	0.47382129234658177	0.04259735960282461	0.043706293706293704	0.9746275877126271	0.9082627631691357	0.9966961233902358	False	0.11474620030888266	0.09622155549496346
NadigOConner2024_hepg2	GTF2H2	UNIFORM	30	4923	85654.0	0.5799580201773986	0.42004197982260144	0.0049135802581292244	0.0060569351907934586	0.8112321006171349	0.9347904692074855	0.9966961233902358	False	0.4687896601150209	0.06743287191125165
NadigOConner2024_hepg2	GABPB1	UNIFORM	40	4923	112158.0	0.5695612431444241	0.4304387568555758	0.01055106178585467	0.008059641345960105	1.309122991079918	0.9354624846896556	0.9966961233902358	False	0.09129164602328232	0.06671423595380967
NadigOConner2024_hepg2	USF2	UNIFORM	53	4923	147160.0	0.5640064541102794	0.4359935458897206	0.008841208655368148	0.01065112540192926	0.8300727220587153	0.9458024501029103	0.9966961233902358	False	0.28348860548172017	0.05572155826724766
NadigOConner2024_hepg2	ASF1B	UNIFORM	45	4923	127561.0	0.5758051775114542	0.42419482248854584	0.007521103660623325	0.009057971014492754	0.830329844132815	0.9605430381606348	0.9966961233902358	False	1.2050671601348022	0.04025648969759137
NadigOConner2024_hepg2	BRCA1	UNIFORM	47	4923	133239.0	0.5758424416870875	0.42415755831291246	0.010213636169707375	0.009456740442655936	1.0800376970945882	0.963472919277228	0.9966961233902358	False	0.2338317432027539	0.03721089813690418
NadigOConner2024_hepg2	HSF1	UNIFORM	32	4923	96288.0	0.61121267519805	0.38878732480195005	0.005069578065106448	0.006458123107971746	0.7849924785188266	0.985076269041105	0.9983473175584424	False	0.5648321388128138	0.015036210309050722
NadigOConner2024_hepg2	NF1	UNIFORM	24	4923	76100.0	0.6440855846705938	0.3559144153294062	0.003610297274213577	0.004851425106124924	0.7441725256472735	0.9926380572734199	0.9983473175584424	False	0.4479747050532789	0.0073891755669976454
NadigOConner2024_hepg2	HDAC7	UNIFORM	46	4923	141680.0	0.6256347755433679	0.3743652244566321	0.008032120522648001	0.009257395854296638	0.867643627761694	0.9983473175584424	0.9983473175584424	False	0.5996204735152889	0.0016540496277412772
NadigOConner2024_jurkat	MYC	CORRELATION	115	11921	95441.0	0.06961846649865236	0.9303815335013477	0.20587305717874013	0.009554669325357262	21.546853184376662	2.6695055726422684e-57	2.108909402387392e-55	True	-16.17984027766558	130.2654570241818
NadigOConner2024_jurkat	TRRAP	CORRELATION	35	11921	111137.0	0.2663654774887054	0.7336345225112946	0.021643813860078326	0.002927400468384075	7.3935268146027555	8.72799614179598e-07	3.4475584760094125e-05	True	-2.0156868934135552	13.951559844476687
NadigOConner2024_jurkat	CCNH	CORRELATION	199	11921	957594.0	0.40365994050446846	0.5963400594955315	0.02872268672055534	0.01641914191419142	1.7493415228800537	1.51434601666003e-06	3.987777843871412e-05	True	-0.5929444489149677	13.400526884371793
NadigOConner2024_jurkat	ACTL6A	CORRELATION	9	11921	8670.0	0.08080977546626401	0.919190224533736	0.0091034679536852	0.0007544006705783739	12.067152520829382	6.6692137576748585e-06	0.00013171697171407846	True	-4.4294603151713545	11.918008582394895
NadigOConner2024_jurkat	POLR2F	CORRELATION	41	11921	162362.0	0.3321909890519088	0.6678090109480911	0.02714493243723031	0.0034275204815248286	7.919699556442658	0.00010135234914105969	0.0013987063015365676	True	-1.0293212904092388	9.196907506834046
NadigOConner2024_jurkat	MNAT1	CORRELATION	129	11921	623355.0	0.40535268033936595	0.5946473196606341	0.016610700350824584	0.010705394190871369	1.5516196839336143	0.00010623085834454944	0.0013987063015365676	True	-0.5832914496068388	9.149895923147108
NadigOConner2024_jurkat	CDK12	CORRELATION	36	11921	145026.0	0.3379330593071051	0.662066940692895	0.00810998246716542	0.0030107886593627163	2.693640565552692	0.0003851309039458548	0.003982238390565217	True	-0.7616656871749995	7.861927271217902
NadigOConner2024_jurkat	POLR2H	CORRELATION	13	11921	35913.0	0.231737141308486	0.768262858691514	0.004493121841130787	0.0010893246187363835	4.124685850158062	0.00040611016121654966	0.003982238390565217	True	-1.4368687067637609	7.808886102121006
NadigOConner2024_jurkat	CDK7	CORRELATION	16	11921	49928.0	0.26176495260464727	0.7382350473953527	0.0035777529419054556	0.0013403702772891012	2.669227304220339	0.0004856668015313686	0.003982238390565217	True	-1.1415546746261616	7.629987762747372
NadigOConner2024_jurkat	GTF2H1	CORRELATION	46	11921	197284.0	0.35976701691935675	0.6402329830806432	0.011527825858406266	0.003843904069524526	2.9989889575553867	0.000504080808932306	0.003982238390565217	True	-0.8925157130753938	7.592773967562071
NadigOConner2024_jurkat	NELFA	CORRELATION	120	11921	593800.0	0.41509381204037693	0.5849061879596231	0.01692464960460042	0.009965949671954157	1.698247549074947	0.000673604127197588	0.004837702368055405	True	-0.5670655852778136	7.302867967980124
NadigOConner2024_jurkat	ELL	CORRELATION	92	11921	453751.5	0.4137305193976286	0.5862694806023714	0.014120432513448189	0.007658370099059352	1.8437908237397076	0.00214979843623016	0.014152839705181887	True	-0.5999481157574268	6.14238119182805
NadigOConner2024_jurkat	GTF2F2	CORRELATION	103	11921	517930.0	0.42181416004880024	0.5781858399511998	0.012135238549457708	0.008566200931470393	1.416641828336694	0.003101651353456155	0.017739397043883356	True	-0.43754710652238904	5.775820614659197
NadigOConner2024_jurkat	GABPA	CORRELATION	120	11921	612434.0	0.42811984453205826	0.5718801554679417	0.013694994118118267	0.009965949671954157	1.3741785348021838	0.003324722274075378	0.017739397043883356	True	-0.35369205350665484	5.706369134956731
NadigOConner2024_jurkat	HSF1	CORRELATION	32	11921	138316.0	0.3625849341498196	0.6374150658501804	0.006832768771585926	0.002677152179369196	2.5522526602114555	0.003583005890519367	0.017739397043883356	True	-0.8678605012499446	5.63155319664187
NadigOConner2024_jurkat	TGS1	CORRELATION	154	11921	802375.5	0.4370632094187165	0.5629367905812834	0.01591510651003966	0.012753623188405797	1.2478890331735644	0.003592789274710553	0.017739397043883356	True	-0.3762152581882722	5.628826421412705
NadigOConner2024_jurkat	SUPT5H	CORRELATION	45	11921	206621.5	0.3851680973818378	0.6148319026181621	0.00840679314582183	0.003760655189704162	2.235459706286756	0.0038688869628054922	0.01797894529774317	True	-0.6792713093374445	5.554788419817339
NadigOConner2024_jurkat	GTF2H2	CORRELATION	72	11921	352900.0	0.4111558500871478	0.5888441499128523	0.009718163010852113	0.006003502042858334	1.618749013738186	0.004613888529501195	0.02024984410169969	True	-0.503283788496429	5.378684278711578
NadigOConner2024_jurkat	ATR	CORRELATION	126	11921	656227.0	0.4368887504111059	0.563111249588894	0.013529743035322212	0.010459035444509006	1.2935937646549738	0.00732170950637384	0.030442897421238596	True	-0.27826178806740903	4.916911439152823
NadigOConner2024_jurkat	NELFCD	CORRELATION	106	11921	551248.0	0.43624300228073815	0.5637569977192618	0.010782332398786622	0.008813502951692026	1.2233878467944028	0.011794692282072744	0.045232798537165865	True	-0.3336009923360235	4.4401056553078595
NadigOConner2024_jurkat	CCNK	CORRELATION	237	11921	1291913.0	0.45726949959242935	0.5427305004075706	0.02158203823322177	0.01949333772001974	1.1071494550190306	0.012023908471904848	0.045232798537165865	True	-0.15724096121082293	4.420858238677464
NadigOConner2024_jurkat	ZBTB17	CORRELATION	402	11921	2256824.5	0.47093291615907545	0.5290670838409246	0.0371253331130251	0.03262192647894182	1.1380484575915628	0.023303826040430745	0.08368192078154676	True	-0.056009309129270615	3.759137724147289
NadigOConner2024_jurkat	SUPT4H1	CORRELATION	18	11921	80961.0	0.37730335821938876	0.6226966417806112	0.0031669198087095713	0.001507663958455482	2.1005475331213095	0.03578851163781467	0.12292575736466778	False	-0.7102465500966206	3.3301283410478373
NadigOConner2024_jurkat	CDK9	CORRELATION	61	11921	316069.0	0.4346496951928062	0.5653503048071938	0.0073327855479318185	0.005090969788015356	1.4403514169724436	0.03890921600121668	0.12613251492541372	False	-0.4012917924806819	3.246524141219338
NadigOConner2024_jurkat	GTF2H3	CORRELATION	88	11921	468434.0	0.44653247515842936	0.5534675248415706	0.00941426220959609	0.007327837455241902	1.284725850852721	0.04172345056252021	0.12613251492541372	False	-0.3709653340067937	3.1766919446349404
NadigOConner2024_jurkat	POLR2K	CORRELATION	25	11921	119366.0	0.40052344601962925	0.5994765539803707	0.0028864058901702586	0.0020927507115352417	1.3792401905589564	0.042618176708279096	0.12613251492541372	False	-0.3278526689575791	3.1554744334173064
NadigOConner2024_jurkat	YY1	CORRELATION	65	11921	339699.0	0.43839765636594763	0.5616023436340524	0.0068060158378431546	0.005422993492407809	1.2550293204982776	0.04310858105045785	0.12613251492541372	False	-0.23767024636190823	3.1440332053911466
NadigOConner2024_jurkat	ATF4	CORRELATION	52	11921	268196.0	0.4326495583101573	0.5673504416898427	0.005887773418598439	0.004343105320304018	1.3556598296322904	0.046608365120264166	0.1315021730178882	False	-0.3080304217937534	3.0659752449418085
NadigOConner2024_jurkat	SSRP1	CORRELATION	17	11921	78505.5	0.38738114153471137	0.6126188584652886	0.0022272585907407187	0.001424024124643994	1.5640595915448647	0.053997325949828	0.14709616379435903	False	-0.6390389503244495	2.918820753091621
NadigOConner2024_jurkat	CTDP1	CORRELATION	90	11921	486780.0	0.4537091407320415	0.5462908592679585	0.010143875706682567	0.007493131296311714	1.3537565679218257	0.06482450271062301	0.17070452380464057	False	-0.2959100556183059	2.7360716188460232
NadigOConner2024_jurkat	BRCA1	CORRELATION	137	11921	756344.0	0.46311208154413147	0.5368879184558685	0.0175662974257283	0.011361751534251119	1.5460906157622765	0.0684978294695923	0.17455898477734813	False	-0.28204517357081405	2.6809532207912823
NadigOConner2024_jurkat	NFYB	CORRELATION	22	11921	109969.0	0.41930969793565215	0.5806903020643479	0.0038687890073872745	0.0018420832286695134	2.1002248688739193	0.09513710743117448	0.234869733970712	False	-0.6786459795920374	2.3524361917282457
NadigOConner2024_jurkat	GTF2F1	CORRELATION	45	11921	238870.0	0.4452833002451323	0.5547166997548676	0.004535827417588213	0.003760655189704162	1.2061269084191235	0.1022145413844785	0.24469541725375155	False	-0.09964843606390802	2.2806813277284204
NadigOConner2024_jurkat	LIN52	CORRELATION	21	11921	105772.0	0.4225116940493167	0.5774883059506832	0.0020024856439527956	0.0017584994138335288	1.1387468361944897	0.1095490985810807	0.2520395889718851	False	-0.5304099336482608	2.2113824413535137
NadigOConner2024_jurkat	POLR2I	CORRELATION	115	11921	640300.0	0.4670603210264677	0.5329396789735322	0.028275165349330535	0.009554669325357262	2.9593033925612375	0.11166310903817694	0.2520395889718851	False	-0.47432464284747855	2.19226889569231
NadigOConner2024_jurkat	ERCC3	CORRELATION	84	11921	463946.0	0.4633140396499175	0.5366859603500825	0.008247348860599725	0.006997084548104956	1.1786836079940441	0.12290244195150862	0.26277400204832424	False	-0.13846374739628947	2.096364393189246
NadigOConner2024_jurkat	POLR2D	CORRELATION	96	11921	532944.0	0.46569079775186645	0.5343092022481336	0.009866369591707197	0.00798868269950903	1.2350433685785978	0.12307136804794933	0.26277400204832424	False	-0.15863122669421725	2.09499086384481
NadigOConner2024_jurkat	MYBL2	CORRELATION	44	11921	236433.0	0.4507572580091664	0.5492427419908336	0.01609695733327551	0.0036773923944839115	4.377274874832761	0.12937016865621304	0.2689537716800218	False	-0.3275534289705352	2.04507745937989
NadigOConner2024_jurkat	NFYC	CORRELATION	20	11921	102987.0	0.4319562117272041	0.5680437882727959	0.0025231519678831555	0.0016749015995310276	1.506447882424638	0.14613151426439308	0.29600999043300136	False	-0.6520546652456378	1.923248280102177
NadigOConner2024_jurkat	GTF2H4	CORRELATION	125	11921	711610.0	0.47755054106199146	0.5224494589380085	0.011580674846618077	0.010376888593724059	1.1160064736188908	0.19354853241048697	0.38225835151071175	False	-0.17940292595873802	1.6422269844698572
NadigOConner2024_jurkat	POLR2C	CORRELATION	10	11921	50599.0	0.42445264659005116	0.5755473534099488	0.004890424990364363	0.0008381527114240215	5.834766056003722	0.20407534319400222	0.39321834420307744	False	-0.7734951472504699	1.5892660239408651
NadigOConner2024_jurkat	TNRC6A	CORRELATION	164	11921	943729.0	0.48271496702887506	0.5172850329711249	0.016682986073812914	0.013570541994207696	1.2293529676952992	0.22316799576361285	0.4197683729839385	False	-0.1065985075352185	1.499830446911902
NadigOConner2024_jurkat	MED1	CORRELATION	120	11921	688780.0	0.4814892486648212	0.5185107513351788	0.012760828923684749	0.009965949671954157	1.2804428422507337	0.24231275277199837	0.44517924346483423	False	-0.06498739290801793	1.417526020386206
NadigOConner2024_jurkat	MYB	CORRELATION	13	11921	69722.0	0.44989772411968537	0.5501022758803147	0.006292685973681135	0.0010893246187363835	5.7766857238392815	0.26586418290553915	0.477347055671309	False	-0.8606918071787467	1.3247696911768763
NadigOConner2024_jurkat	RUVBL2	CORRELATION	8	11921	43699.0	0.4582144954282359	0.5417855045717641	0.0013924653606327921	0.000670634587978875	2.076339910873572	0.343889924889559	0.5973639363836575	False	-0.3738178886816895	1.0674336586012798
NadigOConner2024_jurkat	POLR2A	CORRELATION	16	11921	89979.0	0.47174628806308194	0.5282537119369181	0.002074181200552961	0.0013403702772891012	1.5474688119375433	0.34783216548921825	0.5973639363836575	False	-0.30940197423866367	1.056035198620511
NadigOConner2024_jurkat	SUPT16H	CORRELATION	55	11921	321491.0	0.4903356185798934	0.5096643814201066	0.00549452198725151	0.00459251837007348	1.1964071876240743	0.4021901136843569	0.6760216804481745	False	-0.05172321354127256	0.9108303825415238
NadigOConner2024_jurkat	RAD51D	CORRELATION	115	11921	678813.0	0.49515323707159087	0.5048467629284091	0.012625614588959746	0.009554669325357262	1.3214078016758217	0.42890337016463514	0.705903463395962	False	-0.14661590729923063	0.8465236297969233
NadigOConner2024_jurkat	YBX1	CORRELATION	66	11921	389242.0	0.4947241054111283	0.5052758945888718	0.006202216282454125	0.005505964795194794	1.1264540390572364	0.44115421674685096	0.7112486351632904	False	-0.09688775306981733	0.818360766826665
NadigOConner2024_jurkat	MAX	CORRELATION	76	11921	451693.0	0.49855959628960833	0.5014404037103917	0.006970432290142853	0.006334917062598983	1.1003194234847868	0.48271412998936053	0.7516889783523772	False	0.025996513704238555	0.7283306639258985
NadigOConner2024_jurkat	ERCC2	CORRELATION	86	11921	511908.0	0.4993220874633976	0.5006779125366024	0.00937156754339449	0.0071624885483467975	1.3084233894597401	0.4913503606148168	0.7516889783523772	False	0.036751723401558606	0.7105978402474074
NadigOConner2024_jurkat	HDAC3	CORRELATION	120	11921	714764.0	0.4996532729357157	0.5003467270642843	0.009910970620720931	0.009965949671954157	0.994483310367506	0.4947826186623242	0.7516889783523772	False	0.005204817603531392	0.7036367670874275
NadigOConner2024_jurkat	POLR2E	CORRELATION	17	11921	101619.0	0.5014334565299989	0.498566543470001	0.0014681581247759545	0.001424024124643994	1.0309924525632557	0.508175202931386	0.757468698709047	False	0.4296373324024463	0.6769290032035247
NadigOConner2024_jurkat	STAT5A	CORRELATION	112	11921	672565.0	0.5037366532050284	0.49626334679497164	0.009270831195263268	0.009307737056428156	0.9960349265410974	0.5542304492356178	0.8108186201780335	False	0.064782913795467	0.5901747053782913
NadigOConner2024_jurkat	USF2	CORRELATION	139	11921	836525.0	0.5048373012017364	0.4951626987982636	0.011500942397445018	0.011525704809286899	0.9978515490157331	0.5778605564780789	0.8300178902139678	False	0.03061833991772229	0.5484226911836784
NadigOConner2024_jurkat	POLR2B	CORRELATION	37	11921	226394.0	0.5132754598403453	0.4867245401596547	0.003495650506762189	0.003094162903495568	1.12975645296925	0.6099966843960597	0.86053103691587	False	-0.013047760358540966	0.49430175724584763
NadigOConner2024_jurkat	ASF1B	CORRELATION	92	11921	559282.0	0.5099532064351181	0.49004679356488184	0.007572882128805473	0.007658370099059352	0.9888373153623929	0.6292800166329142	0.8662461735054002	False	0.1320770616897304	0.4631789438669792
NadigOConner2024_jurkat	RAD51	CORRELATION	35	11921	216018.0	0.5177370067228301	0.4822629932771699	0.004780805264823657	0.002927400468384075	1.6331230784637611	0.6417331006022542	0.8662461735054002	False	-0.010939101214299252	0.4435827928814649
NadigOConner2024_jurkat	CHEK1	CORRELATION	33	11921	204161.0	0.518974664012832	0.48102533598716807	0.0027921688374650225	0.0027605822318889075	1.0114420085774811	0.6469433447698558	0.8662461735054002	False	-0.017644894196756328	0.4354965543588658
NadigOConner2024_jurkat	POLR2L	CORRELATION	35	11921	217392.5	0.5210313132886742	0.47896868671132575	0.00289789511689777	0.002927400468384075	0.9899209719322781	0.6665436144197827	0.8776157589860472	False	0.1554226787563021	0.40564970351517415
NadigOConner2024_jurkat	NELFB	CORRELATION	205	11921	1246029.0	0.509872514378193	0.49012748562180697	0.016895332719236746	0.01690582220023091	0.9993795344071452	0.6863374149269981	0.8888632094956205	False	0.1483266743524045	0.37638591368482505
NadigOConner2024_jurkat	ELOB	CORRELATION	194	11921	1184195.0	0.5120457963379188	0.4879542036620812	0.017667059275946743	0.01601320676846884	1.1032805315881176	0.7178672238846079	0.914701785272323	False	0.07467203767998691	0.33147065198643966
NadigOConner2024_jurkat	RBBP4	CORRELATION	37	11921	233818.0	0.5301069881222553	0.4698930118777447	0.0029039140772293467	0.003094162903495568	0.938513636094825	0.7367671919934854	0.9238826693251642	False	0.32018068464020816	0.30548332272856543
NadigOConner2024_jurkat	RUVBL1	CORRELATION	25	11921	161811.0	0.5429443838604144	0.45705561613958556	0.005341837444576085	0.0020927507115352417	2.5525436045162366	0.7712705888226071	0.9359438439601664	False	-0.7139522364510649	0.2597160087248751
NadigOConner2024_jurkat	STAT5B	CORRELATION	196	11921	1204442.0	0.5154863052510661	0.4845136947489339	0.01627066360780844	0.016175621028307337	1.0058756680398717	0.7718418820312536	0.9359438439601664	False	0.07531389958372657	0.2589755659567189
NadigOConner2024_jurkat	POLR2G	CORRELATION	8	11921	55266.0	0.5795025585101921	0.42049744148980783	0.000725639824637735	0.000670634587978875	1.0820196835129425	0.7819277683717846	0.9359438439601664	False	0.44155331144046706	0.24599291051401212
NadigOConner2024_jurkat	SP1	CORRELATION	194	11921	1203978.0	0.5205999635054487	0.4794000364945513	0.016389355141526576	0.01601320676846884	1.0234898842247138	0.837912439333675	0.9768839473304916	False	0.11375754820351859	0.17684167162791634
NadigOConner2024_jurkat	VHL	CORRELATION	61	11921	390483.0	0.5369818518360628	0.46301814816393716	0.00951397931719229	0.005090969788015356	1.8687950848950496	0.8408621318794105	0.9768839473304916	False	0.15475268067143622	0.17332756600375537
NadigOConner2024_jurkat	GABPB1	CORRELATION	99	11921	636800.0	0.539579165533364	0.46042083446663595	0.007973816310248835	0.008236272878535773	0.9681340611029394	0.9128504146162899	0.9999999999179392	False	0.27031433939356864	0.09118325122291822
NadigOConner2024_jurkat	E2F6	CORRELATION	119	11921	762982.0	0.5378419130423749	0.46215808695762506	0.008826715785106411	0.009883720930232558	0.893055950022531	0.9226135885777658	0.9999999999179392	False	0.26005932112714236	0.08054477939787431
NadigOConner2024_jurkat	TFDP1	CORRELATION	337	11921	2105214.0	0.5240269957238267	0.4759730042761733	0.024838280732223723	0.02749224995921031	0.9034648225982148	0.9340603632823157	0.9999999999179392	False	0.34361139330077	0.06821421405972161
NadigOConner2024_jurkat	NPM1	CORRELATION	148	11921	945710.0	0.5360231886949445	0.4639768113050556	0.011509348675818733	0.012262822106222553	0.9385562781652452	0.9343153177497115	0.9999999999179392	False	0.16833027256307254	0.06794129842335717
NadigOConner2024_jurkat	CDC6	CORRELATION	40	11921	273844.5	0.5742901182786679	0.4257098817213321	0.002890985427350506	0.003344201989800184	0.8644769174134851	0.9479036387555247	0.9999999999179392	False	0.5322220394088664	0.053502428775867555
NadigOConner2024_jurkat	KAT5	CORRELATION	34	11921	236390.0	0.5832268315429519	0.41677316845704815	0.00244831705690972	0.0028439983270598075	0.8608714828045796	0.9533910364108831	0.9999999999179392	False	0.4577073924594108	0.04773013796435251
NadigOConner2024_jurkat	NELFE	CORRELATION	128	11921	841637.0	0.5515719371277578	0.44842806287224235	0.009518310242613931	0.010623288239687941	0.8959853133848067	0.9778038566168461	0.9999999999179392	False	0.3979816673440272	0.022446184667781553
NadigOConner2024_jurkat	LIN54	CORRELATION	268	11921	1739764.0	0.5445563892641482	0.4554436107358518	0.019600906418941386	0.021987037492821396	0.8914755535092409	0.9937687265564602	0.9999999999179392	False	0.24915428240003734	0.006250768857602761
NadigOConner2024_jurkat	CLOCK	CORRELATION	441	11921	2819788.0	0.5363708663288037	0.4636291336711963	0.03387353821997799	0.03567383918459796	0.9495344205790656	0.9953283034067198	0.9999999999179392	False	0.13053498680637937	0.0046826430735386285
NadigOConner2024_jurkat	DNMT1	CORRELATION	157	11921	1056521.0	0.5645024008907901	0.43549759910921	0.013085712259415273	0.012998840867693326	1.0066830106319598	0.9972935114203936	0.9999999999179392	False	0.4179992431690563	0.002710157741681017
NadigOConner2024_jurkat	MCM6	CORRELATION	350	11921	2503395.0	0.5999964049037113	0.4000035950962887	0.021653820644230163	0.02852253280091272	0.7591829517867095	0.9999999999179392	0.9999999999179392	False	0.2983768214223784	8.206080260090588e-11
NadigOConner2024_jurkat	MYC	NONZERORATE	115	11921	90623.0	0.06610402541368356	0.9338959745863165	0.17131457813863593	0.009554669325357262	17.929932717188017	3.322658804398283e-58	2.8242599837385406e-56	True	-11.95488940161647	132.34917008653298
NadigOConner2024_jurkat	MAX	NONZERORATE	76	11921	92207.0	0.10177418001845483	0.8982258199815452	0.04557396173918477	0.006334917062598983	7.194089723486838	2.066264849023905e-33	8.781625608351597e-32	True	-5.369739398168708	75.25956551221579
NadigOConner2024_jurkat	TRRAP	NONZERORATE	35	11921	42498.0	0.10185626805037928	0.8981437319496207	0.027976522619900798	0.002927400468384075	9.556780126958111	1.862216073113621e-16	5.276278873821926e-15	True	-4.61949247418005	36.21959427221976
NadigOConner2024_jurkat	NRF1	NONZERORATE	81	11921	240188.0	0.24874456426619276	0.7512554357338072	0.02006125171877616	0.0067488751874687555	2.9725326312191536	2.9387334200046966e-15	6.244808517509981e-14	True	-1.41039665455983	33.46079771590739
NadigOConner2024_jurkat	CCNH	NONZERORATE	199	11921	969172.0	0.4085404794292746	0.5914595205707255	0.02733905351765077	0.01641914191419142	1.6650720031855646	4.660759954960883e-06	7.923291923433502e-05	True	-0.604507148382537	12.276332042659185
NadigOConner2024_jurkat	ACTL6A	NONZERORATE	9	11921	9379.0	0.08741809505168284	0.912581904948317	0.008961691761794737	0.0007544006705783739	11.879220302023468	9.102856314820681e-06	0.0001289571311266263	True	-4.478811443246745	11.606922312942201
NadigOConner2024_jurkat	SUPT5H	NONZERORATE	45	11921	187519.5	0.3495596007046389	0.6504403992953611	0.009052870908944449	0.003760655189704162	2.4072589621428726	0.00024225289369114088	0.002941642280535282	True	-1.0172520477490476	8.32552836220327
NadigOConner2024_jurkat	ELL	NONZERORATE	92	11921	437682.5	0.3990788086788751	0.600921191321125	0.012282399969366076	0.007658370099059352	1.603787726434725	0.000418531899047017	0.0044469014273745555	True	-0.49060593228333477	7.77875744860495
NadigOConner2024_jurkat	TGS1	NONZERORATE	154	11921	776797.5	0.4231305771654736	0.5768694228345264	0.01683229164583971	0.012753623188405797	1.3198046858669774	0.0005131719695624885	0.00481738232858718	True	-0.4386953790344458	7.574899545649596
NadigOConner2024_jurkat	HSF1	NONZERORATE	32	11921	127281.0	0.3336575161479742	0.6663424838520259	0.005665234578122093	0.002677152179369196	2.116142153509168	0.000566750862186727	0.00481738232858718	True	-0.8035823804675004	7.475590747295522
NadigOConner2024_jurkat	GTF2H1	NONZERORATE	46	11921	200275.0	0.3652214032233946	0.6347785967766053	0.010862729660301485	0.003843904069524526	2.8259627357571278	0.0007879211003287913	0.005696759841576825	True	-0.8619850947512775	7.146112599605692
NadigOConner2024_jurkat	CDK12	NONZERORATE	36	11921	149512.0	0.34838613464567664	0.6516138653543234	0.007434214484586527	0.0030107886593627163	2.469191738672253	0.0008266425219538319	0.005696759841576825	True	-0.9261375916433254	7.098138215213811
NadigOConner2024_jurkat	KAT5	NONZERORATE	34	11921	139739.0	0.344767266859768	0.655232733140232	0.0061598277659971595	0.0028439983270598075	2.1659041453675307	0.0008712691522411616	0.005696759841576825	True	-0.8437867185552875	7.045559613644883
NadigOConner2024_jurkat	NELFA	NONZERORATE	120	11921	600365.0	0.4196830523166401	0.5803169476833598	0.017759639153757018	0.009965949671954157	1.7820317920865687	0.0012128611275617348	0.00736379970305339	True	-0.6253046677009015	6.7147731423330015
NadigOConner2024_jurkat	MYB	NONZERORATE	13	11921	40578.0	0.2618391590793235	0.7381608409206765	0.0545552249594424	0.0010893246187363835	50.08169651276812	0.0014752789980007788	0.008359914322004412	True	-4.197763034906788	6.518908155890215
NadigOConner2024_jurkat	CCNK	NONZERORATE	237	11921	1259917.0	0.445944592335548	0.554055407664452	0.022139453453376364	0.01949333772001974	1.135744620616666	0.0021560904872406136	0.011182950665191075	True	-0.23037356702251624	6.139458656852922
NadigOConner2024_jurkat	MNAT1	NONZERORATE	129	11921	657191.0	0.42735541279833844	0.5726445872016616	0.015721756312282384	0.010705394190871369	1.468582663279091	0.002236590133038215	0.011182950665191075	True	-0.5028328916296886	6.102802834969735
NadigOConner2024_jurkat	POLR2I	NONZERORATE	115	11921	586291.0	0.4276640054270323	0.5723359945729677	0.013945864017495264	0.009554669325357262	1.4595862549093304	0.0037457192421429977	0.017688118643453044	True	-0.505729407039113	5.58714162647619
NadigOConner2024_jurkat	SSRP1	NONZERORATE	17	11921	68022.5	0.33565334530758867	0.6643466546924114	0.003472744822592788	0.001424024124643994	2.4386839818889823	0.009499858853451006	0.042499368554912396	True	-1.0553398793926294	4.6564783380174894
NadigOConner2024_jurkat	ATR	NONZERORATE	126	11921	663033.0	0.44141990325196434	0.5585800967480357	0.013901672491710947	0.010459035444509006	1.329154353235252	0.011731251521055865	0.049857818964487426	True	-0.2575385585833057	4.445498927970998
NadigOConner2024_jurkat	NELFCD	NONZERORATE	106	11921	553327.0	0.43788826757284194	0.5621117324271581	0.010206725161250032	0.008813502951692026	1.1580781463618315	0.013715306346193463	0.05551433521078306	True	-0.2960749525415893	4.289242818262118
NadigOConner2024_jurkat	CDK7	NONZERORATE	16	11921	66880.0	0.3506417246875262	0.6493582753124738	0.00243993709696859	0.0013403702772891012	1.8203455704071285	0.01931705785835084	0.07463408717999187	True	-0.7906753732968541	3.9467667465587164
NadigOConner2024_jurkat	NFYB	NONZERORATE	22	11921	98545.0	0.3757502039944788	0.6242497960055212	0.0038954040545111086	0.0018420832286695134	2.1146732101375534	0.021855867951557133	0.08077168590792853	True	-0.9809754267040738	3.823285837359944
NadigOConner2024_jurkat	ERCC2	NONZERORATE	86	11921	453730.0	0.44257446796058547	0.5574255320394145	0.009722101160245028	0.0071624885483467975	1.3573635887332796	0.03302599963948173	0.1169670820564978	False	-0.22404491098481735	3.4104601598575357
NadigOConner2024_jurkat	POLR2F	NONZERORATE	41	11921	204684.0	0.4187813675804739	0.5812186324195261	0.005770709320178488	0.0034275204815248286	1.683639631414026	0.036062472625547404	0.12261240692686116	False	-0.5293044032317257	3.3225024937977143
NadigOConner2024_jurkat	SP1	NONZERORATE	194	11921	1070612.0	0.4629325188072335	0.5370674811927665	0.02174024567235503	0.01601320676846884	1.357644723301965	0.038029843128697324	0.12432833330535663	False	-0.5254015145862583	3.2693840819861237
NadigOConner2024_jurkat	VHL	NONZERORATE	61	11921	316737.0	0.43556831105323157	0.5644316889467683	0.006669445760033622	0.005090969788015356	1.310054083552834	0.04104120484917048	0.12920379304368484	False	-0.16623685058652476	3.193178720627301
NadigOConner2024_jurkat	NFYC	NONZERORATE	20	11921	93335.0	0.39147303078600787	0.6085269692139922	0.0033987443656001435	0.0016749015995310276	2.0292203234815656	0.04649994801758929	0.13628543712107666	False	-0.8784840690682351	3.068304084290757
NadigOConner2024_jurkat	GABPA	NONZERORATE	120	11921	651819.0	0.4556517909571345	0.5443482090428655	0.011158118718642522	0.009965949671954157	1.1196242290931218	0.04702531728935764	0.13628543712107666	False	-0.20567956360085513	3.057069156569371
NadigOConner2024_jurkat	GTF2F2	NONZERORATE	103	11921	555955.0	0.45278259871011667	0.5472174012898834	0.011140774389809045	0.008566200931470393	1.300550206437514	0.049185355139741566	0.13628543712107666	False	-0.31991189409937687	3.0121593595546847
NadigOConner2024_jurkat	YY1	NONZERORATE	65	11921	341590.0	0.44083808147225645	0.5591619185277436	0.00895643744684342	0.005422993492407809	1.6515670651979266	0.04970410059709854	0.13628543712107666	False	-0.26771746019398235	3.001667842299194
NadigOConner2024_jurkat	CDK9	NONZERORATE	61	11921	323283.0	0.44457019641602297	0.5554298035839769	0.006643015653668429	0.005090969788015356	1.3048625174140183	0.06735577556667982	0.17758599676584452	False	-0.3751394863496886	2.6977666252860684
NadigOConner2024_jurkat	HDAC3	NONZERORATE	120	11921	659047.0	0.4607044990632777	0.5392955009367224	0.014799049811738733	0.009965949671954157	1.484961323192884	0.06894515168556317	0.17758599676584452	False	-0.2875586677291214	2.6744439935956583
NadigOConner2024_jurkat	LIN52	NONZERORATE	21	11921	102106.0	0.40786766850016576	0.5921323314998342	0.002063202339744797	0.0017584994138335288	1.1732743972015411	0.07198257974955476	0.17995644937388688	False	-0.41485894944025015	2.631331137163053
NadigOConner2024_jurkat	E2F6	NONZERORATE	119	11921	655463.0	0.4620495291481243	0.5379504708518756	0.011502063831634565	0.009883720930232558	1.1637382229653794	0.07680020864439024	0.1865147924220906	False	-0.3355563495593219	2.5665479221083696
NadigOConner2024_jurkat	RBBP4	NONZERORATE	37	11921	192728.0	0.4369486506891087	0.5630513493108913	0.0039761276168269	0.003094162903495568	1.2850414605950289	0.09234671736921984	0.2180408604551024	False	-0.4884549379072978	2.3822051185103907
NadigOConner2024_jurkat	CTDP1	NONZERORATE	90	11921	494254.0	0.4606753721257538	0.5393246278742462	0.010184919559554839	0.007493131296311714	1.3592340981090352	0.09897360801378141	0.22737180219382216	False	-0.22604238436689741	2.3129020501072164
NadigOConner2024_jurkat	POLR2H	NONZERORATE	13	11921	62635.0	0.40416717750834014	0.5958328224916599	0.0015242513427754564	0.0010893246187363835	1.3992627326678688	0.1158074685333117	0.2584553354844868	False	-0.35251409298070313	2.1558262208166434
NadigOConner2024_jurkat	GTF2F1	NONZERORATE	45	11921	240881.0	0.44903205361220627	0.5509679463877937	0.00449673198208557	0.003760655189704162	1.1957309977252428	0.11858538922229395	0.2584553354844868	False	-0.051387460967277435	2.132121993748682
NadigOConner2024_jurkat	ERCC3	NONZERORATE	84	11921	464808.0	0.4641748654834805	0.5358251345165195	0.00802335410297221	0.006997084548104956	1.1466710238831117	0.12853033381152112	0.2731269593494824	False	-0.12623688941241273	2.051590341714779
NadigOConner2024_jurkat	GTF2H3	NONZERORATE	88	11921	488497.0	0.46565743416888455	0.5343425658311154	0.0085556262658954	0.007327837455241902	1.1675513162174755	0.13310230888680674	0.27594381110679445	False	-0.2118240479196803	2.0166372067232134
NadigOConner2024_jurkat	POLR2D	NONZERORATE	96	11921	535597.0	0.4680090107093924	0.5319909892906077	0.009438462412152838	0.00798868269950903	1.18147919590459	0.13975855770281265	0.2828447001128351	False	-0.09504579103643981	1.9678389330234618
NadigOConner2024_jurkat	MED1	NONZERORATE	120	11921	676467.0	0.4728818891032632	0.5271181108967369	0.012104457361639436	0.009965949671954157	1.2145814257625036	0.15294984665251443	0.3023427201270634	False	-0.1992808708208645	1.8776452109845214
NadigOConner2024_jurkat	POLR2L	NONZERORATE	35	11921	188933.5	0.45282274976931464	0.5471772502306853	0.004388616320011178	0.002927400468384075	1.4991513349158183	0.1671810332762248	0.32296335973816154	False	-0.30261716034399067	1.788678022109191
NadigOConner2024_jurkat	ELOB	NONZERORATE	194	11921	1112336.0	0.48097397212058424	0.5190260278794158	0.01672816485486122	0.01601320676846884	1.0446480268899159	0.1812615885181773	0.3423830005343349	False	-0.08210448773409618	1.7078140506392008
NadigOConner2024_jurkat	POLR2C	NONZERORATE	10	11921	50453.0	0.4232279171210469	0.5767720828789531	0.006660556217555633	0.0008381527114240215	7.946709623165626	0.20029654931465868	0.37011318895099976	False	-0.9138767135009777	1.6079562640440896
NadigOConner2024_jurkat	POLR2A	NONZERORATE	16	11921	85830.0	0.44999370858149484	0.5500062914185052	0.002312268896092362	0.0013403702772891012	1.7250971132909076	0.24435007144289977	0.4299136995034942	False	-0.3542481306932019	1.409153362886643
NadigOConner2024_jurkat	GTF2H2	NONZERORATE	72	11921	409119.0	0.47665534211335736	0.5233446578866426	0.006665339600789718	0.006003502042858334	1.1102419143370983	0.2469617957269501	0.4299136995034942	False	-0.0399263832614989	1.3985216274875307
NadigOConner2024_jurkat	POLR2K	NONZERORATE	25	11921	137276.0	0.46061907558090764	0.5393809244190924	0.004582731960151489	0.0020927507115352417	2.1898126398387876	0.24783260324319073	0.4299136995034942	False	-0.511457612323079	1.3950017476460073
NadigOConner2024_jurkat	GTF2H4	NONZERORATE	125	11921	725636.0	0.4869631742303498	0.5130368257696503	0.011356006401357702	0.010376888593724059	1.0943556248860389	0.3077441502694558	0.5231650554580748	False	-0.12245302293535029	1.178486522158487
NadigOConner2024_jurkat	RUVBL2	NONZERORATE	8	11921	42941.0	0.4502663367167184	0.5497336632832815	0.001471536568793296	0.000670634587978875	2.1942449661419032	0.316140027483241	0.5269000458054017	False	-0.5168360740218165	1.1515700385991248
NadigOConner2024_jurkat	SUPT16H	NONZERORATE	55	11921	318676.0	0.4860422020727364	0.5139577979272636	0.005469569967182654	0.00459251837007348	1.190973998672354	0.360274848608412	0.5889108102252888	False	-0.08335949834712127	1.0208880704689942
NadigOConner2024_jurkat	GATA1	NONZERORATE	32	11921	184476.0	0.4835898833990437	0.5164101166009563	0.0029846856444424763	0.002677152179369196	1.1148733596256537	0.37406660103752293	0.5999181337394236	False	-0.021537312325322612	0.9833214197811103
NadigOConner2024_jurkat	LIN54	NONZERORATE	268	11921	1581145.0	0.4949077070815706	0.5050922929184294	0.02436306545750863	0.021987037492821396	1.108064943513331	0.3876032212414442	0.6101161815837548	False	-0.03190757916252134	0.9477730882636197
NadigOConner2024_jurkat	ASF1B	NONZERORATE	92	11921	540409.0	0.49274480912383334	0.5072551908761667	0.007842983797393113	0.007658370099059352	1.0241061343269942	0.40497823685982465	0.6102156409915396	False	0.08433559881281205	0.9039219494680176
NadigOConner2024_jurkat	ATF4	NONZERORATE	52	11921	304179.0	0.4906967665335252	0.5093032334664748	0.0051309828515638005	0.004343105320304018	1.181408801572565	0.4083233673257912	0.6102156409915396	False	-0.0011659923896865654	0.8956958515183467
NadigOConner2024_jurkat	RAD51D	NONZERORATE	115	11921	676943.0	0.49378918459568977	0.5062108154043102	0.013147995116367947	0.009554669325357262	1.376080601918301	0.40920342984138536	0.6102156409915396	False	-0.17619078484300194	0.8935428631182255
NadigOConner2024_jurkat	NELFB	NONZERORATE	205	11921	1212680.0	0.49622617189178353	0.5037738281082165	0.018091994594089895	0.01690582220023091	1.070163543648459	0.42639117517895037	0.6204178114442219	False	0.021005476877358153	0.8523981024540731
NadigOConner2024_jurkat	LMO2	NONZERORATE	181	11921	1070698.5	0.4962219047032003	0.5037780952967996	0.015337754997059739	0.014956205585853578	1.025511110355895	0.43064295147304815	0.6204178114442219	False	-0.060364392679169765	0.8424759510629528
NadigOConner2024_jurkat	CCND1	NONZERORATE	282	11921	1679737.0	0.4996656475461088	0.5003343524538911	0.023881615937060917	0.023109071539785298	1.0334303520565757	0.4923348844036913	0.6974744195718959	False	-0.006014272867317316	0.7085961346762508
NadigOConner2024_jurkat	NELFE	NONZERORATE	128	11921	764227.0	0.5008408218689707	0.4991591781310293	0.010345365074334043	0.010623288239687941	0.973838310786335	0.5130787054468414	0.7149457370980578	False	0.05507149207818904	0.6673260236556398
NadigOConner2024_jurkat	POLR2B	NONZERORATE	37	11921	222170.0	0.5036989006454655	0.4963010993545344	0.003619021598970299	0.003094162903495568	1.1696286562293738	0.5310225753730379	0.7280148210759391	False	-0.005248293182374124	0.6329507438171146
NadigOConner2024_jurkat	STAT5A	NONZERORATE	112	11921	672969.0	0.5040392404759908	0.4959607595240092	0.009939754877823056	0.009307737056428156	1.0679024146861147	0.5585909717790158	0.7536544857335927	False	-0.012707735260212126	0.5823377878304288
NadigOConner2024_jurkat	MYBL2	NONZERORATE	44	11921	267705.0	0.5103770275526001	0.48962297244739994	0.003664256469647194	0.0036773923944839115	0.9964279240756516	0.5940678798383114	0.7845855580204626	False	-0.07508206432476852	0.5207616903264033
NadigOConner2024_jurkat	GABPB1	NONZERORATE	99	11921	598798.0	0.5073789653942326	0.49262103460576745	0.008437680937661274	0.008236272878535773	1.0244537865726113	0.5999771914274126	0.7845855580204626	False	0.07746546342697179	0.5108636387761978
NadigOConner2024_jurkat	CDC6	NONZERORATE	40	11921	244897.5	0.5135842211223891	0.4864157788776109	0.0032885080762331048	0.003344201989800184	0.9833461274956041	0.6168163996224185	0.7943847570894784	False	0.08830449176195417	0.4831838688529851
NadigOConner2024_jurkat	YBX1	NONZERORATE	66	11921	403239.0	0.512514203353898	0.4874857966461019	0.005435440594723713	0.005505964795194794	0.9871913092265628	0.6372857958010305	0.8076464595360333	False	0.12062935247933201	0.45053706499903606
NadigOConner2024_jurkat	CHEK1	NONZERORATE	33	11921	204117.0	0.5188628165727402	0.4811371834272598	0.005849439795965311	0.0027605822318889075	2.1189152521505856	0.6461171676288266	0.8076464595360333	False	-0.08136287006675003	0.43677441760738617
NadigOConner2024_jurkat	NANOG	NONZERORATE	96	11921	589959.5	0.5155114049436569	0.4844885950563431	0.008398215525961575	0.00798868269950903	1.051264124744586	0.6999860386679247	0.8527997185987413	False	0.017960688147989887	0.35669488889773926
NadigOConner2024_jurkat	FOXO1	NONZERORATE	72	11921	444799.0	0.5182253073474448	0.48177469265255524	0.007297310080727124	0.006003502042858334	1.2155088860855612	0.7033627314390839	0.8527997185987413	False	0.08578097330599423	0.3518825437990356
NadigOConner2024_jurkat	POLR2E	NONZERORATE	17	11921	109283.0	0.5392510498033624	0.46074895019663764	0.0015027782542157554	0.001424024124643994	1.0553039293428053	0.7123385884765957	0.8527997185987413	False	0.4956311412006401	0.33920193499294576
NadigOConner2024_jurkat	RUVBL1	NONZERORATE	25	11921	162064.0	0.5437933059307105	0.4562066940692895	0.00539910901488688	0.0020927507115352417	2.579910251673547	0.7756923375954158	0.9157478985501436	False	-0.8795742602946042	0.2539993095856454
NadigOConner2024_jurkat	STAT5B	NONZERORATE	196	11921	1208148.0	0.5170724274946117	0.4829275725053883	0.01540876961578069	0.016175621028307337	0.9525921501755847	0.7942399107121443	0.9247998960346886	False	0.1298102564312121	0.23036970882519384
NadigOConner2024_jurkat	USF2	NONZERORATE	139	11921	874296.0	0.52763184972532	0.47236815027468	0.010976053264635232	0.011525704809286899	0.9523108084280639	0.8690602957037746	0.9982449342543357	False	0.16337712777258454	0.14034277096408923
NadigOConner2024_jurkat	TFDP1	NONZERORATE	337	11921	2086646.0	0.5194050745050813	0.48059492549491867	0.02524340212186149	0.02749224995921031	0.9182006623435554	0.8881775897399441	0.9999999816193395	False	0.18319688685051683	0.11858356753910744
NadigOConner2024_jurkat	CLOCK	NONZERORATE	441	11921	2733364.0	0.5199315752361399	0.4800684247638602	0.03481713659839419	0.03567383918459796	0.9759851306787958	0.922835202160702	0.9999999816193395	False	0.04757830557431207	0.08030460629189193
NadigOConner2024_jurkat	ZBTB17	NONZERORATE	402	11921	2503784.5	0.5224662068401387	0.47753379315986133	0.03228836152063128	0.03262192647894182	0.9897748234296997	0.9379737409732425	0.9999999816193395	False	0.11616425123947974	0.06403332506580697
NadigOConner2024_jurkat	RAD51	NONZERORATE	35	11921	240352.0	0.5760590554483684	0.42394094455163156	0.0024559479888095685	0.002927400468384075	0.8389518329773485	0.9402562228836338	0.9999999816193395	False	0.36148312858279197	0.061602863324814065
NadigOConner2024_jurkat	POLR2G	NONZERORATE	8	11921	64298.0	0.6742093784078517	0.32579062159214833	0.0005826476386991299	0.000670634587978875	0.86880046025524	0.9560242439079316	0.9999999816193395	False	0.9584180669172608	0.044972006515958306
NadigOConner2024_jurkat	NPM1	NONZERORATE	148	11921	959314.0	0.5437338605277536	0.45626613947224626	0.01108938669626738	0.012262822106222553	0.9043095137652096	0.9664989411703278	0.9999999816193395	False	0.19537454023847567	0.034075075864276286
NadigOConner2024_jurkat	MCM6	NONZERORATE	350	11921	2210590.0	0.5298189269835943	0.47018107301640566	0.025913125068003362	0.02852253280091272	0.9085141648841979	0.9716742996878968	0.9999999816193395	False	0.10347807955622287	0.02873461330004581
NadigOConner2024_jurkat	BRCA1	NONZERORATE	137	11921	895194.0	0.5481304230955983	0.4518695769044017	0.012123192074569276	0.011361751534251119	1.0670178834682944	0.9738297796414217	0.9999999816193395	False	0.2970828289445169	0.026518754841169032
NadigOConner2024_jurkat	TNRC6A	NONZERORATE	164	11921	1083854.0	0.5543885457309401	0.4456114542690599	0.014622156882736022	0.013570541994207696	1.0774924751699075	0.9917187246042469	0.9999999816193395	False	0.3709727606282839	0.008315755649111262
NadigOConner2024_jurkat	SUPT4H1	NONZERORATE	18	11921	142822.0	0.6655947953657877	0.33440520463421225	0.0010917686347154338	0.001507663958455482	0.7241458738815313	0.9924887975257526	0.9999999816193395	False	1.0068396687829606	0.007539553612196882
NadigOConner2024_jurkat	DNMT1	NONZERORATE	157	11921	1174770.0	0.6276832031682034	0.3723167968317966	0.009985391238414626	0.012998840867693326	0.7681755119590564	0.9999999816193395	0.9999999816193395	False	0.7522880118851701	1.838066071807978e-08
NadigOConner2024_jurkat	MYC	SPECIFICITY	115	11921	172522.0	0.12584441777936634	0.8741555822206337	0.12221753200111127	0.009554669325357262	12.791393175351088	8.15770039366724e-44	6.934045334617154e-42	True	-4.534073314774548	99.21478177698073
NadigOConner2024_jurkat	MAX	SPECIFICITY	76	11921	130393.0	0.14392226897248994	0.85607773102751	0.03794536471288954	0.006334917062598983	5.989875532375471	4.1566912066427356e-27	1.7665937628231625e-25	True	-3.1335454728435135	60.74507813606954
NadigOConner2024_jurkat	NRF1	SPECIFICITY	81	11921	222617.0	0.23054760713793793	0.7694523928620621	0.022052913579991385	0.0067488751874687555	3.267642824531563	2.8340152352214125e-17	8.029709833127335e-16	True	-1.3604872467434497	38.10225206377268
NadigOConner2024_jurkat	TRRAP	SPECIFICITY	35	11921	42464.0	0.1017747792011696	0.8982252207988304	0.029756032697832974	0.002927400468384075	10.164660769579744	1.836720037023555e-16	3.903030078675054e-15	True	-4.280479474649123	36.23338009555966
NadigOConner2024_jurkat	CCNH	SPECIFICITY	199	11921	967313.0	0.4077568447893355	0.5922431552106645	0.027890887257735014	0.01641914191419142	1.6986811736871779	3.905161761816083e-06	6.638774995087342e-05	True	-0.6118948095827178	12.4532113512499
NadigOConner2024_jurkat	ACTL6A	SPECIFICITY	9	11921	9047.0	0.0843236492091454	0.9156763507908546	0.009238896738742767	0.0007544006705783739	12.246670899244577	7.873319438275182e-06	0.00011153869204223175	True	-4.019180482970445	11.752030800690061
NadigOConner2024_jurkat	GTF2H1	SPECIFICITY	46	11921	196157.0	0.3577118202076715	0.6422881797923286	0.01187345044995151	0.003843904069524526	3.08890394640369	0.00042430816313724376	0.005152313409523674	True	-0.9097850487089679	7.765050566871434
NadigOConner2024_jurkat	MNAT1	SPECIFICITY	129	11921	644877.0	0.419347916418749	0.580652083581251	0.015611715609767911	0.010705394190871369	1.4583036674240568	0.0007995842914937582	0.00849558309712118	True	-0.4779700036577519	7.1314186009865335
NadigOConner2024_jurkat	CDK12	SPECIFICITY	36	11921	150899.0	0.3516180596333268	0.6483819403666732	0.0074347065824058025	0.0030107886593627163	2.4693551834951717	0.0010375491702785324	0.009799075497075028	True	-0.8192430758093908	6.870893913942886
NadigOConner2024_jurkat	NELFA	SPECIFICITY	120	11921	602251.0	0.4210014540167212	0.5789985459832788	0.016831215667563112	0.009965949671954157	1.6888722321093952	0.0014286906088889786	0.012143870175556317	True	-0.5627034483397553	6.550996912300893
NadigOConner2024_jurkat	GABPA	SPECIFICITY	120	11921	605169.0	0.42304127170539385	0.5769587282946061	0.012648931465316	0.009965949671954157	1.2692148647822494	0.0018324172149067064	0.01332716925974373	True	-0.34129711878699787	6.302119301263932
NadigOConner2024_jurkat	SUPT5H	SPECIFICITY	45	11921	201207.5	0.3750757300375621	0.6249242699624379	0.008609841116522233	0.003760655189704162	2.289452417784556	0.0018814827190226442	0.01332716925974373	True	-0.8852683079549566	6.275695132653991
NadigOConner2024_jurkat	TGS1	SPECIFICITY	154	11921	794968.5	0.43302853090203147	0.5669714690979685	0.01629788842763685	0.012753623188405797	1.2779026153487985	0.002115224341708044	0.013830313003475671	True	-0.3502642572524873	6.158594400379532
NadigOConner2024_jurkat	CDK7	SPECIFICITY	16	11921	61557.0	0.3227340407683919	0.677265959231608	0.0026111253736785136	0.0013403702772891012	1.948062724100026	0.00705426089483227	0.042829441147195925	True	-0.872046753599776	4.954123462477641
NadigOConner2024_jurkat	CCNK	SPECIFICITY	237	11921	1282713.0	0.4540131817163414	0.5459868182836586	0.021630994438011756	0.01949333772001974	1.1096608876681304	0.007584611934915452	0.04297946763118756	True	-0.15437548539897827	4.881633829663779
NadigOConner2024_jurkat	ATR	SPECIFICITY	126	11921	663859.0	0.44196981983241523	0.5580301801675848	0.013595647464438068	0.010459035444509006	1.2998949603498842	0.012398579282832086	0.06586745244004545	True	-0.2567360392261105	4.390173386900399
NadigOConner2024_jurkat	GTF2F2	SPECIFICITY	103	11921	541472.0	0.4409873088447164	0.5590126911552836	0.011447823854821173	0.008566200931470393	1.3363945051492212	0.019428799226222215	0.09526907861667415	True	-0.38003058972633363	3.9409988174910495
NadigOConner2024_jurkat	NFYB	SPECIFICITY	22	11921	98165.0	0.37430127124783613	0.6256987287521638	0.003967013410495368	0.0018420832286695134	2.1535473255248263	0.020657029213953917	0.09526907861667415	True	-0.7652760475483092	3.8796996197271065
NadigOConner2024_jurkat	POLR2I	SPECIFICITY	115	11921	610264.0	0.4451508663921541	0.5548491336078458	0.013662942278341353	0.009554669325357262	1.4299754196705783	0.021295441102550692	0.09526907861667415	True	-0.44230580268633635	3.849262261919133
NadigOConner2024_jurkat	SSRP1	SPECIFICITY	17	11921	73897.5	0.3646432148901839	0.6353567851098161	0.004261205138519765	0.001424024124643994	2.9923686437440558	0.026692701755120615	0.11344398245926261	False	-0.8067247631804354	3.6233650934456505
NadigOConner2024_jurkat	LIN52	SPECIFICITY	21	11921	99374.0	0.3969545539883599	0.6030454460116401	0.002161149525622075	0.0017584994138335288	1.2289736969037532	0.051101632167287823	0.2068399397247364	False	-0.5115175483548776	2.9739388416311447
NadigOConner2024_jurkat	NELFCD	SPECIFICITY	106	11921	574611.0	0.45473185895193674	0.5452681410480633	0.010075648380731033	0.008813502951692026	1.1432058780665295	0.05399608646912357	0.20862124317615924	False	-0.23878217188507966	2.9188437078381506
NadigOConner2024_jurkat	CDK9	SPECIFICITY	61	11921	323053.0	0.44425390652396035	0.5557460934760396	0.006692268995800063	0.005090969788015356	1.3145371656996125	0.06625038625496792	0.23745206608036493	False	-0.3246976054382419	2.714313983869135
NadigOConner2024_jurkat	CTDP1	SPECIFICITY	90	11921	487486.0	0.4543671765045811	0.5456328234954189	0.010090106758419627	0.007493131296311714	1.3465808030597572	0.06759510027892882	0.23745206608036493	False	-0.27926803025727037	2.694219779641034
NadigOConner2024_jurkat	GTF2H3	SPECIFICITY	88	11921	476807.0	0.45451399745292875	0.5454860025470712	0.009128738980266834	0.007327837455241902	1.2457616637957318	0.0704266606438035	0.23745206608036493	False	-0.32574986449396093	2.6531833851810136
NadigOConner2024_jurkat	RBBP4	SPECIFICITY	37	11921	190002.0	0.4307683238980949	0.5692316761019052	0.0039596953241178845	0.003094162903495568	1.2797307212378828	0.07263239668340575	0.23745206608036493	False	-0.2851536026890499	2.622344221376134
NadigOConner2024_jurkat	GTF2F1	SPECIFICITY	45	11921	236194.0	0.44029490441704183	0.5597050955829581	0.004867910343597207	0.003760655189704162	1.2944314482552037	0.08306745347058647	0.25741128721059614	False	-0.15697113101883348	2.4881023088245064
NadigOConner2024_jurkat	POLR2L	SPECIFICITY	35	11921	180779.5	0.4332798063441466	0.5667201936558535	0.004370961172897687	0.002927400468384075	1.4931203366618497	0.0860836723077214	0.25741128721059614	False	-0.3005180973822986	2.452435521911246
NadigOConner2024_jurkat	YY1	SPECIFICITY	65	11921	349754.0	0.451374110328896	0.5486258896711039	0.007390895068498587	0.005422993492407809	1.3628810506311395	0.08782267446008574	0.25741128721059614	False	-0.014943936681312331	2.432435560428357
NadigOConner2024_jurkat	POLR2F	SPECIFICITY	41	11921	215388.0	0.44068164194770043	0.5593183580522997	0.005880691765081757	0.0034275204815248286	1.715727680339219	0.09452232873097843	0.2617894290728015	False	-0.415694773639845	2.3589191895253436
NadigOConner2024_jurkat	MYB	SPECIFICITY	13	11921	61250.0	0.39523013686255026	0.6047698631374497	0.01991589279756433	0.0010893246187363835	18.282789588164054	0.09547614472066879	0.2617894290728015	False	-1.670522841676501	2.348878856199896
NadigOConner2024_jurkat	ERCC3	SPECIFICITY	84	11921	462012.0	0.4613826740326195	0.5386173259673804	0.008142719080036418	0.006997084548104956	1.1637302685218713	0.11091036853154218	0.29460566641190894	False	-0.16559951489149427	2.199032894572863
NadigOConner2024_jurkat	ELL	SPECIFICITY	92	11921	509859.5	0.46488978164218786	0.5351102183578121	0.009054607315323593	0.007658370099059352	1.1823151921628514	0.1226074767354629	0.3158071370458893	False	-0.14995712195185415	2.098767272547819
NadigOConner2024_jurkat	E2F6	SPECIFICITY	119	11921	669315.0	0.4718140926364674	0.5281859073635327	0.01067490277024603	0.009883720930232558	1.080048986166069	0.14462232673776748	0.34231149511441106	False	-0.1498955223268624	1.933629577734082
NadigOConner2024_jurkat	VHL	SPECIFICITY	61	11921	335160.0	0.46090313140744876	0.5390968685925512	0.006790356932415427	0.005090969788015356	1.3338042092492075	0.1457021409802075	0.34231149511441106	False	-0.20833627689994266	1.9261908714468845
NadigOConner2024_jurkat	KAT5	SPECIFICITY	34	11921	181671.0	0.44822285931401334	0.5517771406859867	0.004883382922830859	0.0028439983270598075	1.7170836130130271	0.14817558054529756	0.34231149511441106	False	-0.30529984318874265	1.9093573533452841
NadigOConner2024_jurkat	MED1	SPECIFICITY	120	11921	675916.0	0.4724967144814473	0.5275032855185526	0.011854959016760074	0.009965949671954157	1.1895463460067337	0.14954045607387856	0.34231149511441106	False	-0.06687078646023081	1.9001883135696354
NadigOConner2024_jurkat	POLR2D	SPECIFICITY	96	11921	537557.0	0.4697216746357968	0.5302783253642033	0.00941558460165522	0.00798868269950903	1.1786154183134456	0.1530333742864426	0.34231149511441106	False	-0.04146030944267055	1.877099248786028
NadigOConner2024_jurkat	GTF2H2	SPECIFICITY	72	11921	401415.0	0.46767958504599727	0.5323204149540027	0.006928419106250711	0.006003502042858334	1.1540629214064553	0.17179138712432146	0.37441712578377756	False	-0.1462084839277469	1.7614744038416505
NadigOConner2024_jurkat	ATF4	SPECIFICITY	52	11921	288876.0	0.4660102082298207	0.5339897917701792	0.004913652361870361	0.004343105320304018	1.1313684563206505	0.19845168564514182	0.4217098319959264	False	-0.17171420943965346	1.6172096057345045
NadigOConner2024_jurkat	POLR2H	SPECIFICITY	13	11921	67389.0	0.43484348886580243	0.5651565111341976	0.0013192574913392162	0.0010893246187363835	1.2110783770494002	0.2080267853263933	0.4279806071892991	False	-0.16615658810666056	1.5700884319640258
NadigOConner2024_jurkat	POLR2A	SPECIFICITY	16	11921	84338.0	0.4421713782400805	0.5578286217599195	0.0024711604830921136	0.0013403702772891012	1.8436401679169099	0.2116555854299021	0.4279806071892991	False	-0.41675449781008067	1.5527949224276598
NadigOConner2024_jurkat	ELOB	SPECIFICITY	194	11921	1118450.0	0.48361766509244275	0.5163823349075572	0.016637252818776982	0.01601320676846884	1.038970710822078	0.216507836578116	0.4279806071892991	False	-0.08386419920476593	1.530128535529013
NadigOConner2024_jurkat	NFYC	SPECIFICITY	20	11921	107914.0	0.4526214243771496	0.5473785756228504	0.002276677083628844	0.0016749015995310276	1.359290052780601	0.231685409213984	0.44757408598155995	False	-0.35771621184317787	1.4623748222759871
NadigOConner2024_jurkat	HDAC3	SPECIFICITY	120	11921	689077.0	0.48169686547549145	0.5183031345245086	0.014367634169635095	0.009965949671954157	1.4416723586381348	0.24476062193403708	0.4623256192087367	False	-0.08449424358171465	1.4074745993956135
NadigOConner2024_jurkat	POLR2C	SPECIFICITY	10	11921	52393.0	0.4395017196543914	0.5604982803456086	0.006679639964826959	0.0008381527114240215	7.969478442035045	0.2538657638654548	0.4690997810557317	False	-0.8830119478205988	1.3709496403816672
NadigOConner2024_jurkat	MYBL2	SPECIFICITY	44	11921	250771.0	0.47809251816885406	0.521907481831146	0.00409956066075807	0.0036773923944839115	1.114800984226598	0.3076818307811573	0.5564458641786887	False	-0.22661398271344463	1.178689046882598
NadigOConner2024_jurkat	SUPT16H	SPECIFICITY	55	11921	317290.0	0.483928285455003	0.516071714544997	0.005671138934898064	0.00459251837007348	1.2348647251698042	0.34020462505438365	0.5845248737046668	False	-0.14939340862508524	1.0782080040087798
NadigOConner2024_jurkat	ASF1B	SPECIFICITY	92	11921	534986.0	0.48780011889869174	0.5121998811013083	0.00794637411734256	0.007658370099059352	1.037606437735176	0.3429628683354846	0.5845248737046668	False	0.03419446623706396	1.0701330932579332
NadigOConner2024_jurkat	USF2	SPECIFICITY	139	11921	812723.0	0.49047295172837485	0.5095270482716251	0.012668180500492836	0.011525704809286899	1.0991241498988749	0.3494452630804902	0.5845248737046668	False	-0.05117366324005612	1.0514083445078914
NadigOConner2024_jurkat	POLR2K	SPECIFICITY	25	11921	142408.0	0.4778391074574281	0.5221608925425719	0.004364952445834962	0.0020927507115352417	2.0857488767177785	0.35071492422280004	0.5845248737046668	False	-0.38654563388823304	1.0477815672159447
NadigOConner2024_jurkat	NELFB	SPECIFICITY	205	11921	1205770.0	0.49339861404653806	0.5066013859534619	0.01832651509426332	0.01690582220023091	1.084035717234327	0.37273590330496564	0.6028264540568579	False	0.052375604873875256	0.9868851441477418
NadigOConner2024_jurkat	RAD51D	SPECIFICITY	115	11921	673727.0	0.49144330611307047	0.5085566938869295	0.01312025974355998	0.009554669325357262	1.3731777936825036	0.3758800242942761	0.6028264540568579	False	-0.15372227801395769	0.978485270834211
NadigOConner2024_jurkat	RUVBL2	SPECIFICITY	8	11921	44951.0	0.4713425887090009	0.5286574112909991	0.001393687156464766	0.000670634587978875	2.0781617611835244	0.3914853743988208	0.6162269782203661	False	-0.5452949092739261	0.9378071221065195
NadigOConner2024_jurkat	HSF1	SPECIFICITY	32	11921	186525.0	0.4889611819478232	0.5110388180521769	0.00309401883090218	0.002677152179369196	1.15571272143043	0.4144972486556505	0.6280461236343913	False	0.15268889394015303	0.880688942171518
NadigOConner2024_jurkat	GTF2H4	SPECIFICITY	125	11921	737149.0	0.4946893716970053	0.5053106283029947	0.011230732486973746	0.010376888593724059	1.082283228304686	0.4189466994201563	0.6280461236343913	False	-0.07949809188399327	0.8700115761728598
NadigOConner2024_jurkat	ERCC2	SPECIFICITY	86	11921	506231.0	0.49378466376513597	0.506215336234864	0.008457436497807664	0.0071624885483467975	1.1807958142927515	0.4211603417312976	0.6280461236343913	False	0.05993074559660859	0.864741658588984
NadigOConner2024_jurkat	CDC6	SPECIFICITY	40	11921	234538.5	0.49185995302407515	0.5081400469759249	0.003461932547332209	0.003344201989800184	1.0352043799660138	0.4293567696154357	0.6292297485743453	False	0.012444520707921406	0.845467074862205
NadigOConner2024_jurkat	MCM6	SPECIFICITY	350	11921	2076751.0	0.49774132083837647	0.5022586791616236	0.027484425867535314	0.02852253280091272	0.9636039709157881	0.44260656911983026	0.6376535317828064	False	0.014501662180409073	0.815074009360938
NadigOConner2024_jurkat	NANOG	SPECIFICITY	96	11921	570219.5	0.4982624325420127	0.5017375674579873	0.00860218712509582	0.00798868269950903	1.0767966946070464	0.4765868701413779	0.6751647327002853	False	0.09748794527649551	0.7411052637079333
NadigOConner2024_jurkat	LIN54	SPECIFICITY	268	11921	1602324.0	0.5015368589482752	0.49846314105172485	0.024457431456706747	0.021987037492821396	1.1123568359171587	0.5343451475704384	0.7445793039915944	False	-0.008469876296394306	0.6267133050472455
NadigOConner2024_jurkat	STAT5A	SPECIFICITY	112	11921	671797.0	0.5031614377988424	0.49683856220115763	0.009862341292848308	0.009307737056428156	1.0595852926503901	0.5459234573872364	0.7484434496437918	False	-0.012903362763016306	0.6052765009999437
NadigOConner2024_jurkat	LMO2	SPECIFICITY	181	11921	1085527.5	0.5030944973376756	0.4969055026623244	0.01515751023086603	0.014956205585853578	1.0134596067068546	0.5569103827064937	0.7513870242865391	False	-0.06741986381173232	0.5853509448065022
NadigOConner2024_jurkat	POLR2E	SPECIFICITY	17	11921	105165.0	0.5189310016431705	0.48106899835682954	0.0015226327782187495	0.001424024124643994	1.0692464768456136	0.6065045432740445	0.7858978868504467	False	0.4595733497254727	0.5000430596548702
NadigOConner2024_jurkat	POLR2B	SPECIFICITY	37	11921	226216.0	0.5128719021848793	0.4871280978151207	0.0034112014789233263	0.003094162903495568	1.1024634401341928	0.606735425196412	0.7858978868504467	False	0.05966781655832365	0.4996624557658544
NadigOConner2024_jurkat	STAT5B	SPECIFICITY	196	11921	1181854.0	0.5058189201357919	0.49418107986420806	0.01620552108077001	0.016175621028307337	1.001848463957603	0.610226594495641	0.7858978868504467	False	0.019640763761987992	0.4939249244050404
NadigOConner2024_jurkat	CCND1	SPECIFICITY	282	11921	1699632.0	0.5055837454733021	0.4944162545266979	0.02340518222801315	0.023109071539785298	1.0128136125122145	0.6259105548155163	0.7940656292435655	False	0.03160024739021669	0.4685478017721681
NadigOConner2024_jurkat	YBX1	SPECIFICITY	66	11921	407196.0	0.517543525177113	0.482456474822887	0.005397112057067353	0.005505964795194794	0.9802300337585813	0.688765721678801	0.8586401236061865	False	0.22895112438541787	0.37285409238162753
NadigOConner2024_jurkat	TNRC6A	SPECIFICITY	164	11921	1000411.0	0.5117076648914296	0.48829233510857045	0.014819447582306883	0.013570541994207696	1.092030634342553	0.6970137473979632	0.8586401236061865	False	0.04568116224089917	0.36095014474616066
NadigOConner2024_jurkat	CHEK1	SPECIFICITY	33	11921	208960.0	0.5311736609446533	0.46882633905534665	0.005856881902985184	0.0027605822318889075	2.121611099038936	0.7322045277248219	0.8843649455039901	False	-0.2463635905053984	0.31169539458823986
NadigOConner2024_jurkat	NELFE	SPECIFICITY	128	11921	788685.0	0.5168695212230517	0.48313047877694826	0.00996468586565794	0.010623288239687941	0.938003906213379	0.7446066273075637	0.8843649455039901	False	0.13991329948519804	0.2948992170894906
NadigOConner2024_jurkat	RUVBL1	SPECIFICITY	25	11921	160582.0	0.5388205687442329	0.46117943125576716	0.007209290699448208	0.0020927507115352417	3.4448874678243318	0.7491091303092622	0.8843649455039901	False	-0.717368553072104	0.2888706047308484
NadigOConner2024_jurkat	ZBTB17	SPECIFICITY	402	11921	2451885.5	0.5116364115167806	0.4883635884832193	0.032232733953187626	0.03262192647894182	0.9880696032465947	0.7871597611603831	0.916555886282638	False	0.14409768178278354	0.23932405096269666
NadigOConner2024_jurkat	SP1	SPECIFICITY	194	11921	1197165.0	0.5176540230054041	0.48234597699459586	0.018358813124282714	0.01601320676846884	1.1464794896942532	0.8009231242458733	0.919979264336476	False	-0.03224385304380867	0.22199031124389942
NadigOConner2024_jurkat	RAD51	SPECIFICITY	35	11921	234705.0	0.5625247162869845	0.4374752837130155	0.0025289337316470326	0.002927400468384075	0.8638837627306263	0.8997071532563435	0.9999999998492851	False	0.3342126849553429	0.10568595387782916
NadigOConner2024_jurkat	NPM1	SPECIFICITY	148	11921	937136.0	0.5311634929955541	0.4688365070044459	0.011777220298638003	0.012262822106222553	0.9604004850287977	0.9040861928693584	0.9999999998492851	False	0.09448944742570073	0.10083057704068747
NadigOConner2024_jurkat	GABPB1	SPECIFICITY	99	11921	637472.0	0.5401485706829219	0.45985142931707823	0.00832199262989465	0.008236272878535773	1.010407590013472	0.9159080417443155	0.9999999998492851	False	0.180580688770249	0.0878393104563573
NadigOConner2024_jurkat	GATA1	SPECIFICITY	32	11921	223285.0	0.5853247420518413	0.41467525794815874	0.002470041570163308	0.002677152179369196	0.9226377152550632	0.9525140766752208	0.9999999998492851	False	0.33998303367419486	0.048650393428835224
NadigOConner2024_jurkat	POLR2G	SPECIFICITY	8	11921	65808.0	0.6900427816458351	0.3099572183541649	0.0005314822989325905	0.000670634587978875	0.792506542995859	0.9686547634541764	0.9999999998492851	False	1.0167259918989378	0.03184701183965956
NadigOConner2024_jurkat	TFDP1	SPECIFICITY	337	11921	2145335.0	0.5340138602874462	0.46598613971255376	0.024698025212868194	0.02749224995921031	0.8983631841523392	0.9835378488422482	0.9999999998492851	False	0.23029761896646295	0.016599158068139996
NadigOConner2024_jurkat	SUPT4H1	SPECIFICITY	18	11921	141007.0	0.6571363327088517	0.34286366729114814	0.0011084785549602696	0.001507663958455482	0.7352291926483698	0.9894899615339842	0.9999999998492851	False	0.7713898208411141	0.01056565897937135
NadigOConner2024_jurkat	BRCA1	SPECIFICITY	137	11921	912938.0	0.5589951364732665	0.44100486352673346	0.010239351879311126	0.011361751534251119	0.9012124449688582	0.9913041085736735	0.9999999998492851	False	0.29170790192547547	0.008733921319902608
NadigOConner2024_jurkat	FOXO1	SPECIFICITY	72	11921	500840.0	0.5835174155784842	0.41648258442151576	0.005623220242480312	0.006003502042858334	0.9366566717786997	0.9928061659177875	0.9999999998492851	False	0.5357112997408348	0.007219834476670678
NadigOConner2024_jurkat	CLOCK	SPECIFICITY	441	11921	2821443.0	0.5366856750249802	0.4633143249750198	0.034288963966288416	0.03567383918459796	0.961179529594688	0.9956256967616012	0.9999999998492851	False	0.16260795485882157	0.00438389849474072
NadigOConner2024_jurkat	DNMT1	SPECIFICITY	157	11921	1209159.0	0.6460573510216142	0.35394264897838584	0.009638341530215144	0.012998840867693326	0.7414770000123473	0.9999999998492851	0.9999999998492851	False	0.7053142969632774	1.507148850279693e-10
NadigOConner2024_jurkat	MYC	UNIFORM	115	11921	122053.0	0.08903031916639617	0.9109696808336039	0.13290113598025688	0.009554669325357262	13.909548457898884	1.9647085478584644e-52	1.6700022656796948e-50	True	-7.733075443838714	119.05908092307043
NadigOConner2024_jurkat	MAX	UNIFORM	76	11921	116802.0	0.12892109898939952	0.8710789010106005	0.03857902713201846	0.006334917062598983	6.089902480300335	2.8493106307377796e-29	1.2109570180635564e-27	True	-3.883927330370226	65.72789061575706
NadigOConner2024_jurkat	TRRAP	UNIFORM	35	11921	50207.0	0.12033266624324422	0.8796673337567558	0.02498282661265036	0.002927400468384075	8.534133570881362	3.9517154557095065e-15	1.1196527124510268e-13	True	-3.666775370964254	33.1646266176907
NadigOConner2024_jurkat	NRF1	UNIFORM	81	11921	259355.0	0.26859437800913627	0.7314056219908637	0.022096000337412	0.0067488751874687555	3.2740271117236888	3.2440404584289057e-13	6.893585974161424e-12	True	-1.3723359083971907	28.756786600975033
NadigOConner2024_jurkat	ACTL6A	UNIFORM	9	11921	7851.0	0.07317618768000447	0.9268238123199956	0.010203306628803355	0.0007544006705783739	13.525049786847115	4.629852816964324e-06	7.870749788839351e-05	True	-4.149734972894674	12.282985479364
NadigOConner2024_jurkat	CCNH	UNIFORM	199	11921	974280.0	0.41069368316289945	0.5893063168371006	0.02743453658857145	0.01641914191419142	1.6708873540376181	7.523745257837458e-06	0.00010658639115269732	True	-0.5979951058752144	11.797446504377042
NadigOConner2024_jurkat	GTF2H1	UNIFORM	46	11921	198663.0	0.36228176072185364	0.6377182392781463	0.01152709757905512	0.003843904069524526	2.9987994940989697	0.000620528884868359	0.007105715370536108	True	-0.8884980344705815	7.384938403446815
NadigOConner2024_jurkat	CDK12	UNIFORM	36	11921	148241.0	0.3454245076382481	0.6545754923617519	0.007561062749415329	0.0030107886593627163	2.511322980409975	0.0006687732113445749	0.007105715370536108	True	-0.8722237581210291	7.31006555180375
NadigOConner2024_jurkat	SUPT5H	UNIFORM	45	11921	198481.5	0.3699941280093952	0.6300058719906048	0.008630601884967677	0.003760655189704162	2.2949729367894047	0.0012838949901629547	0.010871619010521508	True	-0.9183778348041389	6.657856860420994
NadigOConner2024_jurkat	MNAT1	UNIFORM	129	11921	651313.0	0.4235330915607855	0.5764669084392144	0.015410220701276376	0.010705394190871369	1.4394818562044986	0.0013844908096914432	0.010871619010521508	True	-0.4658436180687662	6.582422853373525
NadigOConner2024_jurkat	NELFA	UNIFORM	120	11921	602073.0	0.42087702373961916	0.5791229762603808	0.01697213422371346	0.009965949671954157	1.7030122348977814	0.001406915401361607	0.010871619010521508	True	-0.5817822913818133	6.566355629621615
NadigOConner2024_jurkat	GABPA	UNIFORM	120	11921	604928.0	0.4228728014987557	0.5771271985012443	0.012758592173368978	0.009965949671954157	1.280218402996132	0.0017955133375658885	0.012718219474425044	True	-0.34354823275496577	6.322464315996076
NadigOConner2024_jurkat	TGS1	UNIFORM	154	11921	797547.5	0.4344333420124042	0.5655666579875958	0.016344815458062007	0.012753623188405797	1.2815821211434983	0.0025516115610923038	0.016683614053295832	True	-0.3574929686408891	5.97103013468798
NadigOConner2024_jurkat	KAT5	UNIFORM	34	11921	151049.0	0.3726715583473554	0.6273284416526446	0.0056840424432338475	0.0028439983270598075	1.998609629672372	0.005112642079217934	0.028987322840464274	True	-0.7120906769132334	5.276038967443292
NadigOConner2024_jurkat	CCNK	UNIFORM	237	11921	1275243.0	0.45136919317999613	0.5486308068200039	0.021842287574223587	0.01949333772001974	1.1205001364025753	0.005115409913023107	0.028987322840464274	True	-0.17795602992014786	5.275497743391081
NadigOConner2024_jurkat	POLR2I	UNIFORM	115	11921	595560.0	0.4344251831805765	0.5655748168194235	0.013610123281960323	0.009554669325357262	1.4244473375797777	0.0076707198375502595	0.04075069913698576	True	-0.4418581002524636	4.870344816957129
NadigOConner2024_jurkat	ELL	UNIFORM	92	11921	468813.5	0.4274640477345423	0.5725359522654577	0.01047281602368669	0.007658370099059352	1.3674993357885674	0.008180661269929031	0.040903306349645153	True	-0.3440683866301336	4.805982291790221
NadigOConner2024_jurkat	ATR	UNIFORM	126	11921	662478.0	0.4410504072445185	0.5589495927554815	0.013581075226450176	0.010459035444509006	1.2985016924844863	0.011300575790419124	0.051349595942093304	True	-0.2608861907758606	4.482901599657652
NadigOConner2024_jurkat	CDK7	UNIFORM	16	11921	64041.0	0.335757277074071	0.664242722925929	0.0024952723651273053	0.0013403702772891012	1.8616291389077901	0.011478144975291446	0.051349595942093304	True	-0.8198843687447425	4.467310488665553
NadigOConner2024_jurkat	SSRP1	UNIFORM	17	11921	71140.5	0.3510389475813813	0.6489610524186187	0.0039355037305125505	0.001424024124643994	2.763649619697578	0.016753641923037733	0.07120297817291037	True	-1.060403130899682	4.089139616104097
NadigOConner2024_jurkat	GTF2F2	UNIFORM	103	11921	544346.0	0.44332796085556775	0.5566720391444323	0.011068971826785796	0.008566200931470393	1.2921681285948776	0.023641383838148546	0.09410255764659724	True	-0.3313991481148515	3.744756550164774
NadigOConner2024_jurkat	NELFCD	UNIFORM	106	11921	561663.0	0.4444851562091948	0.5555148437908052	0.010113536724962444	0.008813502951692026	1.1475047753879557	0.024355956096766346	0.09410255764659724	True	-0.26472272917192335	3.7149788558008128
NadigOConner2024_jurkat	HSF1	UNIFORM	32	11921	153702.0	0.4029181696166429	0.597081830383357	0.00400143520781527	0.002677152179369196	1.4946610949692474	0.028732687894707648	0.10618602048044132	False	-0.3657795138485483	3.5497198532941163
NadigOConner2024_jurkat	NFYB	UNIFORM	22	11921	102066.0	0.3891757097863968	0.6108242902136032	0.004087122893575514	0.0018420832286695134	2.218750396271471	0.036015980392814374	0.1275565972245509	False	-0.779419186265891	3.3237925392199976
NadigOConner2024_jurkat	MYB	UNIFORM	13	11921	56261.0	0.3630374323269215	0.6369625676730786	0.02973960447967743	0.0010893246187363835	27.300956912343878	0.0436682643894566	0.14847209892415242	False	-2.488380931811877	3.131133656046934
NadigOConner2024_jurkat	E2F6	UNIFORM	119	11921	646208.0	0.45552548676546367	0.5444745132345363	0.011719506398208648	0.009883720930232558	1.1857382944069925	0.04723913896869337	0.1544356466284206	False	-0.34234931815412883	3.0525325145613924
NadigOConner2024_jurkat	VHL	UNIFORM	61	11921	322407.0	0.44336554447929744	0.5566344555207026	0.0069233850031920445	0.005090969788015356	1.359934411610608	0.06321732894962802	0.19482328876241495	False	-0.12178369494605011	2.7611768231721983
NadigOConner2024_jurkat	POLR2F	UNIFORM	41	11921	210814.0	0.4313232847956363	0.5686767152043637	0.005703815983160271	0.0034275204815248286	1.6641230924527601	0.0641770833570308	0.19482328876241495	False	-0.40436359888900064	2.7461090890661515
NadigOConner2024_jurkat	CDK9	UNIFORM	61	11921	324292.0	0.4459577464207673	0.5540422535792326	0.00713495122960759	0.005090969788015356	1.401491567756691	0.07237421715379831	0.20196339529945775	False	-0.3945841731805875	2.6259051596753067
NadigOConner2024_jurkat	RBBP4	UNIFORM	37	11921	190035.0	0.4308431407668049	0.569156859233195	0.00392157389691805	0.003094162903495568	1.2674102880904334	0.0728500564248493	0.20196339529945775	False	-0.5253327595331831	2.6193519718065725
NadigOConner2024_jurkat	LIN52	UNIFORM	21	11921	102297.0	0.40863062782364856	0.5913693721763514	0.002101260773864321	0.0017584994138335288	1.1949169600708438	0.07365723828568459	0.20196339529945775	False	-0.45425505637865626	2.608332861395693
NadigOConner2024_jurkat	CTDP1	UNIFORM	90	11921	489675.0	0.4564074602242541	0.5435925397757458	0.010153410175210827	0.007493131296311714	1.3550289957161916	0.07676862379347991	0.20391665695143102	False	-0.2631154319437311	2.566959266661223
NadigOConner2024_jurkat	GTF2H3	UNIFORM	88	11921	482362.0	0.4598092746947709	0.540190725305229	0.008847110174827552	0.007327837455241902	1.2073289328352736	0.0965979044122266	0.2488127840920988	False	-0.28316400173587214	2.3371982314541824
NadigOConner2024_jurkat	POLR2H	UNIFORM	13	11921	62150.0	0.4010376000980816	0.5989623999019185	0.0015112539617308227	0.0010893246187363835	1.3873311368688952	0.10836414935274041	0.27091037338185103	False	-0.3907249545668659	2.222257970206565
NadigOConner2024_jurkat	ERCC3	UNIFORM	84	11921	462731.0	0.462100694652494	0.5378993053475061	0.008136424613209297	0.006997084548104956	1.1628306843044953	0.11526683164598761	0.2799337339973985	False	-0.15787447966896084	2.160505563118209
NadigOConner2024_jurkat	MED1	UNIFORM	120	11921	670644.0	0.4688113413304253	0.5311886586695748	0.011932961162433134	0.009965949671954157	1.1973732113071447	0.11948761945988418	0.28197949044896353	False	-0.08363397403811355	2.1245425158238747
NadigOConner2024_jurkat	GTF2F1	UNIFORM	45	11921	241360.0	0.44992496900893847	0.5500750309910617	0.004482080715573004	0.003760655189704162	1.1918350631677013	0.12274401348954883	0.28197949044896353	False	-0.07205640153082091	2.097654283439375
NadigOConner2024_jurkat	POLR2L	UNIFORM	35	11921	187719.5	0.44991311850635735	0.5500868814936427	0.004590650107412533	0.002927400468384075	1.568166076692121	0.15270405782543817	0.3415748661884801	False	-0.2453892522623598	1.879253493270169
NadigOConner2024_jurkat	ATF4	UNIFORM	52	11921	286008.0	0.4613835958521807	0.5386164041478193	0.005510900129387293	0.004343105320304018	1.2688847547914242	0.16790390652193093	0.3659444116503623	False	-0.1718043966107193	1.784363448213203
NadigOConner2024_jurkat	POLR2D	UNIFORM	96	11921	540249.0	0.4720739661102257	0.5279260338897743	0.009294661841912842	0.00798868269950903	1.1634786599402773	0.17258649011685406	0.3667462914983149	False	-0.039324141003164795	1.7568567761839198
NadigOConner2024_jurkat	HDAC3	UNIFORM	120	11921	683736.0	0.4779632581159299	0.5220367418840701	0.011547914664652326	0.009965949671954157	1.1587370039756553	0.202692393295195	0.42021593731930673	False	-0.14875310640622713	1.596065753139065
NadigOConner2024_jurkat	ELOB	UNIFORM	194	11921	1117532.0	0.4832207219867565	0.5167792780132435	0.016637403091499494	0.01601320676846884	1.0389800951212185	0.2109760429598041	0.42697532503769875	False	-0.08046586778083953	1.5560106924271404
NadigOConner2024_jurkat	GTF2H2	UNIFORM	72	11921	406354.0	0.4734339028232158	0.5265660971767842	0.00677169018136849	0.006003502042858334	1.1279566714604485	0.218141960521462	0.43121085219358773	False	-0.09777894475453225	1.5226092330759657
NadigOConner2024_jurkat	POLR2C	UNIFORM	10	11921	51459.0	0.4316668064759668	0.5683331935240332	0.006866263184753525	0.0008381527114240215	8.192138605729431	0.22718132495393772	0.4348239301146869	False	-0.9591491025636227	1.4820067920190145
NadigOConner2024_jurkat	POLR2A	UNIFORM	16	11921	85199.0	0.4466854710175321	0.5533145289824679	0.0022384555241366268	0.0013403702772891012	1.670027724476182	0.23020090417836364	0.4348239301146869	False	-0.3966156653130957	1.4688028549072656
NadigOConner2024_jurkat	ERCC2	UNIFORM	86	11921	489921.0	0.4778756659637185	0.5221243340362813	0.00843214513619236	0.0071624885483467975	1.1772647284914146	0.23942796534538036	0.4424212403121159	False	-0.016721473342321245	1.4295026783723357
NadigOConner2024_jurkat	SP1	UNIFORM	194	11921	1123514.0	0.4858073381721765	0.5141926618278235	0.020228831185986233	0.01601320676846884	1.26325922586713	0.24849182053946411	0.44940010097562655	False	-0.30341115179355094	1.3923453493213236
NadigOConner2024_jurkat	YY1	UNIFORM	65	11921	369092.0	0.47633071567305274	0.5236692843269473	0.00691093663351503	0.005422993492407809	1.2743767152201715	0.2548814900849138	0.45135263869203485	False	-0.030037108031628616	1.3669565866160747
NadigOConner2024_jurkat	NFYC	UNIFORM	20	11921	110953.0	0.4653678382686016	0.5346321617313984	0.003699320145672422	0.0016749015995310276	2.2086790929737194	0.29597418150484045	0.5134246005696212	False	-0.5055801220713179	1.2174830531081766
NadigOConner2024_jurkat	POLR2K	UNIFORM	25	11921	140111.0	0.470131700360708	0.529868299639292	0.004368293355339745	0.0020927507115352417	2.087345296915544	0.30266816567000304	0.5145358816390051	False	-0.4317104024142874	1.1951182364070227
NadigOConner2024_jurkat	NELFB	UNIFORM	205	11921	1199182.0	0.4907028179416934	0.5092971820583067	0.018465529094055067	0.01690582220023091	1.0922585648512768	0.32376983276050797	0.53961638793418	False	0.031659788402309805	1.127722408352759
NadigOConner2024_jurkat	SUPT16H	UNIFORM	55	11921	318736.0	0.48613371361462965	0.5138662863853704	0.005565693556463915	0.00459251837007348	1.2119044733129427	0.36115293112297747	0.5903461374125593	False	-0.1321112872294726	1.0184537784363183
NadigOConner2024_jurkat	RAD51D	UNIFORM	115	11921	673973.0	0.491622748310435	0.5083772516895648	0.01310765362451743	0.009554669325357262	1.3718584263016675	0.37840001127385353	0.6068679426090103	False	-0.1658563966140134	0.9718034120109325
NadigOConner2024_jurkat	POLR2B	UNIFORM	37	11921	214893.0	0.487200647505991	0.512799352494009	0.003659724359840877	0.003094162903495568	1.1827833485128976	0.393870021671973	0.6106442913713599	False	0.05836987446850596	0.9317343183448474
NadigOConner2024_jurkat	ASF1B	UNIFORM	92	11921	539565.0	0.4919752501066806	0.5080247498933195	0.007785059672137543	0.007658370099059352	1.0165426287107424	0.3951227767697035	0.6106442913713599	False	0.15918579235067912	0.9285587351127297
NadigOConner2024_jurkat	GTF2H4	UNIFORM	125	11921	736986.0	0.49457998490059557	0.5054200150994044	0.011164640363336035	0.010376888593724059	1.075914062533967	0.4173009608693649	0.6334032441767146	False	-0.07651146459583562	0.8739475888007369
NadigOConner2024_jurkat	STAT5A	UNIFORM	112	11921	662197.0	0.49597124522151786	0.5040287547784821	0.009897602512745296	0.009307737056428156	1.0633736699630727	0.44157080527910963	0.6584827798021811	False	-0.010321579769300735	0.8174168974385957
NadigOConner2024_jurkat	LMO2	UNIFORM	181	11921	1074637.5	0.49804745884624424	0.5019525411537558	0.015241804445785212	0.014956205585853578	1.0190956762590753	0.46402434892001576	0.680035683762092	False	-0.0689074058405937	0.7678182520119816
NadigOConner2024_jurkat	MYBL2	UNIFORM	44	11921	260881.0	0.4973671366801138	0.5026328633198862	0.0038527656492244712	0.0036773923944839115	1.0476895680220635	0.47593304327203423	0.6856662487817442	False	-0.11404191627773347	0.7424781000399077
NadigOConner2024_jurkat	CCND1	UNIFORM	282	11921	1683600.0	0.5008147610064128	0.4991852389935872	0.023786251688839258	0.023109071539785298	1.0293036502088846	0.5186846424747581	0.7260260065931703	False	0.021454186788860612	0.6564592057847923
NadigOConner2024_jurkat	LIN54	UNIFORM	268	11921	1600418.0	0.5009402697109203	0.49905973028907974	0.02390784767477331	0.021987037492821396	1.0873610272679548	0.521030428260981	0.7260260065931703	False	0.0004099002354148312	0.6519468353622518
NadigOConner2024_jurkat	RUVBL2	UNIFORM	8	11921	48801.0	0.5117125241171042	0.4882874758828958	0.0013827333654747444	0.000670634587978875	2.061828289593528	0.5448284867492166	0.7469422802207002	False	-0.22216465643175515	0.6072842370607873
NadigOConner2024_jurkat	POLR2E	UNIFORM	17	11921	106381.0	0.5249312878410319	0.47506871215896807	0.001472433556067634	0.001424024124643994	1.033994811313848	0.6390260692832244	0.8455708565235106	False	0.5227306563722742	0.44781002843642614
NadigOConner2024_jurkat	CDC6	UNIFORM	40	11921	246947.5	0.5178833571009144	0.4821166428990856	0.003220373960477228	0.003344201989800184	0.9629723235317031	0.6521599908326624	0.8455708565235106	False	0.20761973549676985	0.42746536244471606
NadigOConner2024_jurkat	NANOG	UNIFORM	96	11921	586756.5	0.5127125975169868	0.48728740248301317	0.008455698797163763	0.00798868269950903	1.0584597129741347	0.6663111818079974	0.8455708565235106	False	0.07286801421082931	0.40599847761239655
NadigOConner2024_jurkat	USF2	UNIFORM	139	11921	846356.0	0.5107702446381122	0.4892297553618878	0.01124744021980728	0.011525704809286899	0.9758570435314805	0.6690607567715642	0.8455708565235106	False	0.08567423417360807	0.4018804056807422
NadigOConner2024_jurkat	NELFE	UNIFORM	128	11921	780497.0	0.5115034655230266	0.4884965344769734	0.010082912220393512	0.010623288239687941	0.9491328854962611	0.6730806760470096	0.8455708565235106	False	0.1121185241698876	0.3958900812662872
NadigOConner2024_jurkat	YBX1	UNIFORM	66	11921	406305.0	0.5164110698461843	0.48358893015381565	0.005551043634054489	0.005505964795194794	1.0081872733547146	0.6774478126132355	0.8455708565235106	False	0.15927939734886315	0.389422758548352
NadigOConner2024_jurkat	CHEK1	UNIFORM	33	11921	206311.0	0.5244399366536772	0.4755600633463229	0.0062232765764339065	0.0027605822318889075	2.2543347937785128	0.6864045776484968	0.8455708565235106	False	-0.16866757042461267	0.3762880617622998
NadigOConner2024_jurkat	GABPB1	UNIFORM	99	11921	615537.0	0.5215624070585902	0.47843759294140975	0.008310883539103657	0.008236272878535773	1.0090587892931917	0.770385350177742	0.9162195972960104	False	0.08691657114826132	0.26086443454384595
NadigOConner2024_jurkat	ZBTB17	UNIFORM	402	11921	2448436.5	0.510916706627086	0.489083293372914	0.032636908154762286	0.03262192647894182	1.0004592517192428	0.7725695877386091	0.9162195972960104	False	0.08116786265589876	0.2580331930522776
NadigOConner2024_jurkat	RUVBL1	UNIFORM	25	11921	162087.0	0.5438704806643738	0.45612951933562623	0.004343982800935047	0.0020927507115352417	2.075728741598803	0.77609189418015	0.9162195972960104	False	-0.32735700772564835	0.25348434547480786
NadigOConner2024_jurkat	TNRC6A	UNIFORM	164	11921	1013503.0	0.518404189368628	0.48159581063137197	0.014441893112454057	0.013570541994207696	1.0642090138049225	0.7912793503726996	0.9213526682421845	False	0.1464249527079859	0.2341042125337272
NadigOConner2024_jurkat	GATA1	UNIFORM	32	11921	210819.0	0.5526460657662948	0.44735393423370523	0.0024330173805288445	0.002677152179369196	0.9088080234206649	0.8485536417372159	0.9746899938873426	False	0.24380306535530127	0.16422197681618161
NadigOConner2024_jurkat	RAD51	UNIFORM	35	11921	233527.0	0.5597013673349551	0.4402986326650448	0.002552679708222846	0.002927400468384075	0.8719953883289241	0.8891635192653717	0.9999999809091803	False	0.4006778370447879	0.11747412420089734
NadigOConner2024_jurkat	FOXO1	UNIFORM	72	11921	466378.0	0.5433665147405605	0.4566334852594395	0.006351219458447244	0.006003502042858334	1.0579190967383028	0.8981075992982221	0.9999999809091803	False	0.4439872879712969	0.10746539681311465
NadigOConner2024_jurkat	STAT5B	UNIFORM	196	11921	1242118.0	0.5316111680810232	0.46838883191897684	0.015089166787807024	0.016175621028307337	0.9328338467747842	0.9358146130296799	0.9999999809091803	False	0.14820701135948836	0.06633788512409049
NadigOConner2024_jurkat	POLR2G	UNIFORM	8	11921	64186.0	0.6730349802868887	0.3269650197131113	0.0005956705204264808	0.000670634587978875	0.8882192047709362	0.9549434620144411	0.9999999809091803	False	1.116103157805591	0.04610314233303829
NadigOConner2024_jurkat	TFDP1	UNIFORM	337	11921	2124170.0	0.5287454973730372	0.4712545026269628	0.024720082454729383	0.02749224995921031	0.8991654917806314	0.9642766684908167	0.9999999809091803	False	0.20279261053418382	0.03637702503921327
NadigOConner2024_jurkat	NPM1	UNIFORM	148	11921	967740.0	0.5485096706470752	0.45149032935292477	0.01105357914524761	0.012262822106222553	0.9013895047567122	0.9789069093003804	0.9999999809091803	False	0.24613437434188695	0.02131872851064906
NadigOConner2024_jurkat	BRCA1	UNIFORM	137	11921	899902.0	0.5510131479931446	0.4489868520068553	0.012418129973598339	0.011361751534251119	1.0929767242456117	0.9801345640125815	0.9999999809091803	False	0.25449722768215843	0.020065406526784544
NadigOConner2024_jurkat	CLOCK	UNIFORM	441	11921	2791537.0	0.5309970533525604	0.4690029466474396	0.034562384711759875	0.03567383918459796	0.9688439904915546	0.986626523636814	0.9999999809091803	False	0.1303819804366029	0.013463706663047253
NadigOConner2024_jurkat	SUPT4H1	UNIFORM	18	11921	141949.0	0.6615263447324516	0.33847365526754836	0.0010982303271544983	0.001507663958455482	0.7284317708831975	0.9911561613386423	0.9999999809091803	False	0.8263781074899627	0.008883177511868966
NadigOConner2024_jurkat	MCM6	UNIFORM	350	11921	2306895.0	0.5529006435222357	0.44709935647776433	0.024978302617503542	0.02852253280091272	0.8757392897696742	0.9996393352672577	0.9999999809091803	False	0.15369271911806412	0.0003607297879095837
NadigOConner2024_jurkat	DNMT1	UNIFORM	157	11921	1174480.0	0.6275282552814522	0.3724717447185478	0.010230972666368274	0.012998840867693326	0.7870680755694014	0.9999999809091803	0.9999999809091803	False	0.8052054396326325	1.909081988509023e-08
NormanWeissman2019_filtered	IRF1	CORRELATION	420	11764	4676683.0	0.946528351224883	0.9465283512248832	0.8442808117650819	0.034471437951411686	24.492184310823234	2.7065533152101884e-213	4.3304853043363015e-212	True	25.64946267012774	489.4549488217201
NormanWeissman2019_filtered	CEBPA	CORRELATION	451	11764	4489135.0	0.846118339162434	0.846118339162434	0.6511032382147013	0.03692181743757675	17.634647571602166	4.180616747178849e-138	3.3444933977430794e-137	True	13.999325527959716	316.3262840503537
NormanWeissman2019_filtered	SPI1	CORRELATION	607	11764	5701145.0	0.7983960503857579	0.7983960503857579	0.39646345966942803	0.04906636488561959	8.080147379852544	1.9560744447605336e-136	1.0432397038722845e-135	True	5.42913909283771	312.4806330166083
NormanWeissman2019_filtered	CEBPB	CORRELATION	480	11764	3944440.0	0.6985364955230647	0.6985364955230646	0.1241907172910698	0.039202874877491016	3.1678982135663722	1.1615782726413499e-49	4.6463130905653995e-49	True	1.4648697837456675	112.67688989647681
NormanWeissman2019_filtered	TP73	CORRELATION	246	11764	2200725.0	0.7604587372803344	0.7604587372803344	0.17201176923786496	0.02048293089092423	8.39781035994617	7.25861215824836e-45	2.322755890639475e-44	True	3.2196627214930262	101.634140536945
NormanWeissman2019_filtered	AHR	CORRELATION	557	11764	3917552.5	0.5978670434768276	0.5978670434768276	0.14593967440473807	0.04520736953169385	3.2282275194627967	2.6621681841076673e-15	7.099115157620446e-15	True	20.787849510993045	33.55963549732883
NormanWeissman2019_filtered	HNF4A	CORRELATION	233	11764	1768619.0	0.6452430708074244	0.6452430708074243	0.08298250486548223	0.019421522047178463	4.272708630348456	1.3520032304745372e-14	3.0902930982275137e-14	True	4.707605209748706	31.93460393489448
NormanWeissman2019_filtered	FOXA1	CORRELATION	835	11764	5664081.0	0.5766176928699555	0.5766176928699553	0.14190145113333916	0.06627510119850782	2.1410974644657963	6.285245672989348e-14	1.2570491345978696e-13	True	2.921111748861261	30.397986371857254
NormanWeissman2019_filtered	JUN	CORRELATION	265	11764	1820122.0	0.5838477478460028	0.5838477478460029	0.02964550841116222	0.022030093939645855	1.345682342180643	1.4645949684670682e-06	2.603724388385899e-06	True	0.2764173345666361	13.433931825756813
NormanWeissman2019_filtered	EGR1	CORRELATION	316	11764	2133862.0	0.5740163080670916	0.5740163080670917	0.037757083331730126	0.026158940397350994	1.4433720463522148	3.4352328997359774e-06	5.496372639577564e-06	True	0.37445454597625927	12.581425832627428
NormanWeissman2019_filtered	MAPK1	CORRELATION	757	11764	4715930.5	0.5295616184791431	0.5295616184791432	0.07274340570006957	0.06045842983787238	1.2031970710311375	0.002546844825837528	0.003704501564854586	True	0.32724254042075696	5.972900009129145
NormanWeissman2019_filtered	ETS2	CORRELATION	1195	11764	7272035.0	0.5172887569906914	0.5172887569906914	0.11988441013433124	0.09221390539393472	1.3000686786031788	0.01617779355170688	0.021570391402275842	True	0.5958035739350678	4.12411574551942
NormanWeissman2019_filtered	FOXO4	CORRELATION	214	11764	1306782.5	0.5190802686478946	0.5190802686478946	0.021112718964435097	0.017866087827684087	1.1817203166168393	0.16898655680162072	0.20798345452507166	False	0.09769414440353476	1.7779361127755189
NormanWeissman2019_filtered	CDKN1A	CORRELATION	347	11764	2082164.0	0.5100707771572922	0.5100707771572923	0.02944116143549059	0.02865163900586244	1.0275559254905664	0.260941198801691	0.29821851291621826	False	0.011164259070901211	1.343460188989031
NormanWeissman2019_filtered	SNAI1	CORRELATION	462	11764	2545223.0	0.46830505717788956	0.4683050571778895	0.038435857495422235	0.03778831997382627	1.0171359171840526	0.9896890854542072	0.999997048808692	False	-0.11434151794580505	0.010364440275891331
NormanWeissman2019_filtered	MAML2	CORRELATION	621	11764	3260571.0	0.4463207164410541	0.4463207164410541	0.04479028528970674	0.050141299959628585	0.893281293579739	0.999997048808692	0.999997048808692	False	-0.0734988483300944	2.951195662771894e-06
NormanWeissman2019_filtered	CEBPA	NONZERORATE	451	11764	4328285.0	0.8158011099291235	0.8158011099291235	0.46487584810200444	0.03692181743757675	12.590817038948968	2.3571085378532502e-115	3.7713736605652004e-114	True	3.8330135571440316	263.9398500222687
NormanWeissman2019_filtered	IRF1	NONZERORATE	420	11764	3766490.0	0.762311572027655	0.762311572027655	0.14323210931664848	0.034471437951411686	4.155095285509631	4.3132005398703034e-75	3.4505604318962427e-74	True	1.5564288563079356	171.23220176136064
NormanWeissman2019_filtered	TP73	NONZERORATE	246	11764	2128934.0	0.7356514155076946	0.7356514155076946	0.18894787608151642	0.02048293089092423	9.224650372922813	4.272930945128749e-37	2.278896504068666e-36	True	2.105873032956005	83.74334844499523
NormanWeissman2019_filtered	CEBPB	NONZERORATE	480	11764	3323010.0	0.588484996599796	0.588484996599796	0.06851007302512918	0.039202874877491016	1.7475777794160035	2.3159175745793513e-11	9.263670298317405e-11	True	0.5470170080760968	24.488630053416944
NormanWeissman2019_filtered	MAML2	NONZERORATE	621	11764	4128816.0	0.5651697555959638	0.5651697555959637	0.06041450734042286	0.050141299959628585	1.2048851423689808	1.9044049514912676e-08	6.094095844772057e-08	True	0.2683427891017362	17.776511145590597
NormanWeissman2019_filtered	SNAI1	NONZERORATE	462	11764	3112050.0	0.5725976675483646	0.5725976675483646	0.052137795631970456	0.03778831997382627	1.379733093931755	5.722576067718752e-08	1.5260202847250005e-07	True	0.3898080748202088	16.676261678453663
NormanWeissman2019_filtered	ETS2	NONZERORATE	1195	11764	7413316.0	0.5273386361340676	0.5273386361340676	0.10651162721727472	0.09221390539393472	1.1550495205930236	0.00035724311428130467	0.0008165556897858393	True	0.1906587490786784	7.937094015570126
NormanWeissman2019_filtered	SPI1	NONZERORATE	607	11764	3760705.0	0.5266542104552633	0.5266542104552632	0.060671569579219625	0.04906636488561959	1.2365205720997134	0.013269467831054526	0.02653893566210905	True	0.13667187199064124	4.322289534603099
NormanWeissman2019_filtered	JUN	NONZERORATE	265	11764	1598669.0	0.512811391324989	0.512811391324989	0.028370981458509647	0.022030093939645855	1.2878284376015567	0.23748603707896732	0.42219739925149746	False	0.1336453714599112	1.4376464484821676
NormanWeissman2019_filtered	EGR1	NONZERORATE	316	11764	1827046.0	0.4914817357395874	0.49148173573958737	0.02756252394902537	0.026158940397350994	1.0536559788108433	0.6976412602592956	0.999999999509541	False	-0.07626916720589755	0.36005026212252517
NormanWeissman2019_filtered	MAPK1	NONZERORATE	757	11764	4385062.5	0.49240776441302464	0.4924077644130247	0.06145634388868538	0.06045842983787238	1.0165057884150985	0.764050540962399	0.999999999509541	False	-0.01524296434391438	0.2691213389114906
NormanWeissman2019_filtered	FOXO4	NONZERORATE	214	11764	1197819.5	0.4757979754486204	0.47579797544862046	0.019861525606877296	0.017866087827684087	1.1116885687811975	0.8878943711209051	0.999999999509541	False	-0.01106208793383248	0.11890249450567286
NormanWeissman2019_filtered	CDKN1A	NONZERORATE	347	11764	1883785.0	0.46147358178666514	0.4614735817866651	0.025191365632620814	0.02865163900586244	0.8792294788953046	0.992859320305759	0.999999999509541	False	-0.20521122662702426	0.007166296367303348
NormanWeissman2019_filtered	AHR	NONZERORATE	557	11764	3022016.5	0.46119715567135106	0.461197155671351	0.04626416436986487	0.04520736953169385	1.0233766053879805	0.9990328157121668	0.999999999509541	False	-0.1557386628665124	0.0009676523123581184
NormanWeissman2019_filtered	HNF4A	NONZERORATE	233	11764	1199746.0	0.4377018415096322	0.43770184150963215	0.016753020417677476	0.019421522047178463	0.8626007980724321	0.9994524350613748	0.999999999509541	False	-0.3433816321167089	0.0005477149070536514
NormanWeissman2019_filtered	FOXA1	NONZERORATE	835	11764	4290697.0	0.4368037471469845	0.43680374714698456	0.05732161000655108	0.06627510119850782	0.8649041490689066	0.999999999509541	0.999999999509541	False	-0.33004550334592636	4.904590068614369e-10
NormanWeissman2019_filtered	IRF1	SPECIFICITY	420	11764	4598814.0	0.9307682032350513	0.9307682032350513	0.7011780641741132	0.034471437951411686	20.340841747374753	1.1402610948061397e-198	1.8244177516898235e-197	True	12.394777983137798	455.7805911461064
NormanWeissman2019_filtered	CEBPA	SPECIFICITY	451	11764	4308023.0	0.8119821003007409	0.8119821003007409	0.2265933209956527	0.03692181743757675	6.137111787055206	1.2331770442065763e-112	9.86541635365261e-112	True	3.9997818273426997	257.6799366132944
NormanWeissman2019_filtered	SPI1	SPECIFICITY	607	11764	4956993.0	0.6941839986511217	0.6941839986511217	0.22819354080973644	0.04906636488561959	4.650712180160213	4.786161689271148e-59	2.552619567611279e-58	True	1.7772337885130705	134.28679171393227
NormanWeissman2019_filtered	CEBPB	SPECIFICITY	480	11764	3734525.0	0.6613618171256942	0.6613618171256943	0.07484212472658626	0.039202874877491016	1.9090978649006711	1.7017760321707928e-33	6.807104128683171e-33	True	0.7351020942710692	75.45363563828016
NormanWeissman2019_filtered	TP73	SPECIFICITY	246	11764	2032714.0	0.7024026726156415	0.7024026726156416	0.052397006326245235	0.02048293089092423	2.5580814877162816	6.920280198343287e-28	2.2144896634698518e-27	True	1.169205223596655	62.53792634393337
NormanWeissman2019_filtered	ETS2	SPECIFICITY	1195	11764	7619648.0	0.5420158514950227	0.5420158514950228	0.11738390919467775	0.09221390539393472	1.272952367576426	9.927072098216904e-08	2.6472192261911744e-07	True	0.3054713293755479	16.12541516353073
NormanWeissman2019_filtered	SNAI1	SPECIFICITY	462	11764	3069519.0	0.5647722304896735	0.5647722304896736	0.049297877635037735	0.03778831997382627	1.3045797661601113	1.1192094335698461e-06	2.558192991016791e-06	True	0.27827783459103916	13.702887984779835
NormanWeissman2019_filtered	JUN	SPECIFICITY	265	11764	1653109.0	0.5302743258935159	0.5302743258935159	0.025808323727406726	0.022030093939645855	1.1715031174225492	0.04568398272960967	0.09136796545921934	True	0.10298122335009213	3.086007529834088
NormanWeissman2019_filtered	HNF4A	SPECIFICITY	233	11764	1444265.0	0.5269094042638266	0.5269094042638267	0.034126001621303484	0.019421522047178463	1.7571229246814501	0.07923538066028296	0.14086289895161416	False	0.6951932462417179	2.535332354405267
NormanWeissman2019_filtered	MAML2	SPECIFICITY	621	11764	3735992.0	0.5113983489572982	0.5113983489572982	0.04980681360066537	0.050141299959628585	0.993329124708922	0.16805738878143361	0.26889182205029377	False	-0.07178117458294081	1.7834497580213509
NormanWeissman2019_filtered	EGR1	SPECIFICITY	316	11764	1890715.0	0.5086089184338403	0.5086089184338403	0.0299330951541832	0.026158940397350994	1.1442778147548514	0.3004450751763123	0.43701101843827245	False	0.15825593774826863	1.2024903198282635
NormanWeissman2019_filtered	MAPK1	SPECIFICITY	757	11764	4488524.5	0.5040257270125772	0.5040257270125772	0.07067055617035455	0.06045842983787238	1.1689115373963135	0.3514366838883568	0.4685822451844757	False	0.3062001640647435	1.0457257151423172
NormanWeissman2019_filtered	FOXO4	SPECIFICITY	214	11764	1264471.5	0.5022734892130911	0.5022734892130911	0.020454962861305232	0.017866087827684087	1.1449044166014677	0.45455473679707276	0.5594519837502434	False	0.0805775374649411	0.7884369396192149
NormanWeissman2019_filtered	FOXA1	SPECIFICITY	835	11764	4836809.0	0.49239932240245793	0.4923993224024579	0.0676601609534152	0.06627510119850782	1.0208986441342252	0.7688786865530599	0.8787184989177828	False	-0.06831159058409152	0.2628220767285559
NormanWeissman2019_filtered	AHR	SPECIFICITY	557	11764	3188238.5	0.486564692086193	0.486564692086193	0.06723027903317205	0.04520736953169385	1.4871530843226444	0.8584562342366019	0.9156866498523754	False	0.5945505581507724	0.152619579284107
NormanWeissman2019_filtered	CDKN1A	SPECIFICITY	347	11764	1890236.0	0.46305389274365105	0.46305389274365105	0.027203354448569503	0.02865163900586244	0.9494519473389778	0.9906033808642727	0.9906033808642727	False	-0.09668705547521428	0.009441045887859057
NormanWeissman2019_filtered	IRF1	UNIFORM	420	11764	4535186.0	0.9178903353248814	0.9178903353248814	0.5644050844362634	0.034471437951411686	16.373122735170078	4.1470673377993105e-187	6.635307740478897e-186	True	6.4701215469264	429.1610109710403
NormanWeissman2019_filtered	CEBPA	UNIFORM	451	11764	4381747.0	0.8258777012208316	0.8258777012208315	0.4270894584517832	0.03692181743757675	11.567400742768363	1.0989208128452682e-122	8.791366502762145e-122	True	6.562041098157998	280.82105272627405
NormanWeissman2019_filtered	SPI1	UNIFORM	607	11764	5042256.0	0.7061243443964134	0.7061243443964134	0.23012646292602815	0.04906636488561959	4.690106215581374	2.921116312736104e-66	1.5579287001259222e-65	True	2.10878068106892	150.8986502955022
NormanWeissman2019_filtered	TP73	UNIFORM	246	11764	2263590.0	0.7821816869987809	0.782181686998781	0.16164307940426198	0.02048293089092423	7.891599120508888	2.6644606374916953e-52	1.0657842549966781e-51	True	3.3193426737772396	118.75442318598843
NormanWeissman2019_filtered	CEBPB	UNIFORM	480	11764	3931820.0	0.6963015697608523	0.6963015697608523	0.10581057748709208	0.039202874877491016	2.6990514807332406	1.3498467137773855e-48	4.319509484087634e-48	True	1.3265229017474756	110.2240934230607
NormanWeissman2019_filtered	ETS2	UNIFORM	1195	11764	7563739.0	0.5380388220782787	0.5380388220782786	0.11418215180231	0.09221390539393472	1.2382313851097366	1.2482019580915374e-06	3.3285385549107665e-06	True	0.32201353240277675	13.593806475715494
NormanWeissman2019_filtered	MAML2	UNIFORM	621	11764	3883164.0	0.531543873308727	0.531543873308727	0.05207050525647791	0.050141299959628585	1.0384753745595474	0.003885083379867221	0.008880190582553649	True	-0.03843993256099826	5.550610833393547
NormanWeissman2019_filtered	AHR	UNIFORM	557	11764	3465044.5	0.5288087168533523	0.5288087168533523	0.13438875209382373	0.04520736953169385	2.972717799906647	0.010677649207739738	0.021355298415479475	True	3.422645113594924	4.539602581313066
NormanWeissman2019_filtered	HNF4A	UNIFORM	233	11764	1487031.0	0.5425116708719261	0.5425116708719262	0.036673198941752236	0.019421522047178463	1.8882762562412083	0.01294350813301704	0.023010681125363627	True	1.0936259716173127	4.347160919000409
NormanWeissman2019_filtered	SNAI1	UNIFORM	462	11764	2869382.0	0.5279482786283194	0.5279482786283194	0.045619223298459716	0.03778831997382627	1.2072307879804514	0.020616096171706445	0.03298575387473031	True	-0.07579141609830808	3.881683140736743
NormanWeissman2019_filtered	EGR1	UNIFORM	316	11764	1971354.0	0.5303010902173118	0.5303010902173118	0.03314162306510968	0.026158940397350994	1.2669329323624205	0.0327912866608427	0.04769641696122575	True	0.27866173857568166	3.4175924494674694
NormanWeissman2019_filtered	FOXO4	UNIFORM	214	11764	1314434.5	0.522119796813977	0.522119796813977	0.02406977050305388	0.017866087827684087	1.3472322947924271	0.1333230942669288	0.17776412568923838	False	0.312933995554127	2.0149798164890322
NormanWeissman2019_filtered	JUN	UNIFORM	265	11764	1588838.0	0.5096578624906174	0.5096578624906174	0.02429447883262144	0.022030093939645855	1.102785984443786	0.2950961178301745	0.3631952219448301	False	0.013445852091226826	1.22045415255802
NormanWeissman2019_filtered	MAPK1	UNIFORM	757	11764	4481915.5	0.5032835886929966	0.5032835886929966	0.06546982189601244	0.06045842983787238	1.0828898810567658	0.3778528992880767	0.4318318849006591	False	0.07526336755894703	0.9732503144256809
NormanWeissman2019_filtered	FOXA1	UNIFORM	835	11764	4771404.0	0.4857409288868709	0.4857409288868709	0.07196660871271932	0.06627510119850782	1.0858770097862882	0.9160793558080191	0.9771513128618871	False	0.01897907369925391	0.08765228508223968
NormanWeissman2019_filtered	CDKN1A	UNIFORM	347	11764	1864078.0	0.4566459290151069	0.4566459290151069	0.025546500313302554	0.02865163900586244	0.891624395661116	0.9970843841378212	0.9970843841378212	False	-0.19473335820745277	0.002919874549919431
PapalexiSatija2021_eccite_RNA	STAT1	CORRELATION	444	2386	138436.0	0.13067593998021493	0.869324060019785	0.7921050374662051	0.1568904593639576	5.0487776036697305	1.596288300139192e-135	1.596288300139192e-134	True	-6.66361180799678	310.38130643229687
PapalexiSatija2021_eccite_RNA	JAK2	CORRELATION	1024	2386	686821.0	0.281107976870285	0.7188920231297151	0.4881460917411192	0.3002932551319648	1.6255646219113442	7.283483995473113e-92	3.6417419977365563e-91	True	-1.1474544680388832	209.85221923691535
PapalexiSatija2021_eccite_RNA	IRF1	CORRELATION	1073	2386	956842.0	0.3737404196114489	0.6262595803885511	0.40811730780924926	0.31020526163631107	1.3156363166003664	6.10607819030101e-33	2.0353593967670034e-32	True	-0.9635877629646223	74.17602336908624
PapalexiSatija2021_eccite_RNA	SMAD4	CORRELATION	659	2386	654928.0	0.41652176899389076	0.5834782310061093	0.2709620726930606	0.21642036124794745	1.2520174679064788	2.5132559094949803e-11	6.283139773737451e-11	True	-0.4275554443578351	24.406856935297963
PapalexiSatija2021_eccite_RNA	MYC	CORRELATION	109	2386	104745.0	0.40275075555418843	0.5972492444458116	0.06153061614862759	0.043687374749499	1.4084301586314298	0.00029225590620267865	0.0005845118124053573	True	-1.1124085584688892	8.137880748397386
PapalexiSatija2021_eccite_RNA	STAT3	CORRELATION	493	2386	548344.0	0.466160785787275	0.533839214212725	0.18291264217376177	0.1712400138937131	1.0681653079477893	0.008917756863445649	0.014862928105742749	True	-0.3985985119341431	4.719710836722669
PapalexiSatija2021_eccite_RNA	SPI1	CORRELATION	48	2386	47321.0	0.41318280245878736	0.5868171975412126	0.04968917029631719	0.01972062448644207	2.519655010442418	0.019583027380167126	0.027975753400238754	True	-0.6466888062202345	3.933092037888423
PapalexiSatija2021_eccite_RNA	STAT5A	CORRELATION	659	2386	758792.0	0.4825773003115035	0.5174226996884965	0.22381476600639175	0.21642036124794745	1.0341668626547236	0.0851512318366614	0.10643903979582675	False	-0.10960013267159832	2.4633264053114763
PapalexiSatija2021_eccite_RNA	ATF2	CORRELATION	1102	2386	1354500.0	0.5151420187025647	0.4848579812974353	0.3122254988587222	0.31594036697247707	0.9882418693459374	0.9250629698097995	0.9983620641312616	False	0.05589339862552123	0.07789346831668799
PapalexiSatija2021_eccite_RNA	NFKBIA	CORRELATION	787	2386	1004425.0	0.5348996848409453	0.4651003151590547	0.23230326244412108	0.24803025527891584	0.9365924418490422	0.9983620641312616	0.9983620641312616	False	0.45197389500027263	0.001639278752265168
PapalexiSatija2021_eccite_RNA	STAT1	NONZERORATE	444	2386	181291.0	0.17112869365593592	0.828871306344064	0.5753038033076254	0.1568904593639576	3.6669138814427478	6.2218605990433e-108	6.2218605990433e-107	True	-2.6230247859711096	246.85112104965782
PapalexiSatija2021_eccite_RNA	IRF1	NONZERORATE	1073	2386	1041864.0	0.4069498292696836	0.5930501707303164	0.3869766451804532	0.31020526163631107	1.247485755525804	9.08789017352928e-19	4.54394508676464e-18	True	-0.6675288255010607	41.54217398976
PapalexiSatija2021_eccite_RNA	JAK2	NONZERORATE	1024	2386	1015369.0	0.4155789141083403	0.5844210858916596	0.3571107539746736	0.3002932551319648	1.1892067100133175	2.50187826867649e-15	8.339594228921635e-15	True	-0.44398947748336964	33.62173463765611
PapalexiSatija2021_eccite_RNA	SMAD4	NONZERORATE	659	2386	665064.0	0.42296807248148344	0.5770319275185165	0.25565095402293936	0.21642036124794745	1.1812703414261767	6.688987203415352e-10	1.672246800853838e-09	True	-0.40323657542319463	21.1253884568849
PapalexiSatija2021_eccite_RNA	MYC	NONZERORATE	109	2386	107804.0	0.4145127925129002	0.5854872074870998	0.061795775105019296	0.043687374749499	1.4144996228167261	0.001252274482490583	0.002504548964981166	True	-0.862524693773682	6.682793795116638
PapalexiSatija2021_eccite_RNA	SPI1	NONZERORATE	48	2386	46346.0	0.40466960044705225	0.5953303995529478	0.02707658172733715	0.01972062448644207	1.3730083317570547	0.011765896403166968	0.019609827338611614	True	-0.48491504527693585	4.442550067340918
PapalexiSatija2021_eccite_RNA	NFKBIA	NONZERORATE	787	2386	918690.0	0.4892420951952889	0.5107579048047111	0.262801105599234	0.24803025527891584	1.059552615077979	0.18235833281834063	0.2605119040262009	False	-0.08805204051891904	1.7017816659338931
PapalexiSatija2021_eccite_RNA	STAT3	NONZERORATE	493	2386	578970.0	0.49219670525666115	0.5078032947433389	0.17744619747213172	0.1712400138937131	1.036242601465045	0.29244015084747654	0.3655501885593457	False	-0.10010019081125307	1.2294952457334765
PapalexiSatija2021_eccite_RNA	ATF2	NONZERORATE	1102	2386	1319321.0	0.501762778336424	0.498237221663576	0.3185985262006672	0.31594036697247707	1.0084134840180827	0.5665717694102926	0.6295241882336585	False	-0.017761952657077806	0.5681515173764355
PapalexiSatija2021_eccite_RNA	STAT5A	NONZERORATE	659	2386	802664.0	0.5104790590533804	0.4895209409466196	0.21463571054106587	0.21642036124794745	0.9917537763240449	0.7952522582230166	0.7952522582230166	False	0.04812153011743078	0.22909590871778726
PapalexiSatija2021_eccite_RNA	STAT1	SPECIFICITY	444	2386	261864.0	0.2471851566570762	0.7528148433429238	0.3811111924066205	0.1568904593639576	2.4291546723214776	1.1139054598004732e-64	1.1139054598004731e-63	True	-1.2309821421299	147.2575736792443
PapalexiSatija2021_eccite_RNA	JAK2	SPECIFICITY	1024	2386	939987.0	0.3847259240098491	0.6152740759901509	0.37225003640552773	0.3002932551319648	1.2396217032645016	5.8387752820159054e-27	2.9193876410079526e-26	True	-0.5215928661124671	60.40527644797531
PapalexiSatija2021_eccite_RNA	SMAD4	SPECIFICITY	659	2386	683880.0	0.4349346911103847	0.5650653088896154	0.24422353428045102	0.21642036124794745	1.128468379186606	1.519959583706097e-07	5.06653194568699e-07	True	-0.22079919747544485	15.699411906120687
PapalexiSatija2021_eccite_RNA	IRF1	SPECIFICITY	1073	2386	1196630.0	0.4674010947676294	0.5325989052323705	0.34629326728347487	0.31020526163631107	1.1163358914571664	0.0010639838958389834	0.0026599597395974583	True	-0.17260479352173141	6.845735023666904
PapalexiSatija2021_eccite_RNA	MYC	SPECIFICITY	109	2386	108148.0	0.4158354929750763	0.5841645070249237	0.06121674212511427	0.043687374749499	1.4012456110289917	0.0014600784618444664	0.0029201569236889328	True	-0.5709886555449377	6.529265103716527
PapalexiSatija2021_eccite_RNA	SPI1	SPECIFICITY	48	2386	45502.0	0.3973002235261246	0.6026997764738753	0.026693703632951985	0.01972062448644207	1.3535932217209403	0.007348407429325663	0.012247345715542772	True	-0.5022762541881204	4.913271665517311
PapalexiSatija2021_eccite_RNA	NFKBIA	SPECIFICITY	787	2386	906855.0	0.4829394466450312	0.5170605533549688	0.2619224162648578	0.24803025527891584	1.0560099451186706	0.0752935177107283	0.10756216815818329	False	-0.09067905680371102	2.586361234060824
PapalexiSatija2021_eccite_RNA	STAT3	SPECIFICITY	493	2386	580787.0	0.493741381860719	0.506258618139281	0.1744604064364086	0.1712400138937131	1.0188063085809742	0.3306463807731044	0.41330797596638047	False	0.03426304098902072	1.1067058107157026
PapalexiSatija2021_eccite_RNA	STAT5A	SPECIFICITY	659	2386	790411.0	0.502686383773835	0.497313616226165	0.21666156829831182	0.21642036124794745	1.0011145303010007	0.5837348476359205	0.6485942751510229	False	-0.23477714112685977	0.5383084272765244
PapalexiSatija2021_eccite_RNA	ATF2	SPECIFICITY	1102	2386	1338083.0	0.5088983224891723	0.49110167751082767	0.3112497852568145	0.31594036697247707	0.9851535852774673	0.8012851472237577	0.8012851472237577	False	0.09005250956677788	0.22153840621945056
PapalexiSatija2021_eccite_RNA	STAT1	UNIFORM	444	2386	218890.0	0.20662007355217749	0.7933799264478224	0.4825391022016154	0.1568904593639576	3.0756433766454316	2.3872792295233124e-86	2.3872792295233123e-85	True	-1.8441018742440416	197.15216367770034
PapalexiSatija2021_eccite_RNA	IRF1	UNIFORM	1073	2386	1034830.0	0.4042023640543743	0.5957976359456257	0.3871960925528186	0.31020526163631107	1.248193181864119	8.825273596790945e-20	4.412636798395472e-19	True	-0.6464909832584915	43.87408225507289
PapalexiSatija2021_eccite_RNA	JAK2	UNIFORM	1024	2386	1027785.0	0.420660640847653	0.579339359152347	0.3456419880658816	0.3002932551319648	1.1510148235397033	9.497816654176584e-14	3.1659388847255285e-13	True	-0.41491795213931953	29.985129355600307
PapalexiSatija2021_eccite_RNA	SMAD4	UNIFORM	659	2386	651389.0	0.4142710322098941	0.585728967790106	0.2731360510704514	0.21642036124794745	1.2620626335501133	7.531433623625105e-12	1.8828584059062762e-11	True	-0.44647535158982016	25.611935703974666
PapalexiSatija2021_eccite_RNA	MYC	UNIFORM	109	2386	109517.0	0.42109937940739944	0.5789006205926005	0.05659520776147359	0.043687374749499	1.2954591134392348	0.0026363207265035302	0.0052726414530070605	True	-0.6373464304188916	5.938370998080325
PapalexiSatija2021_eccite_RNA	NFKBIA	UNIFORM	787	2386	889653.0	0.4737786388409304	0.5262213611590696	0.2699352389469004	0.24803025527891584	1.0883157727808324	0.01357585153098235	0.02262641921830392	True	-0.14089009354631032	4.299462687248613
PapalexiSatija2021_eccite_RNA	SPI1	UNIFORM	48	2386	47472.0	0.414501257334451	0.5854987426655491	0.02691347621535296	0.01972062448644207	1.3647375230868564	0.02112166113818931	0.030173801625984733	True	-0.497206872519646	3.8574561708606243
PapalexiSatija2021_eccite_RNA	STAT3	UNIFORM	493	2386	571425.0	0.48578251429484703	0.5142174857051529	0.18203962514274788	0.1712400138937131	1.0630671009857426	0.15979024685084092	0.19973780856355114	False	-0.056562131465732274	1.833893280986668
PapalexiSatija2021_eccite_RNA	STAT5A	UNIFORM	659	2386	808632.0	0.5142745937035337	0.4857254062964663	0.2145938646746524	0.21642036124794745	0.9915604217516185	0.8693895706489367	0.9587056862517052	False	-0.020826559005423267	0.13996395653236735
PapalexiSatija2021_eccite_RNA	ATF2	UNIFORM	1102	2386	1362681.0	0.518253408038117	0.4817465919618829	0.3072701289425461	0.31594036697247707	0.9725573591212348	0.9587056862517052	0.9587056862517052	False	0.07929207693869841	0.04217114770606834
ReplogleWeissman2022_K562_essential	RUVBL1	CORRELATION	191	10646	328507.0	0.16155663509043536	0.8384433649095647	0.14451321418379467	0.017624803912521917	8.199422524134988	2.4824017438442007e-58	1.7873292555678246e-56	True	-4.867336832794201	132.6407088570197
ReplogleWeissman2022_K562_essential	GATA1	CORRELATION	105	10646	103307.0	0.092417451669753	0.9075825483302469	0.2586975384865184	0.00976653334573528	26.488164154938662	2.731934351394023e-47	9.834963665018483e-46	True	-4.26465580734581	107.2164894588047
ReplogleWeissman2022_K562_essential	TRRAP	CORRELATION	404	10646	1596121.0	0.37110600736947635	0.6288939926305237	0.06280029544133267	0.03656108597285068	1.7176813480859554	6.336907017924051e-19	1.5208576843017726e-17	True	-0.8345376553855115	41.90272596953872
ReplogleWeissman2022_K562_essential	ATF4	CORRELATION	72	10646	225493.0	0.2941806520967708	0.7058193479032293	0.02243811503960131	0.006717671207314798	3.340162736033984	8.240010004682111e-10	1.48320180084278e-08	True	-1.1698849343079698	20.916849371859364
ReplogleWeissman2022_K562_essential	CHEK1	CORRELATION	292	10646	1236763.0	0.39784799230015006	0.6021520076998499	0.04870237331775061	0.02669592247211556	1.824337532019028	1.2207142585304005e-09	1.7578285322837765e-08	True	-0.6344926683701064	20.523829691703007
ReplogleWeissman2022_K562_essential	POLR2I	CORRELATION	209	10646	882754.0	0.3967408744394417	0.6032591255605584	0.04185595146719538	0.019253800092123446	2.173905996059358	1.520087019024552e-07	1.7709636425974575e-06	True	-0.5920286767211007	15.69932806838056
ReplogleWeissman2022_K562_essential	MYC	CORRELATION	73	10646	254268.0	0.3271767131008109	0.6728232868991891	0.01823635826161584	0.006810336785147868	2.6777469069350714	1.7217702080808615e-07	1.7709636425974575e-06	True	-3.244973699149618	15.57474269864196
ReplogleWeissman2022_K562_essential	TFDP1	CORRELATION	163	10646	689292.0	0.39721822995243466	0.6027817700475653	0.02231386535261554	0.015080025904338977	1.4796967521252844	3.225052810475159e-06	2.9025475294276434e-05	True	-0.834748628545562	12.644561232509478
ReplogleWeissman2022_K562_essential	MYBL2	CORRELATION	103	10646	407914.0	0.37200169989548926	0.6279983001045106	0.018565469293792318	0.009582286724346451	1.9374779557181905	3.7642237111109444e-06	3.0113789688887555e-05	True	-0.7973022561002989	12.489968903599499
ReplogleWeissman2022_K562_essential	SSRP1	CORRELATION	534	10646	2559189.0	0.45016802217217206	0.549831977827828	0.06325520374205161	0.04776386404293381	1.3243317937006311	4.9621054019890006e-05	0.00035727158894320805	True	-0.3066991205865936	9.911095338090472
ReplogleWeissman2022_K562_essential	POLR2F	CORRELATION	310	10646	1453549.5	0.4404348445274009	0.5595651554725992	0.03970876604215485	0.028294998174516247	1.403384647605963	0.00017110989752649463	0.0011199920565370556	True	-0.30923487053756804	8.673204532295598
ReplogleWeissman2022_K562_essential	NELFA	CORRELATION	87	10646	369839.0	0.39930706260621335	0.6006929373937867	0.012173041638673393	0.008105841796329078	1.501761562159558	0.0005974201893092192	0.0035845211358553155	True	-0.5184675461237209	7.422889857458336
ReplogleWeissman2022_K562_essential	RUVBL2	CORRELATION	14	10646	37887.0	0.25420010198330695	0.7457998980166931	0.010594426623287037	0.0013133208255159475	8.066899128874272	0.0007271655942932569	0.004027378676085731	True	-3.4687269864767716	7.22635632879831
ReplogleWeissman2022_K562_essential	CDK9	CORRELATION	135	10646	608529.0	0.42340994009226207	0.5765900599077379	0.015982485049019717	0.012522029496336146	1.2763494171369005	0.0010950164089897022	0.0056315129605184686	True	-0.4340987867159803	6.816985930447229
ReplogleWeissman2022_K562_essential	SUPT16H	CORRELATION	90	10646	391210.0	0.40830150082451416	0.5916984991754858	0.014069539444591809	0.00838301043219076	1.6783397275237517	0.0013467662997241807	0.006464478238676067	True	-0.6318930033897826	6.610048893470241
ReplogleWeissman2022_K562_essential	POLR2C	CORRELATION	151	10646	690797.0	0.4297214512057509	0.570278548794249	0.03532829917883027	0.01398536630545522	2.526090372409473	0.0014868407503942076	0.006690783376773935	True	-0.41835809429109605	6.5111017117958365
ReplogleWeissman2022_K562_essential	MED1	CORRELATION	238	10646	1155215.0	0.45593129229899737	0.5440687077010027	0.030970255534358268	0.021866960676221976	1.416303618638468	0.00992711852696548	0.04204426670244204	True	-0.2403127551419046	4.6124850215883235
ReplogleWeissman2022_K562_essential	STAT5A	CORRELATION	203	10646	983664.0	0.45516019800679086	0.5448398019932091	0.02091907045798265	0.01871140197253203	1.1179851990081466	0.014182848336153403	0.05673139334461361	True	-0.20836284906600971	4.255721908081322
ReplogleWeissman2022_K562_essential	CDK7	CORRELATION	17	10646	64627.0	0.3570907604071123	0.6429092395928877	0.002406339388387701	0.0015942980399512331	1.5093409940222386	0.020705533616724447	0.07846307475811369	True	-0.5209993274005102	3.8773542899561937
ReplogleWeissman2022_K562_essential	GTF2H2	CORRELATION	155	10646	755204.0	0.45766333561598177	0.5423366643840182	0.017922163118754678	0.01435052309971299	1.2488857022301243	0.03494381214796571	0.12579772373267653	False	-0.2494094522365276	3.35401387467641
ReplogleWeissman2022_K562_essential	MAX	CORRELATION	180	10646	885682.0	0.4621881979668942	0.5378118020331059	0.026796572465174417	0.01662663957140218	1.6116649639332123	0.040704312650755546	0.13955764337401902	False	-0.3022042777906187	3.2014212302121314
ReplogleWeissman2022_K562_essential	ATR	CORRELATION	138	10646	673056.0	0.45812675101487393	0.541873248985126	0.01457463509159373	0.01279673590504451	1.1389338030996143	0.04523131029934849	0.14802974279786776	False	-0.26116851531299157	3.095965726216034
ReplogleWeissman2022_K562_essential	HDAC3	CORRELATION	59	10646	276613.0	0.4403866177158923	0.5596133822841076	0.0077023766388435244	0.005511443250817375	1.3975244393020327	0.05685235941404352	0.17797260338309276	False	-0.34101947608581107	2.8672975572009984
ReplogleWeissman2022_K562_essential	TGS1	CORRELATION	160	10646	794835.0	0.4666277240278039	0.5333722759721962	0.016743725766810238	0.014806588932074774	1.1308293789759465	0.07334069192399885	0.22002207577199656	False	-0.11995035619883467	2.6126396819138833
ReplogleWeissman2022_K562_essential	POLR2H	CORRELATION	73	10646	351637.5	0.45246590783341356	0.5475340921665866	0.009738558684804508	0.006810336785147868	1.429967267704377	0.08045798800763704	0.22327444456437762	False	-0.17180610248630826	2.520020118892504
ReplogleWeissman2022_K562_essential	LIN54	CORRELATION	303	10646	1536866.0	0.47643857002645595	0.523561429973544	0.028778814892394984	0.027673760160745273	1.0399314991974675	0.08062688275935859	0.22327444456437762	False	-0.1155937807772839	2.5179231520847956
ReplogleWeissman2022_K562_essential	SUPT4H1	CORRELATION	73	10646	354041.0	0.4555585865422475	0.5444414134577524	0.008931036106802567	0.006810336785147868	1.3113941921755714	0.09496609726475597	0.2532429260393492	False	-0.11987585873618867	2.3542353219724745
ReplogleWeissman2022_K562_essential	POLR2D	CORRELATION	246	10646	1258131.0	0.4804014332647553	0.5195985667352446	0.025279135075696423	0.022585383767903047	1.1192696717255506	0.1462430547508916	0.37605356935943557	False	-0.11684109602455854	1.9224852828805963
ReplogleWeissman2022_K562_essential	RAD51D	CORRELATION	142	10646	718380.5	0.4752036075177346	0.5247963924822654	0.014248167308982932	0.013162773451983686	1.0824593586570976	0.15463268467515268	0.38391563091762043	False	-0.08098663179306756	1.8667027507160527
ReplogleWeissman2022_K562_essential	GTF2F2	CORRELATION	58	10646	287756.0	0.4660257697564894	0.5339742302435105	0.006022872780870731	0.005418535127055307	1.1115315559731087	0.18571253874410854	0.44571009298586045	False	-0.11837444396549546	1.6835552913945586
ReplogleWeissman2022_K562_essential	VHL	CORRELATION	160	10646	818275.0	0.4803887610370092	0.5196112389629908	0.016548695967808877	0.014806588932074774	1.117657553925892	0.19686135261427362	0.45722636736218386	False	-0.10458554219186665	1.6252555918594687
ReplogleWeissman2022_K562_essential	HSF1	CORRELATION	128	10646	653810.0	0.479794347642307	0.5202056523576931	0.01280050342983942	0.011880452942268424	1.0774423746335149	0.21560356055819685	0.48510801125594294	False	-0.1217085219163927	1.5343139254352518
ReplogleWeissman2022_K562_essential	NELFE	CORRELATION	73	10646	369760.0	0.47578484683938144	0.5242151531606185	0.00785512083827808	0.006810336785147868	1.1534115104863392	0.23754973786713834	0.505409597237406	False	-0.14566452638855545	1.437378254834815
ReplogleWeissman2022_K562_essential	YY1	CORRELATION	82	10646	416633.0	0.47725814802765726	0.5227418519723428	0.009537581107720478	0.0076435495898583145	1.2477947576051864	0.23866564313988614	0.505409597237406	False	-0.15781802866654476	1.432691689218827
ReplogleWeissman2022_K562_essential	POLR2L	CORRELATION	60	10646	305104.5	0.4776512305091114	0.5223487694908886	0.006307709798010106	0.005604334018307491	1.1255056849582699	0.27493703640848266	0.5655847606117358	False	-0.14833079227306434	1.2912131660451764
ReplogleWeissman2022_K562_essential	POLR2E	CORRELATION	217	10646	1134447.5	0.49106412395213883	0.5089358760478613	0.02189605425209452	0.01997606554358833	1.0961144577903352	0.3258566525498188	0.6517133050996377	False	-0.03574488974077467	1.1212977104237551
ReplogleWeissman2022_K562_essential	NPM1	CORRELATION	27	10646	137453.0	0.4781938617181901	0.5218061382818099	0.004153990964822357	0.002529747962147475	1.6420572432425562	0.3475423826388331	0.6699150189238728	False	-0.23170455265866474	1.0568686569860497
ReplogleWeissman2022_K562_essential	POLR2G	CORRELATION	110	10646	574600.0	0.49066657558109744	0.5093334244189025	0.021021190888869844	0.010226850130159911	2.055490265460764	0.36793382963966953	0.6699150189238728	False	-0.13437873498049063	0.9998521677428669
ReplogleWeissman2022_K562_essential	CCNK	CORRELATION	320	10646	1685065.0	0.4946297318241593	0.5053702681758407	0.030302001986128542	0.029181105234360752	1.0384117305621425	0.37150566321302103	0.6699150189238728	False	-0.04579076952054815	0.990191170760108
ReplogleWeissman2022_K562_essential	RBBP4	CORRELATION	89	10646	464385.0	0.49011919864400194	0.509880801355998	0.01008907784596268	0.008290638099673963	1.216924164903476	0.3739029585778697	0.6699150189238728	False	-0.27965814256373545	0.9837589842786504
ReplogleWeissman2022_K562_essential	KAT5	CORRELATION	118	10646	618268.0	0.4921622508016061	0.5078377491983939	0.011893162290834255	0.010962467484206614	1.0848982957503384	0.38465285679317973	0.6699150189238728	False	-0.03148921531313899	0.9554140221109355
ReplogleWeissman2022_K562_essential	GTF2H3	CORRELATION	76	10646	397427.0	0.4911988194231587	0.5088011805768413	0.007056680329321834	0.007088229807871666	0.9955490327761671	0.3955758511331975	0.6699150189238728	False	-0.06361668492475138	0.9274127247439439
ReplogleWeissman2022_K562_essential	ACTL6A	CORRELATION	53	10646	276441.0	0.4899368706113378	0.5100631293886622	0.005263236781689972	0.004953733993831199	1.062478685420774	0.4000881363017574	0.6699150189238728	False	-0.023243593988201305	0.9160704153912204
ReplogleWeissman2022_K562_essential	ASF1B	CORRELATION	283	10646	1495468.0	0.49636851612012406	0.503631483879876	0.02554827451729258	0.025894409369567207	0.9866328346271752	0.4170984192820047	0.6825246860978258	False	-0.08948171456656227	0.8744330675682344
ReplogleWeissman2022_K562_essential	SUPT5H	CORRELATION	340	10646	1807257.0	0.4992919185333348	0.5007080814666652	0.06326327002457124	0.030948479883488075	2.044147895558646	0.48224791145064916	0.7715966583210386	False	0.0553693067079304	0.729296958049328
ReplogleWeissman2022_K562_essential	ELL	CORRELATION	83	10646	445530.0	0.5042110957449939	0.4957889042550062	0.007778081245188894	0.007736042501631094	1.0054341407184535	0.552664660275477	0.8650403378224858	False	-0.011885486754336996	0.5930038623437248
ReplogleWeissman2022_K562_essential	NFYB	CORRELATION	28	10646	151996.0	0.5099031158584042	0.4900968841415958	0.0028995214596237665	0.0026231965523702454	1.1053390021437173	0.5719382945598848	0.8761607916662064	False	-0.0356184055581949	0.5587241700650009
ReplogleWeissman2022_K562_essential	GTF2H4	CORRELATION	115	10646	619468.0	0.5059814259693374	0.4940185740306627	0.014213836400813428	0.010686739150636558	1.3300442913839419	0.5874594579748292	0.8811891869622439	False	-0.08394484783707168	0.5319480430473824
ReplogleWeissman2022_K562_essential	GABPA	CORRELATION	109	10646	590633.0	0.50898472441732	0.49101527558268	0.011115736657632625	0.010134821013482101	1.0967866766315493	0.6267636024438732	0.9209587627746708	False	-0.041809599795437594	0.4671858390378429
ReplogleWeissman2022_K562_essential	E2F6	CORRELATION	150	10646	812765.0	0.5089642432212411	0.4910357567787589	0.013164912184457797	0.013894034827713968	0.9475226129560426	0.6471602626066355	0.9319107781535552	False	0.11230196861770854	0.43516131406191466
ReplogleWeissman2022_K562_essential	POLR2B	CORRELATION	273	10646	1476581.0	0.5080520018524903	0.4919479981475097	0.026846157314963502	0.025002289586958514	1.0737479550259577	0.67546635339383	0.9452969752694429	False	0.09776153111800505	0.39235193275015195
ReplogleWeissman2022_K562_essential	NELFB	CORRELATION	136	10646	741071.5	0.5118406112210054	0.4881593887789947	0.014950523573873033	0.012613615284733816	1.1852687145110223	0.6827144821390421	0.9452969752694429	False	0.05068279337746884	0.381678541747826
ReplogleWeissman2022_K562_essential	USF2	CORRELATION	184	10646	1003118.0	0.5120917021293975	0.4879082978706025	0.016733690773361024	0.01698984302862419	0.9849232123668473	0.7133914659198547	0.9678837900730294	False	0.03976330697509508	0.3377249686746579
ReplogleWeissman2022_K562_essential	POLR2A	CORRELATION	382	10646	2070098.0	0.5090273071615522	0.4909726928384478	0.03698950970808497	0.034639100471527025	1.0678542226721492	0.7259128425547721	0.9678837900730294	False	0.013589879484146139	0.32032532294155736
ReplogleWeissman2022_K562_essential	HDAC7	CORRELATION	169	10646	930865.0	0.5173846442867671	0.4826153557132329	0.014728050756778239	0.015626444752658345	0.9425081002044772	0.7813438329402054	0.9980810892615923	False	0.050734497417645394	0.2467399789802307
ReplogleWeissman2022_K562_essential	ERCC2	CORRELATION	115	10646	639445.5	0.5222990467944686	0.47770095320553135	0.010552015004946642	0.010686739150636558	0.9873933345063549	0.7950050602900043	0.9980810892615923	False	0.14698339934738375	0.22940679920340312
ReplogleWeissman2022_K562_essential	MCM5	CORRELATION	88	10646	494042.0	0.5273448841220775	0.4726551158779226	0.00728171525946197	0.008198248555990311	0.8882037681257362	0.8126029246593092	0.9980810892615923	False	0.2823889778858159	0.20751269629727015
ReplogleWeissman2022_K562_essential	POLR2K	CORRELATION	13	10646	82432.0	0.5956155435772194	0.4043844564227807	0.002021693777703358	0.0012196266066235107	1.6576333828107763	0.883662899555694	0.9980810892615923	False	0.22480088641821833	0.12367962441554302
ReplogleWeissman2022_K562_essential	BRCA1	CORRELATION	104	10646	592220.0	0.5348885099495657	0.46511149005043423	0.008792176041846511	0.009674418604651163	0.9088066581716345	0.8899928978237763	0.9980810892615923	False	0.24910602346427968	0.1165417962610767
ReplogleWeissman2022_K562_essential	RAD51	CORRELATION	237	10646	1320466.0	0.523350225238615	0.47664977476138504	0.02031648675404104	0.02177708352476339	0.9329296428026524	0.8910026066392657	0.9980810892615923	False	0.11572854674373306	0.11540792599454572
ReplogleWeissman2022_K562_essential	GTF2H1	CORRELATION	403	10646	2245030.5	0.5232759050685517	0.47672409493144824	0.03908564537384818	0.0364738890397321	1.071606192892428	0.9439451730268142	0.9980810892615923	False	0.13964835508657736	0.05768719394405885
ReplogleWeissman2022_K562_essential	YBX1	CORRELATION	83	10646	487705.0	0.551940997127718	0.44805900287228195	0.0067559091569867995	0.007736042501631094	0.8733030041603779	0.9487464681607859	0.9980810892615923	False	0.2467545052125105	0.05261367290290393
ReplogleWeissman2022_K562_essential	CCNH	CORRELATION	73	10646	435210.0	0.5600019558442427	0.4399980441557573	0.006619820760158756	0.006810336785147868	0.9720254620293385	0.9616177303618231	0.9980810892615923	False	0.22245892500661524	0.03913827697494042
ReplogleWeissman2022_K562_essential	DNMT1	CORRELATION	170	10646	989666.0	0.5468311765810965	0.4531688234189035	0.014202087648288243	0.015717455621301776	0.9035869411993273	0.9820659945717838	0.9980810892615923	False	0.23778426621882076	0.018096768637523162
ReplogleWeissman2022_K562_essential	CDC6	CORRELATION	187	10646	1085993.0	0.5455052787770959	0.45449472122290413	0.015572273434659068	0.017262069602141605	0.9021092947468539	0.9836955395207215	0.9980810892615923	False	0.15579341316538467	0.016438840863537914
ReplogleWeissman2022_K562_essential	MNAT1	CORRELATION	83	10646	502054.0	0.5681799148500822	0.4318200851499177	0.006554778723899462	0.007736042501631094	0.8473038666110521	0.9839555657402806	0.9980810892615923	False	0.594095537703932	0.016174539717488643
ReplogleWeissman2022_K562_essential	GTF2F1	CORRELATION	41	10646	260502.5	0.5968175382486495	0.4031824617513506	0.0034482321287756345	0.003836436792364555	0.8988111404932977	0.9839562464552573	0.9980810892615923	False	0.4859765031373905	0.016173847902975016
ReplogleWeissman2022_K562_essential	NFYC	CORRELATION	21	10646	143452.0	0.6416539187532988	0.3583460812467012	0.0014688341794693019	0.0019686884784850473	0.7460978186856687	0.9876608600059779	0.9980810892615923	False	0.46635015203048946	0.01241589926442168
ReplogleWeissman2022_K562_essential	RBMX	CORRELATION	143	10646	854170.0	0.5610761584836355	0.43892384151636443	0.012021801956348513	0.01325424043006766	0.9070155336156931	0.9940170505882618	0.9980810892615923	False	0.23154265435561197	0.006000918963365027
ReplogleWeissman2022_K562_essential	ZBTB17	CORRELATION	159	10646	945882.5	0.5587964062446462	0.4412035937553538	0.013129181672521506	0.014715409532623786	0.8922063394439929	0.9946031965951483	0.9980810892615923	False	0.26652684405297744	0.005411418756182726
ReplogleWeissman2022_K562_essential	NELFCD	CORRELATION	199	10646	1171125.5	0.5527947364098342	0.4472052635901657	0.016880028888621293	0.01834946980175196	0.9199191622969745	0.994706502966255	0.9980810892615923	False	0.2805451140653008	0.005307557229521178
ReplogleWeissman2022_K562_essential	ERCC3	CORRELATION	163	10646	981959.0	0.5658734119442309	0.43412658805576915	0.013196878173442662	0.015080025904338977	0.8751230440290904	0.9980810892615923	0.9980810892615923	False	0.32880740198070924	0.001920754206296371
ReplogleWeissman2022_K562_essential	MAX	NONZERORATE	180	10646	186314.0	0.09722691882188407	0.9027730811781159	0.15534814093216134	0.01662663957140218	9.343327631842103	3.2578229257968735e-77	2.508523652863592e-75	True	-6.656696695627536	176.11799300242285
ReplogleWeissman2022_K562_essential	RUVBL1	NONZERORATE	191	10646	319266.0	0.1570119987056073	0.8429880012943927	0.15135474504504565	0.017624803912521917	8.587598806561045	7.500980859488973e-60	2.8878776309032544e-58	True	-5.112842796937773	136.14007178638641
ReplogleWeissman2022_K562_essential	GATA1	NONZERORATE	105	10646	222937.0	0.1994373026309904	0.8005626973690096	0.22798012261500006	0.00976653334573528	23.342993316513006	1.2530271167387086e-26	3.216102932962686e-25	True	-2.953469772119616	59.641650100713946
ReplogleWeissman2022_K562_essential	TRRAP	NONZERORATE	404	10646	1722228.0	0.4004265070504796	0.5995734929495204	0.05703183600896018	0.03656108597285068	1.5599054155916088	5.058595550690492e-12	9.737796435079197e-11	True	-0.75117908300706	26.00993223030792
ReplogleWeissman2022_K562_essential	CHEK1	NONZERORATE	292	10646	1240243.0	0.3989674557811925	0.6010325442188075	0.04827706944327172	0.02669592247211556	1.8084061149674866	1.8180011517773653e-09	2.799721773737143e-08	True	-0.6736658661045268	20.12552820765042
ReplogleWeissman2022_K562_essential	SUPT5H	NONZERORATE	340	10646	1494382.0	0.41285376446276423	0.5871462355372358	0.07459266535948975	0.030948479883488075	2.410220651880454	2.1339700316632226e-08	2.7385948739678023e-07	True	-0.6018669882307806	17.662696634440753
ReplogleWeissman2022_K562_essential	MYBL2	NONZERORATE	103	10646	382075.0	0.3484375370484197	0.6515624629515804	0.017785499723831418	0.009582286724346451	1.8560809371986786	5.7083508510175705e-08	6.279185936119328e-07	True	-0.9228770550622455	16.678750579685495
ReplogleWeissman2022_K562_essential	MYC	NONZERORATE	73	10646	254117.0	0.3269824154161702	0.6730175845838298	0.020669769316827954	0.006810336785147868	3.035058319275053	1.670418189513349e-07	1.6077775074065984e-06	True	-2.909398682309897	15.605021642995483
ReplogleWeissman2022_K562_essential	POLR2I	NONZERORATE	209	10646	914440.0	0.41098168371075416	0.5890183162892458	0.036046821918936746	0.019253800092123446	1.8721925929667864	5.057693967595562e-06	4.3271381722762035e-05	True	-0.5295090022520327	12.194599916174191
ReplogleWeissman2022_K562_essential	MED1	NONZERORATE	238	10646	1056641.0	0.4170268708648216	0.5829731291351783	0.03456902771362272	0.021866960676221976	1.580879401828024	5.7925799387357964e-06	4.4602865528265634e-05	True	-0.4391130900250537	12.058932780349123
ReplogleWeissman2022_K562_essential	TFDP1	NONZERORATE	163	10646	707841.0	0.40790746027483465	0.5920925397251653	0.02921937239549905	0.015080025904338977	1.9376208357236149	2.6507463735237753e-05	0.0001855522461466643	True	-0.6221546644069421	10.538084214241792
ReplogleWeissman2022_K562_essential	NRF1	NONZERORATE	69	10646	266917.0	0.36336298317119853	0.6366370168288014	0.011057494381569822	0.006439570695286981	1.7171166999785599	4.4486872604728906e-05	0.0002854574325470105	True	-0.6514637190419659	10.020316409958985
ReplogleWeissman2022_K562_essential	NELFA	NONZERORATE	87	10646	365206.0	0.39430491404682777	0.6056950859531721	0.011801863230566794	0.008105841796329078	1.4559700925709587	0.0003356137730297543	0.001987866194099314	True	-0.4298074935964001	7.999549544196195
ReplogleWeissman2022_K562_essential	CDK9	NONZERORATE	135	10646	604372.0	0.4205175304931082	0.5794824695068919	0.016251396001537105	0.012522029496336146	1.297824446611641	0.0007392930476382771	0.004066111762010524	True	-0.45295207251300695	7.209816169424503
ReplogleWeissman2022_K562_essential	RUVBL2	NONZERORATE	14	10646	38788.0	0.26024529669091007	0.7397547033090899	0.010546416317104512	0.0013133208255159475	8.030342710023865	0.0009502836678688031	0.0048781228283931895	True	-3.5278882861972667	6.958750020184491
ReplogleWeissman2022_K562_essential	ZBTB17	NONZERORATE	159	10646	741682.5	0.4381617331693363	0.5618382668306636	0.020971299550604325	0.014715409532623786	1.4251251046810045	0.003668214322905019	0.017653281428980403	True	-0.30564207182671344	5.60805029584098
ReplogleWeissman2022_K562_essential	SUPT16H	NONZERORATE	90	10646	412952.0	0.4309933830129209	0.5690066169870792	0.012724837035481145	0.00838301043219076	1.5179316712547286	0.011968388341357153	0.05334232024403513	True	-0.5315346496592434	4.425486409967865
ReplogleWeissman2022_K562_essential	POLR2A	NONZERORATE	382	10646	1896296.0	0.46629021740092635	0.5337097825990738	0.04302231471402222	0.034639100471527025	1.2420159336812489	0.01246963330380042	0.05334232024403513	True	-0.17975358075984732	4.384458925993582
ReplogleWeissman2022_K562_essential	POLR2F	NONZERORATE	310	10646	1534291.5	0.46490018968202507	0.5350998103179749	0.03501077353341224	0.028294998174516247	1.2373484994582726	0.017420953546429443	0.06783684957216929	True	-0.19764077820496573	4.050081570454881
ReplogleWeissman2022_K562_essential	RAD51	NONZERORATE	237	10646	1160849.0	0.46008801863737575	0.5399119813626243	0.023227246850678892	0.02177708352476339	1.066591255172736	0.017619960927836176	0.06783684957216929	True	-0.1306947033110299	4.038722875965996
ReplogleWeissman2022_K562_essential	ATR	NONZERORATE	138	10646	658905.0	0.4484946377083861	0.5515053622916138	0.015396838713384308	0.01279673590504451	1.2031848455444665	0.018653059619440554	0.0683945519379487	True	-0.3026750455017096	3.981745091686115
ReplogleWeissman2022_K562_essential	CCND1	NONZERORATE	146	10646	717417.5	0.46156476546596703	0.5384352345340331	0.02186072531982631	0.013528539659006671	1.6158969017230516	0.055045768192254804	0.19266018867289184	False	-0.15851952548521692	2.8995902908435562
ReplogleWeissman2022_K562_essential	LIN54	NONZERORATE	303	10646	1528851.0	0.47395386730106415	0.5260461326989359	0.028312698987470762	0.027673760160745273	1.0230882548310805	0.06073911912267527	0.20126000214035455	False	-0.07495344439406425	2.801167321895193
ReplogleWeissman2022_K562_essential	POLR2E	NONZERORATE	217	10646	1085016.5	0.4696671084788991	0.530332891521101	0.024700596907035438	0.01997606554358833	1.2365096046134836	0.0627303902775131	0.20126000214035455	False	-0.2124612120193042	2.7689092553479147
ReplogleWeissman2022_K562_essential	SSRP1	NONZERORATE	534	10646	2732864.0	0.48071790780029566	0.5192820921997043	0.05553918972487914	0.04776386404293381	1.1627867811313646	0.06601512448448546	0.2033265834122152	False	-0.11917426407380036	2.717871404352751
ReplogleWeissman2022_K562_essential	CDK7	NONZERORATE	17	10646	71710.0	0.3962272491186969	0.6037727508813031	0.0022537397010035554	0.0015942980399512331	1.4136250842235831	0.06931910211130232	0.2052911870219338	False	-0.5153735457698785	2.6690347670273
ReplogleWeissman2022_K562_essential	HSF1	NONZERORATE	128	10646	634112.0	0.4653390944955852	0.5346609055044149	0.01421808604200919	0.011880452942268424	1.1967629610672423	0.08846724357183139	0.25229547240855615	False	-0.14822141459173255	2.425122924614796
ReplogleWeissman2022_K562_essential	POLR2K	NONZERORATE	13	10646	54923.0	0.39684822035000505	0.6031517796499949	0.0024706299196121124	0.0012196266066235107	2.0257264856265773	0.09896455522309644	0.2669290582849748	False	-0.35274283503814885	2.312993521004422
ReplogleWeissman2022_K562_essential	TGS1	NONZERORATE	160	10646	801604.0	0.47060163441668235	0.5293983655833177	0.01698561828804808	0.014806588932074774	1.147166195129047	0.10053172325018533	0.2669290582849748	False	-0.12084335208476704	2.2972819470606223
ReplogleWeissman2022_K562_essential	E2F6	NONZERORATE	150	10646	756641.0	0.47381864863172396	0.526181351368276	0.015394481454500307	0.013894034827713968	1.1079921452185688	0.1350194910746373	0.346550027091569	False	-0.18273960395610472	2.002336132634609
ReplogleWeissman2022_K562_essential	POLR2L	NONZERORATE	60	10646	294282.5	0.4607090299956165	0.5392909700043834	0.007002866212319225	0.005604334018307491	1.2495447611514938	0.14656983076351782	0.3640605473803507	False	-0.314812874710996	1.920253303589717
ReplogleWeissman2022_K562_essential	GTF2F2	NONZERORATE	58	10646	286322.0	0.46370338219956336	0.5362966178004367	0.0063435402032848654	0.005418535127055307	1.1707112816545033	0.1698123939378537	0.39798167805265505	False	-0.17901170440686762	1.7730610163796232
ReplogleWeissman2022_K562_essential	POLR2D	NONZERORATE	246	10646	1263043.0	0.4822770184305262	0.5177229815694738	0.02538969678609975	0.022585383767903047	1.1241649487569045	0.17056357630828073	0.39798167805265505	False	-0.08382974403618923	1.7686471701881283
ReplogleWeissman2022_K562_essential	NANOG	NONZERORATE	125	10646	638657.0	0.4799226000375728	0.5200773999624271	0.01241343033190259	0.011605236282610714	1.0696404648393825	0.21975562061817833	0.49768184669410975	False	-0.1379178017711845	1.5152391654143509
ReplogleWeissman2022_K562_essential	CTDP1	NONZERORATE	111	10646	568455.0	0.48104604698630626	0.5189539530136937	0.01250440943319127	0.01031886213628335	1.2118011916471936	0.24568574381009162	0.5195216093866809	False	-0.12330811180976178	1.4037020238893385
ReplogleWeissman2022_K562_essential	RAD51D	NONZERORATE	142	10646	730951.5	0.4835192348908404	0.5164807651091596	0.014076623034164366	0.013162773451983686	1.06942682600398	0.24958963437352955	0.5195216093866809	False	-0.0650331097804632	1.3879371723014207
ReplogleWeissman2022_K562_essential	GTF2H3	NONZERORATE	76	10646	386381.0	0.4775465457745434	0.5224534542254565	0.007213606327402727	0.007088229807871666	1.0176879874001583	0.24964025386113237	0.5195216093866809	False	-0.08748351205648672	1.3877343820079335
ReplogleWeissman2022_K562_essential	POLR2B	NONZERORATE	273	10646	1424274.0	0.49005456313365386	0.5099454368663461	0.0287902723908698	0.025002289586958514	1.1515054367615654	0.2870430486094552	0.5816398616560012	False	0.030268188204880017	1.2481230793157683
ReplogleWeissman2022_K562_essential	CDC6	NONZERORATE	187	10646	972919.0	0.4887070637863534	0.5112929362136467	0.017493486978708003	0.017262069602141605	1.0134061200018385	0.29795678557451866	0.5882736535702036	False	-0.006012838769577009	1.2108068178430111
ReplogleWeissman2022_K562_essential	NELFE	NONZERORATE	73	10646	375717.0	0.48344995483543884	0.516550045164561	0.0077075136089881325	0.006810336785147868	1.1317375119827917	0.31273089569750967	0.6020069742177062	False	-0.15631009422812991	1.162412216400924
ReplogleWeissman2022_K562_essential	POLR2C	NONZERORATE	151	10646	788740.0	0.4906484791103956	0.5093515208896044	0.028219538316352884	0.01398536630545522	2.0177904317990865	0.3463303218973648	0.6470020724117637	False	-0.17447887018546188	1.0603622717841121
ReplogleWeissman2022_K562_essential	GTF2H4	NONZERORATE	115	10646	600075.0	0.49014122470983185	0.5098587752901682	0.012629936094663974	0.010686739150636558	1.1818325418667741	0.3578381877512439	0.6470020724117637	False	-0.08774315153530929	1.0276743842811558
ReplogleWeissman2022_K562_essential	GABPA	NONZERORATE	109	10646	568759.0	0.49013455542590834	0.5098654445740917	0.011158518682631024	0.010134821013482101	1.1010079672632722	0.36131284563254334	0.6470020724117637	False	-0.03726871153015893	1.0180110875371158
ReplogleWeissman2022_K562_essential	POLR2H	NONZERORATE	73	10646	380492.5	0.4895947799546553	0.5104052200453448	0.00870195353627373	0.006810336785147868	1.2777567117166866	0.3794663449304484	0.6499551376628515	False	0.08061680950509413	0.968989368739207
ReplogleWeissman2022_K562_essential	LIN52	NONZERORATE	12	10646	60617.0	0.47448963617007955	0.5255103638299204	0.0013231667225974387	0.001125914805779696	1.1751925774536252	0.37984391162114695	0.6499551376628515	False	-0.1515242336291627	0.9679948695379663
ReplogleWeissman2022_K562_essential	ATF4	NONZERORATE	72	10646	378089.0	0.4932590748742355	0.5067409251257645	0.006694835045554169	0.006717671207314798	0.9966005835867997	0.4217388937018304	0.7059542351095857	False	-0.07109036045806852	0.8633688917455269
ReplogleWeissman2022_K562_essential	ACTL6A	NONZERORATE	53	10646	280118.0	0.4964536241798674	0.5035463758201326	0.005198112076232375	0.004953733993831199	1.0493320962945318	0.4644662755544335	0.7609341110147102	False	0.027568898047401147	0.7668663271219716
ReplogleWeissman2022_K562_essential	YY1	NONZERORATE	82	10646	434746.0	0.49800680892399757	0.5019931910760025	0.008463146463603828	0.0076435495898583145	1.107227259287096	0.4751763977226938	0.7622621380134881	False	-0.05338437946112344	0.7440691802591767
ReplogleWeissman2022_K562_essential	RBBP4	NONZERORATE	89	10646	472838.0	0.4990406271701984	0.5009593728298015	0.007925869894235415	0.008290638099673963	0.9560023967934516	0.48755354450923793	0.766074019023357	False	0.08106896264526142	0.7183551596849007
ReplogleWeissman2022_K562_essential	CCNK	NONZERORATE	320	10646	1704053.0	0.5002034214728537	0.4997965785271464	0.030027033370067013	0.029181105234360752	1.028988899800484	0.504958200542068	0.766074019023357	False	-0.04501846915416516	0.6832796243363282
ReplogleWeissman2022_K562_essential	USF2	NONZERORATE	184	10646	980547.0	0.5005692074590171	0.49943079254098294	0.01698219096704393	0.01698984302862419	0.9995496096363357	0.5105823690477406	0.766074019023357	False	-0.007099996814497286	0.6722033046421717
ReplogleWeissman2022_K562_essential	ASF1B	NONZERORATE	283	10646	1508914.0	0.5008314475019733	0.4991685524980267	0.025380426235953147	0.025894409369567207	0.9801508068294414	0.5191168343717067	0.766074019023357	False	-0.035946979338429594	0.65562630675434
ReplogleWeissman2022_K562_essential	NELFB	NONZERORATE	136	10646	726397.5	0.5017056254213126	0.4982943745786874	0.014580740314087997	0.012613615284733816	1.1559525151948293	0.5272977014056873	0.766074019023357	False	0.011184854520682894	0.6399899916327463
ReplogleWeissman2022_K562_essential	GTF2H2	NONZERORATE	155	10646	834273.0	0.5055801664111312	0.4944198335888688	0.014832816172238056	0.01435052309971299	1.0336080482344725	0.5944195728804716	0.8475982798480799	False	-0.02605212653633526	0.5201698573177819
ReplogleWeissman2022_K562_essential	ELL	NONZERORATE	83	10646	449698.0	0.5089280662005528	0.49107193379944725	0.007437243786910599	0.007736042501631094	0.9613757661417327	0.6105212094136275	0.8547296931790785	False	0.10692116344556163	0.4934422449805712
ReplogleWeissman2022_K562_essential	NFYC	NONZERORATE	21	10646	119350.0	0.533846828229695	0.46615317177030496	0.0022511710029448012	0.0019686884784850473	1.1434876708767712	0.7042912069655672	0.936550447235521	False	0.11483480368336377	0.35056336209421524
ReplogleWeissman2022_K562_essential	POLR2G	NONZERORATE	110	10646	603200.0	0.5150888938226905	0.4849111061773095	0.01051726244804772	0.010226850130159911	1.028397044465466	0.70725612088474	0.936550447235521	False	0.2831062697784478	0.34636241435259396
ReplogleWeissman2022_K562_essential	VHL	NONZERORATE	160	10646	874112.0	0.5131692654518129	0.4868307345481871	0.015121051576854817	0.014806588932074774	1.0212380208718321	0.7165923074134435	0.936550447235521	False	0.02934985077138058	0.333248209009199
ReplogleWeissman2022_K562_essential	MCM5	NONZERORATE	88	10646	485229.0	0.5179378084812051	0.4820621915187949	0.009394285378480173	0.008198248555990311	1.1458893096887066	0.7197876702135048	0.936550447235521	False	0.12113427548573873	0.328799012945567
ReplogleWeissman2022_K562_essential	HDAC7	NONZERORATE	169	10646	924237.0	0.5137007315579261	0.48629926844207394	0.01654300998266706	0.015626444752658345	1.0586547512576583	0.729779569274432	0.936550447235521	False	0.040839147798253234	0.31501275033680826
ReplogleWeissman2022_K562_essential	HDAC3	NONZERORATE	59	10646	331647.0	0.528004470526051	0.471995529473949	0.005737316231054819	0.005511443250817375	1.0409825466685056	0.7712866616964584	0.9622070221040083	False	0.016420369225681748	0.2596951694674064
ReplogleWeissman2022_K562_essential	NFYB	NONZERORATE	28	10646	161332.0	0.5412227261748208	0.4587772738251792	0.0024070289565566883	0.0026231965523702454	0.9175938243673604	0.7747640957201106	0.9622070221040083	False	0.20801993569537539	0.2551966885848388
ReplogleWeissman2022_K562_essential	ERCC2	NONZERORATE	115	10646	644594.5	0.5265047496916581	0.473495250308342	0.009992524409030054	0.010686739150636558	0.9350396101354123	0.8362846299210489	0.998448592875837	False	0.2061174404054381	0.17878625743023463
ReplogleWeissman2022_K562_essential	YBX1	NONZERORATE	83	10646	470055.0	0.5319663021803539	0.46803369781964604	0.007956830782182523	0.007736042501631094	1.0285402103859793	0.8425276544048432	0.998448592875837	False	0.09588768686441279	0.17134879307492468
ReplogleWeissman2022_K562_essential	SUPT4H1	NONZERORATE	73	10646	416153.0	0.5354805586508792	0.4645194413491207	0.006959821946223731	0.006810336785147868	1.0219497457749613	0.8523388975730899	0.998448592875837	False	0.2955290586548192	0.15977106413661865
ReplogleWeissman2022_K562_essential	NPM1	NONZERORATE	27	10646	160697.0	0.5590588710070206	0.44094112899297944	0.002283352398425825	0.002529747962147475	0.9026007462369937	0.8558130796078602	0.998448592875837	False	0.21469678656449442	0.15570329162957922
ReplogleWeissman2022_K562_essential	BRCA1	NONZERORATE	104	10646	588954.0	0.5319386840850301	0.4680613159149699	0.009851330274640545	0.009674418604651163	1.0182865428114025	0.8692370464660168	0.9989739190728851	False	0.19700067093120036	0.14013941017124498
ReplogleWeissman2022_K562_essential	DNMT1	NONZERORATE	170	10646	953436.0	0.5268126111989038	0.4731873888010963	0.01518471826060756	0.015717455621301776	0.9661053688631257	0.8852077853823215	0.9992179015690525	False	0.131800466793754	0.12193287578933053
ReplogleWeissman2022_K562_essential	CCNH	NONZERORATE	73	10646	424395.0	0.5460858667092149	0.4539141332907851	0.006479900465846614	0.006810336785147868	0.9514801793617789	0.912977515093804	0.9992179015690525	False	0.2516697697104442	0.09104402618900216
ReplogleWeissman2022_K562_essential	KAT5	NONZERORATE	118	10646	678320.0	0.5399656750207765	0.46003432497922353	0.01009283910554462	0.010962467484206614	0.9206722045091719	0.9326182824717567	0.9992179015690525	False	0.2452732100240853	0.06975929103451274
ReplogleWeissman2022_K562_essential	GTF2F1	NONZERORATE	41	10646	252205.5	0.577808910251417	0.422191089748583	0.0036044779866009507	0.003836436792364555	0.9395379571415697	0.9575119795143637	0.9992179015690525	False	0.38201437978132574	0.0434170467634456
ReplogleWeissman2022_K562_essential	NELFCD	NONZERORATE	199	10646	1148741.5	0.5422290392409163	0.4577709607590838	0.016701167894790377	0.01834946980175196	0.9101716875326715	0.9795484116969134	0.9992179015690525	False	0.2540689003542912	0.020663617911394573
ReplogleWeissman2022_K562_essential	GTF2H1	NONZERORATE	403	10646	2274646.5	0.5301788577030527	0.46982114229694727	0.0384983225373102	0.0364738890397321	1.0555036370092814	0.9802990903447002	0.9992179015690525	False	0.17397436305633535	0.019897559650518874
ReplogleWeissman2022_K562_essential	RBMX	NONZERORATE	143	10646	852050.0	0.5596836002622213	0.4403163997377787	0.011260308678411511	0.01325424043006766	0.8495627295900825	0.9929723708791398	0.9992179015690525	False	0.297152403094174	0.007052439212132742
ReplogleWeissman2022_K562_essential	ERCC3	NONZERORATE	163	10646	985203.0	0.5677428314906143	0.4322571685093857	0.013098603145497203	0.015080025904338977	0.8686061435563145	0.9985266393741498	0.9992179015690525	False	0.3650978023974457	0.0014744470889162078
ReplogleWeissman2022_K562_essential	MNAT1	NONZERORATE	83	10646	526954.0	0.5963595128211512	0.40364048717884876	0.006310765027728283	0.007736042501631094	0.8157614214758644	0.9987737755512782	0.9992179015690525	False	0.703284179131646	0.0012269768770813635
ReplogleWeissman2022_K562_essential	STAT5A	NONZERORATE	203	10646	1220365.0	0.5646862902785477	0.4353137097214523	0.015817681203519375	0.01871140197253203	0.8453498688521266	0.9992179015690525	0.9992179015690525	False	0.32357580083800846	0.0007824044294830176
ReplogleWeissman2022_K562_essential	MAX	SPECIFICITY	180	10646	234113.0	0.12217055962594194	0.8778294403740582	0.14566703806119782	0.01662663957140218	8.761063078058486	3.3152302235919875e-68	2.55272727216583e-66	True	-4.145303603981706	155.3772592533214
ReplogleWeissman2022_K562_essential	RUVBL1	SPECIFICITY	191	10646	335566.0	0.16502818451587647	0.8349718154841235	0.13909620502171674	0.017624803912521917	7.892071067122221	3.4851845641225816e-57	1.3417960571871938e-55	True	-4.136533758073025	129.99882929827436
ReplogleWeissman2022_K562_essential	TRRAP	SPECIFICITY	404	10646	1430684.0	0.332641088643901	0.6673589113560989	0.0695184581793261	0.03656108597285068	1.9014330764394884	1.3616358360142361e-30	3.4948653124365396e-29	True	-1.0501735088423758	68.76886599228385
ReplogleWeissman2022_K562_essential	CHEK1	SPECIFICITY	292	10646	1232482.0	0.3964708592075228	0.6035291407924771	0.04798146854346996	0.02669592247211556	1.7973332292071045	7.435912139686548e-10	1.4314130868896605e-08	True	-0.6406293763368084	21.019529675685416
ReplogleWeissman2022_K562_essential	NRF1	SPECIFICITY	69	10646	245991.0	0.3348757238889479	0.6651242761110522	0.0110046820692468	0.006439570695286981	1.708915483651876	1.0905041344039737e-06	1.6793763669821197e-05	True	-0.7026932030390666	13.72887046001987
ReplogleWeissman2022_K562_essential	SUPT5H	SPECIFICITY	340	10646	1563054.0	0.4318258169320706	0.5681741830679294	0.071203642752626	0.030948479883488075	2.300715350824557	9.075297972229707e-06	0.00011646632397694791	True	-0.4620173522414711	11.609954343946919
ReplogleWeissman2022_K562_essential	POLR2I	SPECIFICITY	209	10646	925956.0	0.4161573814816446	0.5838426185183554	0.03657205728699487	0.019253800092123446	1.8994721619632982	1.6051413465768763e-05	0.0001765655481234564	True	-0.47459665353990826	11.039713645862829
ReplogleWeissman2022_K562_essential	MYBL2	SPECIFICITY	103	10646	421785.0	0.3846515123050911	0.6153484876949088	0.013006159661753183	0.009582286724346451	1.35731272042898	2.723112697178857e-05	0.0002541762618916979	True	-0.7254690505792836	10.511149864996264
ReplogleWeissman2022_K562_essential	MYC	SPECIFICITY	73	10646	282785.0	0.3638706672259695	0.6361293327740305	0.01574414649040056	0.006810336785147868	2.3118014552137485	2.970891372760105e-05	0.0002541762618916979	True	-1.2264909429788304	10.424063431675819
ReplogleWeissman2022_K562_essential	RUVBL2	SPECIFICITY	14	10646	34159.0	0.2291873540699391	0.7708126459300609	0.009066601884595966	0.0013133208255159475	6.9035697206995	0.00022606772154521034	0.0017407214558981198	True	-2.896645200548201	8.394675950724025
ReplogleWeissman2022_K562_essential	MED1	SPECIFICITY	238	10646	1117666.0	0.44111174434079475	0.5588882556592053	0.03513042457924767	0.021866960676221976	1.6065526937837467	0.0009280909096703225	0.006496636367692258	True	-0.35672448922951616	6.982380866969322
ReplogleWeissman2022_K562_essential	TFDP1	SPECIFICITY	163	10646	748069.0	0.43108964569774183	0.5689103543022582	0.02308611999964371	0.015080025904338977	1.5309071845162507	0.0012453976112374876	0.007969921239596276	True	-0.4132372469167189	6.688300433596264
ReplogleWeissman2022_K562_essential	CDK9	SPECIFICITY	135	10646	610764.0	0.4249650364247396	0.5750349635752604	0.015747159023481824	0.012522029496336146	1.257556455053019	0.0013455711183733973	0.007969921239596276	True	-0.38839205581211916	6.61093673272936
ReplogleWeissman2022_K562_essential	NELFA	SPECIFICITY	87	10646	379247.0	0.40946467401279635	0.5905353259872037	0.011331084674880185	0.008105841796329078	1.3978911702929773	0.0017884153528841596	0.009836284440862878	True	-0.3744737419287843	6.326425328937562
ReplogleWeissman2022_K562_essential	GATA1	SPECIFICITY	105	10646	472835.0	0.4229936573539805	0.5770063426460196	0.05571524539097705	0.00976653334573528	5.704710506651375	0.0032647792436220134	0.01675920011725967	True	-0.8445720310007448	5.724563131519078
ReplogleWeissman2022_K562_essential	RAD51	SPECIFICITY	237	10646	1137443.0	0.45081134254580274	0.5491886574541973	0.02389455498462354	0.02177708352476339	1.0972339320576288	0.0047296546737092245	0.02276146311722564	True	-0.2411623572621135	5.353903086815953
ReplogleWeissman2022_K562_essential	ATF4	SPECIFICITY	72	10646	319713.0	0.4171011021353873	0.5828988978646127	0.008307324397936845	0.006717671207314798	1.2366375402373209	0.007583027638738061	0.03434665459899004	True	-0.37855938086090385	4.881842734441014
ReplogleWeissman2022_K562_essential	SSRP1	SPECIFICITY	534	10646	2673852.0	0.4703375430345733	0.5296624569654267	0.05723647167173735	0.04776386404293381	1.198321635374576	0.010252726245845755	0.04385888449611795	True	-0.13912130333013242	4.58021163355839
ReplogleWeissman2022_K562_essential	ZBTB17	SPECIFICITY	159	10646	763856.5	0.4512614062387385	0.5487385937612614	0.01988050360405396	0.014715409532623786	1.3509990027786354	0.017291914478656294	0.07007775867665972	True	-0.21655442488230747	4.057516257906291
ReplogleWeissman2022_K562_essential	SUPT16H	SPECIFICITY	90	10646	420606.0	0.43898177719331205	0.561018222806688	0.012191059152911257	0.00838301043219076	1.454257900729503	0.02292716343376381	0.08826957921999068	True	-0.47708473299736626	3.77543289522615
ReplogleWeissman2022_K562_essential	POLR2A	SPECIFICITY	382	10646	1914239.0	0.4707023162350877	0.5292976837649124	0.041993278761662936	0.034639100471527025	1.21230858163251	0.025656518414022614	0.09407390085141626	True	-0.14000200553599873	3.662957610449053
ReplogleWeissman2022_K562_essential	CDK7	SPECIFICITY	17	10646	66161.0	0.3655667414439005	0.6344332585560994	0.0023865314800129815	0.0015942980399512331	1.496916774786966	0.02752816324157234	0.09634857134550319	True	-0.539787788601072	3.5925456804852023
ReplogleWeissman2022_K562_essential	CCND1	SPECIFICITY	146	10646	712833.5	0.45861555822625516	0.5413844417737448	0.022751577458944544	0.013528539659006671	1.681746739294038	0.042681363255911715	0.1428897813350088	False	-0.3132043242247326	3.153992911729932
ReplogleWeissman2022_K562_essential	POLR2F	SPECIFICITY	310	10646	1564415.5	0.474027955373213	0.5259720446267869	0.03471096791459857	0.028294998174516247	1.226752788620458	0.05921118096276573	0.1883311189076722	False	-0.15451535378886483	2.8266448873111334
ReplogleWeissman2022_K562_essential	USF2	SPECIFICITY	184	10646	914458.0	0.4668307753881842	0.5331692246118158	0.018500755288683855	0.01698984302862419	1.08893032487199	0.06114646717781565	0.1883311189076722	False	-0.08889824645620367	2.794483191570775
ReplogleWeissman2022_K562_essential	ATR	SPECIFICITY	138	10646	684103.0	0.4656460751401493	0.5343539248598508	0.014486204371579586	0.01279673590504451	1.1320233908921322	0.0824241548605888	0.24410230477943604	False	-0.2545035747461055	2.495876743512289
ReplogleWeissman2022_K562_essential	POLR2E	SPECIFICITY	217	10646	1101619.5	0.47685398812734237	0.5231460118726577	0.02446525302315211	0.01997606554358833	1.224728311476965	0.12116034279945631	0.34553134798363466	False	-0.15753836989532627	2.1106404635149842
ReplogleWeissman2022_K562_essential	POLR2K	SPECIFICITY	13	10646	56599.0	0.4089582219396234	0.5910417780603766	0.0021294536534922155	0.0012196266066235107	1.745988191736425	0.1279114332125197	0.3517564413344291	False	-0.3033782407120682	2.056417182582388
ReplogleWeissman2022_K562_essential	E2F6	SPECIFICITY	150	10646	762182.0	0.4772884964618949	0.5227115035381051	0.02210791120340987	0.013894034827713968	1.5911800623467531	0.16933596068539303	0.44961617147500904	False	-0.21008550871088646	1.7758706043335144
ReplogleWeissman2022_K562_essential	DNMT1	SPECIFICITY	170	10646	869589.0	0.4804836945110563	0.5195163054889437	0.01741884603981174	0.015717455621301776	1.1082484633329632	0.1909303830429716	0.47535325146655594	False	-0.08962345936967656	1.655846404062937
ReplogleWeissman2022_K562_essential	BRCA1	SPECIFICITY	104	10646	526743.0	0.47575019147675546	0.5242498085232445	0.012392943038050707	0.009674418604651163	1.2810013236446645	0.19697815824925707	0.47535325146655594	False	-0.20815683905071453	1.6246624282220667
ReplogleWeissman2022_K562_essential	TGS1	SPECIFICITY	160	10646	818372.0	0.4804457073079091	0.5195542926920909	0.016390845309230864	0.014806588932074774	1.1069967150721793	0.19754940320688041	0.47535325146655594	False	-0.07980439036186285	1.6217665831018115
ReplogleWeissman2022_K562_essential	POLR2H	SPECIFICITY	73	10646	367533.5	0.4729199210456561	0.527080078954344	0.008929086402524171	0.006810336785147868	1.3111079061459807	0.21223013743371627	0.49520365401200467	False	0.06234549625609308	1.5500840391651023
ReplogleWeissman2022_K562_essential	LIN54	SPECIFICITY	303	10646	1573572.0	0.48781767149098904	0.512182328509011	0.02726961687143909	0.027673760160745273	0.9853961555293288	0.23443848593074018	0.5286486654351485	False	-0.006382354012102753	1.4505620456325203
ReplogleWeissman2022_K562_essential	GTF2H4	SPECIFICITY	115	10646	588772.0	0.48090893497455667	0.5190910650254433	0.012610051617329063	0.010686739150636558	1.1799718735137221	0.2402948479250675	0.5286486654351485	False	-0.1466709920959386	1.4258885766482199
ReplogleWeissman2022_K562_essential	POLR2D	SPECIFICITY	246	10646	1277226.0	0.4876926178617413	0.5123073821382588	0.02483318495036639	0.022585383767903047	1.0995245954446777	0.25428898208967576	0.5438958783584732	False	-0.04939264983704101	1.3692839339194365
ReplogleWeissman2022_K562_essential	CDC6	SPECIFICITY	187	10646	968944.0	0.48671038104241404	0.513289618957586	0.017418245613285845	0.017262069602141605	1.009047351490511	0.2662983302075181	0.5541884169183484	False	-0.015965615167414696	1.3231380565254387
ReplogleWeissman2022_K562_essential	RAD51D	SPECIFICITY	142	10646	734960.5	0.4861711599675075	0.5138288400324925	0.014184874572297185	0.013162773451983686	1.077650893562972	0.28534375603300766	0.5781965582774102	False	-0.0804050196999759	1.254060664022577
ReplogleWeissman2022_K562_essential	POLR2L	SPECIFICITY	60	10646	306945.5	0.4805333771682635	0.5194666228317365	0.006754627082256793	0.005604334018307491	1.2052506257106872	0.30124144028533345	0.5947587410761712	False	-0.22451912441825722	1.1998432085715518
ReplogleWeissman2022_K562_essential	CTDP1	SPECIFICITY	111	10646	576163.0	0.4875688199941441	0.5124311800058559	0.012266776934990602	0.01031886213628335	1.1887722476549	0.32588215762341266	0.6273231534250694	False	-0.11813179371186605	1.121219442647742
ReplogleWeissman2022_K562_essential	GTF2H3	SPECIFICITY	76	10646	394657.0	0.4877752454591297	0.5122247545408702	0.00705558094898506	0.007088229807871666	0.9953939333554975	0.35649880410250445	0.6695221442900694	False	-0.05494466593684206	1.0314243936845926
ReplogleWeissman2022_K562_essential	YY1	SPECIFICITY	82	10646	428431.0	0.4907728999326439	0.5092271000673562	0.007957901656278719	0.0076435495898583145	1.0411264508360742	0.3865573374948494	0.7086884520738906	False	-0.10209926957038595	0.9504750713886967
ReplogleWeissman2022_K562_essential	NELFE	SPECIFICITY	73	10646	383423.0	0.4933655704502817	0.5066344295497184	0.007721477006233052	0.006810336785147868	1.1337878360248232	0.4224368144210704	0.727936888245868	False	-0.13238944130486008	0.8617153950349796
ReplogleWeissman2022_K562_essential	LIN52	SPECIFICITY	12	10646	61864.0	0.4842507358006137	0.5157492641993864	0.0012908489595318037	0.001125914805779696	1.1464890175574969	0.42511342551220854	0.727936888245868	False	0.022584386256789463	0.8553992621066642
ReplogleWeissman2022_K562_essential	GTF2F2	SPECIFICITY	58	10646	304793.0	0.49361748301126535	0.5063825169887346	0.005635814236303948	0.005418535127055307	1.0400992342309907	0.4333323839557769	0.727936888245868	False	-0.02761817301738878	0.8362502150743027
ReplogleWeissman2022_K562_essential	HDAC7	SPECIFICITY	169	10646	893707.0	0.49673183360808904	0.503268166391911	0.016730524092717903	0.015626444752658345	1.0706545447499651	0.4419584187375316	0.727936888245868	False	-0.047046290160813395	0.8165394765842466
ReplogleWeissman2022_K562_essential	ACTL6A	SPECIFICITY	53	10646	278978.0	0.4944332001743945	0.5055667998256055	0.005131073032388987	0.004953733993831199	1.0357990636515053	0.4443251136046207	0.727936888245868	False	0.07075345995870286	0.811198746657004
ReplogleWeissman2022_K562_essential	ELL	SPECIFICITY	83	10646	439418.0	0.4972940795683202	0.5027059204316797	0.008182464156483604	0.007736042501631094	1.0577067221073806	0.4661129277596868	0.7477228216144977	False	0.029933783516555842	0.7633273399664372
ReplogleWeissman2022_K562_essential	NANOG	SPECIFICITY	125	10646	665609.0	0.5001758406913395	0.49982415930866064	0.011604509912270786	0.011605236282610714	0.999937410120549	0.5027067231141004	0.7899677077507291	False	-0.04472161351051998	0.6877483343644842
ReplogleWeissman2022_K562_essential	POLR2C	SPECIFICITY	151	10646	805308.0	0.5009548715868783	0.4990451284131216	0.0273731564627089	0.01398536630545522	1.9572713266746227	0.5161019783484848	0.7911834955075427	False	-0.143902263284718	0.661450900568992
ReplogleWeissman2022_K562_essential	NELFB	SPECIFICITY	136	10646	726101.5	0.5015011852007382	0.49849881479926184	0.014236307029712202	0.012613615284733816	1.1286460470173305	0.5240306268946062	0.7911834955075427	False	0.0697557577189855	0.6462051480969793
ReplogleWeissman2022_K562_essential	CCNK	SPECIFICITY	320	10646	1710212.0	0.502011318805185	0.49798868119481493	0.02974584182865212	0.029181105234360752	1.0193528171656223	0.5488705562524936	0.8127506313738847	False	-0.033127875132894426	0.5998926462341567
ReplogleWeissman2022_K562_essential	GTF2H2	SPECIFICITY	155	10646	832005.0	0.5042057292455746	0.4957942707544254	0.015031173305470637	0.01435052309971299	1.0474303411121828	0.5714558900997029	0.8161434625105716	False	-0.031628975961797895	0.5595679814036931
ReplogleWeissman2022_K562_essential	KAT5	SPECIFICITY	118	10646	634563.0	0.5051336222405487	0.4948663777594513	0.010687647762909277	0.010962467484206614	0.9749308518640294	0.5761763876347314	0.8161434625105716	False	0.14212350208196156	0.5513414366321129
ReplogleWeissman2022_K562_essential	POLR2B	SPECIFICITY	273	10646	1466317.0	0.5045204341653712	0.4954795658346288	0.027402962615296234	0.025002289586958514	1.0960181274594123	0.6008223674931327	0.8161434625105716	False	0.07550949206896133	0.5094559497093467
ReplogleWeissman2022_K562_essential	GABPA	SPECIFICITY	109	10646	588509.0	0.5071543431913093	0.49284565680869075	0.010274163408987442	0.010134821013482101	1.013748875813394	0.6015785154318054	0.8161434625105716	False	0.037316328424396916	0.5081982193648519
ReplogleWeissman2022_K562_essential	ERCC2	SPECIFICITY	115	10646	620896.5	0.5071482246853278	0.49285177531467217	0.013004048407044274	0.010686739150636558	1.2168396948539428	0.6041581475727608	0.8161434625105716	False	0.023253143918076674	0.5039192815900544
ReplogleWeissman2022_K562_essential	RBBP4	SPECIFICITY	89	10646	489682.0	0.5168180484520218	0.4831819515479781	0.0075928431123641355	0.008290638099673963	0.9158333799014494	0.7079229455687834	0.9245521082961562	False	0.17174491172197787	0.34542002515365683
ReplogleWeissman2022_K562_essential	NFYB	SPECIFICITY	28	10646	158063.0	0.5302561659644132	0.4697438340355867	0.002383232787087918	0.0026231965523702454	0.9085223846205871	0.7101700430902511	0.9245521082961562	False	0.1885307363854839	0.34225084031146563
ReplogleWeissman2022_K562_essential	VHL	SPECIFICITY	160	10646	874780.0	0.5135614315235769	0.4864385684764231	0.015081681035891463	0.014806588932074774	1.0185790329615196	0.722338747513635	0.9245521082961562	False	-0.001295191738946433	0.3252610707377764
ReplogleWeissman2022_K562_essential	POLR2G	SPECIFICITY	110	10646	605624.0	0.5171588133827473	0.4828411866172527	0.01021963481206532	0.010226850130159911	0.9992944730779506	0.7324373844943576	0.9245521082961562	False	0.2930547799908949	0.3113774236636679
ReplogleWeissman2022_K562_essential	NPM1	SPECIFICITY	27	10646	156089.0	0.5430278108279235	0.4569721891720765	0.0026783797336011866	0.002529747962147475	1.0587535887676096	0.7803912801212032	0.9691956220860103	False	0.06484793868691405	0.24795984389734468
ReplogleWeissman2022_K562_essential	YBX1	SPECIFICITY	83	10646	465365.0	0.5266585787070883	0.4733414212929116	0.007537143364351105	0.007736042501631094	0.9742892910376265	0.798998319361014	0.9765535014412392	False	0.07193707559491788	0.22439643664609218
ReplogleWeissman2022_K562_essential	SUPT4H1	SPECIFICITY	73	10646	412050.0	0.5302010659351123	0.46979893406488765	0.007058574261370859	0.006810336785147868	1.0364501028443047	0.8134814618300288	0.9787198837642533	False	0.2354534834458697	0.20643214074492514
ReplogleWeissman2022_K562_essential	HSF1	SPECIFICITY	128	10646	727363.0	0.5337707530997557	0.4662292469002442	0.010651082850002346	0.011880452942268424	0.8965216142650412	0.9058467488758055	0.9999997917412553	False	0.1252625215441936	0.09888513859806904
ReplogleWeissman2022_K562_essential	CCNH	SPECIFICITY	73	10646	423670.0	0.5451529804750128	0.45484701952498724	0.006644957124737979	0.006810336785147868	0.9757163756173479	0.9085379109657217	0.9999997917412553	False	0.25598021645523134	0.09591866283028454
ReplogleWeissman2022_K562_essential	HDAC3	SPECIFICITY	59	10646	347049.0	0.5525254969639269	0.44747450303607306	0.0049523637190401395	0.005511443250817375	0.8985602307173677	0.918300572986777	0.9999997917412553	False	0.2535154921263438	0.0852305203981628
ReplogleWeissman2022_K562_essential	GTF2F1	SPECIFICITY	41	10646	246900.5	0.5656550267362527	0.4343449732637473	0.0035782777628281977	0.003836436792364555	0.9327086451547548	0.9269519970932821	0.9999997917412553	False	0.28674509747443894	0.07585349782796447
ReplogleWeissman2022_K562_essential	ASF1B	SPECIFICITY	283	10646	1587752.0	0.526998975709784	0.473001024290216	0.02417614949004029	0.025894409369567207	0.9336435963839235	0.940184744056398	0.9999997917412553	False	0.05706747289807523	0.06167888679859164
ReplogleWeissman2022_K562_essential	MCM5	SPECIFICITY	88	10646	524641.0	0.560006532543166	0.439993467456834	0.008674390764697257	0.008198248555990311	1.0580785280484133	0.9742687462449029	0.9999997917412553	False	0.15100480283052925	0.026068093229266384
ReplogleWeissman2022_K562_essential	NFYC	SPECIFICITY	21	10646	139534.0	0.6241288925865293	0.37587110741347074	0.0015484378757469894	0.0019686884784850473	0.7865327057425303	0.9754940244834893	0.9999997917412553	False	0.6930805972225514	0.024811244531285397
ReplogleWeissman2022_K562_essential	NELFCD	SPECIFICITY	199	10646	1145650.5	0.5407700252153119	0.4592299747846881	0.01686345518381198	0.01834946980175196	0.9190159370273412	0.9758018887731519	0.9999997917412553	False	0.25671678677951687	0.02449569598723779
ReplogleWeissman2022_K562_essential	GTF2H1	SPECIFICITY	403	10646	2292378.5	0.5343118654054763	0.46568813459452385	0.03789234550180773	0.0364738890397321	1.0388896413138302	0.9904116419693005	0.9999997917412553	False	0.25636857135405694	0.009634622305363076
ReplogleWeissman2022_K562_essential	RBMX	SPECIFICITY	143	10646	854589.0	0.5613513857924904	0.43864861420750956	0.011448684160917346	0.01325424043006766	0.8637751986862745	0.9942064101967028	0.9999997917412553	False	0.3346609249376943	0.005810437749609814
ReplogleWeissman2022_K562_essential	MNAT1	SPECIFICITY	83	10646	517257.0	0.5853853135631008	0.41461468643689925	0.0064212532413604195	0.007736042501631094	0.830043687066939	0.9963644479051218	0.9999997917412553	False	0.6550802774050352	0.0036421767755171037
ReplogleWeissman2022_K562_essential	ERCC3	SPECIFICITY	163	10646	976132.0	0.5625154872534861	0.4374845127465139	0.013279996601447784	0.015080025904338977	0.880634866656743	0.9969635034551991	0.9999997917412553	False	0.29016995786441224	0.0030411160542205603
ReplogleWeissman2022_K562_essential	STAT5A	SPECIFICITY	203	10646	1304298.0	0.6035236990881656	0.39647630091183445	0.014320657200223701	0.01871140197253203	0.7653438914543199	0.9999997917412553	0.9999997917412553	False	0.4817903882054925	2.0825876637973422e-07
ReplogleWeissman2022_K562_essential	MAX	UNIFORM	180	10646	240719.0	0.12561786377773604	0.874382136222264	0.1247213376549024	0.01662663957140218	7.501295563622073	5.2528881467934e-67	4.044723873030918e-65	True	-4.871288759206841	152.61442318206107
ReplogleWeissman2022_K562_essential	RUVBL1	UNIFORM	191	10646	350830.0	0.1725348753261801	0.82746512467382	0.1392169729677526	0.017624803912521917	7.898923225400705	9.617659627213942e-55	3.7027989564773677e-53	True	-3.934896715437202	124.37857916158715
ReplogleWeissman2022_K562_essential	CHEK1	UNIFORM	292	10646	1227537.0	0.3948801273357541	0.6051198726642459	0.04863095013709883	0.02669592247211556	1.8216620979437912	4.161504843533097e-10	1.0681195765068281e-08	True	-0.6604941157588202	21.599974179845955
ReplogleWeissman2022_K562_essential	NRF1	UNIFORM	69	10646	242992.0	0.33079308551623116	0.6692069144837688	0.012390905742098689	0.006439570695286981	1.9241819569070644	6.081030781345229e-07	1.0117622181269098e-05	True	-0.8107933265234648	14.312921432944451
ReplogleWeissman2022_K562_essential	MYBL2	UNIFORM	103	10646	396648.0	0.3617275461497914	0.6382724538502085	0.014164006328774827	0.009582286724346451	1.4781446993009768	6.569884533291621e-07	1.0117622181269098e-05	True	-0.7950799453566034	14.235599393457697
ReplogleWeissman2022_K562_essential	MYC	UNIFORM	73	10646	267029.0	0.3435967975624004	0.6564032024375995	0.018661450582012663	0.006810336785147868	2.74016559984375	1.983650482038508e-06	2.5456847852827522e-05	True	-2.133442953866134	13.13057173294842
ReplogleWeissman2022_K562_essential	SUPT5H	UNIFORM	340	10646	1553473.0	0.4291788686167685	0.5708211313832314	0.07175904563959136	0.030948479883488075	2.318661398225149	4.235230351914227e-06	4.658753387105649e-05	True	-0.4893332954039789	12.372072838915804
ReplogleWeissman2022_K562_essential	GATA1	UNIFORM	105	10646	425494.0	0.3806428526699051	0.6193571473300948	0.07349257501822411	0.00976653334573528	7.524939752580261	1.2444350087794142e-05	0.0001197768695950186	True	-1.013417284651249	11.294243846264973
ReplogleWeissman2022_K562_essential	POLR2I	UNIFORM	209	10646	942156.0	0.42343823454593993	0.57656176545406	0.03551807896238042	0.019253800092123446	1.8447308475437294	7.324902689768483e-05	0.0006148226077274869	True	-0.38750632022783854	9.521645594828584
ReplogleWeissman2022_K562_essential	TRRAP	UNIFORM	404	10646	1913434.0	0.4448828454139797	0.5551171545860204	0.0507772946516629	0.03656108597285068	1.3888344205467202	8.271384320818178e-05	0.0006148226077274869	True	-0.4414682490764091	9.40012357927563
ReplogleWeissman2022_K562_essential	TFDP1	UNIFORM	163	10646	719317.0	0.4145207336146299	0.5854792663853701	0.023329808610438776	0.015080025904338977	1.547066878958483	8.78318011039267e-05	0.0006148226077274869	True	-0.47932639855728687	9.340086923540206
ReplogleWeissman2022_K562_essential	ATF4	UNIFORM	72	10646	296045.0	0.38622356858079193	0.613776431419208	0.009129325713653404	0.006717671207314798	1.359001569429683	0.00042972319251144425	0.002757390485281767	True	-0.6020561953255317	7.752369294910638
ReplogleWeissman2022_K562_essential	RUVBL2	UNIFORM	14	10646	37545.0	0.2519054775770913	0.7480945224229085	0.010059846908610235	0.0013133208255159475	7.659854860413222	0.0006559448340745713	0.003885211709518615	True	-3.0129933074840016	7.329433866954837
ReplogleWeissman2022_K562_essential	NELFA	UNIFORM	87	10646	374204.0	0.4040198574393059	0.5959801425606941	0.011615035696369	0.008105841796329078	1.432921587691132	0.0010059863265240224	0.005532924795882123	True	-0.3949976994404892	6.901786799321392
ReplogleWeissman2022_K562_essential	CDK9	UNIFORM	135	10646	616993.0	0.42929912817194427	0.5707008718280557	0.015294859186603265	0.012522029496336146	1.2214361251168133	0.0023446429976397114	0.012035834054550517	True	-0.37350677349533495	6.055622128486041
ReplogleWeissman2022_K562_essential	ZBTB17	UNIFORM	159	10646	747310.5	0.44148657126957064	0.5585134287304293	0.01927777260168201	0.014715409532623786	1.310039829944491	0.005590095337685573	0.02690233381261182	True	-0.25918812567033167	5.186758936918423
ReplogleWeissman2022_K562_essential	MED1	UNIFORM	238	10646	1155304.0	0.4559664181284011	0.5440335818715989	0.033521717000688	0.021866960676221976	1.5329847388045723	0.009976388531187494	0.04518717158243748	True	-0.2778906189917324	4.607534124772234
ReplogleWeissman2022_K562_essential	CCND1	UNIFORM	146	10646	702494.5	0.45196375769148617	0.5480362423085139	0.022041535526874868	0.013528539659006671	1.629261995931737	0.02291767811845242	0.0980367341733798	True	-0.22424165160416185	3.7758466959996104
ReplogleWeissman2022_K562_essential	POLR2A	UNIFORM	382	10646	1914319.0	0.470721987856708	0.5292780121432921	0.04172445696871381	0.034639100471527025	1.2045479357355389	0.02573477494254487	0.10429356160926079	False	-0.14280872846461912	3.6599120911052885
ReplogleWeissman2022_K562_essential	SUPT16H	UNIFORM	90	10646	422763.0	0.44123301396455633	0.5587669860354437	0.011953971898198724	0.00838301043219076	1.4259760255451277	0.027236085505842403	0.10485892919749326	False	-0.47302567954125524	3.6032125119243417
ReplogleWeissman2022_K562_essential	CDK7	UNIFORM	17	10646	66961.0	0.3699870705374015	0.6300129294625985	0.0024020787843497065	0.0015942980399512331	1.5066685927953483	0.03177314600508702	0.11650153535198576	False	-0.5499060661177944	3.4491338112064827
ReplogleWeissman2022_K562_essential	POLR2F	UNIFORM	310	10646	1562207.5	0.47335891717622247	0.5266410828237775	0.03458833021688463	0.028294998174516247	1.2224185350199612	0.05461624565273423	0.1911568597845698	False	-0.14743543206812817	2.907423901059988
ReplogleWeissman2022_K562_essential	ATR	UNIFORM	138	10646	681534.0	0.46389744259938415	0.5361025574006157	0.01465187785736506	0.01279673590504451	1.144969933433513	0.07219345479695433	0.24169113127676015	False	-0.2630287933499619	2.628405890974455
ReplogleWeissman2022_K562_essential	E2F6	UNIFORM	150	10646	744671.0	0.4663228755714196	0.5336771244285804	0.015524563808246152	0.013894034827713968	1.117354605825503	0.07798451757741771	0.2502003272275485	False	-0.2344694302066841	2.551244964592017
ReplogleWeissman2022_K562_essential	RAD51	UNIFORM	237	10646	1200505.0	0.47580517949730133	0.5241948205026987	0.022403363532968793	0.02177708352476339	1.0287586722755249	0.10090454845937968	0.2912827801228628	False	-0.0944575035802268	2.293580273754754
ReplogleWeissman2022_K562_essential	LIN54	UNIFORM	303	10646	1543694.0	0.4785552949433587	0.5214447050566413	0.02779346102661218	0.027673760160745273	1.0043254283180751	0.10115204565892671	0.2912827801228628	False	-0.03130731165815488	2.291130491559769
ReplogleWeissman2022_K562_essential	POLR2E	UNIFORM	217	10646	1097034.5	0.47486929601217565	0.5251307039878244	0.02428409266844995	0.01997606554358833	1.2156594408173815	0.10213811770541942	0.2912827801228628	False	-0.19157911651373463	2.281429286506763
ReplogleWeissman2022_K562_essential	SSRP1	UNIFORM	534	10646	2764216.0	0.48623280639947764	0.5137671936005224	0.05498307375369134	0.04776386404293381	1.1511437538694178	0.14110510329486808	0.38803903406088724	False	-0.0767225880019175	1.9582502528478016
ReplogleWeissman2022_K562_essential	POLR2K	UNIFORM	13	10646	58643.0	0.42372722149164005	0.57627277850836	0.0019386772556401598	0.0012196266066235107	1.5895662206052663	0.17055459644384197	0.45285185952330453	False	-0.21643681367838247	1.7686998197691717
ReplogleWeissman2022_K562_essential	TGS1	UNIFORM	160	10646	820960.0	0.48196505729851585	0.5180349427014841	0.01632835646177395	0.014806588932074774	1.1027763745370582	0.2164231751995941	0.5554861496789582	False	-0.06679974654570796	1.5305196434759976
ReplogleWeissman2022_K562_essential	POLR2L	UNIFORM	60	10646	303853.5	0.4756927484501221	0.5243072515498779	0.006698091605179393	0.005604334018307491	1.1951628120841764	0.25773291652563945	0.6359749155028492	False	-0.25500441932508366	1.3558314375226057
ReplogleWeissman2022_K562_essential	POLR2D	UNIFORM	246	10646	1279330.0	0.48849600369007634	0.5115039963099236	0.02484827256296877	0.022585383767903047	1.1001926209587636	0.26832014516355507	0.6359749155028492	False	-0.06182732349979522	1.3155744398983094
ReplogleWeissman2022_K562_essential	RAD51D	UNIFORM	142	10646	734351.5	0.485768310785245	0.5142316892147549	0.014183256119832375	0.013162773451983686	1.0775279367658568	0.2797588214059572	0.6359749155028492	False	-0.07662191210535482	1.2738273991113656
ReplogleWeissman2022_K562_essential	USF2	UNIFORM	184	10646	956178.0	0.48812883385472394	0.5118711661452761	0.01750481545529519	0.01698984302862419	1.0303106053306899	0.29012411871007115	0.6359749155028492	False	-0.046503603902348964	1.237446452013619
ReplogleWeissman2022_K562_essential	GTF2H4	UNIFORM	115	10646	594888.0	0.4859044834148772	0.5140955165851228	0.012574544696119594	0.010686739150636558	1.1766493519560257	0.30125974784411025	0.6359749155028492	False	-0.13318178223052596	1.199782436712033
ReplogleWeissman2022_K562_essential	POLR2H	UNIFORM	73	10646	374985.5	0.48250870479361985	0.5174912952063802	0.008938719464686776	0.006810336785147868	1.312522382766816	0.3029669399837872	0.6359749155028492	False	0.13283962534137056	1.1941315883899826
ReplogleWeissman2022_K562_essential	CTDP1	UNIFORM	111	10646	574306.0	0.48599736313431596	0.514002636865684	0.012415655028498505	0.01031886213628335	1.2032000102843101	0.3055983360208496	0.6359749155028492	False	-0.12764933865996742	1.1854836666625483
ReplogleWeissman2022_K562_essential	BRCA1	UNIFORM	104	10646	538922.0	0.48675016980014163	0.5132498301998584	0.01115457233464268	0.009674418604651163	1.1529966595904693	0.3206900356972797	0.6498192828602773	False	0.009175748584495429	1.1372802432450526
ReplogleWeissman2022_K562_essential	GTF2F2	UNIFORM	58	10646	299845.0	0.48560411227788325	0.5143958877221168	0.005825406568011945	0.005418535127055307	1.075088825931032	0.35244779121330616	0.682790228418483	False	-0.0881240175677442	1.0428527777323617
ReplogleWeissman2022_K562_essential	NANOG	UNIFORM	125	10646	652494.0	0.4903204959609243	0.5096795040390757	0.011550006373153992	0.011605236282610714	0.9952409491619332	0.35469622255505606	0.682790228418483	False	-0.07946604353260901	1.0364935669489899
ReplogleWeissman2022_K562_essential	ACTL6A	UNIFORM	53	10646	274560.0	0.48660317100230754	0.5133968289976925	0.005248131174608493	0.004953733993831199	1.0594293478704957	0.3680662634101385	0.6911808723186602	False	-0.013569909298322136	0.9994922934082062
ReplogleWeissman2022_K562_essential	GTF2H3	UNIFORM	76	10646	396122.0	0.48958590822349884	0.5104140917765012	0.007021309749586211	0.007088229807871666	0.9905589886192546	0.377007748537451	0.6911808723186602	False	-0.045062684120085544	0.975489538595602
ReplogleWeissman2022_K562_essential	NELFE	UNIFORM	73	10646	382124.0	0.4916940956665183	0.5083059043334817	0.00768230167533041	0.006810336785147868	1.1280355021625572	0.40324233706875073	0.7112748856869288	False	-0.1331941719093549	0.9082175650866992
ReplogleWeissman2022_K562_essential	LIN52	UNIFORM	12	10646	61354.0	0.4802586260880456	0.5197413739119543	0.001371261697699782	0.001125914805779696	1.2179089311736897	0.40644279182110216	0.7112748856869288	False	-0.07366774838502553	0.9003120934255878
ReplogleWeissman2022_K562_essential	ELL	UNIFORM	83	10646	442277.0	0.5005296406365647	0.4994703593634353	0.007605842912389612	0.007736042501631094	0.9831697422533511	0.5066490262688511	0.8155985603347663	False	0.10517985485376982	0.6799367709906716
ReplogleWeissman2022_K562_essential	RBBP4	UNIFORM	89	10646	474603.0	0.5009034358001212	0.4990965641998788	0.007926254788841743	0.008290638099673963	0.9560488220024282	0.5117342668945577	0.8155985603347663	False	0.18726926673585775	0.6699497986464918
ReplogleWeissman2022_K562_essential	CDC6	UNIFORM	187	10646	997592.0	0.5011005614822569	0.4988994385177431	0.017128928298943913	0.017262069602141605	0.9922870602270556	0.5206130916574933	0.8155985603347663	False	0.02460850315093358	0.6527481394895045
ReplogleWeissman2022_K562_essential	NELFB	UNIFORM	136	10646	726307.5	0.5016434645434352	0.49835653545656466	0.014312542891729783	0.012613615284733816	1.1346899813134597	0.5263045182800863	0.8155985603347663	False	0.055067595682709136	0.641875301669541
ReplogleWeissman2022_K562_essential	CCNK	UNIFORM	320	10646	1707187.0	0.5011233679316175	0.4988766320683825	0.02982825482663855	0.029181105234360752	1.0221770075903698	0.5273440934010574	0.8155985603347663	False	-0.04440875705480795	0.6399020148511918
ReplogleWeissman2022_K562_essential	YY1	UNIFORM	82	10646	439258.0	0.5031753595762521	0.4968246404237479	0.0077258332952399615	0.0076435495898583145	1.0107651169674916	0.5395257466207869	0.8155985603347663	False	-0.050810363767776506	0.6170647723072064
ReplogleWeissman2022_K562_essential	HDAC3	UNIFORM	59	10646	316446.0	0.5038034496922533	0.4961965503077467	0.005871589534779715	0.005511443250817375	1.0653451859290992	0.540201643858092	0.8155985603347663	False	-0.008981372284525455	0.6158127945736573
ReplogleWeissman2022_K562_essential	HSF1	UNIFORM	128	10646	685875.0	0.5033250457918467	0.49667495420815333	0.011657509500031069	0.011880452942268424	0.9812344324479275	0.5515373915960805	0.8166995990941961	False	0.007480472688947304	0.5950456427753139
ReplogleWeissman2022_K562_essential	POLR2C	UNIFORM	151	10646	810290.0	0.5040540052975155	0.49594599470248435	0.027364313789146617	0.01398536630545522	1.956639046234543	0.5680310288803534	0.8190456366864579	False	-0.11343327424951276	0.5655792334425762
ReplogleWeissman2022_K562_essential	GABPA	UNIFORM	109	10646	586256.0	0.5052127947439449	0.49478720525605513	0.010751110261588738	0.010134821013482101	1.0608090904897878	0.5743956413125809	0.8190456366864579	False	0.007104310595407504	0.5544368495210275
ReplogleWeissman2022_K562_essential	GTF2H2	UNIFORM	155	10646	834290.0	0.5055904686297443	0.4944095313702557	0.014834398229102066	0.01435052309971299	1.0337182920808479	0.5945905820051974	0.8324268148072764	False	-0.018538864333011155	0.5198822077544838
ReplogleWeissman2022_K562_essential	ASF1B	UNIFORM	283	10646	1522910.0	0.505476932227569	0.494523067772431	0.025100944603325348	0.025894409369567207	0.9693576804584548	0.6238922406759462	0.857851830929426	False	-0.031867121564526084	0.471777616750001
ReplogleWeissman2022_K562_essential	POLR2B	UNIFORM	273	10646	1470994.0	0.5061296646868693	0.49387033531313074	0.02722097884095663	0.025002289586958514	1.0887394430930601	0.6354864064660015	0.8584640929453002	False	0.14711654339704766	0.4533645788788052
ReplogleWeissman2022_K562_essential	VHL	UNIFORM	160	10646	867828.0	0.5094800864174338	0.49051991358256625	0.017677989383120388	0.014806588932074774	1.1939272079624932	0.6599418602183569	0.8761297109795427	False	-0.035433191702142264	0.4156035384201158
ReplogleWeissman2022_K562_essential	YBX1	UNIFORM	83	10646	458440.0	0.5188214816809978	0.4811785183190021	0.007970548142762827	0.007736042501631094	1.0303133858277393	0.7229689299821843	0.9435357221801388	False	0.007189008188184132	0.32438903149202014
ReplogleWeissman2022_K562_essential	NFYB	UNIFORM	28	10646	159344.0	0.5345535546550012	0.4654464453449988	0.0024315603923113147	0.0026231965523702454	0.9269455581261061	0.7364852183395589	0.9451560302024339	False	0.13377163822932336	0.30586611342402514
ReplogleWeissman2022_K562_essential	DNMT1	UNIFORM	170	10646	938073.0	0.5183239217159717	0.48167607828402825	0.018643000427068512	0.015717455621301776	1.1861334859951354	0.7941966358700113	0.9923877742199605	False	0.05945272555920854	0.2304241961665192
ReplogleWeissman2022_K562_essential	SUPT4H1	UNIFORM	73	10646	411016.0	0.5288705771541952	0.4711294228458047	0.007024946662897547	0.006810336785147868	1.0315123736931344	0.8027697532032432	0.9923877742199605	False	0.25225845892527604	0.21968733939748486
ReplogleWeissman2022_K562_essential	NFYC	UNIFORM	21	10646	124472.0	0.55675728867538	0.44324271132462	0.0019175828740819862	0.0019686884784850473	0.9740407865634546	0.8159664762483729	0.9923877742199605	False	0.337045643730467	0.20338200789091554
ReplogleWeissman2022_K562_essential	HDAC7	UNIFORM	169	10646	939064.0	0.5219417354852838	0.4780582645147162	0.016351198512260905	0.015626444752658345	1.0463799521307793	0.8365422499527994	0.9923877742199605	False	0.07695743341957852	0.17847825181783497
ReplogleWeissman2022_K562_essential	POLR2G	UNIFORM	110	10646	617449.0	0.5272565026557137	0.47274349734428645	0.010240299448597655	0.010226850130159911	1.001315098810149	0.83772993927659	0.9923877742199605	False	0.2982974830067484	0.17705949860595918
ReplogleWeissman2022_K562_essential	NPM1	UNIFORM	27	10646	161233.0	0.5609235950209086	0.4390764049790914	0.002481726420278973	0.002529747962147475	0.9810172623569436	0.8632891454217904	0.9999881318155773	False	0.11099059493546626	0.14700559717567624
ReplogleWeissman2022_K562_essential	CCNH	UNIFORM	73	10646	421148.0	0.541907823119623	0.45809217688037696	0.006648697788849174	0.006810336785147868	0.9762656383380041	0.8917873397361271	0.9999881318155773	False	0.24096059731047953	0.11452758319349077
ReplogleWeissman2022_K562_essential	MCM5	UNIFORM	88	10646	506866.0	0.541033337318327	0.45896666268167297	0.009159651338783685	0.008198248555990311	1.1172692894375462	0.9085377848633749	0.9999881318155773	False	0.2015145275411399	0.09591880162730557
ReplogleWeissman2022_K562_essential	ERCC2	UNIFORM	115	10646	658227.5	0.5376401832899068	0.4623598167100932	0.00985999753659212	0.010686739150636558	0.922638552097981	0.9178462925996047	0.9999881318155773	False	0.28416253091689264	0.0857253396361613
ReplogleWeissman2022_K562_essential	KAT5	UNIFORM	118	10646	676637.0	0.5386259500663892	0.46137404993361075	0.010108318725476208	0.010962467484206614	0.9220842606866603	0.9258334966329744	0.9999881318155773	False	0.2341459675738488	0.07706086975522673
ReplogleWeissman2022_K562_essential	RBMX	UNIFORM	143	10646	821632.0	0.5397030172532709	0.46029698274672914	0.012024587409929628	0.01325424043006766	0.9072256892708446	0.948838628829834	0.9999881318155773	False	0.29430012227352315	0.05251653821390708
ReplogleWeissman2022_K562_essential	GTF2F1	UNIFORM	41	10646	251187.5	0.5754766475900717	0.42452335240992833	0.0035046515673784738	0.003836436792364555	0.9135173487944817	0.9526278919465959	0.9999881318155773	False	0.3414035507492357	0.04853091123445278
ReplogleWeissman2022_K562_essential	NELFCD	UNIFORM	199	10646	1145752.5	0.5408181712620967	0.4591818287379033	0.016900192300776516	0.01834946980175196	0.9210180175975945	0.975934141287634	0.9999881318155773	False	0.26132663626644875	0.02436017303469956
ReplogleWeissman2022_K562_essential	GTF2H1	UNIFORM	403	10646	2299219.5	0.5359063784718127	0.4640936215281873	0.03775287204297566	0.0364738890397321	1.0350657151435187	0.9928753514137	0.9999881318155773	False	0.2613839106835384	0.007150150093413208
ReplogleWeissman2022_K562_essential	MNAT1	UNIFORM	83	10646	521713.0	0.5904282167180841	0.4095717832819159	0.0063828464349589805	0.007736042501631094	0.8250790289237939	0.9977632933006216	0.9999881318155773	False	0.6759915937763782	0.0022392118640507334
ReplogleWeissman2022_K562_essential	ERCC3	UNIFORM	163	10646	981725.0	0.5657385647882958	0.43426143521170424	0.013141333134808824	0.015080025904338977	0.8714396923567397	0.9980446388865111	0.9999881318155773	False	0.30830945183008857	0.001957275327758127
ReplogleWeissman2022_K562_essential	STAT5A	UNIFORM	203	10646	1267398.0	0.5864493614012617	0.41355063859873825	0.01488887901353792	0.01871140197253203	0.7957115685609503	0.9999881318155773	0.9999881318155773	False	0.45070616659106305	1.1868254850127769e-05
ReplogleWeissman2022_K562_gwps	SREBF2	CORRELATION	188	74615	2662346.0	0.18979313668320072	0.8102068633167993	0.009455194703686904	0.0025132681844311057	3.7621113267015502	2.5677342194425697e-49	4.570566910607775e-47	True	-2.1073828871305516	111.88364567333852
ReplogleWeissman2022_K562_gwps	TRRAP	CORRELATION	308	74615	8758240.0	0.38110090673248215	0.6188990932675178	0.007856580683186103	0.004110887177502236	1.9111642679427026	2.726252673675051e-13	2.4263648795707955e-11	True	-1.0682042308155886	28.930678189674087
ReplogleWeissman2022_K562_gwps	STAT5B	CORRELATION	126	74615	3190356.0	0.3393457845511722	0.6606542154488277	0.0030773370211108963	0.0016858217042854658	1.8254225896416627	2.165057905176909e-10	1.2846010237382995e-08	True	-0.8285303797157736	22.25340382280353
ReplogleWeissman2022_K562_gwps	MYC	CORRELATION	98	74615	2382321.0	0.3257977344928456	0.6742022655071545	0.00233983736086913	0.0013116860519588292	1.7838394769654624	1.1867642173645014e-09	5.281100767272031e-08	True	-1.6609260586003851	20.552035378485037
ReplogleWeissman2022_K562_gwps	GATA1	CORRELATION	46	74615	892603.0	0.26006048439962826	0.7399395156003719	0.010285734560620704	0.0006161181875410188	16.694418000663095	8.726334312264272e-09	2.772249419159244e-07	True	-2.8312056725108294	18.556920450778076
ReplogleWeissman2022_K562_gwps	ESRRA	CORRELATION	204	74615	5878243.5	0.38618131900619257	0.6138186809938074	0.004415389100764817	0.0027265801467541667	1.6193872408339356	9.344660963458125e-09	2.772249419159244e-07	True	-0.5946137017051237	18.4884606766908
ReplogleWeissman2022_K562_gwps	ATR	CORRELATION	74	74615	1781741.5	0.32269098489362513	0.6773090151063749	0.0025858652911265084	0.0009907750806678359	2.60994179363443	6.401683402862142e-08	1.6278566367278018e-06	True	-1.079109584801966	16.564119756476302
ReplogleWeissman2022_K562_gwps	TFDP1	CORRELATION	315	74615	9769504.0	0.41565768830259886	0.5843423116974013	0.004695892310216769	0.004203923662084612	1.1170260660461668	1.1422309983408914e-07	2.5414639713084835e-06	True	-0.5192484119079921	15.98511228492466
ReplogleWeissman2022_K562_gwps	MYB	CORRELATION	181	74615	5358669.0	0.39678222981100403	0.603217770188996	0.003632429462969466	0.0024199155035028613	1.501056321062233	7.753928522184023e-07	1.5335547521652845e-05	True	-0.6383643120347544	14.069896029938294
ReplogleWeissman2022_K562_gwps	RUVBL1	CORRELATION	63	74615	1535680.0	0.3266886419067616	0.6733113580932384	0.004324985767567663	0.0008436219502396958	5.126687097625681	9.525960646356876e-07	1.695620995051524e-05	True	-4.233959930469424	13.864074879770541
ReplogleWeissman2022_K562_gwps	ATF4	CORRELATION	103	74615	2918738.0	0.37977969759327657	0.6202203024067234	0.0020745468422131473	0.001378516555582323	1.504912533558077	1.2020709972580889e-05	0.00019451694319267256	True	-1.2146137773624073	11.328879564663026
ReplogleWeissman2022_K562_gwps	SSRP1	CORRELATION	314	74615	10303170.5	0.4397593634585351	0.5602406365414649	0.006134627471246311	0.0041906337999973306	1.4638901330987735	0.00011207007089396206	0.0016623727182604373	True	-0.399750201465716	9.0963862493141
ReplogleWeissman2022_K562_gwps	SPI1	CORRELATION	82	74615	2376637.5	0.38843910937936693	0.611560890620633	0.0017038967842411502	0.0010977683173353683	1.552146074298307	0.000234748993600292	0.0032142554508347676	True	-0.31402761548076924	8.356993726997798
ReplogleWeissman2022_K562_gwps	NELFE	CORRELATION	139	74615	4336307.5	0.41809899932362626	0.5819010006763737	0.0028725311888257565	0.001859432271182813	1.5448431402120906	0.000415931236186312	0.005288268574368825	True	-0.38731425399075886	7.784990608995227
ReplogleWeissman2022_K562_gwps	TFAP2A	CORRELATION	282	74615	9336457.0	0.4437177986477155	0.5562822013522846	0.004582020898232437	0.0037651708346128684	1.2169490043082087	0.0005418112997371673	0.0064294940902143854	True	-0.20672988831118394	7.520592772611294
ReplogleWeissman2022_K562_gwps	E2F3	CORRELATION	385	74615	13103541.5	0.4561438414162397	0.5438561585837602	0.005962666240306393	0.0051333333333333335	1.1615583585012454	0.0014733373237006961	0.016390877726170244	True	-0.35809377147441646	6.52022516317017
ReplogleWeissman2022_K562_gwps	POLR2I	CORRELATION	105	74615	3330613.5	0.425117316510468	0.574882683489532	0.0020494504645769233	0.0014052462526766595	1.4584279877446449	0.003951275961139725	0.04137218359311006	True	-0.4195614053066633	5.533716724094823
ReplogleWeissman2022_K562_gwps	NCOA6	CORRELATION	263	74615	8913884.5	0.45423972335555723	0.5457602766444427	0.004219549769634576	0.003512380138358396	1.2013363028543642	0.005141021723543156	0.05083899259948232	True	-0.22178941473085162	5.270503440369525
ReplogleWeissman2022_K562_gwps	ATF6	CORRELATION	127	74615	4146972.5	0.43762416098175355	0.5623758390182464	0.0024899166829607036	0.001699178507398785	1.4653649820303065	0.00748782042507064	0.07014905450855653	True	-0.4447861397000712	4.894477521789038
ReplogleWeissman2022_K562_gwps	WT1	CORRELATION	281	74615	9627537.0	0.4591797562004529	0.5408202437995471	0.004589969739206711	0.003751869258705405	1.2233821124114796	0.008992674541801504	0.08003480342203338	True	-0.29521788700329565	4.7113449728746035
ReplogleWeissman2022_K562_gwps	ERCC3	CORRELATION	267	74615	9193449.0	0.46146744298635617	0.5385325570136439	0.004075237111528889	0.00356560989289816	1.142928484589911	0.014729217659638206	0.12135794151536237	False	-0.23675262652935902	4.217922161958947
ReplogleWeissman2022_K562_gwps	SUPT5H	CORRELATION	129	74615	4286311.0	0.4453155136938091	0.5546844863061908	0.002806354428485587	0.001725891041421385	1.6260322124242381	0.01578635212895102	0.12135794151536237	False	-0.237138534367585	4.148609501537069
ReplogleWeissman2022_K562_gwps	CTNNB1	CORRELATION	39	74615	1167399.0	0.4011701091242738	0.5988298908757261	0.0010238583472606067	0.0005224100517052	1.9598748988818804	0.01628107515840088	0.12135794151536237	False	-0.4670363002700872	4.117751878917582
ReplogleWeissman2022_K562_gwps	NELFCD	CORRELATION	421	74615	14760043.0	0.4698718027282727	0.5301281972717272	0.006445338422269933	0.005610640226024841	1.148770579224339	0.016362868518925263	0.12135794151536237	False	-0.17312674588500881	4.112740625834712
ReplogleWeissman2022_K562_gwps	ELK1	CORRELATION	143	74615	4792791.5	0.44918614856965056	0.5508138514303494	0.002174852948145057	0.0019128387597314	1.1369766202617355	0.017734890535261685	0.1262724206110632	False	-0.3268667813882225	4.032221363019091
ReplogleWeissman2022_K562_gwps	GTF2F2	CORRELATION	61	74615	1931385.0	0.4243389289060895	0.5756610710939105	0.0014574710136971796	0.000816862177942043	1.7842312363745998	0.020367762140504776	0.13944083311576347	False	-0.4597796496182628	3.893801915333038
ReplogleWeissman2022_K562_gwps	USF2	CORRELATION	405	74615	14232678.5	0.47098326140029106	0.5290167385997089	0.006238393226998506	0.005398560383897627	1.1555660738010565	0.02182783447400196	0.14390201986564255	False	-0.16887022106810418	3.8245693128827094
ReplogleWeissman2022_K562_gwps	GTF2H3	CORRELATION	120	74615	4010590.5	0.4479204918582054	0.5520795081417945	0.0018542232327316893	0.0016056733792734327	1.1547947774850233	0.0241467133317541	0.15350410618043678	False	-0.13842356644878262	3.723607002068399
ReplogleWeissman2022_K562_gwps	SP1	CORRELATION	197	74615	6767550.0	0.4604040164213521	0.5395959835786479	0.003289542731987158	0.0026332673902582475	1.249224725205194	0.02726234312670609	0.16733438195012704	False	-0.5198732822682854	3.6022489016495385
ReplogleWeissman2022_K562_gwps	CARM1	CORRELATION	155	74615	5272706.5	0.45590647041911925	0.5440935295808808	0.0025505046617998062	0.002073023940082921	1.2303305391146548	0.02873843796284639	0.1705147319128886	False	-0.15319058636485497	3.549519750439957
ReplogleWeissman2022_K562_gwps	DDIT3	CORRELATION	262	74615	9154287.5	0.4682708386511318	0.5317291613488682	0.00388769831217643	0.003499071811103543	1.1110655974077654	0.037867276354009397	0.2174314577746346	False	-0.339420337664386	3.2736679605946786
ReplogleWeissman2022_K562_gwps	SUPT16H	CORRELATION	100	74615	3352446.5	0.44929926958386385	0.5507007304161362	0.0017918769080262414	0.0013384193267750785	1.3388008318318063	0.03961035513554315	0.2203326004414588	False	-0.3370252479909286	3.228664701583325
ReplogleWeissman2022_K562_gwps	FOXM1	CORRELATION	220	74615	7658133.0	0.46652409642224024	0.5334759035777599	0.003133532194312037	0.002939800895303	1.0658994625515512	0.04294575757267261	0.23164681357380984	False	-0.4936387140514069	3.147817411386939
ReplogleWeissman2022_K562_gwps	SMARCD3	CORRELATION	561	74615	20094341.0	0.48004810911102425	0.5199518908889758	0.007945825470101376	0.007462488028094073	1.0647689403571141	0.05145604422562773	0.2633659226611101	False	-0.04008172343981104	2.9670273459416356
ReplogleWeissman2022_K562_gwps	ACTL6A	CORRELATION	59	74615	1932551.0	0.4389881618295953	0.5610118381704047	0.0009409260089704509	0.0007901009722259421	1.1908933693874484	0.05231992351639243	0.2633659226611101	False	-0.17281370319380965	2.9503780336769148
ReplogleWeissman2022_K562_gwps	GTF2H2	CORRELATION	370	74615	13133407.5	0.47571796483208395	0.524282035167916	0.005189561188365266	0.004934320197372808	1.0517276911069444	0.05326501806629192	0.2633659226611101	False	-0.06836390142366215	2.932475484741489
ReplogleWeissman2022_K562_gwps	RELA	CORRELATION	184	74615	6405645.0	0.4665722447695271	0.5334277552304729	0.0026718436318629944	0.002459925934838701	1.0861479990202179	0.058346867165562095	0.2671982334229319	False	-0.1581791986854995	2.841349612084062
ReplogleWeissman2022_K562_gwps	GTF2H1	CORRELATION	201	74615	7022788.0	0.4682603200575558	0.5317396799424441	0.003726750818185195	0.0026865911035072712	1.387167110514147	0.05976176487339984	0.2671982334229319	False	-0.1385199921329287	2.8173892059062426
ReplogleWeissman2022_K562_gwps	CHEK1	CORRELATION	196	74615	6842765.0	0.4678960842529064	0.5321039157470936	0.0029319004149398115	0.002619935570972183	1.119073479296236	0.05996100772114485	0.2671982334229319	False	-0.18620016753524904	2.8140607993321836
ReplogleWeissman2022_K562_gwps	POLR2G	CORRELATION	39	74615	1245849.0	0.42812901097428335	0.5718709890257166	0.0012809664203885024	0.0005224100517052	2.4520324909662374	0.06004454683661391	0.2671982334229319	False	-0.5450897371763682	2.8126685449607742
ReplogleWeissman2022_K562_gwps	ARNT	CORRELATION	93	74615	3152968.0	0.4543708600205067	0.5456291399794932	0.0013915574605817722	0.0012448466027734648	1.1178545673671294	0.06383531549349951	0.2771386867766564	False	-0.07813025479574574	2.751448707394167
ReplogleWeissman2022_K562_gwps	YBX1	CORRELATION	154	74615	5345440.5	0.4651967110822569	0.5348032889177431	0.002625229358852825	0.0020596771389212107	1.2745829476108237	0.06751161558679067	0.2861206565344938	False	-0.20596636102950447	2.6954556131409246
ReplogleWeissman2022_K562_gwps	GABPA	CORRELATION	193	74615	6778472.0	0.4707045041923324	0.5292954958076675	0.002894836608629498	0.0025799379745481766	1.1220566684888886	0.07956391639114563	0.3293576073866028	False	-0.1428550442480269	2.5311946005776202
ReplogleWeissman2022_K562_gwps	RUNX1	CORRELATION	179	74615	6280110.0	0.4702059024032866	0.5297940975967135	0.0028567964673819734	0.0023932400994732196	1.1936940501752364	0.08391829974970694	0.339487667169269	False	-0.211758355522006	2.477911575469848
ReplogleWeissman2022_K562_gwps	YY1	CORRELATION	176	74615	6200013.0	0.47212151163853233	0.5278784883614677	0.0029182445753617	0.002353224318434036	1.240104716112937	0.10032900554167373	0.39256815813716617	False	-0.25891111551794166	2.299300437967817
ReplogleWeissman2022_K562_gwps	POLR2H	CORRELATION	43	74615	1424981.0	0.4441344638913866	0.5558655361086134	0.0007827476511645865	0.0005759597096091511	1.3590319567592024	0.10228226221089076	0.39256815813716617	False	-0.3010180240090934	2.280019010981193
ReplogleWeissman2022_K562_gwps	LIN9	CORRELATION	56	74615	1885894.0	0.45133925579881484	0.548660744201185	0.0008158176706002864	0.0007499564757402472	1.0878200228820354	0.10365563726093713	0.39256815813716617	False	-0.35883673978676817	2.2666810541124613
ReplogleWeissman2022_K562_gwps	POLR2C	CORRELATION	77	74615	2638079.0	0.45916727512921307	0.5408327248707869	0.001436274421220688	0.0010309002302790124	1.3932234944131903	0.10738292823956985	0.3982116922217382	False	-0.15396049341131104	2.2313540644808763
ReplogleWeissman2022_K562_gwps	POLR2F	CORRELATION	176	74615	6230752.5	0.4744622775703155	0.5255377224296844	0.003202052775699175	0.002353224318434036	1.3607086883370283	0.12055159409638877	0.4156563859231388	False	-0.14655846376972087	2.1156774509136542
ReplogleWeissman2022_K562_gwps	HDAC1	CORRELATION	161	74615	5686233.0	0.4733393740039449	0.5266606259960551	0.0022146891596343263	0.0021530972504546914	1.0286061900671826	0.12088318130689713	0.4156563859231388	False	-0.09405034727951694	2.1129306434710347
ReplogleWeissman2022_K562_gwps	ERCC2	CORRELATION	124	74615	4346079.5	0.4697316655606306	0.5302683344393694	0.0024701371745095915	0.0016591070257830584	1.4888353410134867	0.12168382907165864	0.4156563859231388	False	-0.06261892003433864	2.1063291631529553
ReplogleWeissman2022_K562_gwps	MYBL2	CORRELATION	62	74615	2118668.5	0.45797859117664225	0.5420214088233578	0.0010290410463598717	0.0008302422432609772	1.2394467454680023	0.12595745244409878	0.4156563859231388	False	-0.3628139523940136	2.071811108072145
ReplogleWeissman2022_K562_gwps	FOXO3	CORRELATION	379	74615	13657927.0	0.4829691979072166	0.5170308020927834	0.005382066831331272	0.005053737632343921	1.06496759880965	0.1259755470006036	0.4156563859231388	False	-0.10711812109892183	2.0716674622887354
ReplogleWeissman2022_K562_gwps	POLR2L	CORRELATION	77	74615	2656270.5	0.4623335720769213	0.5376664279230787	0.001284989176669552	0.0010309002302790124	1.2464728777117169	0.12623531632665286	0.4156563859231388	False	-0.2898856946524028	2.0696075239143146
ReplogleWeissman2022_K562_gwps	HDAC2	CORRELATION	97	74615	3378139.5	0.4667450299855409	0.5332549700144592	0.0015097510711368557	0.0012983188778241783	1.1628507425440902	0.12843315295377883	0.4156563859231388	False	-0.2142013774942219	2.0523467204797066
ReplogleWeissman2022_K562_gwps	TNRC6A	CORRELATION	370	74615	13339020.5	0.4831656738826879	0.5168343261173121	0.005772416935201164	0.004934320197372808	1.1698504969893493	0.13158084167406608	0.4182391038925672	False	-0.08872499212900689	2.028133850673015
ReplogleWeissman2022_K562_gwps	FOXO1	CORRELATION	184	74615	6543314.0	0.47659973370548525	0.5234002662945147	0.0026613307702675866	0.002459925934838701	1.0818743493763325	0.13605828766564732	0.42488377551728457	False	-0.06615797358085154	1.9946718992859174
ReplogleWeissman2022_K562_gwps	MAX	CORRELATION	209	74615	7459662.0	0.4783510377193036	0.5216489622806963	0.0031020376361649863	0.0027932214262803377	1.110559158317746	0.13948088675857329	0.4280620317763111	False	-0.09505081766937139	1.9698276995911301
ReplogleWeissman2022_K562_gwps	NELFA	CORRELATION	154	74615	5471893.5	0.4762015140926888	0.5237984859073113	0.0026429789601007596	0.0020596771389212107	1.283200609530998	0.15337905132156543	0.46273679890235	False	-0.10687771938809457	1.8748429618153837
ReplogleWeissman2022_K562_gwps	TBL1XR1	CORRELATION	73	74615	2541616.0	0.46661740312600114	0.5333825968739988	0.001140993281000428	0.0009773993144815767	1.1673767968679447	0.1616883838386748	0.4796755387214019	False	-0.1701694436860562	1.8220843527119055
ReplogleWeissman2022_K562_gwps	MOV10	CORRELATION	142	74615	5051900.5	0.4768044506400461	0.5231955493599539	0.0019692822897257253	0.0018994876733951335	1.036743916429761	0.16938839116241183	0.49428087912966073	False	-0.03308442579631865	1.7755610282599221
ReplogleWeissman2022_K562_gwps	EPAS1	CORRELATION	228	74615	8207189.5	0.4824290715732573	0.5175709284267426	0.003251508867938131	0.0030463770826931044	1.067336307908305	0.17939574252795848	0.5148337333906512	False	-0.128227421905069	1.7181610613672569
ReplogleWeissman2022_K562_gwps	E2F1	CORRELATION	224	74615	8064062.0	0.48248042331587865	0.5175195766841214	0.003406133691317635	0.002993091837143735	1.1379983898416093	0.18221643372815183	0.5148337333906512	False	-0.3397006056386	1.7025601021306624
ReplogleWeissman2022_K562_gwps	POLR2K	CORRELATION	18	74615	593144.0	0.4416329751986121	0.5583670248013879	0.002166662840498651	0.00024118017498961586	8.983585987496435	0.19552660239829867	0.5438083629202681	False	-0.35982957531050985	1.6320588351653091
ReplogleWeissman2022_K562_gwps	RAD51	CORRELATION	239	74615	8641592.0	0.48458471758934357	0.5154152824106565	0.0035822684685077296	0.003192882143906805	1.1219544934798227	0.20464283344149337	0.5604065285013203	False	0.07199281754287842	1.586489095266745
ReplogleWeissman2022_K562_gwps	MECP2	CORRELATION	102	74615	3647517.5	0.4792598738885757	0.5207401261114243	0.001456929185520254	0.0013651511704163711	1.0672291956325177	0.23419355028826294	0.631612908353194	False	-0.03332804502585749	1.4516073675305143
ReplogleWeissman2022_K562_gwps	SMAD4	CORRELATION	158	74615	5702706.0	0.48372412985816643	0.5162758701418336	0.0021273527396759506	0.002113062201596833	1.0067629519227206	0.2394878011147223	0.6323841484444749	False	0.005272371276150739	1.429252798231218
ReplogleWeissman2022_K562_gwps	TCEA1	CORRELATION	115	74615	4128274.5	0.48111022087294486	0.5188897791270551	0.0016865088110270758	0.001538873277131005	1.0959374212874204	0.24158495558552973	0.6323841484444749	False	-0.045709320564636974	1.4205340847877728
ReplogleWeissman2022_K562_gwps	NPM1	CORRELATION	90	74615	3217102.0	0.4790669138615262	0.5209330861384738	0.001299785277947893	0.0012047386386453383	1.0788939909899704	0.24588074824744777	0.6343010606963145	False	-0.03165194967821567	1.4029086238072082
ReplogleWeissman2022_K562_gwps	CCNH	CORRELATION	87	74615	3112424.0	0.47946108028877743	0.5205389197112226	0.001366788698306371	0.0011646274530802388	1.1735844751825577	0.25357770509459787	0.6394772029384604	False	-0.12155884588778465	1.372084973948534
ReplogleWeissman2022_K562_gwps	TFDP2	CORRELATION	192	74615	6966216.0	0.4862611405213429	0.5137388594786572	0.0027774545964165042	0.0025666047295039235	1.082151281219424	0.25507236746421735	0.6394772029384604	False	-0.09423209530838941	1.3662079801082816
ReplogleWeissman2022_K562_gwps	CREBBP	CORRELATION	147	74615	5317230.0	0.48477695708719726	0.5152230429128027	0.002160344588485729	0.0019662395334528234	1.0987189260161232	0.26149840721071604	0.646457318980335	False	-0.06234691520646541	1.3413270864681146
ReplogleWeissman2022_K562_gwps	APC	CORRELATION	357	74615	13062730.5	0.49038774392019086	0.5096122560798091	0.004861458219365042	0.004761777730352665	1.0209334611267114	0.2651201364357554	0.646457318980335	False	-0.06857688196368734	1.3275722106851446
ReplogleWeissman2022_K562_gwps	CREB1	CORRELATION	196	74615	7136466.0	0.4879788355736317	0.5120211644263682	0.0026259561061143166	0.002619935570972183	1.002297970686317	0.2802073193884928	0.6684524896355072	False	-0.04058270416469638	1.2722255234057975
ReplogleWeissman2022_K562_gwps	CDC6	CORRELATION	116	74615	4193508.0	0.4844995112843632	0.5155004887156368	0.0017059437316160758	0.001552234012658736	1.0990248362706978	0.28165132990260133	0.6684524896355072	False	-0.0340448505391035	1.2670853918254668
ReplogleWeissman2022_K562_gwps	SUPT4H1	CORRELATION	142	74615	5156498.0	0.4866764886039415	0.5133235113960584	0.002178031987116272	0.0018994876733951335	1.1466418116961348	0.29133514335302885	0.6823375725899886	False	-0.1128431445994708	1.2332809791317612
ReplogleWeissman2022_K562_gwps	FANCI	CORRELATION	20	74615	697753.5	0.4675691885009717	0.5324308114990283	0.00029411105190523803	0.00026797079118376095	1.097548917947372	0.30769466318768945	0.7053568402688848	False	-0.22184689044748107	1.1786473410109575
ReplogleWeissman2022_K562_gwps	EP300	CORRELATION	95	74615	3441573.0	0.4855201261211059	0.514479873878894	0.0014373895150366313	0.0012715834560299826	1.1303933754567024	0.3125694576123665	0.7053568402688848	False	-0.13977896446073346	1.1629285701431715
ReplogleWeissman2022_K562_gwps	PPARA	CORRELATION	283	74615	10383176.0	0.49171973255408385	0.5082802674459161	0.004069860366536173	0.00377847205532858	1.0771180273244745	0.3150389367089503	0.7053568402688848	False	-0.08434726255540229	1.1550590391955753
ReplogleWeissman2022_K562_gwps	SIRT1	CORRELATION	179	74615	6540685.0	0.48971573631045323	0.5102842636895468	0.00247388220571358	0.0023932400994732196	1.0336957860007905	0.31701431023320664	0.7053568402688848	False	-0.044599331940495146	1.1488083634322535
ReplogleWeissman2022_K562_gwps	CEBPB	CORRELATION	167	74615	6105946.0	0.49001609459496875	0.5099839054050312	0.002369221929195427	0.0022331577117488165	1.0609290677191163	0.32764116768172036	0.7137623266775575	False	0.00700017983368699	1.1158362704242255
ReplogleWeissman2022_K562_gwps	RBMX	CORRELATION	88	74615	3201018.0	0.4875052542445158	0.5124947457554843	0.001199040155501903	0.0011779982062300042	1.017862462914303	0.3424421439709615	0.7137623266775575	False	0.04674481457647832	1.0716525582614265
ReplogleWeissman2022_K562_gwps	POLR2D	CORRELATION	332	74615	12228819.0	0.4936513056178342	0.5063486943821658	0.0044988141203974215	0.004429797056586655	1.015580186389836	0.34463953552807314	0.7137623266775575	False	-0.048924848643385324	1.0652562327167592
ReplogleWeissman2022_K562_gwps	AKT1	CORRELATION	228	74615	8377816.0	0.4924587149707681	0.507541285029232	0.003093415182907875	0.0030463770826931044	1.0154406690104125	0.3468386942271805	0.7137623266775575	False	-0.11267126483920153	1.0588954652502431
ReplogleWeissman2022_K562_gwps	TP53BP2	CORRELATION	235	74615	8637600.0	0.49260530296657595	0.5073946970334241	0.0031117380757711846	0.003139612558450234	0.991121680729673	0.34730507751331313	0.7137623266775575	False	-0.0720774062173676	1.0575516993755094
ReplogleWeissman2022_K562_gwps	ATF2	CORRELATION	187	74615	6863658.0	0.49191253066991664	0.5080874693300833	0.002995233284080419	0.0024999331568674637	1.1981253482127459	0.3509981398038274	0.7137623266775575	False	-0.12515895754944614	1.0469743552345103
ReplogleWeissman2022_K562_gwps	NCOA1	CORRELATION	186	74615	6829299.0	0.4920815022491802	0.5079184977508198	0.002535029081670496	0.0024865977727570486	1.0194769373012624	0.3543389584337927	0.7137623266775575	False	-0.024476318124660387	1.037501314268383
ReplogleWeissman2022_K562_gwps	JUND	CORRELATION	135	74615	4945221.0	0.49093703232147246	0.5090629676785275	0.0018619076540190016	0.001806020066889632	1.0309451639845955	0.35776342102400654	0.7137623266775575	False	-0.05852157205011729	1.0278833461576875
ReplogleWeissman2022_K562_gwps	NFE2L2	CORRELATION	139	74615	5093127.0	0.49107017943910636	0.5089298205608936	0.0018395435624603694	0.001859432271182813	0.9893038810659169	0.3577943918633958	0.7137623266775575	False	0.04884966438774614	1.0277967819727936
ReplogleWeissman2022_K562_gwps	NCOA2	CORRELATION	200	74615	7352887.0	0.4927217717617101	0.5072782282382899	0.002593094711582955	0.0026732607097507185	0.970011904235394	0.3608910640504504	0.7137623266775575	False	-0.006702282051406154	1.0191791278215607
ReplogleWeissman2022_K562_gwps	POLE3	CORRELATION	129	74615	4737688.0	0.4922101932036651	0.5077898067963349	0.0017603418649916969	0.001725891041421385	1.0199611810615457	0.3796987051106141	0.728074627603122	False	-0.015939821823579628	0.9683772220461815
ReplogleWeissman2022_K562_gwps	ATF3	CORRELATION	306	74615	11301238.0	0.4949695145318955	0.5050304854681045	0.004163474344565456	0.004084302131578596	1.019384514278394	0.38032449420946707	0.728074627603122	False	-0.06389413944840688	0.966730458524141
ReplogleWeissman2022_K562_gwps	VHL	CORRELATION	373	74615	13788740.0	0.49543833501698353	0.5045616649830165	0.005176882331325395	0.004974129194004374	1.0407615342129457	0.38039854138814805	0.728074627603122	False	-0.003257202966274811	0.9665357827342678
ReplogleWeissman2022_K562_gwps	NCOA3	CORRELATION	85	74615	3123452.5	0.4924814045433224	0.5075185954566777	0.0014696733986916304	0.0011378848728246318	1.2915835633207622	0.40517134160471663	0.7641592418783025	False	-0.0034238720386498642	0.9034452356519962
ReplogleWeissman2022_K562_gwps	TAF9	CORRELATION	152	74615	5608772.0	0.49453616282883717	0.5054638371711628	0.0020130848085356955	0.0020329824655262348	0.9902125781565023	0.40783779763167827	0.7641592418783025	False	0.05106799073799409	0.8968857384481632
ReplogleWeissman2022_K562_gwps	AGO2	CORRELATION	42	74615	1539838.0	0.4913597738230855	0.5086402261769144	0.0007258057288395564	0.0005625728330899983	1.2901542451898753	0.4231218142047782	0.7781801337919066	False	-0.12020447608157345	0.8600951645497841
ReplogleWeissman2022_K562_gwps	RUNX2	CORRELATION	152	74615	5622039.5	0.49570598369877655	0.5042940163012235	0.0021133787226599817	0.0020329824655262348	1.0395459668231504	0.4270080821563361	0.7781801337919066	False	0.024856112955420104	0.8509523381660453
ReplogleWeissman2022_K562_gwps	HES1	CORRELATION	239	74615	8859400.5	0.4967985169056106	0.5032014830943894	0.0031672379912929464	0.003192882143906805	0.9919683372395072	0.4319942666888233	0.7781801337919066	False	-0.037578799701533695	0.8393429623797444
ReplogleWeissman2022_K562_gwps	CDK7	CORRELATION	29	74615	1062284.5	0.4909267573544194	0.5090732426455806	0.00044860329024218304	0.00038851079792079737	1.1546739309254315	0.4328080519404425	0.7781801337919066	False	-0.0906873206602354	0.8374609473243038
ReplogleWeissman2022_K562_gwps	MDC1	CORRELATION	179	74615	6635683.5	0.4968284867908523	0.5031715132091477	0.002539742895419426	0.0023932400994732196	1.0612152520670421	0.44163534915139946	0.786110921489491	False	0.016233830023447558	0.8172707393257227
ReplogleWeissman2022_K562_gwps	E2F4	CORRELATION	155	74615	5755848.0	0.49768147458026474	0.5023185254197353	0.0020612995741782036	0.002073023940082921	0.9943443171697051	0.46021718590270616	0.8110758325810068	False	-0.062352436869834105	0.7760567576568052
ReplogleWeissman2022_K562_gwps	NELFB	CORRELATION	216	74615	8047616.0	0.49932964526544904	0.500670354734551	0.0034854146398597702	0.0028865042562574335	1.2074864023858634	0.48640685438378684	0.8299917017014636	False	0.008679769932762295	0.7207098563575419
ReplogleWeissman2022_K562_gwps	RBBP4	CORRELATION	141	74615	5252756.0	0.4992774730614792	0.5007225269385209	0.0019121812412840227	0.0018861362298678366	1.0138086586767971	0.4881569010790493	0.8299917017014636	False	-0.07658827199139331	0.717118406200411
ReplogleWeissman2022_K562_gwps	PARP1	CORRELATION	258	74615	9622829.0	0.499869822712664	0.500130177287336	0.0035563954415073107	0.00344583494717722	1.0320852553952593	0.4971159477513263	0.8299917017014636	False	-0.09823061930730381	0.6989319848203207
ReplogleWeissman2022_K562_gwps	POLR2A	CORRELATION	223	74615	8319980.5	0.5000245204906862	0.49997547950931376	0.0033994680282015475	0.002979769635746546	1.1408492748634413	0.5005059023946439	0.8299917017014636	False	0.016237352974773918	0.6921358873001071
ReplogleWeissman2022_K562_gwps	HIF1A	CORRELATION	162	74615	6047967.0	0.5003434916522097	0.49965650834779035	0.0023768400073163848	0.002166441552883908	1.0971170693030698	0.5060358197074873	0.8299917017014636	False	-0.10766942376543968	0.6811478222644151
ReplogleWeissman2022_K562_gwps	STAT3	CORRELATION	170	74615	6346702.0	0.5003490072568597	0.4996509927431403	0.0022301505821080043	0.0022731831249582137	0.9810694781349829	0.506281937702661	0.8299917017014636	False	0.05800458774429635	0.6806615757312069
ReplogleWeissman2022_K562_gwps	NR3C1	CORRELATION	157	74615	5863904.0	0.5005656638258986	0.4994343361741013	0.0021353825792136175	0.002099716471406409	1.016986154222679	0.5097845040888553	0.8299917017014636	False	0.031829647881537915	0.6737671835616142
ReplogleWeissman2022_K562_gwps	NFYB	CORRELATION	89	74615	3327227.0	0.5010329428896049	0.4989670571103952	0.0012937436514203623	0.0011913686014135788	1.0859306262438961	0.5134573487333624	0.8299917017014636	False	-0.07658646446254821	0.6665883129787452
ReplogleWeissman2022_K562_gwps	TRIM28	CORRELATION	57	74615	2132193.5	0.5013322188403395	0.49866778115966054	0.0008209976478048246	0.000763338332976216	1.075535725559331	0.5138932517452591	0.8299917017014636	False	0.1949131508418558	0.6657397165252033
ReplogleWeissman2022_K562_gwps	ASF1B	CORRELATION	678	74615	25319089.0	0.5004863510761338	0.4995136489238662	0.008938196431612005	0.009004821165314173	0.9926012152291485	0.5175790948812498	0.8299917017014636	False	-0.024334527087260943	0.6585929251712682
ReplogleWeissman2022_K562_gwps	TCF4	CORRELATION	159	74615	5953023.0	0.5017810926276901	0.49821890737231	0.0021726799693081718	0.002126407574825474	1.0217608303462216	0.5309737574269009	0.8438690073391818	False	0.00815214197990976	0.6330426800030761
ReplogleWeissman2022_K562_gwps	MNAT1	CORRELATION	120	74615	4506943.0	0.5033553351649579	0.4966446648350421	0.0016283894887077802	0.0016056733792734327	1.0141474036547997	0.5506214410434586	0.867350588546333	False	0.04480077503685799	0.5967077457977873
ReplogleWeissman2022_K562_gwps	KAT5	CORRELATION	236	74615	8856709.0	0.5029609055297419	0.49703909447025807	0.0031671220872717273	0.003152930488570627	1.004501082010068	0.5625040659531546	0.8686292883087073	False	0.041352036515953594	0.5753569165685226
ReplogleWeissman2022_K562_gwps	HDAC5	CORRELATION	125	74615	4705110.0	0.5044680024123835	0.4955319975876164	0.0016886505509902776	0.0016724645437516724	1.0096779374481069	0.568702479925753	0.8686292883087073	False	0.15154943577574345	0.5643978639865171
ReplogleWeissman2022_K562_gwps	NFYC	CORRELATION	27	74615	1027850.0	0.5101992698320514	0.48980073016794856	0.0004043668941202858	0.00036172664183703544	1.1178797670713472	0.5728194562184866	0.8686292883087073	False	-0.13047510551385408	0.557184697050679
ReplogleWeissman2022_K562_gwps	HSF1	CORRELATION	234	74615	8791228.5	0.5035093823507681	0.4964906176492319	0.003268316626348685	0.0031262942724685702	1.0454283383144134	0.5736496111998506	0.8686292883087073	False	0.017750715643561232	0.555736502502663
ReplogleWeissman2022_K562_gwps	GTF2H5	CORRELATION	97	74615	3659422.0	0.5056087917978959	0.49439120820210414	0.0014814151799621925	0.0012983188778241783	1.1410256796426321	0.5758328989911655	0.8686292883087073	False	-0.06921023006003899	0.5519377662932234
ReplogleWeissman2022_K562_gwps	TNRC6B	CORRELATION	85	74615	3217817.0	0.5073600561312778	0.4926399438687222	0.001261648859875372	0.0011378848728246318	1.1087667039140034	0.592868046035023	0.8868110268423033	False	0.08508580673034935	0.5227834240793686
ReplogleWeissman2022_K562_gwps	TBL1X	CORRELATION	106	74615	4012652.0	0.5073404482633493	0.4926595517366507	0.0013896057003198177	0.001418610564633771	0.9795540333358217	0.6031899610225787	0.8897661001728832	False	-0.003971507783547913	0.5055231052939625
ReplogleWeissman2022_K562_gwps	E2F2	CORRELATION	213	74615	8030204.0	0.5052668801569496	0.49473311984305035	0.0029834557009604567	0.0028465280376329715	1.0481033952651129	0.6048410006793195	0.8897661001728832	False	-0.03499476916608271	0.502789664286092
ReplogleWeissman2022_K562_gwps	EZH2	CORRELATION	196	74615	7409503.0	0.5066486193753786	0.4933513806246213	0.0027795302167703206	0.002619935570972183	1.0609154849326758	0.6262803735937782	0.9137533319646928	False	-0.06938500783022246	0.46795712701063774
ReplogleWeissman2022_K562_gwps	GTF2F1	CORRELATION	80	74615	3053839.5	0.5115994605642297	0.4884005394357703	0.0010408380445032193	0.0010710221567708682	0.9718174716770995	0.6402797865749983	0.9222606720327684	False	0.0670281585322738	0.44585003163442877
ReplogleWeissman2022_K562_gwps	XBP1	CORRELATION	269	74615	10164923.0	0.5064372826357457	0.4935627173642542	0.0034444543590320563	0.0035922226376796113	0.958864387441474	0.6424737265846252	0.9222606720327684	False	0.07788635146890403	0.4424293555241738
ReplogleWeissman2022_K562_gwps	E2F5	CORRELATION	52	74615	2000366.0	0.5155609049531183	0.48443909504688165	0.0008417294728887779	0.0006964254623863286	1.2086425875420457	0.6512056119479335	0.9248647826187546	False	0.23038776345672735	0.42892984647477683
ReplogleWeissman2022_K562_gwps	AGO1	CORRELATION	164	74615	6228331.0	0.5089811438555316	0.4910188561444684	0.00215125721726387	0.0021931290870431538	0.9809077039620422	0.6546795652245117	0.9248647826187546	False	0.09859862948621037	0.4236093764484936
ReplogleWeissman2022_K562_gwps	TNRC6C	CORRELATION	235	74615	8914378.0	0.5083900476345952	0.49160995236540483	0.0030769793064050156	0.003139612558450234	0.980050642912406	0.6717829114720417	0.9405380876978447	False	0.04457021260002496	0.39782003905506375
ReplogleWeissman2022_K562_gwps	TGS1	CORRELATION	370	74615	14000171.5	0.507113869213313	0.49288613078668697	0.0047025585104849355	0.004934320197372808	0.9530306754289537	0.681839167266196	0.9405380876978447	False	0.041235397749687555	0.3829614740726715
ReplogleWeissman2022_K562_gwps	CDK9	CORRELATION	299	74615	11338326.5	0.5082198541139947	0.49178014588600527	0.003928605181470209	0.0039912432923085136	0.984306115600867	0.6884236542331105	0.9405380876978447	False	0.03886946315926812	0.37335085405973506
ReplogleWeissman2022_K562_gwps	MED1	CORRELATION	179	74615	6820100.5	0.5106362006531106	0.48936379934688945	0.0026467244815125647	0.0023932400994732196	1.1059168205041943	0.6887672644352275	0.9405380876978447	False	0.02567134935911538	0.37285185249852915
ReplogleWeissman2022_K562_gwps	NFKB1	CORRELATION	318	74615	12069754.0	0.5086805770670996	0.49131942293290043	0.004069972843379575	0.00424379112006726	0.9590417455124581	0.70370644900817	0.9405380876978447	False	0.05698906660208028	0.351393985623362
ReplogleWeissman2022_K562_gwps	LEF1	CORRELATION	197	74615	7511918.0	0.511044206282606	0.48895579371739395	0.002652801465510719	0.0026332673902582475	1.0074181890243041	0.7041142829536637	0.9405380876978447	False	0.10090058850264354	0.350814602257791
ReplogleWeissman2022_K562_gwps	MTA1	CORRELATION	143	74615	5479135.0	0.5135110818284443	0.48648891817155565	0.0017562249779391145	0.0019128387597314	0.9181249433620442	0.7119718147188485	0.9405380876978447	False	0.09262237356062156	0.33971695442274336
ReplogleWeissman2022_K562_gwps	ELL	CORRELATION	121	74615	4646830.0	0.5146894554581286	0.4853105445418714	0.0015373355174875401	0.0016190323271248128	0.9495397292144528	0.7120184454304537	0.9405380876978447	False	0.18566005703644126	0.3396514614022828
ReplogleWeissman2022_K562_gwps	RXRA	CORRELATION	92	74615	3548706.0	0.5169589399497129	0.48304106005028713	0.0013829760991949114	0.001231477639310908	1.123021689592981	0.7133294485348822	0.9405380876978447	False	0.1994220921250373	0.33781190562831603
ReplogleWeissman2022_K562_gwps	HDAC3	CORRELATION	140	74615	5373183.0	0.5143721580302697	0.4856278419697303	0.0018215171400761383	0.0018727844291351748	0.9726250986170838	0.7219425183851995	0.9448953549453347	False	0.042710171657664664	0.3258097576836388
ReplogleWeissman2022_K562_gwps	POLR2B	CORRELATION	166	74615	6378321.5	0.5149584332101576	0.4850415667898425	0.0022889159989502	0.002219815193698934	1.031129080225873	0.7475767581374457	0.9713041091128857	False	0.041783926217637136	0.2909182925176911
ReplogleWeissman2022_K562_gwps	KAT2B	CORRELATION	154	74615	5936954.0	0.5166742525048496	0.4833257474951504	0.0019814908979356566	0.0020596771389212107	0.9620395645957864	0.7630484507734574	0.9752342296223954	False	0.1152819194302898	0.2704337493553448
ReplogleWeissman2022_K562_gwps	CDK12	CORRELATION	54	74615	2132917.0	0.529363572511733	0.47063642748826695	0.0006841260330703956	0.000723191685974099	0.9459816067283957	0.772540887737434	0.9752342296223954	False	0.14675741480180696	0.2580703425009855
ReplogleWeissman2022_K562_gwps	GTF2H4	CORRELATION	146	74615	5643941.0	0.518087919814867	0.481912080185133	0.0019578977504930246	0.0019528898757373498	1.0025643405795137	0.7752954068918074	0.9752342296223954	False	0.17795896609863465	0.254511152072712
ReplogleWeissman2022_K562_gwps	PITX1	CORRELATION	212	74615	8156463.0	0.5156320053001635	0.4843679946998365	0.0028284938860699306	0.0028332019190933752	0.9983382642120505	0.7851130826956487	0.9752342296223954	False	0.08135365377783746	0.2419275171852044
ReplogleWeissman2022_K562_gwps	HDAC7	CORRELATION	48	74615	1913599.0	0.5342980075498671	0.46570199245013294	0.0005861268106848081	0.0006428887132850274	0.9117080430449964	0.7947701383217942	0.9752342296223954	False	0.14186247911550595	0.22970234032157522
ReplogleWeissman2022_K562_gwps	CCNT2	CORRELATION	306	74615	11732504.5	0.5138580442787135	0.48614195572128643	0.0038850209866752596	0.004084302131578596	0.95120803053169	0.7990066644534626	0.9752342296223954	False	0.11506867315092188	0.22438599225757871
ReplogleWeissman2022_K562_gwps	STAT1	CORRELATION	126	74615	4907682.5	0.5220111386599359	0.4779888613400642	0.0016884624980833978	0.0016858217042854658	1.0015664727718352	0.8037702334772305	0.9752342296223954	False	0.019835459904381313	0.21844182990302005
ReplogleWeissman2022_K562_gwps	GATA2	CORRELATION	327	74615	12533383.5	0.5136821002245779	0.48631789977542206	0.004387837682764674	0.004363374342825118	1.0056065187209486	0.8040790351698679	0.9752342296223954	False	0.0864617447377459	0.21805771218445547
ReplogleWeissman2022_K562_gwps	CLOCK	CORRELATION	183	74615	7078231.0	0.5183791184546976	0.4816208815453023	0.0023328217898562053	0.002446589481002166	0.9534994767085488	0.8051746119071068	0.9752342296223954	False	0.11683219986095211	0.2166961158835983
ReplogleWeissman2022_K562_gwps	ELOB	CORRELATION	396	74615	15143796.0	0.5125230729867867	0.4874769270132133	0.005247030779596885	0.005279225713562011	0.9939015803240958	0.8053900660364726	0.9752342296223954	False	0.06267754888870236	0.21642856483941908
ReplogleWeissman2022_K562_gwps	KAT2A	CORRELATION	104	74615	4076737.0	0.525355414203166	0.474644585796834	0.0013297977918522055	0.001391881582997631	0.9553957808596629	0.814634388733259	0.9773847264810386	False	0.13860203026014362	0.2050158691748824
ReplogleWeissman2022_K562_gwps	GABPB1	CORRELATION	153	74615	5950301.5	0.5212203910356387	0.4787796089643613	0.002204167454738961	0.0020463299807404237	1.077131975528906	0.8181478890206447	0.9773847264810386	False	0.04976119707850633	0.20071216529678043
ReplogleWeissman2022_K562_gwps	EGR1	CORRELATION	373	74615	14312276.0	0.5142493216743178	0.4857506783256822	0.004933529687251439	0.004974129194004374	0.9918378664547208	0.8291831117032479	0.9837652949582482	False	0.12018766147722496	0.18731426560422723
ReplogleWeissman2022_K562_gwps	SP3	CORRELATION	145	74615	5672017.0	0.5242559622152336	0.47574403778476637	0.0018093345555478776	0.0019395398608881755	0.9328679405017885	0.8439462841462408	0.9837652949582482	False	0.09058811010735046	0.1696664307880611
ReplogleWeissman2022_K562_gwps	BRCA1	CORRELATION	195	74615	7580369.0	0.5209902456541872	0.4790097543458128	0.002583398760122759	0.002606603395268012	0.9910977499732494	0.8447189558049331	0.9837652949582482	False	0.14434922928811383	0.16875130362805882
ReplogleWeissman2022_K562_gwps	TCF7L2	CORRELATION	184	74615	7165366.5	0.5219085872697237	0.4780914127302763	0.0023587444652572844	0.002459925934838701	0.9588680829172804	0.8480719239221468	0.9837652949582482	False	0.16163778248200833	0.16478983084097512
ReplogleWeissman2022_K562_gwps	NFKBIA	CORRELATION	253	74615	9793957.5	0.5188138372499251	0.481186162750075	0.0032427878663617805	0.003379280867660416	0.9596088615761809	0.8511227832784843	0.9837652949582482	False	0.22041836316340832	0.16119887964298324
ReplogleWeissman2022_K562_gwps	FANCD2	CORRELATION	141	74615	5543618.0	0.5269240731262086	0.4730759268737914	0.0017168044214482547	0.0018861362298678366	0.9102229172325229	0.8657476215923046	0.9942133976995498	False	0.1419045193812131	0.14416184292566686
ReplogleWeissman2022_K562_gwps	RUVBL2	CORRELATION	5	74615	242933.0	0.6511639750720365	0.34883602492796356	5.969185226978561e-05	6.700616456714018e-05	0.8908412032742804	0.8791753710447063	0.9978923287310685	False	0.8971507866377288	0.12877088920057864
ReplogleWeissman2022_K562_gwps	RAD51D	CORRELATION	362	74615	14025384.0	0.5192542343514387	0.48074576564856136	0.004608196843574141	0.004828147298504875	0.9544441291178408	0.8972500949850208	0.9978923287310685	False	0.16186232914913767	0.10842064309204558
ReplogleWeissman2022_K562_gwps	CCNK	CORRELATION	726	74615	27837060.5	0.5138786911471541	0.48612130885284593	0.009075602252498843	0.009636187467647097	0.9418249990434097	0.9013378528311062	0.9978923287310685	False	0.07350656656956774	0.10387511626426849
ReplogleWeissman2022_K562_gwps	LMO2	CORRELATION	271	74615	10571414.0	0.5228024894334583	0.4771975105665417	0.003678607395635675	0.003618833960953983	1.0165173189283143	0.902859934945761	0.9978923287310685	False	0.0776322779907436	0.10218784839811274
ReplogleWeissman2022_K562_gwps	CHD9	CORRELATION	183	74615	7215496.0	0.528431815194135	0.47156818480586504	0.0023534177678645593	0.002446589481002166	0.9619177169438978	0.9083593529613108	0.9978923287310685	False	0.20992875361746613	0.09611521550118221
ReplogleWeissman2022_K562_gwps	PML	CORRELATION	161	74615	6377863.0	0.5309127641978304	0.46908723580216954	0.0020015074134345293	0.0021530972504546914	0.929594523894288	0.9127696002213164	0.9978923287310685	False	0.26280264242127116	0.0912717848655925
ReplogleWeissman2022_K562_gwps	RBL2	CORRELATION	558	74615	21511745.5	0.5166724550422155	0.4833275449577845	0.006862151606981889	0.0074228778949888925	0.9244597181929203	0.912961748859888	0.9978923287310685	False	0.1266429537197848	0.09106129536572409
ReplogleWeissman2022_K562_gwps	ATM	CORRELATION	156	74615	6190947.0	0.5318710405723741	0.4681289594276259	0.002055062781312498	0.002086370384239879	0.9849942257789538	0.9158220182795863	0.9978923287310685	False	0.08507480589561806	0.08793323637554139
ReplogleWeissman2022_K562_gwps	LIN54	CORRELATION	673	74615	25894350.5	0.5156604397870436	0.4843395602129565	0.008665169605584732	0.008939007544362979	0.9693659573035117	0.9194064152353665	0.9978923287310685	False	0.04388812386519575	0.08402701800180298
ReplogleWeissman2022_K562_gwps	RB1	CORRELATION	433	74615	16801564.0	0.5200387083255245	0.47996129167447554	0.005213256661704009	0.0057696407632448566	0.9035669421421766	0.9251051132371977	0.9979921827649768	False	0.17988533318267938	0.0778479119936797
ReplogleWeissman2022_K562_gwps	SREBF1	CORRELATION	126	74615	5150722.0	0.5478623069321991	0.45213769306780094	0.0016564010610877705	0.0016858217042854658	0.9825481881488973	0.9685232259625607	0.9999954393391225	False	0.4264227745397512	0.0319828150467335
ReplogleWeissman2022_K562_gwps	POLR2E	CORRELATION	437	74615	17146964.0	0.5258715257007329	0.47412847429926713	0.00542606994721652	0.00582262964344721	0.9318933676853416	0.9691217709635661	0.9999954393391225	False	0.15597124479548893	0.03136500835769301
ReplogleWeissman2022_K562_gwps	JUN	CORRELATION	212	74615	8541394.0	0.5399664188115344	0.4600335811884656	0.0025833073191578893	0.0028332019190933752	0.9117978149557896	0.9779405787432313	0.9999954393391225	False	-0.054227445448122524	0.02230636872441397
ReplogleWeissman2022_K562_gwps	MCM5	CORRELATION	168	74615	6833199.0	0.5451156412441007	0.4548843587558993	0.002005455672352575	0.002246499872965781	0.8927023306282297	0.9795360657709953	0.9999954393391225	False	0.18172758763016508	0.020676221682248055
ReplogleWeissman2022_K562_gwps	CCNT1	CORRELATION	165	74615	6724202.0	0.5461735494731541	0.4538264505268459	0.0019429528181506	0.002206472318801819	0.8805697681291021	0.9799312050311334	0.9999954393391225	False	0.300871092341557	0.020272908729403964
ReplogleWeissman2022_K562_gwps	CBFB	CORRELATION	153	74615	6285427.5	0.5505759631467678	0.44942403685323223	0.0018143974495861447	0.0020463299807404237	0.8866592713114828	0.9848025420801448	0.9999954393391225	False	0.17201306155276713	0.015314122799074565
ReplogleWeissman2022_K562_gwps	E2F6	CORRELATION	304	74615	12157491.0	0.5359746258865686	0.46402537411343137	0.0038242852309884464	0.004057715666252886	0.9424724513829719	0.9849356543939874	0.9999954393391225	False	0.2860121627563732	0.015178965432188428
ReplogleWeissman2022_K562_gwps	ELOA	CORRELATION	202	74615	8206350.0	0.5444682041078195	0.4555317958921805	0.0023576618548724533	0.0026999211409171713	0.873233598990061	0.9856102966135571	0.9999954393391225	False	0.2455051816887263	0.014494239206358896
ReplogleWeissman2022_K562_gwps	STAT5A	CORRELATION	470	74615	18561493.0	0.5292841693744199	0.4707158306255801	0.006038815770101211	0.0062595724845175464	0.9647329406341478	0.9858222172621781	0.9999954393391225	False	0.22553767852683085	0.014279247673100053
ReplogleWeissman2022_K562_gwps	AGO3	CORRELATION	186	74615	7680958.0	0.5534473379116742	0.44655266208832584	0.0020979195097018902	0.0024865977727570486	0.8436907378774791	0.9941641267050905	0.9999954393391225	False	0.24658422211695197	0.005852968546394342
ReplogleWeissman2022_K562_gwps	RBL1	CORRELATION	253	74615	10310988.0	0.5462024161446413	0.4537975838553587	0.002940478431588937	0.003379280867660416	0.8701491668624527	0.9944800009668409	0.9999954393391225	False	0.30843782530166497	0.005535290526469615
ReplogleWeissman2022_K562_gwps	ZBTB17	CORRELATION	315	74615	12763249.5	0.5430309238216495	0.4569690761783505	0.003801307477274623	0.004203923662084612	0.9042284738799604	0.9958634007655736	0.9999954393391225	False	0.28513219565164805	0.004145178628891212
ReplogleWeissman2022_K562_gwps	DNMT1	CORRELATION	495	74615	20600589.0	0.5577611943329293	0.44223880566707074	0.005900082093529392	0.006590334176541073	0.8952629617070558	0.9999954393391225	0.9999954393391225	False	0.35095650435835773	4.560671277351613e-06
ReplogleWeissman2022_K562_gwps	SREBF2	NONZERORATE	188	74615	2661654.0	0.18974380543527697	0.8102561945647231	0.008974387135164635	0.0025132681844311057	3.570803621658086	2.4804189375934193e-49	5.605746798961127e-47	True	-2.1020152534394456	111.91824208434885
ReplogleWeissman2022_K562_gwps	MAX	NONZERORATE	209	74615	3723902.0	0.23879532156617686	0.7612046784338231	0.01174566777478824	0.0027932214262803377	4.205061462108877	2.687779541410642e-39	3.0371908817940255e-37	True	-4.3758540453626456	88.81210322331462
ReplogleWeissman2022_K562_gwps	ESRRA	NONZERORATE	204	74615	5474598.5	0.3596631663454097	0.6403368336545904	0.004528760604569014	0.0027265801467541667	1.6609673513394563	2.0460631013351503e-12	1.5413675363391465e-10	True	-0.6529858832162134	26.91510360755742
ReplogleWeissman2022_K562_gwps	TRRAP	NONZERORATE	308	74615	9013602.0	0.3922125786831275	0.6077874213168726	0.006751746090091882	0.004110887177502236	1.6424060789219288	3.088720761286103e-11	1.7451272301266482e-09	True	-1.1094127134835565	24.200679010854948
ReplogleWeissman2022_K562_gwps	MYC	NONZERORATE	98	74615	2508468.0	0.34304914889630717	0.6569508511036928	0.0023111890673565933	0.0013116860519588292	1.7619986611164606	3.7507894530307383e-08	1.6953568327698937e-06	True	-1.8398328775621962	17.098714405318244
ReplogleWeissman2022_K562_gwps	ATR	NONZERORATE	74	74615	1785125.5	0.32330386071925976	0.6766961392807402	0.002583942593109704	0.0009907750806678359	2.6080011937401446	7.071455021277652e-08	2.6635813913479155e-06	True	-1.0985490442998533	16.464614483057332
ReplogleWeissman2022_K562_gwps	TFDP1	NONZERORATE	315	74615	9918215.0	0.4219848130455917	0.5780151869544083	0.004860543944949173	0.004203923662084612	1.1561922469683859	8.490788377830847e-07	2.7413116762711018e-05	True	-0.46010888744037215	13.979113795366644
ReplogleWeissman2022_K562_gwps	RUVBL1	NONZERORATE	63	74615	1536609.0	0.3268862701550499	0.6731137298449501	0.004322050486352482	0.0008436219502396958	5.123207717775089	9.785826116520552e-07	2.764495877917056e-05	True	-4.308387974940885	13.837160626845149
ReplogleWeissman2022_K562_gwps	STAT5B	NONZERORATE	126	74615	3640132.0	0.38718671189354026	0.6128132881064596	0.00276747997294801	0.0016858217042854658	1.641620798873867	5.854109884236166e-06	0.00014700320375970818	True	-0.5774763994470861	12.048366599075367
ReplogleWeissman2022_K562_gwps	GATA1	NONZERORATE	46	74615	1086345.0	0.3165073464072092	0.6834926535927908	0.010988422803462863	0.0006161181875410188	17.834926846290017	8.172305176176065e-06	0.00018469409698157908	True	-1.965837021180929	11.714759537582816
ReplogleWeissman2022_K562_gwps	SP1	NONZERORATE	197	74615	6093001.0	0.4145136914332831	0.5854863085667169	0.0037743029418118323	0.0026332673902582475	1.4333154907757704	1.6556867543268942e-05	0.0003401595679123872	True	-0.741761443215119	11.008709584914955
ReplogleWeissman2022_K562_gwps	MYB	NONZERORATE	181	74615	5554107.0	0.41125342133819165	0.5887465786618084	0.0037406107463408326	0.0024199155035028613	1.545760891620491	1.8061569977648875e-05	0.0003401595679123872	True	-0.6861698170068645	10.921724082543939
ReplogleWeissman2022_K562_gwps	ATF6	NONZERORATE	127	74615	3840550.5	0.4052878793554947	0.5947121206445054	0.002469537753542113	0.001699178507398785	1.4533715809074381	0.0001102708487448069	0.0019170162935635662	True	-0.5986146977520499	9.112570957253988
ReplogleWeissman2022_K562_gwps	HIF1A	NONZERORATE	162	74615	5063660.0	0.41891255771396047	0.5810874422860395	0.0041535685965251555	0.002166441552883908	1.9172308576688983	0.0001775994768876883	0.002866962984044111	True	-0.7049110443555784	8.635979672862748
ReplogleWeissman2022_K562_gwps	CARM1	NONZERORATE	155	74615	4831712.5	0.41777576505632136	0.5822242349436786	0.002755707532969843	0.002073023940082921	1.3293177563880978	0.00019822133390851786	0.002986534764221669	True	-0.3596999859937162	8.526126303573797
ReplogleWeissman2022_K562_gwps	TFAP2A	NONZERORATE	282	74615	9248402.0	0.43953295949942567	0.5604670405005743	0.00490483407012858	0.0037651708346128684	1.3026856643631926	0.0002233422175501572	0.00315470882289597	True	-0.28439785123319655	8.406805354963248
ReplogleWeissman2022_K562_gwps	NCOA6	NONZERORATE	263	74615	8633317.5	0.43994240141216673	0.5600575985878332	0.004348280276463865	0.003512380138358396	1.2379868081409175	0.00037860697559517786	0.005033245675559423	True	-0.2884589261307268	7.879011894648859
ReplogleWeissman2022_K562_gwps	POLR2I	NONZERORATE	105	74615	3181773.5	0.40611947680633603	0.5938805231936639	0.002164777889911919	0.0014052462526766595	1.5404971803258913	0.000434091701261052	0.005450262471388764	True	-0.5457228700902226	7.742254752954909
ReplogleWeissman2022_K562_gwps	NELFE	NONZERORATE	139	74615	4352803.5	0.4196895140859771	0.580310485914023	0.0029498682109278473	0.001859432271182813	1.5864348794223042	0.0005244548335337878	0.006238252230454528	True	-0.45442679908530476	7.5531512472128455
ReplogleWeissman2022_K562_gwps	CTDP1	NONZERORATE	113	74615	3547970.0	0.42079963280533283	0.579200367194667	0.0023497901026186285	0.0015121507333261963	1.5539390689246448	0.001781921239311664	0.0201357100042218	True	-0.46773818502677533	6.330063148827412
ReplogleWeissman2022_K562_gwps	YY1	NONZERORATE	176	74615	5777202.0	0.4399251003636851	0.560074899636315	0.0029766940664276336	0.002353224318434036	1.2649427609215291	0.0029117113689898317	0.0313355604472239	True	-0.33858797366599835	5.839014271352144
ReplogleWeissman2022_K562_gwps	RAD51	NONZERORATE	239	74615	8009884.0	0.4491611471663325	0.5508388528336675	0.0036816567300469115	0.003192882143906805	1.153082564313521	0.0032511625533003883	0.03273861958302971	True	-0.23930109608170147	5.728742637895186
ReplogleWeissman2022_K562_gwps	SUPT5H	NONZERORATE	129	74615	4148361.0	0.4309835449883043	0.5690164550116957	0.0028215945770771007	0.001725891041421385	1.6348625199151225	0.0033318064177419618	0.03273861958302971	True	-0.4068554403145225	5.704240654281868
ReplogleWeissman2022_K562_gwps	ARNT	NONZERORATE	93	74615	2908741.0	0.41917556719475385	0.5808244328052461	0.0016990423288854334	0.0012448466027734648	1.3648607989932575	0.0034840307841279812	0.03280795655053849	True	-0.6609731419489457	5.659565384173287
ReplogleWeissman2022_K562_gwps	LIN9	NONZERORATE	56	74615	1666521.0	0.39883808311235774	0.6011619168876423	0.0010615783175702517	0.0007499564757402472	1.4155199027015761	0.004377051545418733	0.03956854597058534	True	-0.45563522761840947	5.431379944416234
ReplogleWeissman2022_K562_gwps	CREBBP	NONZERORATE	147	74615	4805643.0	0.4381350798042195	0.5618649201957806	0.0024449409440980025	0.0019662395334528234	1.2434603732153393	0.004719212898930764	0.04102085058301356	True	-0.33008949562310075	5.356113251991561
ReplogleWeissman2022_K562_gwps	EPAS1	NONZERORATE	228	74615	7697275.5	0.45245567597879643	0.5475443240212036	0.0034606410907592608	0.0030463770826931044	1.1359857945425234	0.006512549350030304	0.054512450115068466	True	-0.19028360620869755	5.0340242941915845
ReplogleWeissman2022_K562_gwps	E2F6	NONZERORATE	304	74615	10417971.0	0.4592862219040196	0.5407137780959804	0.0053867184620845065	0.004057715666252886	1.3275248699372013	0.007062923735325888	0.057007884435130385	True	-0.3262163261551456	4.9528961863871315
ReplogleWeissman2022_K562_gwps	GTF2F2	NONZERORATE	61	74615	1876481.0	0.4122761322328939	0.5877238677671062	0.00153126577971568	0.000816862177942043	1.8745705469843954	0.008835418817320183	0.06885533285221936	True	-0.6137654647860755	4.728986769996712
ReplogleWeissman2022_K562_gwps	ERCC3	NONZERORATE	267	74615	9129280.0	0.45824646418405995	0.54175353581594	0.004063958451458006	0.00356560989289816	1.1397653062250126	0.009154736708395924	0.06896568320324928	True	-0.23279021462453997	4.69348386059244
ReplogleWeissman2022_K562_gwps	HSF1	NONZERORATE	234	74615	7985958.5	0.45738829696143907	0.5426117030385609	0.004367471357807127	0.0031262942724685702	1.3970122378654088	0.012083319191643327	0.08809129475198038	True	-0.24649251810793008	4.415929356697007
ReplogleWeissman2022_K562_gwps	E2F3	NONZERORATE	385	74615	13421968.5	0.46722851764599405	0.532771482354006	0.005997796137069571	0.0051333333333333335	1.1684018448836826	0.013149894716887383	0.09287113143801715	True	-0.2849117490260672	4.331341526710765
ReplogleWeissman2022_K562_gwps	USF2	NONZERORATE	405	74615	14158947.5	0.468543378644118	0.531456621355882	0.006214069754651859	0.005398560383897627	1.1510605259110678	0.014370739002268713	0.09841778831856755	True	-0.21768309861946047	4.242561153472475
ReplogleWeissman2022_K562_gwps	CTNNB1	NONZERORATE	39	74615	1162824.0	0.3995979360718354	0.6004020639281646	0.0008016805138845796	0.0005224100517052	1.5345809508599848	0.014948848479469723	0.09936587518706344	True	-0.4216546132149515	4.2031210068966365
ReplogleWeissman2022_K562_gwps	SSRP1	NONZERORATE	314	74615	10936742.5	0.4668014491374192	0.5331985508625807	0.005362241083437847	0.0041906337999973306	1.2795775864360333	0.020994673019974368	0.13556560292897735	False	-0.22797538072830575	3.86348653915281
ReplogleWeissman2022_K562_gwps	RBL1	NONZERORATE	253	74615	8753927.0	0.463720458035041	0.536279541964959	0.003849232821952031	0.003379280867660416	1.1390686281182	0.02298843028836314	0.1443162568102797	False	-0.21926855863051117	3.7727642205562293
ReplogleWeissman2022_K562_gwps	NRF1	NONZERORATE	109	74615	3631061.0	0.44645830246642243	0.5535416975335776	0.0017208738190722392	0.0014587013543172207	1.1797300482234312	0.026496610381417554	0.16184416070811802	False	-0.22140906757366474	3.6307384643063463
ReplogleWeissman2022_K562_gwps	FOSL1	NONZERORATE	189	74615	6494690.0	0.4605433110425404	0.5394566889574595	0.003023030472608206	0.0025266028554622746	1.1964802723438321	0.03017335735189187	0.17197883505188438	False	-0.1519770878630585	3.5007959508658324
ReplogleWeissman2022_K562_gwps	GTF2H3	NONZERORATE	120	74615	4033510.5	0.45048029886751995	0.54951970113248	0.001820327046153854	0.0016056733792734327	1.1336845149525692	0.03021020999746002	0.17197883505188438	False	-0.12320955167786354	3.4995753323511782
ReplogleWeissman2022_K562_gwps	LIN52	NONZERORATE	15	74615	403236.0	0.3602814447497152	0.6397185552502848	0.0003236966117768436	0.00020099155835454912	1.610498542460389	0.030438731867590156	0.17197883505188438	False	-0.680210974256434	3.492039406922483
ReplogleWeissman2022_K562_gwps	POLR2F	NONZERORATE	176	74615	6045196.5	0.46033247184029535	0.5396675281597046	0.0034318136595037287	0.002353224318434036	1.45834531481786	0.03431696999733396	0.1891618346194506	False	-0.31768236633395475	3.372115295050852
ReplogleWeissman2022_K562_gwps	LIN54	NONZERORATE	673	74615	24101552.5	0.47995863660301186	0.5200413633969881	0.009539693594527898	0.008939007544362979	1.0671982932315252	0.036483639133824984	0.196316724862963	False	-0.14757020944379243	3.310891361793479
ReplogleWeissman2022_K562_gwps	GTF2H1	NONZERORATE	201	74615	6958932.0	0.46400257640964915	0.5359974235903509	0.003813513886773825	0.0026865911035072712	1.4194619649396543	0.03873049687852649	0.20356028591969738	False	-0.1516082534855999	3.2511279562445488
ReplogleWeissman2022_K562_gwps	ACTL6A	NONZERORATE	59	74615	1919425.0	0.43600652842785054	0.5639934715721495	0.0009485332589940388	0.0007901009722259421	1.200521569188489	0.0443712822037518	0.2279070404101797	False	-0.14748152283824956	3.1151628160203115
ReplogleWeissman2022_K562_gwps	ATF2	NONZERORATE	187	74615	6492765.0	0.4653309448394808	0.5346690551605191	0.002935516719775383	0.0024999331568674637	1.1742380838108994	0.050477970086214075	0.2535115830996529	False	-0.22007993053634003	2.9862182737959446
ReplogleWeissman2022_K562_gwps	TFDP2	NONZERORATE	192	74615	6681807.0	0.4664086058433291	0.5335913941566709	0.0029759727212538664	0.0025666047295039235	1.1594978716606146	0.053665756051230085	0.258870210688737	False	-0.17043457058324638	2.9249801707992433
ReplogleWeissman2022_K562_gwps	CEBPA	NONZERORATE	88	74615	2959688.0	0.45075143311422877	0.5492485668857712	0.0015969186783248573	0.0011779982062300042	1.3556206366693389	0.05486205089082448	0.258870210688737	False	-0.242307626734816	2.9029334100878805
ReplogleWeissman2022_K562_gwps	POLR2G	NONZERORATE	39	74615	1239934.0	0.4260963544485625	0.5739036455514376	0.0013294885548806366	0.0005224100517052	2.54491380964254	0.05498128368610343	0.258870210688737	False	-0.7052360454324912	2.90076244828
ReplogleWeissman2022_K562_gwps	POLR2C	NONZERORATE	77	74615	2578253.0	0.44875434155069616	0.551245658449304	0.0015036874983048098	0.0010309002302790124	1.4586159301738035	0.05974357892006833	0.2708675382036912	False	-0.3771021177023418	2.817693559718292
ReplogleWeissman2022_K562_gwps	GTF2H2	NONZERORATE	370	74615	13157745.5	0.4765995352720542	0.5234004647279458	0.005780774364467293	0.004934320197372808	1.1715442316745404	0.05992644650524142	0.2708675382036912	False	-0.0793314915505838	2.8146373603590873
ReplogleWeissman2022_K562_gwps	PITX1	NONZERORATE	212	74615	7432043.0	0.4698359124006377	0.5301640875993623	0.003221589560396554	0.0028332019190933752	1.1370843492254386	0.0638049267303026	0.2827434008048703	False	-0.12550084979896245	2.7519248701347205
ReplogleWeissman2022_K562_gwps	CHEK1	NONZERORATE	196	74615	6872404.0	0.4699227462880884	0.5300772537119116	0.0029141009949163778	0.002619935570972183	1.1122796404626998	0.0725678253856926	0.31539093340704866	False	-0.1461779116102735	2.6232336318887293
ReplogleWeissman2022_K562_gwps	RBL2	NONZERORATE	558	74615	20095350.5	0.4826532592517336	0.5173467407482664	0.007731622198622793	0.0074228778949888925	1.0415936120736042	0.07865301374807349	0.3272740844825929	False	-0.19287527764462933	2.542709331736797
ReplogleWeissman2022_K562_gwps	ERCC2	NONZERORATE	124	74615	4286934.5	0.46333917334791713	0.5366608266520828	0.0030786129524115287	0.0016591070257830584	1.8555843020184293	0.07882899880559291	0.3272740844825929	False	-0.19527101941021902	2.5404743446684717
ReplogleWeissman2022_K562_gwps	CEBPB	NONZERORATE	167	74615	5838144.0	0.4685243732196533	0.5314756267803467	0.0024753251673987663	0.0022331577117488165	1.1084417165773326	0.07964634799355136	0.3272740844825929	False	-0.13407219631644426	2.530159094354575
ReplogleWeissman2022_K562_gwps	ZBTB17	NONZERORATE	315	74615	11224080.5	0.477544750885232	0.522455249114768	0.008015838550021423	0.004203923662084612	1.9067516906447788	0.08409751863402115	0.3357046074349781	False	-0.12960514275262594	2.475778217384755
ReplogleWeissman2022_K562_gwps	FOXM1	NONZERORATE	220	74615	7767924.0	0.473212429867258	0.526787570132742	0.0030254447518660967	0.002939800895303	1.0291325363904515	0.08466886116722899	0.3357046074349781	False	-0.27618913514780474	2.469007381669629
ReplogleWeissman2022_K562_gwps	POLR2L	NONZERORATE	77	74615	2616345.5	0.45538448015831917	0.5446155198416808	0.0012997381595728906	0.0010309002302790124	1.2607797742184201	0.08763002574637807	0.34145492790830073	False	-0.29570734963544704	2.4346315801066147
ReplogleWeissman2022_K562_gwps	NELFA	NONZERORATE	154	74615	5405799.5	0.47044956316885556	0.5295504368311444	0.0026339297106214	0.0020596771389212107	1.2788070813860484	0.1022077789777937	0.38197842068755666	False	-0.19531848566321267	2.280747488866551
ReplogleWeissman2022_K562_gwps	RUNX1	NONZERORATE	179	74615	6311898.0	0.4725859411646452	0.5274140588353549	0.0034192840658735734	0.0023932400994732196	1.4287258794578104	0.1022178711590665	0.38197842068755666	False	-0.24944612153866114	2.2806487519294376
ReplogleWeissman2022_K562_gwps	ERG	NONZERORATE	440	74615	15842482.0	0.48255231399974413	0.5174476860002559	0.006222730622250616	0.005862367597095464	1.0614705610295907	0.10310037018557944	0.38197842068755666	False	-0.06005670339626818	2.2720522974168866
ReplogleWeissman2022_K562_gwps	NELFCD	NONZERORATE	421	74615	15171614.0	0.4829737705017188	0.5170262294982813	0.00765110488148913	0.005610640226024841	1.3636776861933928	0.11375693740815612	0.4087690446818313	False	-0.11608691750224771	2.1736912348072117
ReplogleWeissman2022_K562_gwps	APC	NONZERORATE	357	74615	12837768.5	0.4819424492976176	0.5180575507023824	0.005288064173527059	0.004761777730352665	1.110523101450058	0.11918275672252088	0.4087690446818313	False	-0.15829916267938884	2.127097193183032
ReplogleWeissman2022_K562_gwps	JUN	NONZERORATE	212	74615	7538949.0	0.4765942530145312	0.5234057469854687	0.003499690552919092	0.0028332019190933752	1.2352421934116835	0.11922737253688764	0.4087690446818313	False	-0.2284776712688698	2.126722915336481
ReplogleWeissman2022_K562_gwps	ASF1B	NONZERORATE	678	74615	24642200.0	0.48710618144627177	0.5128938185537282	0.009163946399774768	0.009004821165314173	1.0176711154546336	0.121291258283589	0.4087690446818313	False	-0.07212988561469177	2.1095605325409568
ReplogleWeissman2022_K562_gwps	ETS1	NONZERORATE	350	74615	12586383.0	0.4819552943203684	0.5180447056796316	0.005350698156517354	0.004668845461215234	1.146043106580924	0.12166810097271025	0.4087690446818313	False	-0.10519977275169304	2.1064584253204464
ReplogleWeissman2022_K562_gwps	SMARCD3	NONZERORATE	561	74615	20332516.0	0.4857380423309053	0.5142619576690947	0.007798268603870852	0.007462488028094073	1.0449957942327899	0.12184905967506054	0.4087690446818313	False	-0.07252838127234054	2.10497221601037
ReplogleWeissman2022_K562_gwps	E2F1	NONZERORATE	224	74615	7982312.0	0.4775892438326265	0.5224107561673734	0.004039215694230798	0.002993091837143735	1.3495127827702622	0.12299245592196695	0.4087690446818313	False	-0.537596340651266	2.0956322594584726
ReplogleWeissman2022_K562_gwps	GABPA	NONZERORATE	193	74615	6857492.0	0.4761917393570241	0.5238082606429759	0.0028107142394977773	0.0025799379745481766	1.0894503151727966	0.1262535398099932	0.41335300215069715	False	-0.1052153467431966	2.0694631731207718
ReplogleWeissman2022_K562_gwps	ELK1	NONZERORATE	143	74615	5042153.5	0.4725566532910901	0.52744334670891	0.002069984711517835	0.0019128387597314	1.082153266179373	0.12802969093163186	0.41335300215069715	False	-0.1144450697762112	2.0554930815578007
ReplogleWeissman2022_K562_gwps	RBMX	NONZERORATE	88	74615	3059491.0	0.4659511248652172	0.5340488751347827	0.0012984333508215804	0.0011779982062300042	1.1022371205275514	0.13439543934721382	0.4277939336967651	False	-0.15292904551367575	2.006968784897308
ReplogleWeissman2022_K562_gwps	POLR2H	NONZERORATE	43	74615	1458384.0	0.4545454262111397	0.5454545737888603	0.0008356933130224333	0.0005759597096091511	1.4509579386890423	0.15098217541915165	0.46902239593862605	False	-0.3133722040418275	1.8905934927166819
ReplogleWeissman2022_K562_gwps	NR4A1	NONZERORATE	151	74615	5360533.0	0.47577857727060724	0.5242214227293928	0.002153024806387971	0.002019634593264318	1.0660467064530004	0.15149838452884823	0.46902239593862605	False	-0.05875813151528066	1.8871803172654846
ReplogleWeissman2022_K562_gwps	NFE2L2	NONZERORATE	139	74615	4934957.0	0.47581971144922836	0.5241802885507716	0.0022709497933719558	0.001859432271182813	1.2213135313217782	0.1619135504791651	0.4944927352471799	False	-0.3978979614898581	1.820692725203228
ReplogleWeissman2022_K562_gwps	POLR2K	NONZERORATE	18	74615	582485.0	0.4336966799943413	0.5663033200056588	0.0003882241308356724	0.00024118017498961586	1.6096850864810408	0.1649452931075568	0.49703514989743774	False	-0.5844733024312032	1.802141416982604
ReplogleWeissman2022_K562_gwps	STAT3	NONZERORATE	170	74615	6086926.0	0.47986928980531435	0.5201307101946857	0.002383383779842255	0.0022731831249582137	1.0484785645617827	0.1818891809374979	0.5408809854194015	False	0.029348731455843404	1.7043576733055776
ReplogleWeissman2022_K562_gwps	AGO3	NONZERORATE	186	74615	6679160.0	0.48126331656625876	0.5187366834337412	0.002645072802682216	0.0024865977727570486	1.063731670502325	0.18832397565826275	0.5527430973865894	False	-0.10420231137228064	1.6695915245085204
ReplogleWeissman2022_K562_gwps	CLOCK	NONZERORATE	183	74615	6575597.0	0.4815683715568699	0.5184316284431301	0.0025179236401203283	0.002446589481002166	1.0291565706760673	0.19414978630348695	0.5625365603152315	False	-0.053058076432302634	1.639125323482445
ReplogleWeissman2022_K562_gwps	HDAC3	NONZERORATE	140	74615	5009912.0	0.4795964043997281	0.5204035956002718	0.0019713366343081674	0.0018727844291351748	1.0526233578407647	0.20167903910630858	0.5769552257977941	False	-0.10837475399086631	1.601077760560924
ReplogleWeissman2022_K562_gwps	MED1	NONZERORATE	179	74615	6446487.5	0.48266295849419943	0.5173370415058004	0.002980464792463187	0.0023932400994732196	1.2453680652932493	0.21111962069685808	0.5946339595787599	False	-0.19442338570856882	1.5553303834121284
ReplogleWeissman2022_K562_gwps	TNRC6C	NONZERORATE	235	74615	8504132.0	0.48499357695745965	0.5150064230425404	0.0032784002324163534	0.003139612558450234	1.0442053506228257	0.21312102091097146	0.5946339595787599	False	-0.12598899435727245	1.545895101331097
ReplogleWeissman2022_K562_gwps	SUPT4H1	NONZERORATE	142	74615	5097422.0	0.48110082460857756	0.5188991753914224	0.0022025957793977377	0.0018994876733951335	1.1595736104256105	0.21786002410619376	0.5997416850246724	False	-0.08639114884752659	1.5239025136779136
ReplogleWeissman2022_K562_gwps	TCEA1	NONZERORATE	115	74615	4113955.5	0.47944148076065835	0.5205585192393416	0.0016957398066875628	0.001538873277131005	1.1019359630761876	0.2226841974383052	0.5997416850246724	False	-0.08970766637810465	1.5020006662023717
ReplogleWeissman2022_K562_gwps	RUNX3	NONZERORATE	253	74615	9177152.0	0.48613989229030496	0.5138601077096951	0.003540486023130441	0.003379280867660416	1.0477039825285763	0.22291283868173667	0.5997416850246724	False	-0.09937639647884669	1.5009744418563205
ReplogleWeissman2022_K562_gwps	HIC1	NONZERORATE	221	74615	8004548.5	0.485420846620495	0.514579153379505	0.0030833545314435233	0.0029531241648404513	1.0440991842312557	0.22670705964946047	0.602774064479742	False	-0.06401869319108716	1.4840965810207458
ReplogleWeissman2022_K562_gwps	RARA	NONZERORATE	208	74615	7531140.5	0.4852563995175233	0.5147436004824767	0.002865974652369634	0.0027798938828969702	1.0309654875685246	0.23092157711418942	0.606840423579149	False	-0.0784363901075397	1.4656771191133093
ReplogleWeissman2022_K562_gwps	RBBP4	NONZERORATE	141	74615	5076989.0	0.48257071881521363	0.5174292811847864	0.001999929790917848	0.0018861362298678366	1.060331570566345	0.23691479343285998	0.6154338312163949	False	0.00216884020521694	1.4400547238706491
ReplogleWeissman2022_K562_gwps	VHL	NONZERORATE	373	74615	13635078.0	0.48991716009923325	0.5100828399007667	0.005427586888789769	0.004974129194004374	1.0911632322159979	0.25050378333009654	0.6283718021343476	False	-0.017429621605496364	1.3842812554571107
ReplogleWeissman2022_K562_gwps	POLR2E	NONZERORATE	437	74615	16000509.0	0.4907114798758723	0.5092885201241276	0.005934465253564258	0.00582262964344721	1.0192070622666012	0.251214963475466	0.6283718021343476	False	-0.004134655267092738	1.3814462781866135
ReplogleWeissman2022_K562_gwps	NCOA3	NONZERORATE	85	74615	3043162.5	0.4798219093306424	0.5201780906693576	0.0012139308675496961	0.0011378848728246318	1.0668310094819096	0.25976724673087764	0.6283718021343476	False	-0.1251583524783958	1.3479692537830361
ReplogleWeissman2022_K562_gwps	SUPT16H	NONZERORATE	100	74615	3592421.5	0.4814610333042954	0.5185389666957047	0.0016572929462582088	0.0013384193267750785	1.2382464247968208	0.2604998128502029	0.6283718021343476	False	-0.15282145716855317	1.3451531362142983
ReplogleWeissman2022_K562_gwps	CDC6	NONZERORATE	116	74615	4178812.0	0.4828015999371486	0.5171984000628513	0.0016973102185067796	0.001552234012658736	1.0934628443037082	0.2606799511758491	0.6283718021343476	False	-0.1054942355541893	1.3444618648133215
ReplogleWeissman2022_K562_gwps	ELOB	NONZERORATE	396	74615	14498239.0	0.49067499358660654	0.5093250064133934	0.005575470276372918	0.005279225713562011	1.0561151537904268	0.26071405303172746	0.6283718021343476	False	-0.0177992004480164	1.3443310545023022
ReplogleWeissman2022_K562_gwps	LEF1	NONZERORATE	197	74615	7156088.0	0.48683669231326565	0.5131633076867343	0.0028796997905168363	0.0026332673902582475	1.0935842676555612	0.2613581831886225	0.6283718021343476	False	-0.014030194639648311	1.341863463088512
ReplogleWeissman2022_K562_gwps	AR	NONZERORATE	265	74615	9683340.5	0.4897260275704592	0.5102739724295409	0.0035596622633541856	0.0035389957264957265	1.0058396614338168	0.28151958444449815	0.6670219131318594	False	-0.012216989928604228	1.267553262083501
ReplogleWeissman2022_K562_gwps	STAT1	NONZERORATE	126	74615	4563004.5	0.4853490776462029	0.5146509223537971	0.001793352585897187	0.0016858217042854658	1.0637854414487433	0.28460793753709596	0.6670219131318594	False	-0.1505528970921856	1.2566427035638816
ReplogleWeissman2022_K562_gwps	TRIM28	NONZERORATE	57	74615	2036831.5	0.47891021865459066	0.5210897813454094	0.001020381192042104	0.000763338332976216	1.3367351644239998	0.2906925183276321	0.6670219131318594	False	-0.10066544554730258	1.2354892084955542
ReplogleWeissman2022_K562_gwps	GTF2H5	NONZERORATE	97	74615	3503202.0	0.4840244526714799	0.51597554732852	0.0013713313228252474	0.0012983188778241783	1.0562361421744317	0.29297548397339324	0.6670219131318594	False	-0.13590693986726476	1.227666345911561
ReplogleWeissman2022_K562_gwps	NCOA1	NONZERORATE	186	74615	6780507.0	0.4885658206751648	0.5114341793248353	0.002487731988152585	0.0024865977727570486	1.0004561314290403	0.2947642016564974	0.6670219131318594	False	0.027693075009209374	1.2215795586846703
ReplogleWeissman2022_K562_gwps	SPI1	NONZERORATE	82	74615	2954137.5	0.48282606812531975	0.5171739318746803	0.0011616667423510652	0.0010977683173353683	1.0582075689438721	0.29514243943887586	0.6670219131318594	False	-0.07566682266713719	1.220297193619211
ReplogleWeissman2022_K562_gwps	NCOA2	NONZERORATE	200	74615	7307816.0	0.4897015345439925	0.5102984654560075	0.002593541398219019	0.0026732607097507185	0.9701789985387795	0.3071869202176367	0.6860474543805308	False	-0.027440045516693757	1.180298856031611
ReplogleWeissman2022_K562_gwps	NR1H4	NONZERORATE	161	74615	5871804.0	0.4887868699073463	0.5112131300926537	0.0024366535199671865	0.0021530972504546914	1.131696916826499	0.3108955756376538	0.6860474543805308	False	-0.10815568689192809	1.168298192840001
ReplogleWeissman2022_K562_gwps	POLR2A	NONZERORATE	223	74615	8162542.5	0.4905626160478799	0.5094373839521201	0.0034988693904568252	0.002979769635746546	1.1742080154394972	0.3129634125746732	0.6860474543805308	False	-0.07763900989024111	1.1616689880071454
ReplogleWeissman2022_K562_gwps	KAT5	NONZERORATE	236	74615	8646258.0	0.4910096688424307	0.5089903311575694	0.003409279869472583	0.003152930488570627	1.0813051165673404	0.31644084979464854	0.6860474543805308	False	-0.1788733868033568	1.1506189433482579
ReplogleWeissman2022_K562_gwps	BCL6	NONZERORATE	151	74615	5508579.5	0.4889185678536132	0.5110814321463868	0.002214552063048475	0.002019634593264318	1.0965112552707437	0.3187388615484767	0.6860474543805308	False	0.008206280899214966	1.1433831272817043
ReplogleWeissman2022_K562_gwps	DDIT3	NONZERORATE	262	74615	9615836.5	0.49188053381403674	0.5081194661859633	0.003693203551099813	0.003499071811103543	1.0554809247927508	0.32474409217919326	0.6865060410665967	False	-0.08113695368672474	1.1247178155008497
ReplogleWeissman2022_K562_gwps	KAT2B	NONZERORATE	154	74615	5626384.0	0.48964633168881644	0.5103536683111836	0.0023018384624351	0.0020596771389212107	1.1175724675182466	0.32827661254347434	0.6865060410665967	False	-0.06845475781496477	1.1138986950764902
ReplogleWeissman2022_K562_gwps	TBL1XR1	NONZERORATE	73	74615	2641657.0	0.48498401382806167	0.5150159861719382	0.001122251617192269	0.0009773993144815767	1.148201764176112	0.32844547876001073	0.6865060410665967	False	-0.09127930116988475	1.113384425121225
ReplogleWeissman2022_K562_gwps	AGO1	NONZERORATE	164	74615	5997790.0	0.4901412617289076	0.5098587382710924	0.0023740670386248526	0.0021931290870431538	1.0825021895202918	0.3311024711338896	0.6865060410665967	False	-0.10178435330184105	1.1053273710502953
ReplogleWeissman2022_K562_gwps	TAF9	NONZERORATE	152	74615	5562684.0	0.4904724956531246	0.5095275043468753	0.002046645420309191	0.0020329824655262348	1.0067206456595874	0.34219305934193844	0.7030511946479826	False	0.04816167559479026	1.0723802001904652
ReplogleWeissman2022_K562_gwps	NPAS2	NONZERORATE	183	74615	6712246.0	0.491575955112382	0.508424044887618	0.002445955718608492	0.002446589481002166	0.9997409608769288	0.3466024848005017	0.7047998502308395	False	-0.06468888203437341	1.0595767326539063
ReplogleWeissman2022_K562_gwps	MTA1	NONZERORATE	143	74615	5235127.0	0.4906423603870498	0.5093576396129502	0.001962746544487304	0.0019128387597314	1.0260909522572157	0.34928134170731867	0.7047998502308395	False	0.013438170953482653	1.0518775448361901
ReplogleWeissman2022_K562_gwps	MNAT1	NONZERORATE	120	74615	4389052.0	0.4901887466773884	0.5098112533226116	0.0016812814000079631	0.0016056733792734327	1.047088045246626	0.3549365925666643	0.7082004235584548	False	-0.04230445411250501	1.035816117948101
ReplogleWeissman2022_K562_gwps	NPM1	NONZERORATE	90	74615	3282868.0	0.4888602976762194	0.5111397023237805	0.0011899565128919614	0.0012047386386453383	0.9877300143954886	0.35723384197196395	0.7082004235584548	False	-0.07243427811470729	1.0293646921048463
ReplogleWeissman2022_K562_gwps	MLXIPL	NONZERORATE	288	74615	10620380.5	0.49422128500376006	0.5057787149962399	0.004056647527208648	0.003844972831528777	1.0550523254531576	0.3672812339352968	0.7217874684293659	False	-0.05192454048715604	1.001627419388524
ReplogleWeissman2022_K562_gwps	CDK12	NONZERORATE	54	74615	1964110.0	0.4874677666341541	0.512532233365846	0.000763982398875695	0.000723191685974099	1.056403735956468	0.3748957434453367	0.7304003277469491	False	-0.017816783244325632	0.9811073091448521
ReplogleWeissman2022_K562_gwps	NFYA	NONZERORATE	127	74615	4665012.0	0.49229213901703284	0.5077078609829672	0.0016995541844622422	0.001699178507398785	1.0002210933470623	0.38184334368232903	0.7375777407880885	False	0.09726586563874669	0.96274484955998
ReplogleWeissman2022_K562_gwps	HEY1	NONZERORATE	156	74615	5745719.5	0.4936210581841487	0.5063789418158513	0.0021857211431842404	0.002086370384239879	1.0476189461348002	0.39110160724164994	0.7458813981316497	False	-0.03337189590881611	0.9387878876876913
ReplogleWeissman2022_K562_gwps	GATA2	NONZERORATE	327	74615	12093440.5	0.49565098801779817	0.5043490119822018	0.004340240993994829	0.004363374342825118	0.9946982892108883	0.39274286007816955	0.7458813981316497	False	0.04016066210743833	0.9346001813161217
ReplogleWeissman2022_K562_gwps	AKT1	NONZERORATE	228	74615	8426881.0	0.49534281828003635	0.5046571817199637	0.00307479691981102	0.0030463770826931044	1.0093290608307728	0.403911012269345	0.7606990731072664	False	0.0772689266833908	0.9065606919432877
ReplogleWeissman2022_K562_gwps	NFKBIA	NONZERORATE	253	74615	9359674.5	0.4958086292242206	0.5041913707757794	0.003386544103730271	0.003379280867660416	1.0021493437078177	0.4082800100900825	0.7619358431890801	False	0.013549502134138726	0.8958020407332056
ReplogleWeissman2022_K562_gwps	NFKB1	NONZERORATE	318	74615	11777494.0	0.49636326012313947	0.5036367398768605	0.0042571808234972254	0.00424379112006726	1.0031551278211246	0.41131049942065384	0.7619358431890801	False	0.01249628559882389	0.8884068766690637
ReplogleWeissman2022_K562_gwps	NFATC2	NONZERORATE	278	74615	10303676.0	0.4967309888603223	0.5032690111396777	0.003780644782900423	0.0037119623996902246	1.018502984625041	0.42525814070678597	0.781368616257997	False	-0.033927449765733045	0.8550589045459853
ReplogleWeissman2022_K562_gwps	CCND1	NONZERORATE	310	74615	11498564.5	0.4971137646369644	0.5028862353630357	0.004283740762362069	0.004137470804137471	1.0353525052257355	0.4302704870787325	0.7830215235089585	False	-0.019991478091354396	0.8433412283391004
ReplogleWeissman2022_K562_gwps	NFYC	NONZERORATE	27	74615	988717.0	0.49077461834950276	0.5092253816504972	0.00042072429519407717	0.00036172664183703544	1.163100105254678	0.4340701116817751	0.7830215235089585	False	-0.14943147494501857	0.8345492102752895
ReplogleWeissman2022_K562_gwps	FOSL2	NONZERORATE	87	74615	3213645.5	0.4950539974936475	0.5049460025063526	0.0013878626660066757	0.0011646274530802388	1.191679504322192	0.43655182284127775	0.7830215235089585	False	-0.04643023403829624	0.8288481871727558
ReplogleWeissman2022_K562_gwps	SMAD4	NONZERORATE	158	74615	5859074.0	0.4969878286596936	0.5030121713403064	0.002122621489533963	0.002113062201596833	1.0045239027653357	0.44788020114635746	0.787374778840435	False	0.04004862498371079	0.8032294904825399
ReplogleWeissman2022_K562_gwps	NELFB	NONZERORATE	216	74615	8022238.0	0.4977550189739428	0.5022449810260573	0.0033236399605738017	0.0028865042562574335	1.1514412124523064	0.4545656792275431	0.787374778840435	False	0.035155534513187425	0.7884128670535174
ReplogleWeissman2022_K562_gwps	E2F2	NONZERORATE	213	74615	7910762.0	0.497751493661201	0.5022485063387989	0.002994638017563154	0.0028465280376329715	1.0520318008366933	0.4548118266954104	0.787374778840435	False	-0.044711133589549465	0.7878715132762895
ReplogleWeissman2022_K562_gwps	ATF4	NONZERORATE	103	74615	3818176.0	0.49681256989764283	0.5031874301023571	0.0013121798597552038	0.001378516555582323	0.9518782015649447	0.45541982402659037	0.787374778840435	False	0.05691285880967678	0.7865355952797642
ReplogleWeissman2022_K562_gwps	WT1	NONZERORATE	281	74615	10444531.0	0.49814580803045194	0.5018541919695481	0.003905005591265813	0.003751869258705405	1.0408160098343213	0.457209386512721	0.787374778840435	False	-0.004577927100936512	0.7826138168419544
ReplogleWeissman2022_K562_gwps	NR3C1	NONZERORATE	157	74615	5831868.0	0.49783094620324886	0.5021690537967511	0.002089829505117953	0.002099716471406409	0.9952912850743924	0.46253608653877226	0.787374778840435	False	0.08776423671776203	0.7710307001247484
ReplogleWeissman2022_K562_gwps	CDK9	NONZERORATE	299	74615	11123536.5	0.4985922831964396	0.5014077168035603	0.004018377096689101	0.0039912432923085136	1.006798333850727	0.46646760657023156	0.787374778840435	False	-0.016452620726547185	0.7625667003978659
ReplogleWeissman2022_K562_gwps	MDC1	NONZERORATE	179	74615	6655433.5	0.49830721352851526	0.5016927864714847	0.0025476582852927672	0.0023932400994732196	1.0645226468725544	0.4687683546365868	0.787374778840435	False	0.01650910179209082	0.7576465459060627
ReplogleWeissman2022_K562_gwps	MYBL2	NONZERORATE	62	74615	2303900.5	0.4980189705001805	0.5019810294998195	0.001030814266604083	0.0008302422432609772	1.2415825320515017	0.478463671804614	0.787374778840435	False	-0.1516826832771919	0.7371749919647648
ReplogleWeissman2022_K562_gwps	TBL1X	NONZERORATE	106	74615	3944102.0	0.4986733154722544	0.5013266845277456	0.0013724285770974442	0.001418610564633771	0.967445619899039	0.4811449495574743	0.787374778840435	False	-0.01339540455424448	0.7315867038419577
ReplogleWeissman2022_K562_gwps	CREB1	NONZERORATE	196	74615	7300089.0	0.49916708491344003	0.50083291508656	0.002602690778369663	0.002619935570972183	0.9934178562276167	0.48391128743916323	0.787374778840435	False	0.06506280693305479	0.7258536794801983
ReplogleWeissman2022_K562_gwps	CCNH	NONZERORATE	87	74615	3240074.0	0.49912524137314845	0.5008747586268516	0.0013186242734477523	0.0011646274530802388	1.1322283962654482	0.48873272272538	0.787374778840435	False	-0.011720587423444017	0.715939518229881
ReplogleWeissman2022_K562_gwps	TCF7L2	NONZERORATE	184	74615	6859376.5	0.49962098919380354	0.5003790108061964	0.0024437940739357256	0.002459925934838701	0.9934421355234692	0.4929048892471811	0.787374778840435	False	0.015298675779677987	0.7074390459708816
ReplogleWeissman2022_K562_gwps	FANCI	NONZERORATE	20	74615	744807.5	0.49910038196073175	0.5008996180392682	0.00031537484034766227	0.00026797079118376095	1.1769000604673887	0.49444243145168615	0.787374778840435	False	-0.11584045192300696	0.7043245523876669
ReplogleWeissman2022_K562_gwps	E2F4	NONZERORATE	155	74615	5780939.0	0.4998509769504964	0.5001490230495036	0.0021931287878037505	0.002073023940082921	1.0579370288005576	0.49743942268411623	0.787374778840435	False	-0.0835774882145891	0.6982814932462728
ReplogleWeissman2022_K562_gwps	XBP1	NONZERORATE	269	74615	10035772.0	0.5000027153016214	0.49999728469837856	0.003503887189870214	0.0035922226376796113	0.9754092502834241	0.5000619978669651	0.787374778840435	False	0.031064418787325285	0.6930231925128506
ReplogleWeissman2022_K562_gwps	HDAC5	NONZERORATE	125	74615	4667392.0	0.5004239898143805	0.49957601018561953	0.0016783138334388683	0.0016724645437516724	1.0034974072897682	0.5065525208619001	0.787374778840435	False	-0.0073216807356167955	0.6801272669635927
ReplogleWeissman2022_K562_gwps	CDK7	NONZERORATE	29	74615	1083857.5	0.5008965563455624	0.49910344365443765	0.0004389391655124272	0.00038851079792079737	1.1297991403624006	0.5066727369016648	0.787374778840435	False	-0.06115539659686299	0.679889973154723
ReplogleWeissman2022_K562_gwps	HES1	NONZERORATE	239	74615	8923010.5	0.5003655024663566	0.4996344975336434	0.003294860244097751	0.003192882143906805	1.031939199630515	0.507802142033367	0.787374778840435	False	-0.07520114591221158	0.6776633914586065
ReplogleWeissman2022_K562_gwps	E2F5	NONZERORATE	52	74615	1944112.0	0.5010623766101887	0.4989376233898113	0.0008765510061990246	0.0006964254623863286	1.2586429611512033	0.5105835021172939	0.787374778840435	False	0.15037748660600983	0.6722010854736992
ReplogleWeissman2022_K562_gwps	GABPB1	NONZERORATE	153	74615	5716165.5	0.5007111013004009	0.4992888986995991	0.002207590302846724	0.0020463299807404237	1.0788046520473455	0.5121420021661237	0.787374778840435	False	-0.06293026230911578	0.6691533444157602
ReplogleWeissman2022_K562_gwps	TP73	NONZERORATE	194	74615	7256358.0	0.501292062138911	0.498707937861089	0.0026504313629447094	0.0025932708631314413	1.0220418547965504	0.5248227155863482	0.8014184710980722	False	0.08496245552217924	0.6446947580162278
ReplogleWeissman2022_K562_gwps	CREB5	NONZERORATE	363	74615	13575589.5	0.5012171571643528	0.4987828428356472	0.00490015788883667	0.00484142014991064	1.0121323366093549	0.5319419323231429	0.8029009333028689	False	-0.02689027493070304	0.6312209453662905
ReplogleWeissman2022_K562_gwps	FOXO1	NONZERORATE	184	74615	6889587.0	0.5018214515673209	0.49817854843267906	0.003259640377083292	0.002459925934838701	1.325096959594854	0.5340619527236926	0.8029009333028689	False	-0.07704297763847524	0.6272434304148139
ReplogleWeissman2022_K562_gwps	PARP1	NONZERORATE	258	74615	9660764.0	0.501840403476866	0.498159596523134	0.0034179129393886853	0.00344583494717722	0.9918968818249962	0.5407119234573428	0.8029009333028689	False	0.03934633229145173	0.614868630946541
ReplogleWeissman2022_K562_gwps	RELA	NONZERORATE	184	74615	6895752.0	0.5022704957914396	0.4977295042085605	0.002499262374307358	0.002459925934838701	1.0159909039990003	0.5424305123070581	0.8029009333028689	False	0.03248406259857242	0.6116952896847367
ReplogleWeissman2022_K562_gwps	NR1I2	NONZERORATE	133	74615	4989069.5	0.5027380654275909	0.49726193457240897	0.00180303309006315	0.0017793118210520683	1.01333170989504	0.5435568265280485	0.8029009333028689	False	0.028846390253789593	0.6096210212571923
ReplogleWeissman2022_K562_gwps	TNRC6B	NONZERORATE	85	74615	3197528.0	0.504161046312246	0.495838953687754	0.0011468791963985313	0.0011378848728246318	1.0079044231878858	0.5528318889146466	0.8112987460695464	False	0.06973120042709079	0.5927013220226941
ReplogleWeissman2022_K562_gwps	POLR2D	NONZERORATE	332	74615	12446692.0	0.5024463733107059	0.49755362668929415	0.004380931181971338	0.004429797056586655	0.988968823178331	0.5612233571164543	0.8182998626343141	False	0.016261214067443734	0.5776363116690009
ReplogleWeissman2022_K562_gwps	RB1	NONZERORATE	433	74615	16227841.0	0.5022809467351961	0.497719053264804	0.005693837466497335	0.0057696407632448566	0.9868616955789653	0.5651120518592627	0.8186879725653422	False	-0.024394943004364653	0.5707312456240782
ReplogleWeissman2022_K562_gwps	NFYB	NONZERORATE	89	74615	3357479.0	0.5055884627228763	0.4944115372771237	0.0012843928576986717	0.0011913686014135788	1.0780818431631638	0.5724145847568898	0.8239853258283891	False	0.12013029601492922	0.5578917516159085
ReplogleWeissman2022_K562_gwps	CHD9	NONZERORATE	183	74615	6888272.0	0.5044673403617623	0.49553265963823767	0.002630626041226793	0.002446589481002166	1.0752216755829598	0.5828111491711514	0.8336412640043052	False	0.037484985182639145	0.5398920744886285
ReplogleWeissman2022_K562_gwps	RUVBL2	NONZERORATE	5	74615	198426.0	0.5318662467332306	0.4681337532667694	7.2855807146794e-05	6.700616456714018e-05	1.0873000658587537	0.5974821715332324	0.8342733603654632	False	0.5580924436998791	0.5150308340597513
ReplogleWeissman2022_K562_gwps	POLR2B	NONZERORATE	166	74615	6264300.5	0.5057528647054882	0.49424713529451186	0.002369878764485499	0.002219815193698934	1.0676018306445187	0.6012090832783858	0.8342733603654632	False	0.023094321794308648	0.5088125126373017
ReplogleWeissman2022_K562_gwps	POLE3	NONZERORATE	129	74615	4875697.0	0.5065482915659559	0.49345170843404407	0.0016963823020761052	0.001725891041421385	0.9829023161734605	0.6015894052813748	0.8342733603654632	False	0.07339789301149209	0.5081801174035507
ReplogleWeissman2022_K562_gwps	ELL	NONZERORATE	121	74615	4575643.0	0.5068046827710069	0.4931953172289932	0.0016058983678324886	0.0016190323271248128	0.9918877720523046	0.6022150965036227	0.8342733603654632	False	0.06291455287903483	0.5071405943287258
ReplogleWeissman2022_K562_gwps	GTF2F1	NONZERORATE	80	74615	3035998.5	0.5086106178382362	0.49138938216176375	0.0010608375926997246	0.0010710221567708682	0.990490799833824	0.6051307938487114	0.8342733603654632	False	0.06822117297266626	0.5023106561369044
ReplogleWeissman2022_K562_gwps	KLF4	NONZERORATE	458	74615	17212924.0	0.5036896534671284	0.49631034653287165	0.005888061674819107	0.0061007286241391715	0.9651407295058838	0.6074565908280877	0.8342733603654632	False	0.018670014150815154	0.49847456174751037
ReplogleWeissman2022_K562_gwps	EP300	NONZERORATE	95	74615	3602394.0	0.5082079587496517	0.49179204125034826	0.0015673554017596226	0.0012715834560299826	1.2326012848995938	0.6090933825677054	0.8342733603654632	False	-0.03254478145333674	0.49578368547764207
ReplogleWeissman2022_K562_gwps	LIN37	NONZERORATE	210	74615	7932486.5	0.5062486797305533	0.4937513202694467	0.002886996030618772	0.00280654861343134	1.02866418090976	0.622955368096883	0.8403160578968012	False	0.05134686428333642	0.4732804030549001
ReplogleWeissman2022_K562_gwps	TP53BP2	NONZERORATE	235	74615	8871836.0	0.5059638627222579	0.49403613727774204	0.0030230252064430575	0.003139612558450234	0.9628656880947355	0.6242423530584822	0.8403160578968012	False	0.01868103080924605	0.47121659970347984
ReplogleWeissman2022_K562_gwps	FOS	NONZERORATE	400	74615	15061500.0	0.5046404878375662	0.4953595121624338	0.005560798129863044	0.005332266879957342	1.0428581792791907	0.6257595773163489	0.8403160578968012	False	-0.024260190818711835	0.46878904344762845
ReplogleWeissman2022_K562_gwps	PPARD	NONZERORATE	90	74615	3424649.5	0.5099733446506883	0.49002665534931167	0.0011630460768773765	0.0012047386386453383	0.9653928574791601	0.6283779370998204	0.8403160578968012	False	0.12598749496911593	0.4646134828608539
ReplogleWeissman2022_K562_gwps	RUNX2	NONZERORATE	152	74615	5768854.5	0.5086509432631368	0.49134905673686324	0.00207355798711682	0.0020329824655262348	1.019958618570811	0.6445674486335342	0.856895549359875	False	0.06149368493086816	0.4391758094276564
ReplogleWeissman2022_K562_gwps	FOXO4	NONZERORATE	293	74615	11074794.5	0.506572853274797	0.49342714672520305	0.004082408008017031	0.003911464730068885	1.0437031367390435	0.6513563366177797	0.8608569127229135	False	0.029139056892230883	0.4286984184483633
ReplogleWeissman2022_K562_gwps	YBX1	NONZERORATE	154	74615	5857539.5	0.5097630607682206	0.4902369392317794	0.002126343683079001	0.0020596771389212107	1.032367472987882	0.6624886564097578	0.869247771473096	False	0.06947920680065985	0.41175184366871526
ReplogleWeissman2022_K562_gwps	PPARG	NONZERORATE	121	74615	4615517.5	0.5112212387224114	0.48877876127758857	0.0017387510868111028	0.0016190323271248128	1.07394463821417	0.665397630375423	0.869247771473096	False	0.013489627305121238	0.4073704766072533
ReplogleWeissman2022_K562_gwps	MYCN	NONZERORATE	219	74615	8310566.0	0.5085812498068472	0.49141875019315284	0.0029693862457935245	0.002926477269690248	1.014662330217866	0.6697648181241483	0.869782696654093	False	0.06936871696377522	0.4008286459434192
ReplogleWeissman2022_K562_gwps	SP3	NONZERORATE	145	74615	5529034.0	0.5110402595391977	0.4889597404608022	0.002019272792702115	0.0019395398608881755	1.0411091998786903	0.6772697987670883	0.869782696654093	False	-0.015780191094758117	0.3896855643843084
ReplogleWeissman2022_K562_gwps	FOXO3	NONZERORATE	379	74615	14335430.0	0.5069269391141898	0.49307306088581015	0.004933088550081403	0.005053737632343921	0.9761267618068725	0.6793783141374696	0.869782696654093	False	0.015203825921455569	0.38657714290333495
ReplogleWeissman2022_K562_gwps	HDAC7	NONZERORATE	48	74615	1861062.0	0.5196290960262682	0.48037090397373183	0.0006577732829906938	0.0006428887132850274	1.0231526380819618	0.6812014925122764	0.869782696654093	False	-0.005664034882618322	0.383897139191488
ReplogleWeissman2022_K562_gwps	ESR1	NONZERORATE	175	74615	6668414.0	0.5106911861843176	0.4893088138156824	0.0036951429926313545	0.0023398850113651557	1.5791985395365657	0.6877053906391348	0.8731540353058678	False	-0.01687920502395726	0.37439474403775236
ReplogleWeissman2022_K562_gwps	MOV10	NONZERORATE	142	74615	5429408.5	0.5124341101221009	0.487565889877899	0.0017449099037967575	0.0018994876733951335	0.9186213357615085	0.6959494747279308	0.8786848116676668	False	0.0698112563779311	0.36247821506448213
ReplogleWeissman2022_K562_gwps	TCF4	NONZERORATE	159	74615	6080612.0	0.5125355862399732	0.48746441376002686	0.0020405075512434775	0.002126407574825474	0.9596032178407534	0.7078032122791201	0.8886862554171174	False	0.06619839354525102	0.3455891726816375
ReplogleWeissman2022_K562_gwps	IRF1	NONZERORATE	273	74615	10388740.0	0.5100045925617192	0.48999540743828085	0.003686023977283498	0.003645443862835167	1.0111317348381195	0.7161964879258786	0.8938785228837568	False	0.026840196772263573	0.33380072519151677
ReplogleWeissman2022_K562_gwps	HDAC1	NONZERORATE	161	74615	6165851.0	0.5132642388276382	0.48673576117236184	0.0021451436092972676	0.0021530972504546914	0.9963059535951085	0.7198490759506361	0.8938785228837568	False	0.004353081658618103	0.3287137056799222
ReplogleWeissman2022_K562_gwps	CCNT2	NONZERORATE	306	74615	11649575.5	0.5102259354008529	0.4897740645991471	0.003916268173799038	0.004084302131578596	0.9588585877424763	0.7318518988549945	0.9001858410551989	False	0.10701605479723421	0.31217710945966753
ReplogleWeissman2022_K562_gwps	RXRA	NONZERORATE	92	74615	3560790.0	0.5187192807134595	0.4812807192865405	0.0013383284229760086	0.001231477639310908	1.0867663206007465	0.7328946670537904	0.9001858410551989	False	-0.03309430943506111	0.3107532885759327
ReplogleWeissman2022_K562_gwps	SOX2	NONZERORATE	7	74615	297994.0	0.5705363724260729	0.42946362757392714	8.791642338529615e-05	9.380611615877355e-05	0.9372141922653671	0.7410062465633247	0.9028820005921608	False	0.2366249586176588	0.2997462238115618
ReplogleWeissman2022_K562_gwps	FANCD2	NONZERORATE	141	74615	5427488.0	0.5158858499636194	0.4841141500363806	0.0017671536009951118	0.0018861362298678366	0.936917266638231	0.7430798765935482	0.9028820005921608	False	0.09979648936430621	0.29695173453319484
ReplogleWeissman2022_K562_gwps	NANOG	NONZERORATE	254	74615	9734581.5	0.5136383303055422	0.4863616696944578	0.003304456189761942	0.0033925923947161042	0.9740209861074285	0.7738781519540963	0.9352751996878383	False	-0.008208507723293847	0.2563408442011451
ReplogleWeissman2022_K562_gwps	NFKB2	NONZERORATE	253	74615	9723250.0	0.5150682594896225	0.4849317405103776	0.0031477000706404746	0.003379280867660416	0.9314703908644705	0.796421330995359	0.9574001106646337	False	0.09376723714135676	0.22762692287735897
ReplogleWeissman2022_K562_gwps	TP63	NONZERORATE	149	74615	5790436.0	0.5208334326500196	0.4791665673499805	0.0018407361546762427	0.0019929377775399926	0.9236295158940577	0.8105850315517336	0.9692709901094804	False	0.14213687739683034	0.20999903084575144
ReplogleWeissman2022_K562_gwps	AGO2	NONZERORATE	42	74615	1693011.0	0.5402370262586037	0.4597629737413963	0.0005346752999544909	0.0005625728330899983	0.9504108063976768	0.8167540232912234	0.9715074171779815	False	0.34507564370337573	0.2024173025366917
ReplogleWeissman2022_K562_gwps	FOXA2	NONZERORATE	85	74615	3356415.0	0.5292130978237305	0.4707869021762695	0.0010640789458550735	0.0011378848728246318	0.9351376147691058	0.8244499255365312	0.9749563930009988	False	0.13792013399434566	0.1930388719541266
ReplogleWeissman2022_K562_gwps	FOXA1	NONZERORATE	238	74615	9198789.0	0.5179973725065983	0.4820026274934017	0.0032917470966754275	0.003179565281284651	1.0352821236447303	0.8315409345537467	0.9749563930009988	False	-0.02144911599913083	0.18447475179091005
ReplogleWeissman2022_K562_gwps	CCNK	NONZERORATE	726	74615	27659997.5	0.5106100664771539	0.48938993352284604	0.00913219436728867	0.009636187467647097	0.9476978730384238	0.8378316179399091	0.9749563930009988	False	0.052661803040701435	0.1769381319357751
ReplogleWeissman2022_K562_gwps	TGS1	NONZERORATE	370	74615	14216492.5	0.5149494431776814	0.4850505568223185	0.004714406398551509	0.004934320197372808	0.9554317940415807	0.8398070471538923	0.9749563930009988	False	0.06873545624708804	0.17458311930036458
ReplogleWeissman2022_K562_gwps	LMO2	NONZERORATE	271	74615	10468433.0	0.5177096302223493	0.4822903697776508	0.00729097657215568	0.003618833960953983	2.014730891448156	0.8432998122451534	0.9749563930009988	False	0.1300603352831116	0.17043273504457154
ReplogleWeissman2022_K562_gwps	GLI2	NONZERORATE	226	74615	8760946.5	0.5195369563760638	0.48046304362393616	0.0029180021724441287	0.0030197351718977564	0.9663106220703144	0.8455374027796273	0.9749563930009988	False	0.05302537503122106	0.16778287415343754
ReplogleWeissman2022_K562_gwps	ATF3	NONZERORATE	306	74615	11825941.0	0.5179503586821939	0.4820496413178062	0.0038768068650589737	0.004084302131578596	0.9491968860689	0.8614853949858421	0.9785376571264156	False	0.08502042734093702	0.14909717616326332
ReplogleWeissman2022_K562_gwps	EZH2	NONZERORATE	196	74615	7643431.0	0.5226441994072976	0.4773558005927024	0.002476501827468663	0.002619935570972183	0.9452529500752967	0.8636224899076541	0.9785376571264156	False	0.09257667002504387	0.14661953863836105
ReplogleWeissman2022_K562_gwps	MCM5	NONZERORATE	168	74615	6571727.0	0.5242568199296069	0.47574318007039307	0.0020765732051892063	0.002246499872965781	0.924359369069431	0.8641410770269453	0.9785376571264156	False	0.15240861023975738	0.14601923991139532
ReplogleWeissman2022_K562_gwps	BRCA1	NONZERORATE	195	74615	7613755.0	0.5232848279286663	0.4767151720713337	0.0024775466113892957	0.002606603395268012	0.9504885230668371	0.8696832113476833	0.9785376571264156	False	0.02534714579571256	0.139626258530792
ReplogleWeissman2022_K562_gwps	SMAD3	NONZERORATE	146	74615	5740701.0	0.5269700444014433	0.4730299555985566	0.0019244423365881865	0.0019528898757373498	0.9854331063402014	0.8702923410726087	0.9785376571264156	False	0.03680827998647044	0.13892609955561316
ReplogleWeissman2022_K562_gwps	ZNF382	NONZERORATE	186	74615	7283413.0	0.5248024446639704	0.4751975553360296	0.0023445999665269533	0.0024865977727570486	0.9428947424525949	0.8790614265248025	0.9835043682901256	False	0.13270460822213623	0.1289005014578365
ReplogleWeissman2022_K562_gwps	PPARA	NONZERORATE	283	74615	11034777.0	0.5225778312179198	0.4774221687820802	0.003603596463390514	0.00377847205532858	0.9537179078269354	0.9054476727708309	0.9999837890165918	False	0.10147132728809849	0.09932579154400958
ReplogleWeissman2022_K562_gwps	GTF2H4	NONZERORATE	146	74615	5795349.0	0.5319864803709269	0.468013519629073	0.001837157829615308	0.0019528898757373498	0.9407380582182878	0.9094879865708243	0.9999837890165918	False	0.30308900471528194	0.09487348993931806
ReplogleWeissman2022_K562_gwps	RAD51D	NONZERORATE	362	74615	14065389.0	0.5207353179100228	0.47926468208997713	0.004588124302098748	0.004828147298504875	0.9502867287250215	0.9136254914569442	0.9999837890165918	False	0.1718760692831994	0.0903345382619622
ReplogleWeissman2022_K562_gwps	JUND	NONZERORATE	135	74615	5398948.0	0.5359808002064921	0.4640191997935079	0.00159090671848679	0.001806020066889632	0.8808909422732412	0.9260352380510495	0.9999837890165918	False	0.16960320440370175	0.07684299100918532
ReplogleWeissman2022_K562_gwps	TP53	NONZERORATE	219	74615	8635902.0	0.5284908190813298	0.4715091809186702	0.002983648100992728	0.002926477269690248	1.0195357168478987	0.9276358185296937	0.9999837890165918	False	0.24266703816574503	0.07511606014866949
ReplogleWeissman2022_K562_gwps	USF1	NONZERORATE	160	74615	6371375.0	0.5336875125644978	0.46631248743550224	0.0018982235246403426	0.002139752591106653	0.8871229003436352	0.9298298155364824	0.9999837890165918	False	0.2624205988636637	0.07275370362708208
ReplogleWeissman2022_K562_gwps	ATM	NONZERORATE	156	74615	6242220.0	0.5362759601853618	0.4637240398146383	0.0020547853090445494	0.002086370384239879	0.9848612329651923	0.9415467684267927	0.9999837890165918	False	0.1208550105186345	0.060231257740761115
ReplogleWeissman2022_K562_gwps	MECP2	NONZERORATE	102	74615	4165591.5	0.547331399221888	0.45266860077811194	0.0012851537472507264	0.0013651511704163711	0.9414003189542405	0.9510158474980246	0.9999837890165918	False	0.2256216567833894	0.05022455253981255
ReplogleWeissman2022_K562_gwps	STAT4	NONZERORATE	112	74615	4557143.0	0.5453163142225328	0.4546836857774672	0.0013521822051408593	0.0014987889250204075	0.9021832111032232	0.9515497290736821	0.9999837890165918	False	0.20128499447391707	0.049663329740194155
ReplogleWeissman2022_K562_gwps	TWIST1	NONZERORATE	191	74615	7620684.0	0.5347298681223299	0.4652701318776701	0.0024691622173826713	0.0025532711279843863	0.9670583708561681	0.9515984072095002	0.9999837890165918	False	0.2004088591431721	0.04961217435727815
ReplogleWeissman2022_K562_gwps	KAT2A	NONZERORATE	104	74615	4258865.0	0.548825638276486	0.451174361723514	0.0012851265926790124	0.001391881582997631	0.9233016719075301	0.9576149613034542	0.9999837890165918	False	0.21755838271611866	0.043309501109948814
ReplogleWeissman2022_K562_gwps	PML	NONZERORATE	161	74615	6479284.0	0.5393553575018428	0.4606446424981572	0.001964804019487135	0.0021530972504546914	0.9125477351625467	0.9580860391315478	0.9999837890165918	False	0.23564009063095231	0.04281769384202789
ReplogleWeissman2022_K562_gwps	SREBF1	NONZERORATE	126	74615	5168739.0	0.5497787052903317	0.4502212947096683	0.0016925805568799197	0.0016858217042854658	1.004009233347318	0.9734418485089118	0.9999837890165918	False	0.4249724053810058	0.026917190408178675
ReplogleWeissman2022_K562_gwps	SIRT1	NONZERORATE	179	74615	7240345.0	0.5421008476660638	0.4578991523339362	0.0022232980809878695	0.0023932400994732196	0.9289908193821604	0.9743451361732677	0.9999837890165918	False	0.2788163567675561	0.025989688852603398
ReplogleWeissman2022_K562_gwps	CCNT1	NONZERORATE	165	74615	6705616.0	0.5446639009541911	0.45533609904580885	0.0019473496700047235	0.002206472318801819	0.882562474684565	0.9764405038097966	0.9999837890165918	False	0.26286545900282293	0.023841458519749434
ReplogleWeissman2022_K562_gwps	HDAC2	NONZERORATE	97	74615	4080309.5	0.5637612596897752	0.4362387403102248	0.00111514576791788	0.0012983188778241783	0.8589151609554706	0.9851454965347793	0.9999837890165918	False	0.3400656287248757	0.014965936500373572
ReplogleWeissman2022_K562_gwps	TNRC6A	NONZERORATE	370	74615	14719233.5	0.5331597153677164	0.46684028463228355	0.007423703296050726	0.004934320197372808	1.5045037612280099	0.9862404437136836	0.9999837890165918	False	0.18395941346919326	0.013855096386174342
ReplogleWeissman2022_K562_gwps	ARNTL	NONZERORATE	265	74615	10723860.5	0.5423493682665355	0.45765063173346443	0.0031925195628556714	0.0035389957264957265	0.902097603270312	0.9914610447269258	0.9999837890165918	False	0.1688360464876265	0.008575621025670813
ReplogleWeissman2022_K562_gwps	ELOA	NONZERORATE	202	74615	8280422.0	0.5493826726370284	0.45061732736297155	0.002348632777899533	0.0026999211409171713	0.8698893987332146	0.9924117280309399	0.9999837890165918	False	0.25389570550343493	0.007617209387747438
ReplogleWeissman2022_K562_gwps	TWIST2	NONZERORATE	230	74615	9393349.5	0.5473517389264894	0.4526482610735107	0.0028299969120666995	0.003073017569643931	0.9209179081897049	0.9935008798133302	0.9999837890165918	False	0.14830408853231009	0.00652033142112543
ReplogleWeissman2022_K562_gwps	CBFB	NONZERORATE	153	74615	6414897.5	0.5619169689810746	0.4380830310189254	0.001769363892202174	0.0020463299807404237	0.864652284262563	0.9959796652246131	0.9999837890165918	False	0.24819671788773187	0.004028438047108676
ReplogleWeissman2022_K562_gwps	EGR1	NONZERORATE	373	74615	15179182.0	0.545397814231015	0.454602185768985	0.004366807281500067	0.004974129194004374	0.8779038724534236	0.9987758696798393	0.9999837890165918	False	0.2409689164925344	0.0012248801796940275
ReplogleWeissman2022_K562_gwps	STAT5A	NONZERORATE	470	74615	19401595.0	0.5532398225785985	0.4467601774214015	0.005803161401823333	0.0062595724845175464	0.9270859018210744	0.9999663660856251	0.9999837890165918	False	0.22673432179559197	3.36344800077231e-05
ReplogleWeissman2022_K562_gwps	DNMT1	NONZERORATE	495	74615	20465352.0	0.5540996509354078	0.4459003490645922	0.006081808746519195	0.006590334176541073	0.9228376867698115	0.9999837890165918	0.9999837890165918	False	0.25068515119705115	1.6211114807616313e-05
ReplogleWeissman2022_K562_gwps	MAX	SPECIFICITY	209	74615	4232708.0	0.2714225207741045	0.7285774792258954	0.009619096136647274	0.0027932214262803377	3.4437284656865823	1.4624253040698656e-30	3.3050811871978964e-28	True	-2.3162200046852632	68.69745656514209
ReplogleWeissman2022_K562_gwps	TRRAP	SPECIFICITY	308	74615	8280415.0	0.3603091105771532	0.6396908894228468	0.007228239520089694	0.004110887177502236	1.7583161998820784	1.176011905658907e-17	1.328893453394565e-15	True	-1.1302542069583725	38.98181760761397
ReplogleWeissman2022_K562_gwps	SREBF2	SPECIFICITY	188	74615	4546159.0	0.3240862669504877	0.6759137330495123	0.004918410791627889	0.0025132681844311057	1.9569780981177711	3.564440545395415e-17	2.6852118775312126e-15	True	-0.9116257169588036	37.872939469110136
ReplogleWeissman2022_K562_gwps	ESRRA	SPECIFICITY	204	74615	5720655.5	0.3758283042493953	0.6241716957506047	0.004272881398541019	0.0027265801467541667	1.567121143909022	4.251207771892565e-10	2.4019323911192992e-08	True	-0.5522271278471342	21.5786478057543
ReplogleWeissman2022_K562_gwps	ATR	SPECIFICITY	74	74615	1759797.5	0.31871670974063254	0.6812832902593674	0.0026118878367281254	0.0009907750806678359	2.6362066302349594	3.3316125850431835e-08	1.505888888439519e-06	True	-1.0913050439181342	17.21722429740321
ReplogleWeissman2022_K562_gwps	RUVBL1	SPECIFICITY	63	74615	1506930.0	0.3205725900894433	0.6794274099105567	0.0045847811794471355	0.0008436219502396958	5.434639506646876	4.0837743567432173e-07	1.5382216743732787e-05	True	-3.9141204364585755	14.71107400273486
ReplogleWeissman2022_K562_gwps	STAT5B	SPECIFICITY	126	74615	3682014.0	0.3916415376711564	0.6083584623288436	0.003253276284276454	0.0016858217042854658	1.929786688596083	1.277558470358364e-05	0.00041246887757284326	True	-0.6271503167237424	11.267974653561136
ReplogleWeissman2022_K562_gwps	TFDP1	SPECIFICITY	315	74615	10482383.0	0.4459881571963593	0.5540118428036407	0.004508063266368246	0.004203923662084612	1.0723466049173735	0.00046030289557554455	0.013003556800009133	True	-0.3413738234075822	7.683625816534002
ReplogleWeissman2022_K562_gwps	E2F3	SPECIFICITY	385	74615	13054699.5	0.45444361575568437	0.5455563842443156	0.00604735091113569	0.0051333333333333335	1.1780553722991605	0.001005800041838026	0.022568732613071477	True	-0.35198912054471254	6.901971992629646
ReplogleWeissman2022_K562_gwps	RAD51	SPECIFICITY	239	74615	7894176.0	0.4426727213643706	0.5573272786356295	0.0037099772667873536	0.003192882143906805	1.161952461623852	0.0010752262136902234	0.022568732613071477	True	-0.29961738190266485	6.835224208200337
ReplogleWeissman2022_K562_gwps	POLR2I	SPECIFICITY	105	74615	3240935.5	0.4136708755739782	0.5863291244260218	0.0021660099483238175	0.0014052462526766595	1.5413739365595776	0.0010984781360344523	0.022568732613071477	True	-0.5188499435790143	6.813829569811102
ReplogleWeissman2022_K562_gwps	HIF1A	SPECIFICITY	162	74615	5210855.0	0.4310898827975376	0.5689101172024623	0.009001645927070928	0.002166441552883908	4.155037515361622	0.0012027254830675334	0.02265132993110521	True	-0.4312655533623976	6.723165061656045
ReplogleWeissman2022_K562_gwps	CARM1	SPECIFICITY	155	74615	4974535.5	0.43012500729551484	0.5698749927044852	0.002857463157637173	0.002073023940082921	1.3784033567518157	0.0013045112534340046	0.022678426405852697	True	-0.32186749980789403	6.641926826798403
ReplogleWeissman2022_K562_gwps	MYC	SPECIFICITY	98	74615	3033005.0	0.4147829606948321	0.5852170393051679	0.0017006562069475442	0.0013116860519588292	1.296542114180325	0.0017479310205323858	0.0282166007600228	True	-0.5375841953311966	6.3493224644654305
ReplogleWeissman2022_K562_gwps	ARNT	SPECIFICITY	93	74615	2867679.0	0.4132581661129281	0.5867418338870719	0.0017127473002366252	0.0012448466027734648	1.3758701645814815	0.0018902283076877647	0.028479439835828985	True	-0.5351169950054817	6.271057659487649
ReplogleWeissman2022_K562_gwps	SPI1	SPECIFICITY	82	74615	2517859.5	0.4115205207871954	0.5884794792128046	0.0015313008727894113	0.0010977683173353683	1.3949217231067153	0.002769027750719439	0.039112516978912076	True	-0.3591377293556761	5.88925901291524
ReplogleWeissman2022_K562_gwps	ATF4	SPECIFICITY	103	74615	3261609.0	0.42439330960418825	0.5756066903958117	0.0015844092123402467	0.001378516555582323	1.1493581313362966	0.003950916315054398	0.05252394630601729	True	-0.3622431860756663	5.533807748477173
ReplogleWeissman2022_K562_gwps	NELFE	SPECIFICITY	139	74615	4524342.5	0.43622899710118657	0.5637710028988135	0.0027970655692253696	0.001859432271182813	1.504257838574628	0.004631734285376805	0.05719064585799672	True	-0.3328403995761392	5.374823905344614
ReplogleWeissman2022_K562_gwps	CTDP1	SPECIFICITY	113	74615	3622450.0	0.42963317893208736	0.5703668210679126	0.0022488201352419534	0.0015121507333261963	1.487166646604962	0.004808063147353707	0.05719064585799672	True	-0.44036385360692293	5.337460948026471
ReplogleWeissman2022_K562_gwps	YY1	SPECIFICITY	176	74615	5849902.0	0.4454610942230724	0.5545389057769277	0.0026407815546761327	0.002353224318434036	1.1221971207714923	0.006149487859630093	0.06948921281382005	True	-0.1742058704031165	5.091386475488149
ReplogleWeissman2022_K562_gwps	SUPT5H	SPECIFICITY	129	74615	4218651.0	0.4382861479626423	0.5617138520373577	0.0028204323980173035	0.001725891041421385	1.6341891407550801	0.0076306007087540975	0.08211979810373457	True	-0.3333115538913772	4.8755887069349875
ReplogleWeissman2022_K562_gwps	NCOA6	SPECIFICITY	263	74615	8977261.5	0.45746933115977606	0.5425306688402239	0.004281950928578507	0.003512380138358396	1.219102363612553	0.00853762950404893	0.08770473945068447	True	-0.2257442167929648	4.763271885351205
ReplogleWeissman2022_K562_gwps	FOXM1	SPECIFICITY	220	74615	7457942.0	0.45432870553690763	0.5456712944630924	0.003282032176351707	0.002939800895303	1.1164130814421818	0.009560473251972828	0.09366308164902787	True	-0.40576339929110306	4.650118049799639
ReplogleWeissman2022_K562_gwps	CEBPA	SPECIFICITY	88	74615	2812315.0	0.42830697580915367	0.5716930241908463	0.0017023382590782808	0.0011779982062300042	1.4451110791809638	0.009946521945029508	0.09366308164902787	True	-0.3931106427460605	4.610532342182984
ReplogleWeissman2022_K562_gwps	SP1	SPECIFICITY	197	74615	6671774.0	0.4538882677269544	0.5461117322730457	0.0033701349370846194	0.0026332673902582475	1.279830126462815	0.01257706978933122	0.11369671089555422	False	-0.4094282836238014	4.37587998096764
ReplogleWeissman2022_K562_gwps	AGO3	SPECIFICITY	186	74615	6294793.0	0.45356795709012354	0.5464320429098765	0.00280953817678338	0.0024865977727570486	1.1298723933417936	0.014229660503565812	0.12368858745407206	False	-0.18534290469154538	4.252426724960775
ReplogleWeissman2022_K562_gwps	E2F6	SPECIFICITY	304	74615	10535341.0	0.46446059068128676	0.5355394093187132	0.004812519183926397	0.004057715666252886	1.1860168576992822	0.016090353018934314	0.12748705942975888	False	-0.20974419768897534	4.12953537794915
ReplogleWeissman2022_K562_gwps	NRF1	SPECIFICITY	109	74615	3585438.0	0.44084871145888344	0.5591512885411166	0.0016997162719022214	0.0014587013543172207	1.165225676161666	0.01627035330363169	0.12748705942975888	False	-0.25121753873722924	4.118410642951206
ReplogleWeissman2022_K562_gwps	LIN9	SPECIFICITY	56	74615	1744882.0	0.4175917327998009	0.5824082672001991	0.0009126361977816536	0.0007499564757402472	1.216918884367033	0.016358958953376142	0.12748705942975888	False	-0.3617289570469435	4.112979583488958
ReplogleWeissman2022_K562_gwps	USF2	SPECIFICITY	405	74615	14206705.5	0.4701237711610961	0.529876228838904	0.005869997922076714	0.005398560383897627	1.0873265286770248	0.018894419195901367	0.1414227376834613	False	-0.14579714591871126	3.9688886811605917
ReplogleWeissman2022_K562_gwps	CREBBP	SPECIFICITY	147	74615	4944040.0	0.45075286698476213	0.549247133015238	0.0023455121640115575	0.0019662395334528234	1.1928923837131433	0.019398694107023454	0.1414227376834613	False	-0.2330161307513538	3.9425495292495043
ReplogleWeissman2022_K562_gwps	SSRP1	SPECIFICITY	314	74615	10941407.5	0.4670005604139466	0.5329994395860534	0.005477066597524162	0.0041906337999973306	1.3069780989996431	0.021617694562193316	0.15267496784549028	False	-0.0260214710446083	3.834243106953083
ReplogleWeissman2022_K562_gwps	RBL2	SPECIFICITY	558	74615	19793064.5	0.4753929070062642	0.5246070929937359	0.007782028164794171	0.0074228778949888925	1.0483842351829251	0.02242333302751808	0.15356585649148746	False	-0.0646937144373054	3.7976532092509925
ReplogleWeissman2022_K562_gwps	LIN52	SPECIFICITY	15	74615	398403.0	0.35596327816122764	0.6440367218387724	0.00032859500060126865	0.00020099155835454912	1.6348696596581784	0.026660341792776467	0.17721286015198473	False	-0.6846619171687447	3.6245781438795293
ReplogleWeissman2022_K562_gwps	RBL1	SPECIFICITY	253	74615	8803064.0	0.4663233849438978	0.5336766150561023	0.0037320615200034097	0.003379280867660416	1.104395185294922	0.03198219146775372	0.20128256172787926	False	-0.18841081844730265	3.442576047727965
ReplogleWeissman2022_K562_gwps	GTF2F2	SPECIFICITY	61	74615	1964187.0	0.43154576003814116	0.5684542399618587	0.0014977667064952497	0.000816862177942043	1.8335610913809715	0.032062708947803775	0.20128256172787926	False	-0.561010073300514	3.4400616391818173
ReplogleWeissman2022_K562_gwps	CEBPB	SPECIFICITY	167	74615	5719710.0	0.4590197745633172	0.5409802254366828	0.002529001183841071	0.0022331577117488165	1.1324776438922335	0.03344148693111996	0.20426421747116513	False	-0.13335044119388934	3.3979580261106643
ReplogleWeissman2022_K562_gwps	ATF2	SPECIFICITY	187	74615	6443509.0	0.46180080921636596	0.5381991907836341	0.002726010759988232	0.0024999331568674637	1.0904334591905867	0.0353614864739729	0.21030778797678618	False	-0.11749766207568585	3.34213200380519
ReplogleWeissman2022_K562_gwps	CTNNB1	SPECIFICITY	39	74615	1214962.0	0.4175148669151216	0.5824851330848785	0.0007176369412497693	0.0005224100517052	1.3737043131297508	0.03721634729788269	0.21566396126465354	False	-0.38311279846729496	3.2910071707385793
ReplogleWeissman2022_K562_gwps	ESR1	SPECIFICITY	175	74615	6027516.0	0.4616089066733039	0.5383910933266961	0.00285125010124668	0.0023398850113651557	1.218542828984224	0.03943948362714455	0.2194860816065015	False	-0.19157055803988748	3.2329878419514504
ReplogleWeissman2022_K562_gwps	EPAS1	SPECIFICITY	228	74615	7935156.5	0.4664386247062406	0.5335613752937595	0.0035209805691743777	0.0030463770826931044	1.155792757625956	0.03981827144188744	0.2194860816065015	False	-0.08130669038228523	3.2234293905829374
ReplogleWeissman2022_K562_gwps	TFDP2	SPECIFICITY	192	74615	6657661.0	0.4647231482722419	0.5352768517277581	0.0031593226347439657	0.0025666047295039235	1.2309346267567283	0.04540870852998172	0.24434209828037778	False	-0.23187330243105944	3.0920513744885176
ReplogleWeissman2022_K562_gwps	LIN54	SPECIFICITY	673	74615	24168131.5	0.48128449169331744	0.5187155083066826	0.009497182045556532	0.008939007544362979	1.0624425584633883	0.04702450127492483	0.24635837266181143	False	-0.13914843928848905	3.0570865093818544
ReplogleWeissman2022_K562_gwps	ERCC3	SPECIFICITY	267	74615	9375586.0	0.4706098546822503	0.5293901453177497	0.003925977483047649	0.00356560989289816	1.1010675875864198	0.04838676081694661	0.24635837266181143	False	-0.1848042015451828	3.028529039517522
ReplogleWeissman2022_K562_gwps	POLR2F	SPECIFICITY	176	74615	6092894.5	0.46396460162165787	0.5360353983783421	0.0032605824350092827	0.002353224318434036	1.3855808005498822	0.049053658273369535	0.24635837266181143	False	-0.2712280272924839	3.0148405132163374
ReplogleWeissman2022_K562_gwps	CHEK1	SPECIFICITY	196	74615	6837306.0	0.46752280755497266	0.5324771924450273	0.0029301363383853205	0.002619935570972183	1.118400151076246	0.05783829457812875	0.28416205597080646	False	-0.15336307866757745	2.8501041867300727
ReplogleWeissman2022_K562_gwps	RUNX1	SPECIFICITY	179	74615	6232929.0	0.46667335525342946	0.5333266447465705	0.003923173482705646	0.0023932400994732196	1.6392728350027155	0.06145023636087087	0.29548411526716634	False	-0.30009787806647364	2.7895275965841484
ReplogleWeissman2022_K562_gwps	POLR2G	SPECIFICITY	39	74615	1253568.0	0.4307816019670204	0.5692183980329796	0.0013534103964311706	0.0005224100517052	2.5907051214146826	0.0671926830036862	0.3163655491423558	False	-0.6878065890945919	2.7001909212550297
ReplogleWeissman2022_K562_gwps	AR	SPECIFICITY	265	74615	9371686.5	0.4739644135493015	0.5260355864506985	0.0035591450038107075	0.0035389957264957265	1.005693501454135	0.07138218715007681	0.32678549770781834	False	-0.06391764871769025	2.639706920452634
ReplogleWeissman2022_K562_gwps	ELK1	SPECIFICITY	143	74615	4961503.5	0.4649980388839868	0.5350019611160133	0.0021607690774651167	0.0019128387597314	1.1296138090429173	0.07372866903941035	0.32678549770781834	False	-0.14724332907817594	2.607363558962172
ReplogleWeissman2022_K562_gwps	SMARCD3	SPECIFICITY	561	74615	20195519.0	0.48246522284387244	0.5175347771561276	0.008002840263587076	0.007462488028094073	1.0724091259454938	0.07588344742028894	0.32678549770781834	False	-0.07278567080069462	2.5785567024185023
ReplogleWeissman2022_K562_gwps	IRF1	SPECIFICITY	273	74615	9675999.0	0.4750146723878547	0.5249853276121452	0.0037500928428693407	0.003645443862835167	1.0287067868747224	0.0767252392208645	0.32678549770781834	False	-0.12684796313167906	2.5675245605813672
ReplogleWeissman2022_K562_gwps	HIC1	SPECIFICITY	221	74615	7787783.5	0.47227553932206445	0.5277244606779357	0.0030968380540334784	0.0029531241648404513	1.0486650344418524	0.07697223489632218	0.32678549770781834	False	0.04835714196201679	2.564310507917181
ReplogleWeissman2022_K562_gwps	TFAP2A	SPECIFICITY	282	74615	10006804.0	0.47557623222376044	0.5244237677762396	0.004192988155375261	0.0037651708346128684	1.1136249428125564	0.07808149060275306	0.32678549770781834	False	-0.18194570702586274	2.5500022463480363
ReplogleWeissman2022_K562_gwps	POLR2H	SPECIFICITY	43	74615	1407502.0	0.43868665350348846	0.5613133464965114	0.0008537388721158935	0.0005759597096091511	1.4822892259169391	0.0819053543452114	0.33655654694577775	False	-0.34054657400776467	2.5021909136396636
ReplogleWeissman2022_K562_gwps	POLR2C	SPECIFICITY	77	74615	2623736.0	0.456670823647973	0.5433291763520269	0.001470708182474813	0.0010309002302790124	1.4266251372131007	0.09401768770718644	0.3794285253897167	False	-0.3327845470477173	2.364272347315613
ReplogleWeissman2022_K562_gwps	GTF2H3	SPECIFICITY	120	74615	4171783.5	0.4659232392950479	0.5340767607049521	0.0017684288841599983	0.0016056733792734327	1.101362772147479	0.0981544671925067	0.3891738523773073	False	-0.0376881390251739	2.32121284536257
ReplogleWeissman2022_K562_gwps	ERG	SPECIFICITY	440	74615	15835438.0	0.48233775806716905	0.517662241932831	0.007144266344173926	0.005862367597095464	1.2186657055953956	0.1003383242164646	0.39097347022277584	False	-0.10790576537781976	2.299207561117272
ReplogleWeissman2022_K562_gwps	NFE2L2	SPECIFICITY	139	74615	4882366.0	0.4707489814621532	0.5292510185378468	0.0020411702926495597	0.001859432271182813	1.0977384464512603	0.11633205940146513	0.4288693062699397	False	-0.1360713431743623	2.151306596211517
ReplogleWeissman2022_K562_gwps	GTF2H2	SPECIFICITY	370	74615	13308513.5	0.48206065007579446	0.5179393499242055	0.005628101923969656	0.004934320197372808	1.1406033047807151	0.11655231246156827	0.4288693062699397	False	-0.060937329684772695	2.149415072757103
ReplogleWeissman2022_K562_gwps	MYB	SPECIFICITY	181	74615	6406886.0	0.4743973761441329	0.5256026238558671	0.0030559033100651294	0.0024199155035028613	1.2628140551360851	0.11667986939181907	0.4288693062699397	False	-0.2638756652486028	2.1483212533540086
ReplogleWeissman2022_K562_gwps	FOSL1	SPECIFICITY	189	74615	6700202.0	0.47511632021449085	0.5248836797855092	0.0027519541810041353	0.0025266028554622746	1.0891914315123459	0.11810085086042926	0.4288693062699397	False	-0.05150535989503508	2.136216351228742
ReplogleWeissman2022_K562_gwps	POLR2L	SPECIFICITY	77	74615	2650056.5	0.4612520027047937	0.5387479972952063	0.0012299258784112027	0.0010309002302790124	1.1930600481855786	0.11955206325223983	0.4288693062699397	False	-0.21920551821963327	2.124003326738734
ReplogleWeissman2022_K562_gwps	GATA1	SPECIFICITY	46	74615	1547084.0	0.45074396394244076	0.5492560360575592	0.00372847716611025	0.0006161181875410188	6.0515616021512475	0.12365924680422302	0.43667171527741255	False	-0.6293573279002967	2.0902255057305013
ReplogleWeissman2022_K562_gwps	TBL1XR1	SPECIFICITY	73	74615	2514231.0	0.46158976811559616	0.5384102318844038	0.0011500719976063178	0.0009773993144815767	1.176665443249598	0.12792112670372413	0.44477191746217926	False	-0.20383890166394442	2.056341402617459
ReplogleWeissman2022_K562_gwps	ACTL6A	SPECIFICITY	59	74615	2038414.0	0.46303544636478555	0.5369645536352144	0.0008724900148956195	0.0007901009722259421	1.104276599530771	0.16276322621431638	0.5573407443096288	False	-0.04081048403142368	1.8154587341335955
ReplogleWeissman2022_K562_gwps	ERCC2	SPECIFICITY	124	74615	4396177.5	0.47514634262331584	0.5248536573766842	0.003383806760210172	0.0016591070257830584	2.0395349471882906	0.1690524991146543	0.5702367880583862	False	-0.031347422201115305	1.7775459666505908
ReplogleWeissman2022_K562_gwps	GABPA	SPECIFICITY	193	74615	6927252.0	0.4810359500010243	0.5189640499989757	0.002738988775460285	0.0025799379745481766	1.06164907935043	0.1810274261528762	0.581868858733476	False	-0.13144532808468684	1.7091067334886734
ReplogleWeissman2022_K562_gwps	ZBTB17	SPECIFICITY	315	74615	11404777.5	0.4852327662955553	0.5147672337044447	0.007809640677354554	0.004203923662084612	1.8577027808069104	0.18240691934295866	0.581868858733476	False	0.011242486169288378	1.7015152670671287
ReplogleWeissman2022_K562_gwps	JUN	SPECIFICITY	212	74615	7624633.0	0.48201098974736983	0.5179890102526301	0.003415817716627972	0.0028332019190933752	1.2056386428401946	0.18245806311426732	0.581868858733476	False	-0.2225212363379101	1.7012349235203232
ReplogleWeissman2022_K562_gwps	BCL6	SPECIFICITY	151	74615	5396024.5	0.47892865495415093	0.5210713450458491	0.0023849115662696366	0.002019634593264318	1.1808629017464611	0.18511506998111749	0.581868858733476	False	-0.17960362729741425	1.68677764736764
ReplogleWeissman2022_K562_gwps	PITX1	SPECIFICITY	212	74615	7631115.0	0.4824207662225841	0.5175792337774159	0.0029939951325236597	0.0028332019190933752	1.0567531782139052	0.187289038340258	0.581868858733476	False	-0.05132802363059691	1.675102195856269
ReplogleWeissman2022_K562_gwps	HDAC5	SPECIFICITY	125	74615	4450227.0	0.477140199691751	0.5228598003082491	0.0018153894526295078	0.0016724645437516724	1.0854576615162355	0.18794879065284847	0.581868858733476	False	-0.07037355221782375	1.6715857434015444
ReplogleWeissman2022_K562_gwps	POLR2K	SPECIFICITY	18	74615	592650.0	0.44126516116062453	0.5587348388393755	0.00037314247549296865	0.00024118017498961586	1.5471523540814849	0.1940373868739843	0.5833170984642547	False	-0.557092374054644	1.6397044226408422
ReplogleWeissman2022_K562_gwps	ETS1	SPECIFICITY	350	74615	12712145.0	0.4867709480093049	0.5132290519906951	0.005585057477095203	0.004668845461215234	1.1962395250584053	0.19618426773269082	0.5833170984642547	False	-0.06914199331099045	1.628700919914522
ReplogleWeissman2022_K562_gwps	NELFA	SPECIFICITY	154	74615	5518468.5	0.48025478843343883	0.5197452115665613	0.0026538983074739335	0.0020596771389212107	1.28850209449038	0.19822561139626044	0.5833170984642547	False	-0.09806345667223454	1.6183494454734786
ReplogleWeissman2022_K562_gwps	RBMX	SPECIFICITY	88	74615	3111999.0	0.4739479327213027	0.5260520672786972	0.0013614787316198445	0.0011779982062300042	1.1557562010022413	0.19874078133516643	0.5833170984642547	False	-0.10117024455234563	1.615753909742719
ReplogleWeissman2022_K562_gwps	TCEA1	SPECIFICITY	115	74615	4097187.5	0.47748733352950945	0.5225126664704907	0.0017036552131381353	0.001538873277131005	1.1070796006766335	0.20166183932297704	0.5843022523973438	False	-0.07728477063036968	1.6011630471473417
ReplogleWeissman2022_K562_gwps	POLR2E	SPECIFICITY	437	74615	15939511.0	0.4888407632099545	0.5111592367900454	0.005954782623313774	0.00582262964344721	1.022696442665779	0.21019483440351505	0.5964907882320671	False	-0.0036404384300328663	1.5597203955152967
ReplogleWeissman2022_K562_gwps	E2F5	SPECIFICITY	52	74615	1815592.0	0.4679384945283223	0.5320615054716776	0.0008645985701560208	0.0006964254623863286	1.2414804122661462	0.21167858889614038	0.5964907882320671	False	-0.012671812682604245	1.5526862448501995
ReplogleWeissman2022_K562_gwps	ATF6	SPECIFICITY	127	74615	4545310.5	0.4796602084928354	0.5203397915071646	0.0020353090476460927	0.001699178507398785	1.1978194396784587	0.21378652144600635	0.5964907882320671	False	-0.1996589297421453	1.5427773251941599
ReplogleWeissman2022_K562_gwps	TRIM28	SPECIFICITY	57	74615	2001839.5	0.4706827210087807	0.5293172789912193	0.001128090399860198	0.000763338332976216	1.4778380059361527	0.22170122617193566	0.6110302087177739	False	-0.29147469036229834	1.5064246316041436
ReplogleWeissman2022_K562_gwps	VHL	SPECIFICITY	373	74615	13612201.0	0.48909517471186764	0.5109048252881324	0.005316400563108968	0.004974129194004374	1.0688103094541965	0.23337941624640623	0.6320373022656001	False	0.022205893508539964	1.45508975390816
ReplogleWeissman2022_K562_gwps	SUPT4H1	SPECIFICITY	142	74615	5111986.0	0.4824753924606407	0.5175246075393594	0.0021501776158580795	0.0018994876733951335	1.131977662173961	0.23491651942615227	0.6320373022656001	False	-0.10588462071508054	1.4485250644338632
ReplogleWeissman2022_K562_gwps	NFKBIA	SPECIFICITY	253	74615	9200050.5	0.48735289108596724	0.5126471089140328	0.0035057681591441486	0.003379280867660416	1.0374302392838106	0.24197678008391704	0.6433735564584148	False	-0.0002867669629492975	1.4189135074954113
ReplogleWeissman2022_K562_gwps	YBX1	SPECIFICITY	154	74615	5562981.5	0.48412861346252756	0.5158713865374724	0.0023997162713879534	0.0020596771389212107	1.165093414905233	0.24775366379136904	0.6476619022248505	False	-0.08623917733005003	1.3953203176215705
ReplogleWeissman2022_K562_gwps	RUNX2	SPECIFICITY	152	74615	5491650.5	0.48420933599494953	0.5157906640050506	0.0021572367540622535	0.0020329824655262348	1.0611192130985034	0.24932117475027432	0.6476619022248505	False	0.04943491786031032	1.3890133552353476
ReplogleWeissman2022_K562_gwps	GTF2H1	SPECIFICITY	201	74615	7297104.0	0.48655096160289485	0.5134490383971052	0.0035106760111027393	0.0026865911035072712	1.306739982321704	0.2547388379656626	0.6523876666624686	False	-0.03306130804538092	1.3675164234794221
ReplogleWeissman2022_K562_gwps	SUPT16H	SPECIFICITY	100	74615	3590032.5	0.481140856396167	0.5188591436038331	0.001653895815907918	0.0013384193267750785	1.235708258855601	0.25691372713698984	0.6523876666624686	False	-0.1589876119650837	1.3590149425180837
ReplogleWeissman2022_K562_gwps	NFKB1	SPECIFICITY	318	74615	11616255.0	0.4895678318513021	0.5104321681486979	0.004436361514097684	0.00424379112006726	1.0453769727543452	0.26009258322832673	0.6531213756622427	False	-0.09507870357691094	1.3467176220116535
ReplogleWeissman2022_K562_gwps	E2F4	SPECIFICITY	155	74615	5615251.0	0.4855247042344249	0.514475295765575	0.0023088121025972887	0.002073023940082921	1.1137411671690276	0.2664341115540201	0.6616935078154784	False	-0.059307767254223216	1.322628302139191
ReplogleWeissman2022_K562_gwps	SMAD3	SPECIFICITY	146	74615	5287257.0	0.48534596315882716	0.5146540368411728	0.002081077296494878	0.0019528898757373498	1.0656398613921476	0.2700150758470595	0.6632979037112549	False	-0.01837701370595255	1.309277485071969
ReplogleWeissman2022_K562_gwps	GTF2H5	SPECIFICITY	97	74615	3493160.0	0.4826369867035663	0.5173630132964337	0.0013752326699400619	0.0012983188778241783	1.0592410642944525	0.2769182279507094	0.6703449423360266	False	-0.14466036811991476	1.2840330223307712
ReplogleWeissman2022_K562_gwps	NPAS2	SPECIFICITY	183	74615	6656308.0	0.4874792971863947	0.5125207028136053	0.002494217027291909	0.002446589481002166	1.0194669137015313	0.2788160379627721	0.6703449423360266	False	-0.09492322201255579	1.277203076776191
ReplogleWeissman2022_K562_gwps	PARP1	SPECIFICITY	258	74615	9431912.0	0.4899524016566696	0.5100475983433304	0.0036285505134107847	0.00344583494717722	1.0530250488007973	0.28838918937461266	0.6860627031438155	False	-0.008810849075992819	1.243444359105357
ReplogleWeissman2022_K562_gwps	ASF1B	SPECIFICITY	678	74615	24997474.0	0.49412893759252263	0.5058710624074774	0.00902236255087015	0.009004821165314173	1.0019479993254663	0.2973321619609772	0.6999694646164673	False	-0.04735385594504604	1.2129053746711236
ReplogleWeissman2022_K562_gwps	SOX2	SPECIFICITY	7	74615	232806.0	0.4457280707632514	0.5542719292367486	0.00013296875401683545	9.380611615877355e-05	1.4174849088920423	0.3094622953282273	0.7161581479602249	False	-0.2534484646460199	1.1729190187432212
ReplogleWeissman2022_K562_gwps	HEY1	SPECIFICITY	156	74615	5687207.5	0.4885942281489423	0.5114057718510576	0.002250804931909441	0.002086370384239879	1.0788136895115437	0.31054645354027455	0.7161581479602249	False	-0.008062530135170165	1.169421779973527
ReplogleWeissman2022_K562_gwps	TCF4	SPECIFICITY	159	74615	5810664.0	0.4897816337703355	0.5102183662296644	0.002253184088775298	0.002126407574825474	1.059620044365309	0.32784725164621703	0.7459332642074348	False	-0.14753718895070989	1.1152074752687042
ReplogleWeissman2022_K562_gwps	NCOA2	SPECIFICITY	200	74615	7329792.0	0.49117416069154995	0.50882583930845	0.002607149866663819	0.0026732607097507185	0.975269586372268	0.33294583261305083	0.7459332642074348	False	-0.0065873867266640455	1.099775467058724
ReplogleWeissman2022_K562_gwps	NELFCD	SPECIFICITY	421	74615	15519734.0	0.4940558365882313	0.5059441634117687	0.007484460596087949	0.005610640226024841	1.3339762120856422	0.33676413621571183	0.7459332642074348	False	-0.07587522903564864	1.088372486203876
ReplogleWeissman2022_K562_gwps	STAT3	SPECIFICITY	170	74615	6225503.0	0.4907941550941894	0.5092058449058107	0.0023669172466548394	0.0022731831249582137	1.0412347428887185	0.33895489788114613	0.7459332642074348	False	-0.03627236124736705	1.0818882250512933
ReplogleWeissman2022_K562_gwps	KAT5	SPECIFICITY	236	74615	8667835.0	0.49223499841559554	0.5077650015844044	0.003201909681356127	0.003152930488570627	1.0155344981321504	0.3399607354573707	0.7459332642074348	False	0.006399503387212888	1.0789251519896244
ReplogleWeissman2022_K562_gwps	MYBL2	SPECIFICITY	62	74615	2245648.5	0.48542701999295307	0.514572980007047	0.0009054097999223426	0.0008302422432609772	1.0905368972387222	0.34556231975529317	0.7509335025451563	False	-0.08317772730752326	1.0625822764821153
ReplogleWeissman2022_K562_gwps	POLR2A	SPECIFICITY	223	74615	8205414.5	0.49313919074567836	0.5068608092543216	0.003452293514552787	0.002979769635746546	1.1585773185744461	0.3615270695551418	0.7781439782805909	False	-0.059908687965764006	1.0174183589830632
ReplogleWeissman2022_K562_gwps	BRCA1	SPECIFICITY	195	74615	7174085.0	0.4930668027498423	0.5069331972501576	0.002816452102129215	0.002606603395268012	1.0805065731296748	0.368834400561482	0.7802129900556298	False	-0.08313096255743382	0.9974075146392022
ReplogleWeissman2022_K562_gwps	CDK7	SPECIFICITY	29	74615	1045056.5	0.4829649672918684	0.5170350327081317	0.0004514546894772367	0.00038851079792079737	1.1620132359082365	0.3753438943015391	0.7802129900556298	False	-0.14411827050312426	0.979912621775757
ReplogleWeissman2022_K562_gwps	HDAC7	SPECIFICITY	48	74615	1743596.0	0.4868312895083652	0.5131687104916348	0.0007196215162230853	0.0006428887132850274	1.1193562763700877	0.3759942038609144	0.7802129900556298	False	-0.10912858699367585	0.9781815509745844
ReplogleWeissman2022_K562_gwps	NPM1	SPECIFICITY	90	74615	3294536.0	0.49059780949615434	0.5094021905038457	0.0014761478890014182	0.0012047386386453383	1.2252847560872326	0.3787380451812282	0.7802129900556298	False	0.1366339521943672	0.9709104865346532
ReplogleWeissman2022_K562_gwps	NR1H4	SPECIFICITY	161	74615	5923005.0	0.49304899727503876	0.5069510027249612	0.0024008611609521334	0.0021530972504546914	1.1150732557227125	0.37987710942548447	0.7802129900556298	False	-0.11867737008564605	0.9679074748142744
ReplogleWeissman2022_K562_gwps	GATA2	SPECIFICITY	327	74615	12085178.5	0.495312369039766	0.504687630960234	0.004609601207970798	0.004363374342825118	1.0564303783723168	0.38461990750498254	0.7802129900556298	False	-0.05142903010689821	0.9554996855836243
ReplogleWeissman2022_K562_gwps	POLE3	SPECIFICITY	129	74615	4742149.0	0.4926736575921773	0.5073263424078227	0.001733681296864753	0.001725891041421385	1.0045137585492954	0.3866542251603121	0.7802129900556298	False	-0.0442481774547159	0.9502244603770426
ReplogleWeissman2022_K562_gwps	FOS	SPECIFICITY	400	74615	14804847.0	0.4960412450579642	0.5039587549420358	0.0055142972736706465	0.005332266879957342	1.034137524961009	0.39222084681866853	0.7812249406021075	False	-0.04714141488671069	0.9359302130917753
ReplogleWeissman2022_K562_gwps	SMAD4	SPECIFICITY	158	74615	5821750.0	0.4938218721080449	0.506178127891955	0.0021877571729446393	0.002113062201596833	1.0353491588138577	0.3940692178258418	0.7812249406021075	False	-0.030546152979655683	0.9312287053530655
ReplogleWeissman2022_K562_gwps	NCOA3	SPECIFICITY	85	74615	3123458.5	0.4924823505760945	0.5075176494239053	0.0011500897467632155	0.0011378848728246318	1.0107259303907317	0.40518304634767	0.793401670529271	False	0.06373772708828102	0.9034163476910542
ReplogleWeissman2022_K562_gwps	RUNX3	SPECIFICITY	253	74615	9360835.0	0.4958701042161356	0.5041298957838645	0.004108269125035773	0.003379280867660416	1.2157228966528784	0.41014612936967043	0.793401670529271	False	-0.03865776613090402	0.8912417696870865
ReplogleWeissman2022_K562_gwps	NR4A1	SPECIFICITY	151	74615	5573652.0	0.4946941318636551	0.5053058681363449	0.0021246636515112245	0.002019634593264318	1.0520039905224385	0.41074334270763146	0.793401670529271	False	-0.013218522835475213	0.889786729846424
ReplogleWeissman2022_K562_gwps	CCNH	SPECIFICITY	87	74615	3207188.0	0.49405923587827477	0.5059407641217253	0.001348198322509305	0.0011646274530802388	1.1576219665297713	0.42393131445567284	0.8119362463303564	False	-0.0356929129361717	0.8581838310809771
ReplogleWeissman2022_K562_gwps	FOXO1	SPECIFICITY	184	74615	6813805.0	0.49630166739989917	0.5036983326001008	0.002707022358906275	0.002459925934838701	1.1004487251295132	0.4311034523307994	0.8149068618692006	False	-0.06708732036427235	0.8414071890709038
ReplogleWeissman2022_K562_gwps	MED1	SPECIFICITY	179	74615	6632816.5	0.49661382807911153	0.5033861719208884	0.0029299421066907457	0.0023932400994732196	1.224257485630322	0.4377222744280884	0.8149068618692006	False	-0.03705608552299502	0.8261706463655067
ReplogleWeissman2022_K562_gwps	HSF1	SPECIFICITY	234	74615	8679858.5	0.4971307698607839	0.502869230139216	0.0036208687691584827	0.0031262942724685702	1.1581983183877917	0.4396716422167475	0.8149068618692006	False	-0.0716146340433387	0.821727098355386
ReplogleWeissman2022_K562_gwps	HDAC1	SPECIFICITY	161	74615	5969061.0	0.4968828391540342	0.5031171608459658	0.002249602157042601	0.0021530972504546914	1.0448214341305437	0.4455695461118335	0.8149068618692006	False	-0.024134090370954462	0.8084019362597212
ReplogleWeissman2022_K562_gwps	HDAC3	SPECIFICITY	140	74615	5192745.0	0.49709891729927913	0.5029010827007209	0.0018957161768273852	0.0018727844291351748	1.0122447342766514	0.45271154410556547	0.8149068618692006	False	0.028178720396871526	0.792500124300822
ReplogleWeissman2022_K562_gwps	CCND1	SPECIFICITY	310	74615	11520482.5	0.49806133852701934	0.5019386614729806	0.004152804308593274	0.004137470804137471	1.0037060091011323	0.4530313826294263	0.8149068618692006	False	0.006114060628074652	0.7917938785710144
ReplogleWeissman2022_K562_gwps	EP300	SPECIFICITY	95	74615	3521303.0	0.4967680408553381	0.5032319591446619	0.0014111272234666507	0.0012715834560299826	1.1097401564757208	0.4565810242754583	0.8149068618692006	False	-0.09287456921788126	0.7839891044984794
ReplogleWeissman2022_K562_gwps	AGO1	SPECIFICITY	164	74615	6089913.0	0.4976695819025469	0.502330418097453	0.0024204253355825647	0.0021931290870431538	1.1036401595702965	0.45887569359342645	0.8149068618692006	False	-0.05087009263520221	0.7789759256578606
ReplogleWeissman2022_K562_gwps	STAT1	SPECIFICITY	126	74615	4678096.5	0.4975909669637472	0.5024090330362527	0.0019906023149641	0.0016858217042854658	1.1807905366883478	0.46271654231944626	0.8149068618692006	False	-0.08274802535185738	0.7706406319912814
ReplogleWeissman2022_K562_gwps	PPARD	SPECIFICITY	90	74615	3340033.5	0.49737295896714245	0.5026270410328576	0.001231018922117283	0.0012047386386453383	1.0218140952974626	0.46562257918919775	0.8149068618692006	False	-0.032797876188253666	0.7643798889185848
ReplogleWeissman2022_K562_gwps	FOSL2	SPECIFICITY	87	74615	3228794.5	0.49738766279930463	0.5026123372006954	0.0013515435228436928	0.0011646274530802388	1.1604943016490752	0.46638628701970475	0.8149068618692006	False	-0.11894317336485091	0.7627410461368752
ReplogleWeissman2022_K562_gwps	TP53BP2	SPECIFICITY	235	74615	8741367.0	0.49852317071605873	0.5014768292839412	0.003081301595451058	0.003139612558450234	0.9814273379553689	0.4687517347035225	0.8149068618692006	False	0.09659620793474544	0.7576820010035161
ReplogleWeissman2022_K562_gwps	CDK9	SPECIFICITY	299	74615	11135611.5	0.4991335230997381	0.5008664769002619	0.003972739753375752	0.0039912432923085136	0.9953639661685321	0.47934524201120265	0.821232903545996	False	-0.018196747456020543	0.7353341854264022
ReplogleWeissman2022_K562_gwps	FOXO4	SPECIFICITY	293	74615	10914723.5	0.4992510358635078	0.5007489641364922	0.004290868566205142	0.003911464730068885	1.096997892687013	0.4823236362988988	0.821232903545996	False	-0.02062172961754602	0.7291399456460866
ReplogleWeissman2022_K562_gwps	TAF9	SPECIFICITY	152	74615	5661275.0	0.4991654528333163	0.5008345471666837	0.001999446439607033	0.0020329824655262348	0.9835040259874936	0.48579916533469625	0.821232903545996	False	0.07390511110303918	0.7219599805409088
ReplogleWeissman2022_K562_gwps	MTA1	SPECIFICITY	143	74615	5326521.0	0.4992079153172767	0.5007920846827233	0.002049502406608311	0.0019128387597314	1.0714454609316373	0.48692570387240475	0.821232903545996	False	-0.05565446959496001	0.7196437263213853
ReplogleWeissman2022_K562_gwps	CDK12	SPECIFICITY	54	74615	2016472.0	0.5004633662678292	0.49953663373217083	0.000728386271912968	0.000723191685974099	1.007182861804989	0.5047053349903714	0.8449141163542513	False	0.04941347114035115	0.6837805150748454
ReplogleWeissman2022_K562_gwps	GLI2	SPECIFICITY	226	74615	8443646.5	0.5007206017438188	0.4992793982561811	0.0030252501694299936	0.0030197351718977564	1.0018263182757088	0.5149688890686306	0.8557571244816948	False	-0.011108353150014974	0.6636487897186074
ReplogleWeissman2022_K562_gwps	MLXIPL	SPECIFICITY	288	74615	10766888.5	0.5010390606967619	0.4989609393032381	0.003927865165299584	0.003844972831528777	1.0215586266542873	0.524307610117027	0.864916203550716	False	-0.05811832979611383	0.6456767246948997
ReplogleWeissman2022_K562_gwps	MDC1	SPECIFICITY	179	74615	6704130.5	0.5019532669940331	0.49804673300596697	0.002517495027300383	0.0023932400994732196	1.051919123306731	0.5360267419186041	0.8668657586954832	False	0.01217697490603685	0.6235712275166947
ReplogleWeissman2022_K562_gwps	WT1	SPECIFICITY	281	74615	10525386.0	0.5020021400484528	0.4979978599515472	0.0036315159485924555	0.003751869258705405	0.9679217739707493	0.5461913320357219	0.8668657586954832	False	0.051895306536528324	0.6047859396478735
ReplogleWeissman2022_K562_gwps	TGS1	SPECIFICITY	370	74615	13860206.5	0.5020440604110108	0.4979559395889893	0.004758364400071293	0.004934320197372808	0.9643404176739079	0.5540365547259432	0.8668657586954832	False	0.01799030074516357	0.5905246111518276
ReplogleWeissman2022_K562_gwps	CDC6	SPECIFICITY	116	74615	4366065.0	0.5044359898051376	0.49556401019486235	0.001613456865877596	0.001552234012658736	1.0394417676198158	0.5656857021724284	0.8668657586954832	False	0.017391744268378563	0.5697166515283079
ReplogleWeissman2022_K562_gwps	ATM	SPECIFICITY	156	74615	5864962.0	0.5038653120205087	0.49613468797949123	0.0021148011445781215	0.002086370384239879	1.0136268998798124	0.5663406194113799	0.8668657586954832	False	0.040775244813148565	0.56855958070843
ReplogleWeissman2022_K562_gwps	NFYC	SPECIFICITY	27	74615	1026936.0	0.5097455828810115	0.49025441711898854	0.0003813527649088779	0.00036172664183703544	1.054256780678832	0.5696142079641466	0.8668657586954832	False	-0.1221469891654125	0.5627959754381815
ReplogleWeissman2022_K562_gwps	POLR2B	SPECIFICITY	166	74615	6242502.5	0.5039929872946184	0.49600701270538167	0.0023774029408259573	0.002219815193698934	1.0709913814331682	0.5706457675202696	0.8668657586954832	False	-0.025596125188238235	0.5609866339551496
ReplogleWeissman2022_K562_gwps	NFYA	SPECIFICITY	127	74615	4782040.0	0.5046419388556797	0.49535806114432035	0.0016896647309792624	0.001699178507398785	0.9944009552980475	0.5718401077800193	0.8668657586954832	False	0.0504245454549067	0.558895858531763
ReplogleWeissman2022_K562_gwps	FOXA2	SPECIFICITY	85	74615	3207601.0	0.5057492776645605	0.4942507223354396	0.0012627021778999787	0.0011378848728246318	1.1096923845779814	0.5728026808546511	0.8668657586954832	False	0.026069198044998472	0.5572139830836453
ReplogleWeissman2022_K562_gwps	LMO2	SPECIFICITY	271	74615	10176844.0	0.5032892835126836	0.4967107164873163	0.004713671722492161	0.003618833960953983	1.3025388214411364	0.5742645985917101	0.8668657586954832	False	-0.05213529329039612	0.5546650157217663
ReplogleWeissman2022_K562_gwps	ELOB	SPECIFICITY	396	74615	14855234.0	0.5027570484717171	0.49724295152828285	0.005429492171444991	0.005279225713562011	1.0284637304855055	0.5751745149285643	0.8668657586954832	False	0.047562131185759166	0.5530817800092864
ReplogleWeissman2022_K562_gwps	HES1	SPECIFICITY	239	74615	8984031.5	0.5037873076212424	0.49621269237875765	0.003257017585057333	0.003192882143906805	1.0200870054890445	0.5802947917285113	0.8668657586954832	False	0.05408391475156871	0.5442190429619682
ReplogleWeissman2022_K562_gwps	AGO2	SPECIFICITY	42	74615	1596469.0	0.5094306328039492	0.4905693671960508	0.0007465735138937708	0.0005625728330899983	1.3270699720658867	0.5838139088443199	0.8668657586954832	False	0.042058182530571656	0.5381729961725445
ReplogleWeissman2022_K562_gwps	FANCI	SPECIFICITY	20	74615	767278.5	0.5141583461770421	0.48584165382295785	0.0002761085515986726	0.00026797079118376095	1.0303680874283465	0.586806885745254	0.8668657586954832	False	-0.017847323288645064	0.5330594983832929
ReplogleWeissman2022_K562_gwps	XBP1	SPECIFICITY	269	74615	10113359.0	0.5038682585475328	0.4961317414524672	0.0035058987796450364	0.0035922226376796113	0.9759692349997728	0.5868236990741023	0.8668657586954832	False	0.06121276951231548	0.5330308465586611
ReplogleWeissman2022_K562_gwps	MYCN	SPECIFICITY	219	74615	8245124.0	0.5045763993369923	0.49542360066300767	0.0031190478245777553	0.002926477269690248	1.065802853444985	0.592608860652716	0.8668657586954832	False	0.0444760372773696	0.5232206917898985
ReplogleWeissman2022_K562_gwps	TNRC6C	SPECIFICITY	235	74615	8845116.0	0.504440011919342	0.495559988080658	0.0030620395408211985	0.003139612558450234	0.9752921686402838	0.5930550695921443	0.8668657586954832	False	0.050046600325824975	0.5224680182048944
ReplogleWeissman2022_K562_gwps	GTF2F1	SPECIFICITY	80	74615	3032354.5	0.5080001507739731	0.49199984922602696	0.0010659544882516859	0.0010710221567708682	0.9952683812494959	0.5978344489693274	0.8668657586954832	False	0.017057093506400743	0.5144414045475169
ReplogleWeissman2022_K562_gwps	APC	SPECIFICITY	357	74615	13420407.5	0.503815290104516	0.496184709895484	0.004638638257575135	0.004761777730352665	0.9741400208597285	0.5983675148517494	0.8668657586954832	False	0.12462331762456107	0.5135501404736709
ReplogleWeissman2022_K562_gwps	KLF4	SPECIFICITY	458	74615	17217964.0	0.5038371354320446	0.49616286456795533	0.00587911970774002	0.0061007286241391715	0.9636750083387915	0.6116400833147675	0.8804500562365444	False	-0.02272473964738632	0.49161126862682797
ReplogleWeissman2022_K562_gwps	NANOG	SPECIFICITY	254	74615	9580582.5	0.5055126816344901	0.49448731836550985	0.003151125778883569	0.0033925923947161042	0.9288253383434406	0.6193726593372423	0.8859381076595998	False	0.06999434419676659	0.47904815297708625
ReplogleWeissman2022_K562_gwps	FOXO3	SPECIFICITY	379	74615	14287899.0	0.5052461563024405	0.4947538436975595	0.004966140499361992	0.005053737632343921	0.9826668617655757	0.6379177399673595	0.8958248076640594	False	-0.016094124207524943	0.449545938170518
ReplogleWeissman2022_K562_gwps	TCF7L2	SPECIFICITY	184	74615	6970429.5	0.5077098307543942	0.4922901692456058	0.002440519345527254	0.002459925934838701	0.9921109050331144	0.6412618567215002	0.8958248076640594	False	0.10665025424624607	0.4443173926540606
ReplogleWeissman2022_K562_gwps	ZNF382	SPECIFICITY	186	74615	7045807.0	0.5076818708798355	0.4923181291201645	0.002458867694185473	0.0024865977727570486	0.9888481849073526	0.6415001828554486	0.8958248076640594	False	0.05065035594214258	0.44394580988291893
ReplogleWeissman2022_K562_gwps	NELFB	SPECIFICITY	216	74615	8173869.0	0.5071632528460914	0.4928367471539085	0.0032441907689013906	0.0028865042562574335	1.1239168492021294	0.642139906378662	0.8958248076640594	False	0.07960003793105647	0.44294907632568375
ReplogleWeissman2022_K562_gwps	MOV10	SPECIFICITY	142	74615	5397325.5	0.509406077960762	0.4905939220392381	0.0018493816166312912	0.0018994876733951335	0.9736212782711651	0.650958531572536	0.9021323471245722	False	0.041368848481824434	0.4293093383838302
ReplogleWeissman2022_K562_gwps	RARA	SPECIFICITY	208	74615	7890197.5	0.5083916347506946	0.4916083652493054	0.0027454518448772683	0.0027798938828969702	0.9876103047560185	0.6623215723998039	0.9021323471245722	False	0.027687687315297478	0.4120040820757057
ReplogleWeissman2022_K562_gwps	RBBP4	SPECIFICITY	141	74615	5369967.0	0.5104184458945994	0.4895815541054006	0.0018464624856556547	0.0018861362298678366	0.9789655998416604	0.6657299718954299	0.9021323471245722	False	0.09000856871512461	0.4068711382623111
ReplogleWeissman2022_K562_gwps	TP73	SPECIFICITY	194	74615	7373713.0	0.5093993151096592	0.49060068489034087	0.0025300679541112934	0.0025932708631314413	0.9756281112325349	0.6746972158210837	0.9021323471245722	False	0.017861280369472026	0.3934912579007966
ReplogleWeissman2022_K562_gwps	FANCD2	SPECIFICITY	141	74615	5380803.0	0.5114484139148338	0.48855158608516625	0.0017889829538439038	0.0018861362298678366	0.9484908489188288	0.6810019705477354	0.9021323471245722	False	0.08275466661575287	0.3841900792278018
ReplogleWeissman2022_K562_gwps	DDIT3	SPECIFICITY	262	74615	9940678.5	0.5084972323576548	0.4915027676423452	0.0034003949287536367	0.003499071811103543	0.9717991262606338	0.6828278220953061	0.9021323471245722	False	0.05889964110675829	0.38151254182798044
ReplogleWeissman2022_K562_gwps	NCOA1	SPECIFICITY	186	74615	7082034.0	0.5102921880708065	0.48970781192919355	0.002361374104235715	0.0024865977727570486	0.949640561134063	0.6863881295541656	0.9021323471245722	False	0.10025252625458621	0.3763120247309923
ReplogleWeissman2022_K562_gwps	POLR2D	SPECIFICITY	332	74615	12578827.0	0.5077803810564916	0.4922196189435084	0.00434604427737297	0.004429797056586655	0.9810933146273253	0.6879339192472864	0.9021323471245722	False	0.04882080964978978	0.37406249326734836
ReplogleWeissman2022_K562_gwps	NR1I2	SPECIFICITY	133	74615	5083949.5	0.5122989239499607	0.4877010760500393	0.0017542921282979584	0.0017793118210520683	0.985938556436209	0.6884256895370853	0.9021323471245722	False	0.09103172493633946	0.3733478975939692
ReplogleWeissman2022_K562_gwps	CREB1	SPECIFICITY	196	74615	7461628.0	0.5102128340446948	0.48978716595530525	0.0025886641884179324	0.002619935570972183	0.9880640642843569	0.6895747159500635	0.9021323471245722	False	0.0757801038227166	0.37168022511041654
ReplogleWeissman2022_K562_gwps	ELL	SPECIFICITY	121	74615	4632170.0	0.5130656931476898	0.4869343068523102	0.0015711555431306738	0.0016190323271248128	0.9704287658794548	0.6905703365157123	0.9021323471245722	False	0.07085070168001657	0.37023744815508497
ReplogleWeissman2022_K562_gwps	NR3C1	SPECIFICITY	157	74615	5995735.0	0.5118192709838316	0.4881807290161684	0.002101582377862782	0.002099716471406409	1.0008886468634137	0.6958409825596229	0.9037934601061769	False	0.04311512514181047	0.3626341180856008
ReplogleWeissman2022_K562_gwps	MECP2	SPECIFICITY	102	74615	3921960.5	0.5153198839007559	0.4846801160992441	0.0014505659916588664	0.0013651511704163711	1.0625680313605443	0.7038859619123357	0.9069405386865373	False	0.11209412287551211	0.3511389218652085
ReplogleWeissman2022_K562_gwps	NFYB	SPECIFICITY	89	74615	3431441.0	0.5167260852902578	0.4832739147097422	0.0012255999736402157	0.0011913686014135788	1.0287328138294234	0.707565344463824	0.9069405386865373	False	0.24485711718256026	0.34592529406345335
ReplogleWeissman2022_K562_gwps	TBL1X	SPECIFICITY	106	74615	4077599.0	0.515552035037722	0.48444796496227804	0.0013651623334645661	0.001418610564633771	0.962323535083074	0.71030298826335	0.9069405386865373	False	0.022063510209505338	0.3420636559432268
ReplogleWeissman2022_K562_gwps	RXRA	SPECIFICITY	92	74615	3557028.0	0.5181712500983309	0.4818287499016692	0.001330319441147749	0.001231477639310908	1.0802627661937487	0.7268765159978509	0.9170203777540397	False	0.07770187601643348	0.3189986700737551
ReplogleWeissman2022_K562_gwps	RELA	SPECIFICITY	184	74615	7042550.0	0.5129629197999004	0.4870370802000996	0.0024253359686360566	0.002459925934838701	0.9859386147717847	0.7285280524052826	0.9170203777540397	False	0.0024444886927810494	0.3167291470116841
ReplogleWeissman2022_K562_gwps	MNAT1	SPECIFICITY	120	74615	4621869.0	0.5161907793339141	0.48380922066608584	0.0015724202151414439	0.0016056733792734327	0.9792902064882985	0.7303702123704741	0.9170203777540397	False	0.11840714159129401	0.31420373315832156
ReplogleWeissman2022_K562_gwps	SREBF1	SPECIFICITY	126	74615	4858903.0	0.516822652579538	0.4831773474204621	0.0018206954501929962	0.0016858217042854658	1.0800047511339264	0.743310580163344	0.9281115531321311	False	0.1665374540952265	0.2966413133102927
ReplogleWeissman2022_K562_gwps	TP63	SPECIFICITY	149	74615	5746691.0	0.5168986929324447	0.4831013070675552	0.001967537568464372	0.0019929377775399926	0.9872548910649014	0.7623374727185248	0.9466388397493769	False	0.04378416475759839	0.271365943753456
ReplogleWeissman2022_K562_gwps	TNRC6B	SPECIFICITY	85	74615	3328909.0	0.5248761682519285	0.4751238317480715	0.0011378796696332716	0.0011378848728246318	0.9999954273130046	0.7864102939939444	0.9510972224442696	False	0.09524477125527567	0.2402766202120355
ReplogleWeissman2022_K562_gwps	LEF1	SPECIFICITY	197	74615	7591692.0	0.5164713209704912	0.4835286790295088	0.0025332586065184796	0.0026332673902582475	0.9620210298013222	0.7880846308069821	0.9510972224442696	False	0.13905841463330337	0.23814979538992515
ReplogleWeissman2022_K562_gwps	CHD9	SPECIFICITY	183	74615	7062936.0	0.5172589786038275	0.4827410213961725	0.00239306526402796	0.002446589481002166	0.9781229268784881	0.7903936927407187	0.9510972224442696	False	0.12913707756710013	0.2352241124124047
ReplogleWeissman2022_K562_gwps	CLOCK	SPECIFICITY	183	74615	7062992.0	0.5172630798023662	0.4827369201976338	0.002347559165257763	0.002446589481002166	0.959523117174591	0.7904586771770814	0.9510972224442696	False	0.1445436949157009	0.23514189798475046
ReplogleWeissman2022_K562_gwps	SP3	SPECIFICITY	145	74615	5621480.0	0.5195849036548535	0.48041509634514645	0.0019494345711356228	0.0019395398608881755	1.0051015761248219	0.7927942351857059	0.9510972224442696	False	0.09444458312216163	0.23219156745381278
ReplogleWeissman2022_K562_gwps	RB1	SPECIFICITY	433	74615	16523168.0	0.5114218500233454	0.4885781499766546	0.0057826100742815155	0.0057696407632448566	1.0022478541678503	0.7941602160848467	0.9510972224442696	False	0.0045620571212419995	0.2304700546083753
ReplogleWeissman2022_K562_gwps	RUVBL2	SPECIFICITY	5	74615	226286.0	0.6065429203243315	0.39345707967566845	6.322443732062e-05	6.700616456714018e-05	0.9435615025729329	0.7953866152299423	0.9510972224442696	False	0.6871476452242997	0.22892697407210805
ReplogleWeissman2022_K562_gwps	MCM5	SPECIFICITY	168	74615	6506598.0	0.5190611807277357	0.4809388192722643	0.0020828136457091734	0.002246499872965781	0.9271372194468399	0.8061216767236588	0.9517402744559768	False	0.2102600759869958	0.215520584192382
ReplogleWeissman2022_K562_gwps	GABPB1	SPECIFICITY	153	74615	5940005.5	0.5203185064595205	0.47968149354047945	0.0021401697051066904	0.0020463299807404237	1.045857571970046	0.8077745638521561	0.9517402744559768	False	0.05320900169002181	0.21347226452368526
ReplogleWeissman2022_K562_gwps	TWIST2	SPECIFICITY	230	74615	8866209.5	0.5166352202174058	0.4833647797825942	0.0028496996900381397	0.003073017569643931	0.9273294491343677	0.8085581092723342	0.9517402744559768	False	0.09203410289104907	0.21250272960728583
ReplogleWeissman2022_K562_gwps	CCNT2	SPECIFICITY	306	74615	11784475.5	0.5161342604454501	0.4838657395545499	0.0038905010198965113	0.004084302131578596	0.9525497611492371	0.8354019802729796	0.9679918717064462	False	0.1412390327327689	0.17984225647300922
ReplogleWeissman2022_K562_gwps	E2F1	SPECIFICITY	224	74615	8673350.0	0.5189346981170005	0.48106530188299945	0.003402089690847389	0.002993091837143735	1.136647278452356	0.8365091870223593	0.9679918717064462	False	0.07776105998938712	0.1785177759229684
ReplogleWeissman2022_K562_gwps	AKT1	SPECIFICITY	228	74615	8826593.0	0.5188383996915159	0.4811616003084841	0.0029701431668426983	0.0030463770826931044	0.9749755484035441	0.8374190028740987	0.9679918717064462	False	0.08738886667433851	0.17743073294606881
ReplogleWeissman2022_K562_gwps	LIN37	SPECIFICITY	210	74615	8144763.5	0.5197961280605521	0.48020387193944786	0.0028989825409967153	0.00280654861343134	1.0329350887146629	0.8394973754622277	0.9679918717064462	False	0.08369007343950383	0.17495192878005658
ReplogleWeissman2022_K562_gwps	PPARA	SPECIFICITY	283	74615	10956966.0	0.5188929082126885	0.4811070917873115	0.0034403189872583193	0.00377847205532858	0.9105053410165145	0.8640942075086234	0.9815891764921625	False	0.10334111438234005	0.14607347965381093
ReplogleWeissman2022_K562_gwps	TP53	SPECIFICITY	219	74615	8522861.0	0.5215730552299368	0.4784269447700632	0.00308031494220231	0.002926477269690248	1.0525675268710852	0.8652677000521816	0.9815891764921625	False	0.06902644673987242	0.14471634010015028
ReplogleWeissman2022_K562_gwps	PML	SPECIFICITY	161	74615	6315617.0	0.5257312173505152	0.4742687826494847	0.002018826707731235	0.0021530972504546914	0.9376384217224276	0.8708423818010114	0.9815891764921625	False	0.21007082836393204	0.13829428084626863
ReplogleWeissman2022_K562_gwps	EGR1	SPECIFICITY	373	74615	14389018.0	0.5170067113057035	0.4829932886942965	0.004615265260143546	0.004974129194004374	0.9278539177684831	0.8718037265314748	0.9815891764921625	False	0.12977210917369486	0.13719096466131558
ReplogleWeissman2022_K562_gwps	CREB5	SPECIFICITY	363	74615	14011811.5	0.5173226788238393	0.4826773211761607	0.004634173109834722	0.00484142014991064	0.9571929240473493	0.8730063029863924	0.9815891764921625	False	0.05026464756111687	0.13581250325291405
ReplogleWeissman2022_K562_gwps	RAD51D	SPECIFICITY	362	74615	14012633.0	0.5187821609492262	0.4812178390507737	0.004617857833483712	0.004828147298504875	0.9564451016052715	0.8915841024043355	0.9882189046010396	False	0.1698323909429681	0.1147555080417518
ReplogleWeissman2022_K562_gwps	CCNK	SPECIFICITY	726	74615	27808590.5	0.5133531282438095	0.48664687175619054	0.009048218111589752	0.009636187467647097	0.9389831966188478	0.892584780613495	0.9882189046010396	False	0.07367369552155108	0.1136337775557962
ReplogleWeissman2022_K562_gwps	KAT2A	SPECIFICITY	104	74615	4163622.0	0.536551992536044	0.4634480074639561	0.001322292040390853	0.001391881582997631	0.9500032592881169	0.9015386292763902	0.9882189046010396	False	0.15168153754911728	0.10365238725525812
ReplogleWeissman2022_K562_gwps	FOXA1	SPECIFICITY	238	74615	9309419.0	0.524227110934168	0.47577288906583204	0.003094484636657095	0.003179565281284651	0.9732414223012333	0.9019369429206352	0.9882189046010396	False	0.14012476526721745	0.10321066943344566
ReplogleWeissman2022_K562_gwps	ATF3	SPECIFICITY	306	74615	11908690.0	0.5215745839536199	0.4784254160463801	0.003750815541589298	0.004084302131578596	0.9183491869000386	0.9043067730507948	0.9882189046010396	False	0.15492818287224397	0.10058662543648729
ReplogleWeissman2022_K562_gwps	DNMT1	SPECIFICITY	495	74615	19097750.0	0.517071810377446	0.482928189622554	0.006775534346562748	0.006590334176541073	1.028101787414804	0.9051385542142265	0.9882189046010396	False	0.022917965626311154	0.09966724842134657
ReplogleWeissman2022_K562_gwps	USF1	SPECIFICITY	160	74615	6353611.0	0.5321995409770154	0.4678004590229846	0.0020027753969385485	0.002139752591106653	0.9359845644129998	0.9206408424219986	0.9999999998639295	False	0.2112870223506069	0.0826852835798364
ReplogleWeissman2022_K562_gwps	TNRC6A	SPECIFICITY	370	74615	14417403.5	0.5222268364994358	0.47777316350056415	0.005351339618451478	0.004934320197372808	1.0845140575394163	0.930213558691159	0.9999999998639295	False	0.04461481602938846	0.07234108619521128
ReplogleWeissman2022_K562_gwps	E2F2	SPECIFICITY	213	74615	8439294.0	0.5310071512638115	0.46899284873618846	0.0026781650079420118	0.0028465280376329715	0.9408531981891308	0.9412535357346802	0.9999999998639295	False	0.15244466229759365	0.060542743450462046
ReplogleWeissman2022_K562_gwps	NFKB2	SPECIFICITY	253	74615	9980318.0	0.5286858839804541	0.4713141160195459	0.0030359153126856	0.003379280867660416	0.898390939249587	0.9427185772282867	0.9999999998639295	False	0.10580343732877137	0.05898747436889007
ReplogleWeissman2022_K562_gwps	STAT4	SPECIFICITY	112	74615	4544638.0	0.543819942370837	0.4561800576291631	0.0013435881876035867	0.0014987889250204075	0.8964492365629753	0.9457809030987777	0.9999999998639295	False	0.17886942419055643	0.05574434024415294
ReplogleWeissman2022_K562_gwps	ARNTL	SPECIFICITY	265	74615	10467772.5	0.5293979535198927	0.4706020464801073	0.0032718356205642214	0.0035389957264957265	0.9245096274258449	0.9511016617509357	0.9999999998639295	False	0.10426139957320701	0.050134322306872627
ReplogleWeissman2022_K562_gwps	PPARG	SPECIFICITY	121	74615	4912934.5	0.5441635658086165	0.4558364341913836	0.0014342708657345761	0.0016190323271248128	0.8858815489383411	0.9536657566589355	0.9999999998639295	False	0.1336199409123062	0.04744202882051259
ReplogleWeissman2022_K562_gwps	NFATC2	SPECIFICITY	278	74615	10976592.0	0.529171666352504	0.47082833364749604	0.0034914841974459437	0.0037119623996902246	0.9406033309328025	0.9536934109849523	0.9999999998639295	False	0.14050390760737996	0.04741303131811465
ReplogleWeissman2022_K562_gwps	JUND	SPECIFICITY	135	74615	5494869.0	0.5455033617011772	0.4544966382988228	0.001535298976679665	0.001806020066889632	0.8501007296800367	0.9663608667520422	0.9999999998639295	False	0.19151854538946111	0.03421794646250015
ReplogleWeissman2022_K562_gwps	EZH2	SPECIFICITY	196	74615	7883671.0	0.5390713827580218	0.4609286172419782	0.0024158903391090733	0.002619935570972183	0.9221182253014739	0.9707789191813726	0.9999999998639295	False	0.18330918039505428	0.02965652025898058
ReplogleWeissman2022_K562_gwps	KAT2B	SPECIFICITY	154	74615	6282883.0	0.5467793548005302	0.4532206451994698	0.0018747301462009077	0.0020596771389212107	0.9102058331252966	0.9777380298209256	0.9999999998639295	False	0.3308439623062747	0.02251350799785377
ReplogleWeissman2022_K562_gwps	GTF2H4	SPECIFICITY	146	74615	6003396.0	0.5510842415724923	0.4489157584275078	0.0017457271398943317	0.0019528898757373498	0.8939199089427405	0.9836699322245498	0.9999999998639295	False	0.4034451453416629	0.016464872931845453
ReplogleWeissman2022_K562_gwps	CCNT1	SPECIFICITY	165	74615	6761359.0	0.5491916281355402	0.45080837186445977	0.001939599963441152	0.002206472318801819	0.8790502137341172	0.9856096776300984	0.9999999998639295	False	0.2755376061184367	0.014494867227043344
ReplogleWeissman2022_K562_gwps	TWIST1	SPECIFICITY	191	74615	7780832.0	0.5459671689892934	0.45403283101070663	0.0023397028846317796	0.0025532711279843863	0.9163550470563607	0.9860199750210907	0.9999999998639295	False	0.21018536903616955	0.014078665942625301
ReplogleWeissman2022_K562_gwps	SIRT1	SPECIFICITY	179	74615	7335022.0	0.5491895267213409	0.45081047327865914	0.0021345967139183683	0.0023932400994732196	0.8919275230212874	0.9886074932006195	0.9999999998639295	False	0.2718010144886237	0.011457898529850808
ReplogleWeissman2022_K562_gwps	CBFB	SPECIFICITY	153	74615	6343213.5	0.555637764051543	0.4443622359484569	0.0017411454549347343	0.0020463299807404237	0.8508625057160799	0.9913806320459846	0.9999999998639295	False	0.28827520276648155	0.008656729549792741
ReplogleWeissman2022_K562_gwps	ELOA	SPECIFICITY	202	74615	8318236.0	0.5518915250099024	0.44810847499009765	0.0023030612515939856	0.0026999211409171713	0.8530105626757783	0.9946369586836104	0.9999999998639295	False	0.27601981917251533	0.0053774740478218855
ReplogleWeissman2022_K562_gwps	HDAC2	SPECIFICITY	97	74615	4260071.5	0.5885983098116724	0.41140169018832756	0.0010306412594776769	0.0012983188778241783	0.7938275234855278	0.9987393359407682	0.9999999998639295	False	0.40547334227988713	0.001261459364645774
ReplogleWeissman2022_K562_gwps	STAT5A	SPECIFICITY	470	74615	20492173.0	0.5843378420573127	0.4156621579426874	0.005158383985587429	0.0062595724845175464	0.8240792799102812	0.9999999998639295	0.9999999998639295	False	0.418055794340229	1.3607048821955126e-10
ReplogleWeissman2022_K562_gwps	SREBF2	UNIFORM	188	74615	2922598.0	0.20834596317835813	0.7916540368216419	0.00826765708622851	0.0025132681844311057	3.2896040054316553	7.805666644924926e-44	1.7640806617530333e-41	True	-1.8835437674391988	99.25889412887162
ReplogleWeissman2022_K562_gwps	MAX	UNIFORM	209	74615	4182666.0	0.2682135761021409	0.7317864238978591	0.009760490411321042	0.0027932214262803377	3.494348969075051	2.274204944562075e-31	2.569851587355145e-29	True	-2.9751812120244483	70.55850736641086
ReplogleWeissman2022_K562_gwps	ESRRA	UNIFORM	204	74615	5888695.5	0.3868679811266462	0.6131320188733538	0.004053677658048434	0.0027265801467541667	1.4867260230270871	1.1367347861868656e-08	8.563402055941054e-07	True	-0.5017181947858691	18.292520813924078
ReplogleWeissman2022_K562_gwps	ATR	UNIFORM	74	74615	1754188.5	0.31770086443744555	0.6822991355625545	0.002613730155107423	0.0009907750806678359	2.6380661020921394	2.8132371058139924e-08	1.5894789647849057e-06	True	-1.112777670719413	17.386344928692136
ReplogleWeissman2022_K562_gwps	STAT5B	UNIFORM	126	74615	3450585.0	0.3670253332184579	0.632974666781542	0.002911433015395171	0.0016858217042854658	1.7270112301877023	1.1941918759007823e-07	5.397747279071536e-06	True	-0.6992829755791216	15.940625948814377
ReplogleWeissman2022_K562_gwps	RUVBL1	UNIFORM	63	74615	1502128.0	0.31955104988677324	0.6804489501132267	0.004457418125394207	0.0008436219502396958	5.283667789971247	3.53562653820346e-07	1.3317526627233032e-05	True	-3.8962611703964547	14.855205128784702
ReplogleWeissman2022_K562_gwps	TFDP1	UNIFORM	315	74615	9916972.0	0.4219319278114427	0.5780680721885574	0.00483983978728652	0.004203923662084612	1.1512672865440603	8.354649487593377e-07	2.6973582631372903e-05	True	-0.4586984284814978	13.995277442203513
ReplogleWeissman2022_K562_gwps	MYC	UNIFORM	98	74615	2657846.0	0.36347755211445965	0.6365224478855404	0.0020587073693035525	0.0013116860519588292	1.5695122824773091	1.4439229767895594e-06	4.079082409430505e-05	True	-1.2026534241625841	13.448146859089713
ReplogleWeissman2022_K562_gwps	TRRAP	UNIFORM	308	74615	9782320.0	0.4256621218358135	0.5743378781641866	0.00600882887572602	0.004110887177502236	1.4616866423896773	3.241053296623266e-06	8.13864494485398e-05	True	-0.696611730690007	12.639612189440454
ReplogleWeissman2022_K562_gwps	MYB	UNIFORM	181	74615	5495279.0	0.4068975066483085	0.5931024933516915	0.0055839667745387015	0.0024199155035028613	2.307504855626501	7.3301378572090426e-06	0.00016566111557292436	True	-0.7327286739849629	11.82351623498349
ReplogleWeissman2022_K562_gwps	NCOA6	UNIFORM	263	74615	8555379.5	0.4359707843737268	0.5640292156262732	0.004449109119428703	0.003512380138358396	1.2666935081543058	0.0001648930769349398	0.003387803217026945	True	-0.3167023354264162	8.710213312694604
ReplogleWeissman2022_K562_gwps	YY1	UNIFORM	176	74615	5555820.0	0.4230671995029028	0.5769328004970973	0.0028515112939541155	0.002353224318434036	1.2117464840120582	0.00020670295805869126	0.003892905710105352	True	-0.26528686582653016	8.48422778049994
ReplogleWeissman2022_K562_gwps	SP1	UNIFORM	197	74615	6427542.0	0.4372728908566513	0.5627271091433487	0.0035432086823999824	0.0026332673902582475	1.3455559794299872	0.0011602585396911819	0.0201706484592467	True	-0.5795238848975437	6.759112419653586
ReplogleWeissman2022_K562_gwps	CARM1	UNIFORM	155	74615	4973211.5	0.43001052715768906	0.5699894728423109	0.002835204275846264	0.002073023940082921	1.3676659593872589	0.0012834821761724532	0.020719069415355316	True	-0.31951782148232905	6.6581784446428
ReplogleWeissman2022_K562_gwps	POLR2I	UNIFORM	105	74615	3264414.5	0.41666771969124045	0.5833322803087595	0.00210158398110274	0.0014052462526766595	1.4955271911237784	0.001558660605763809	0.023483819793508054	True	-0.4919558166657281	6.463928412565644
ReplogleWeissman2022_K562_gwps	HIF1A	UNIFORM	162	74615	5260022.0	0.4351574295374693	0.5648425704625307	0.006048250899678407	0.002166441552883908	2.7917904785509395	0.002146141222837225	0.029299563353892447	True	-0.5536836802014011	6.144083829465769
ReplogleWeissman2022_K562_gwps	ARNT	UNIFORM	93	74615	2877766.0	0.41471179293851806	0.5852882070614819	0.001685887184031102	0.0012448466027734648	1.3542931155332856	0.0022039494558237682	0.029299563353892447	True	-0.5472949035268049	6.117504320883757
ReplogleWeissman2022_K562_gwps	ATF6	UNIFORM	127	74615	4055169.5	0.4279363198276085	0.5720636801723915	0.0024286705275110743	0.001699178507398785	1.4293204139152182	0.0024706033212901018	0.031019797256197943	True	-0.5195903216628996	6.003292898537158
ReplogleWeissman2022_K562_gwps	NELFE	UNIFORM	139	74615	4485216.5	0.4324565382874294	0.5675434617125705	0.0028412404771534444	0.001859432271182813	1.5280150404973278	0.0029246679173499796	0.03478815522742607	True	-0.35612272351427765	5.834574337273544
ReplogleWeissman2022_K562_gwps	LIN9	UNIFORM	56	74615	1661112.0	0.39754358085792785	0.6024564191420723	0.0009987276886011362	0.0007499564757402472	1.3317142006345615	0.003964757294583638	0.04463071995212282	True	-0.4434930907755379	5.530310637727584
ReplogleWeissman2022_K562_gwps	CTDP1	UNIFORM	113	74615	3610875.0	0.42826035003282337	0.5717396499671766	0.0022601756969110073	0.0015121507333261963	1.4946761900775731	0.004147102296436191	0.04463071995212282	True	-0.44982328562910906	5.48534543044649
ReplogleWeissman2022_K562_gwps	RBL1	UNIFORM	253	74615	8566630.0	0.4537988022308986	0.5462011977691014	0.003979227627992145	0.003379280867660416	1.177536814436822	0.005521103369128961	0.05671678915559751	True	-0.30127437524940115	5.199177552955852
ReplogleWeissman2022_K562_gwps	E2F3	UNIFORM	385	74615	13296343.5	0.4628554197260222	0.5371445802739778	0.005967216896491018	0.0051333333333333335	1.1624448499657827	0.005897275404508801	0.05728720923335768	True	-0.28380866163136675	5.1332648305769695
ReplogleWeissman2022_K562_gwps	TFAP2A	UNIFORM	282	74615	9612097.0	0.4568176687611061	0.5431823312388939	0.004611023421431591	0.0037651708346128684	1.2246518482090845	0.00608359744071055	0.05728720923335768	True	-0.21348304409829125	5.102159073652823
ReplogleWeissman2022_K562_gwps	SUPT5H	UNIFORM	129	74615	4211994.0	0.43759453567070655	0.5624054643292934	0.002802564898170163	0.001725891041421385	1.6238365174327958	0.0070774247908960124	0.06397992010969995	True	-0.34859777997975383	4.95084516754178
ReplogleWeissman2022_K562_gwps	E2F6	UNIFORM	304	74615	10469839.0	0.46157287232354155	0.5384271276764584	0.004856044087396536	0.004057715666252886	1.1967433124462536	0.01027318922225797	0.08929772170116543	True	-0.2713212523654557	4.578217765540835
ReplogleWeissman2022_K562_gwps	LIN52	UNIFORM	15	74615	371006.0	0.33148473273917217	0.6685152672608278	0.00041856246816743845	0.00020099155835454912	2.0824877999557287	0.011888738222817101	0.09951314216135795	True	-0.909336543909726	4.432163694783911
ReplogleWeissman2022_K562_gwps	USF2	UNIFORM	405	74615	14145598.5	0.46810163779003827	0.5318983622099618	0.006118868894735695	0.005398560383897627	1.1334260357606711	0.013286750782115348	0.10724305988421674	False	-0.18819168286565124	4.320987922069128
ReplogleWeissman2022_K562_gwps	FOXM1	UNIFORM	220	74615	7555071.0	0.46024568542761934	0.5397543145723807	0.003118404526064826	0.002939800895303	1.0607536486730058	0.020695396254151364	0.16128136391166234	False	-0.36468634557104845	3.877844006627162
ReplogleWeissman2022_K562_gwps	CREBBP	UNIFORM	147	74615	4959780.0	0.45218789787576225	0.5478121021242378	0.002332256187496184	0.0019662395334528234	1.1861505924461886	0.022421841783380962	0.1689112081014699	False	-0.25161899971030677	3.797719715587246
ReplogleWeissman2022_K562_gwps	CEBPA	UNIFORM	88	74615	2884367.0	0.4392802751091969	0.560719724890803	0.0015749038328211938	0.0011779982062300042	1.3369322843550187	0.024305875903009058	0.17376485158709745	False	-0.328891052523051	3.7170371511579727
ReplogleWeissman2022_K562_gwps	ATF4	UNIFORM	103	74615	3417054.0	0.4446194673108364	0.5553805326891637	0.001509591910358935	0.001378516555582323	1.0950843529922223	0.02584875316318774	0.17376485158709745	False	-0.452221160711753	3.6554929127233624
ReplogleWeissman2022_K562_gwps	TFDP2	UNIFORM	192	74615	6584333.0	0.4596046510978579	0.5403953489021421	0.0030341684700848767	0.0025666047295039235	1.1821720871960384	0.026404944704802952	0.17376485158709745	False	-0.24115112426276092	3.63420398694386
ReplogleWeissman2022_K562_gwps	ELK1	UNIFORM	143	74615	4836252.5	0.4532593654419025	0.5467406345580976	0.002211606019871434	0.0019128387597314	1.1561905093255151	0.026533086390298933	0.17376485158709745	False	-0.2514538550885357	3.6293627817415004
ReplogleWeissman2022_K562_gwps	AGO3	UNIFORM	186	74615	6372037.0	0.4591337323709739	0.5408662676290261	0.002830944248750311	0.0024865977727570486	1.1384809717783442	0.026910485865258453	0.17376485158709745	False	-0.19134095018274874	3.615239259212765
ReplogleWeissman2022_K562_gwps	GTF2F2	UNIFORM	61	74615	1956846.0	0.42993289047712685	0.5700671095228731	0.0014437663146614388	0.000816862177942043	1.7674539887484852	0.02905109616143967	0.18237632590237127	False	-0.5202496244591948	3.5386990627837305
ReplogleWeissman2022_K562_gwps	NRF1	UNIFORM	109	74615	3643177.0	0.4479480292412365	0.5520519707587636	0.0017688850552855977	0.0014587013543172207	1.212643732762945	0.02997657757329603	0.18310017652878116	False	-0.2597836406444158	3.5073389498188865
ReplogleWeissman2022_K562_gwps	EPAS1	UNIFORM	228	74615	7903449.5	0.464574846786604	0.5354251532133961	0.003482306759329005	0.0030463770826931044	1.1430977403002662	0.03214684303383653	0.18855231038493642	False	-0.1569644979414888	3.43744102802394
ReplogleWeissman2022_K562_gwps	LIN54	UNIFORM	673	74615	24072532.5	0.4793807319375668	0.5206192680624332	0.00952138557532877	0.008939007544362979	1.0651501889975519	0.03253778807527664	0.18855231038493642	False	-0.14862681483685292	3.425353155061718
ReplogleWeissman2022_K562_gwps	ERG	UNIFORM	440	74615	15605930.0	0.47534708473192694	0.5246529152680731	0.008582579992330572	0.005862367597095464	1.4640125939190252	0.037041568676437736	0.2092848630218732	False	-0.13201375599964632	3.2957145192251827
ReplogleWeissman2022_K562_gwps	ERCC3	UNIFORM	267	74615	9343059.0	0.46897715388432154	0.5310228461156784	0.003955538461632863	0.00356560989289816	1.1093581688539027	0.03980466056847037	0.2180026599776999	False	-0.1956453706941512	3.22377127383707
ReplogleWeissman2022_K562_gwps	SSRP1	UNIFORM	314	74615	11047228.5	0.4715172065861657	0.5284827934138343	0.005344910265948534	0.0041906337999973306	1.2754419787173812	0.04051376866842211	0.2180026599776999	False	-0.15093433832457667	3.206113395523838
ReplogleWeissman2022_K562_gwps	POLR2F	UNIFORM	176	74615	6088362.5	0.46361949674998326	0.5363805032500167	0.0033288971782097047	0.002353224318434036	1.4146110730425114	0.04746557289673126	0.24653093877473548	False	-0.2584021817378343	3.0477506118438056
ReplogleWeissman2022_K562_gwps	CTNNB1	UNIFORM	39	74615	1231021.0	0.4230334520624677	0.5769665479375323	0.0008963800598900145	0.0005224100517052	1.7158553074622858	0.04799717392074496	0.24653093877473548	False	-0.4463407533708423	3.036613146458691
ReplogleWeissman2022_K562_gwps	AR	UNIFORM	265	74615	9307926.5	0.4707398102713426	0.5292601897286575	0.0037014725830354523	0.0035389957264957265	1.0459104415762064	0.04976967828377779	0.24995438426963956	False	-0.1063337305667717	3.0003493501916827
ReplogleWeissman2022_K562_gwps	CEBPB	UNIFORM	167	74615	5784883.0	0.4642500564775428	0.5357499435224572	0.0025898083687764142	0.0022331577117488165	1.1597068828373522	0.05495657290004876	0.2700040320741526	False	-0.1580119645030888	2.901211989270486
ReplogleWeissman2022_K562_gwps	SPI1	UNIFORM	82	74615	2752811.5	0.4499212216205791	0.5500787783794209	0.0012710056418069825	0.0010977683173353683	1.1578086393421483	0.058203560562386895	0.2798724401510519	False	-0.17588772391785673	2.8438087480681604
ReplogleWeissman2022_K562_gwps	FOSL1	UNIFORM	189	74615	6596038.0	0.4677299732985587	0.5322700267014413	0.0029258406586609637	0.0025266028554622746	1.1580136752935173	0.06225131442444075	0.2930999387484085	False	-0.11511185759424666	2.7765756286081835
ReplogleWeissman2022_K562_gwps	NFE2L2	UNIFORM	139	74615	4800974.0	0.46290131066091306	0.537098689339087	0.002224628975618868	0.001859432271182813	1.1964022621828263	0.06504692052855504	0.3000123273357845	False	-0.31441062036965145	2.7326464152125305
ReplogleWeissman2022_K562_gwps	CHEK1	UNIFORM	196	74615	6862804.0	0.46926631538496255	0.5307336846150374	0.0029047614862985197	0.002619935570972183	1.1087148548544825	0.06827957282049193	0.30862366914862355	False	-0.14950090745715536	2.6841446373658613
ReplogleWeissman2022_K562_gwps	RAD51	UNIFORM	239	74615	8436301.0	0.4730728478715145	0.5269271521284855	0.0035056713357296135	0.003192882143906805	1.097964527885793	0.07474130187686272	0.3312065534151172	False	-0.15315955994577138	2.593722436333358
ReplogleWeissman2022_K562_gwps	RBL2	UNIFORM	558	74615	20104578.5	0.482874898793496	0.517125101206504	0.007603030982424611	0.0074228778949888925	1.0242699785695435	0.0813390026522185	0.3535118192192573	False	-0.14157231199411868	2.509129640045916
ReplogleWeissman2022_K562_gwps	PITX1	UNIFORM	212	74615	7485043.0	0.4731864451353426	0.5268135548646574	0.0031793157369011888	0.0028332019190933752	1.1221634841750248	0.08781095873986094	0.37443918255110514	False	-0.08460593490439129	2.4325689713249914
ReplogleWeissman2022_K562_gwps	SMARCD3	UNIFORM	561	74615	20264411.0	0.4841110331908192	0.5158889668091807	0.00791546880702448	0.007462488028094073	1.0607010392814122	0.09700847305815186	0.4015690623164969	False	-0.0614674231003622	2.332956953178673
ReplogleWeissman2022_K562_gwps	GTF2H3	UNIFORM	120	74615	4171199.5	0.46585801559114565	0.5341419844088543	0.001767663514174875	0.0016056733792734327	1.1008861060988275	0.09772698419206782	0.4015690623164969	False	-0.03463525352925929	2.3255775636763625
ReplogleWeissman2022_K562_gwps	GTF2H2	UNIFORM	370	74615	13285851.5	0.48123978766677955	0.5187602123332204	0.0056579312558699005	0.004934320197372808	1.1466485816794716	0.1062059029266017	0.42861667966807115	False	-0.06715606001300511	2.2423755886059724
ReplogleWeissman2022_K562_gwps	GATA1	UNIFORM	46	74615	1536474.0	0.4476527333063348	0.5523472666936652	0.004108634670218531	0.0006161181875410188	6.668582024199689	0.10944375340500367	0.4339348819215935	False	-0.4169051100751863	2.2123445292321575
ReplogleWeissman2022_K562_gwps	POLR2L	UNIFORM	77	74615	2648448.5	0.4609721244379155	0.5390278755620845	0.0012513618734401797	0.0010309002302790124	1.213853520142778	0.1178640440639851	0.4592633441113902	False	-0.22274186898409307	2.138223487722668
ReplogleWeissman2022_K562_gwps	POLR2G	UNIFORM	39	74615	1299720.0	0.44664147753338934	0.5533585224666107	0.0012725969918008786	0.0005224100517052	2.4360116878436613	0.12424642324520319	0.4683008447591899	False	-0.6143742851809179	2.0854884011786736
ReplogleWeissman2022_K562_gwps	NELFCD	UNIFORM	421	74615	15195177.0	0.48372387599176964	0.5162761240082303	0.007657977274737659	0.005610640226024841	1.3649025719411283	0.12432765790066991	0.4683008447591899	False	-0.11165154851911102	2.084834795959785
ReplogleWeissman2022_K562_gwps	ZBTB17	UNIFORM	315	74615	11316292.5	0.4814680438951698	0.5185319561048303	0.007938188517539635	0.004203923662084612	1.8882808432356981	0.12771416313237643	0.46928053182057783	False	-0.09339399657371573	2.0579606126780043
ReplogleWeissman2022_K562_gwps	GABPA	UNIFORM	193	74615	6862958.0	0.47657130437107376	0.5234286956289264	0.002810502827147616	0.0025799379745481766	1.089368370431393	0.13007465774954363	0.46928053182057783	False	-0.11726130890245634	2.039646702987062
ReplogleWeissman2022_K562_gwps	POLR2K	UNIFORM	18	74615	568940.0	0.42361157646287984	0.5763884235371203	0.0004148397276896266	0.00024118017498961586	1.7200407442588834	0.1308171394013115	0.46928053182057783	False	-0.6346837724879425	2.0339548133651753
ReplogleWeissman2022_K562_gwps	HIC1	UNIFORM	221	74615	7894136.5	0.47872511774621035	0.5212748822537896	0.0030993387694128955	0.0029531241648404513	1.0495118377727757	0.13696323488027756	0.48365142317098014	False	-0.04649559631452775	1.988042747706728
ReplogleWeissman2022_K562_gwps	ERCC2	UNIFORM	124	74615	4367624.5	0.4720602858112504	0.5279397141887495	0.0028312839518618866	0.0016591070257830584	1.7065107361145608	0.1407713823655169	0.489451267917028	False	-0.010755318059107732	1.9606181061612338
ReplogleWeissman2022_K562_gwps	HSF1	UNIFORM	234	74615	8380236.5	0.4799702003045835	0.5200297996954165	0.004219390241655012	0.0031262942724685702	1.3496458982804955	0.14463564178974075	0.49526750067396075	False	-0.159390298649005	1.9335375142237803
ReplogleWeissman2022_K562_gwps	RBMX	UNIFORM	88	74615	3072078.0	0.4678680864802958	0.5321319135197041	0.0014753802186177676	0.0011779982062300042	1.2524469144477623	0.14833723056798775	0.5003614046024661	False	-0.26825057717170253	1.9082670123370964
ReplogleWeissman2022_K562_gwps	ACTL6A	UNIFORM	59	74615	2030151.0	0.46115846656906584	0.5388415334309342	0.0008845798380048486	0.0007901009722259421	1.1195782173419333	0.15078143433097108	0.5011265317470509	False	-0.07227873705799334	1.8919239455036023
ReplogleWeissman2022_K562_gwps	TBL1XR1	UNIFORM	73	74615	2540386.0	0.4663915863992238	0.5336084136007764	0.0011440585142503954	0.0009773993144815767	1.1705129083881305	0.1600572208320662	0.5242453899716951	False	-0.17121320158999753	1.8322238974823337
ReplogleWeissman2022_K562_gwps	POLR2C	UNIFORM	77	74615	2692199.0	0.4685870585890689	0.531412941410931	0.0014282139171778083	0.0010309002302790124	1.3854045961278554	0.16994635407762454	0.5486839431649021	False	-0.25876307889604144	1.7722724559820175
ReplogleWeissman2022_K562_gwps	NELFA	UNIFORM	154	74615	5496671.5	0.47835786474465025	0.5216421352553497	0.002649024621461312	0.0020596771389212107	1.2861358566366288	0.17633016189023376	0.5612762899604624	False	-0.11907590034904056	1.735397121453308
ReplogleWeissman2022_K562_gwps	RUNX1	UNIFORM	179	74615	6413057.0	0.4801599420788352	0.5198400579211648	0.0034925732349922584	0.0023932400994732196	1.459349287921849	0.17920240891905193	0.5624964502181352	False	-0.21970603031039043	1.7192393359030202
ReplogleWeissman2022_K562_gwps	TCEA1	UNIFORM	115	74615	4084283.5	0.4759834978979049	0.524016502102095	0.001707828538251967	0.001538873277131005	1.1097915362049522	0.18632391442290658	0.572128429262222	False	-0.09129498859802002	1.680268644487053
ReplogleWeissman2022_K562_gwps	JUN	UNIFORM	212	74615	7631823.0	0.4824655242825119	0.5175344757174882	0.0033663974766373764	0.0028332019190933752	1.1881953961525706	0.18857921721007814	0.572128429262222	False	-0.20556319256963226	1.6682371099232172
ReplogleWeissman2022_K562_gwps	KAT5	UNIFORM	236	74615	8513452.0	0.4834677900226814	0.5165322099773186	0.0034654676025409055	0.003152930488570627	1.0991259132109716	0.18986562917994093	0.572128429262222	False	-0.15233730122065875	1.6614386718584515
ReplogleWeissman2022_K562_gwps	APC	UNIFORM	357	74615	12967669.5	0.4868190605331458	0.5131809394668543	0.00501683693653739	0.004761777730352665	1.0535638622019083	0.19471279757190707	0.5790143717269868	False	-0.07225639713315402	1.6362296390675926
ReplogleWeissman2022_K562_gwps	STAT3	UNIFORM	170	74615	6103901.0	0.4812075319975876	0.5187924680024124	0.002389567334786102	0.0022731831249582137	1.051198783129286	0.19827060447710565	0.5819370988548815	False	-0.01567247069336785	1.6181224920790347
ReplogleWeissman2022_K562_gwps	POLR2H	UNIFORM	43	74615	1486767.0	0.4633917676631515	0.5366082323368486	0.0008245824275735995	0.0005759597096091511	1.4316668576230183	0.20289152742784505	0.5878651948550383	False	-0.2664333826680033	1.595083790401014
ReplogleWeissman2022_K562_gwps	RBBP4	UNIFORM	141	74615	5064627.0	0.4813957036190031	0.5186042963809969	0.002047016861366313	0.0018861362298678366	1.0852964006262418	0.22226984665876387	0.6307470147232634	False	-0.02840300594152964	1.5038631097729367
ReplogleWeissman2022_K562_gwps	BCL6	UNIFORM	151	74615	5432978.5	0.4822085380449664	0.5177914619550336	0.002298277221577858	0.002019634593264318	1.1379668526390074	0.2246544733857756	0.6307470147232634	False	-0.05313782266970456	1.4931917309743696
ReplogleWeissman2022_K562_gwps	NFKBIA	UNIFORM	253	74615	9182343.5	0.48641490083879857	0.5135850991612014	0.0036772991441963443	0.003379280867660416	1.0881898510975965	0.22606419554240859	0.6307470147232634	False	-0.11308949657759436	1.4869362689721148
ReplogleWeissman2022_K562_gwps	GTF2H1	UNIFORM	201	74615	7273269.0	0.48496170891171697	0.515038291088283	0.003543015123273237	0.0026865911035072712	1.3187772112577638	0.2303783492040961	0.6349452063429966	False	-0.04354230922429476	1.4680323250442349
ReplogleWeissman2022_K562_gwps	SUPT4H1	UNIFORM	142	74615	5114448.0	0.48270775898438273	0.5172922410156172	0.002164988642765251	0.0018994876733951335	1.1397750420225483	0.2378710764444762	0.6433917562701827	False	-0.10813819923967992	1.4360264476921802
ReplogleWeissman2022_K562_gwps	ASF1B	UNIFORM	678	74615	24898677.0	0.49217600200201744	0.5078239979979826	0.00905697356402232	0.009004821165314173	1.005791608489576	0.23913675896767855	0.6433917562701827	False	-0.05031948411209407	1.430719677448319
ReplogleWeissman2022_K562_gwps	GTF2H5	UNIFORM	97	74615	3476473.0	0.4803314056831943	0.5196685943168057	0.0013856564961744193	0.0012983188778241783	1.0672697746616826	0.25122683461217343	0.6615223443166213	False	-0.15780954751053433	1.3813990244081469
ReplogleWeissman2022_K562_gwps	RUNX3	UNIFORM	253	74615	9209184.0	0.48783671860742855	0.5121632813925714	0.003591064100615224	0.003379280867660416	1.0626710951970775	0.2517297416426081	0.6615223443166213	False	-0.0770275458199123	1.3793992207599581
ReplogleWeissman2022_K562_gwps	SUPT16H	UNIFORM	100	74615	3591488.5	0.4813359914226362	0.5186640085773638	0.001650982032224449	0.0013384193267750785	1.2335312253764972	0.2590962418464042	0.6656555946236233	False	-0.1608500882839768	1.3505556961645608
ReplogleWeissman2022_K562_gwps	NR1H4	UNIFORM	161	74615	5830157.0	0.48532004663275624	0.5146799533672437	0.002452996222136885	0.0021530972504546914	1.1392872391708555	0.2591933288799949	0.6656555946236233	False	-0.10228937751147552	1.3501810521809272
ReplogleWeissman2022_K562_gwps	NR4A1	UNIFORM	151	74615	5467819.0	0.4853008356805553	0.5146991643194446	0.0021781584938208205	0.002019634593264318	1.0784913771457447	0.2659564475397863	0.6753500802695698	False	0.01571429837737867	1.324422714659265
ReplogleWeissman2022_K562_gwps	HEY1	UNIFORM	156	74615	5658274.5	0.4861085624152702	0.5138914375847298	0.0021719926499237426	0.002086370384239879	1.0410388617144113	0.2735784469059004	0.6834057540939562	False	-0.048366999759828624	1.2961668722654547
ReplogleWeissman2022_K562_gwps	NPM1	UNIFORM	90	74615	3236848.0	0.48200734138950313	0.5179926586104968	0.0015101765218954667	0.0012047386386453383	1.2535304118688984	0.2772815138742594	0.6834057540939562	False	-0.11650828137050923	1.2827219932985732
ReplogleWeissman2022_K562_gwps	ATF2	UNIFORM	187	74615	6803032.0	0.48756751681806176	0.5124324831819382	0.0026499545771556175	0.0024999331568674637	1.0600101726224305	0.27820057246302643	0.6834057540939562	False	-0.10537940055157774	1.27941294175578
ReplogleWeissman2022_K562_gwps	STAT1	UNIFORM	126	74615	4564334.5	0.4854905445838904	0.5145094554161096	0.0019601001459883245	0.0016858217042854658	1.1626971826294712	0.28647558138803497	0.6858545805559533	False	-0.0883582911638939	1.2501019772169852
ReplogleWeissman2022_K562_gwps	SMAD4	UNIFORM	158	74615	5746270.0	0.4874193857582849	0.5125806142417151	0.0021441528504194656	0.002113062201596833	1.0147135511671816	0.2921143964480896	0.6858545805559533	False	-0.04416002644465802	1.2306097847773174
ReplogleWeissman2022_K562_gwps	POLR2E	UNIFORM	437	74615	16057351.0	0.4924547382896581	0.507545261710342	0.0058480503851270505	0.00582262964344721	1.0043658524131702	0.29294542608529794	0.6858545805559533	False	0.01476600972589552	1.2277689464079955
ReplogleWeissman2022_K562_gwps	RB1	UNIFORM	433	74615	15910610.0	0.492462075142003	0.507537924857997	0.00599892166170564	0.0057696407632448566	1.039739198308741	0.29398368872001335	0.6858545805559533	False	-0.08617443516019554	1.22423099372673
ReplogleWeissman2022_K562_gwps	VHL	UNIFORM	373	74615	13690228.0	0.4918987352232973	0.5081012647767027	0.005348000368333617	0.004974129194004374	1.0751631410739981	0.2943712137784401	0.6858545805559533	False	-0.012196291876299557	1.2229136761933117
ReplogleWeissman2022_K562_gwps	AGO1	UNIFORM	164	74615	5978564.0	0.48857010703726284	0.5114298929627371	0.0023876838928565233	0.0021931290870431538	1.0887110599019387	0.3062549775439046	0.7062614788257392	False	-0.08243076459191587	1.1833372640506956
ReplogleWeissman2022_K562_gwps	TRIM28	UNIFORM	57	74615	2047680.5	0.48146109090994593	0.5185389090900541	0.0010566831490546698	0.000763338332976216	1.3842920018633387	0.3139540213540932	0.7108810378369613	False	-0.17987005263299313	1.1585087326042487
ReplogleWeissman2022_K562_gwps	NCOA1	UNIFORM	186	74615	6797132.0	0.489763726195906	0.510236273804094	0.0025178512866677128	0.0024865977727570486	1.0125687854517829	0.3145491317862661	0.7108810378369613	False	-0.02038053343045631	1.156614993147094
ReplogleWeissman2022_K562_gwps	NFKB1	UNIFORM	318	74615	11693981.0	0.4928435992391973	0.5071564007608027	0.004314953377251933	0.00424379112006726	1.0167685579170411	0.32955776023621275	0.7364066510260594	False	-0.025823404708498796	1.1100036437824667
ReplogleWeissman2022_K562_gwps	E2F4	UNIFORM	155	74615	5666317.0	0.48994014435392	0.51005985564608	0.002225574938913264	0.002073023940082921	1.0735886334357725	0.3323605239144162	0.7364066510260594	False	-0.150296562316272	1.1015349838404196
ReplogleWeissman2022_K562_gwps	NCOA2	UNIFORM	200	74615	7341911.0	0.4919862628157877	0.5080137371842123	0.0025916801876364223	0.0026732607097507185	0.9694827661900947	0.34750618905600883	0.7590365183523944	False	-0.005178266833736317	1.0569728039027717
ReplogleWeissman2022_K562_gwps	NPAS2	UNIFORM	183	74615	6714367.0	0.49173128800703353	0.5082687119929664	0.0024526007528311916	0.002446589481002166	1.0024570006025544	0.34929114118871246	0.7590365183523944	False	-0.02507011955901231	1.0518494891035801
ReplogleWeissman2022_K562_gwps	RARA	UNIFORM	208	74615	7646466.5	0.49268723678988036	0.5073127632101196	0.0027571122421370265	0.0027798938828969702	0.9918048523722054	0.35757047741077364	0.7696278847127128	False	-0.0834874821159456	1.0284227966669786
ReplogleWeissman2022_K562_gwps	CDC6	UNIFORM	116	74615	4246642.0	0.49063838046801167	0.5093616195319883	0.0016724401079165705	0.001552234012658736	1.0774407043509762	0.3635253323106159	0.7719967256735721	False	-0.08223661328240153	1.0119062944488582
ReplogleWeissman2022_K562_gwps	ESR1	UNIFORM	175	74615	6431778.0	0.4925687481452408	0.5074312518547592	0.0025284676463940463	0.0023398850113651557	1.0805948301360613	0.36687552520052635	0.7719967256735721	False	-0.06023475690235481	1.0027326568491106
ReplogleWeissman2022_K562_gwps	HDAC5	UNIFORM	125	74615	4582842.0	0.49135878844736314	0.5086412115526369	0.0017025971496959346	0.0016724645437516724	1.0180168877461933	0.36891878925993715	0.7719967256735721	False	-0.022060254106273436	0.9971787424698981
ReplogleWeissman2022_K562_gwps	NCOA3	UNIFORM	85	74615	3106644.5	0.4898312514042674	0.5101687485957326	0.0011946192043153453	0.0011378848728246318	1.049859465439486	0.3727516164120699	0.7728611496250257	False	-0.10301584969497686	0.9868429888957999
ReplogleWeissman2022_K562_gwps	CDK7	UNIFORM	29	74615	1045447.5	0.48314566498831935	0.5168543350116805	0.00045206836534391785	0.00038851079792079737	1.1635927952666	0.3766229728544813	0.7737890169555708	False	-0.15662251234253552	0.9765106639438168
ReplogleWeissman2022_K562_gwps	POLR2A	UNIFORM	223	74615	8222146.5	0.49414477126078293	0.5058552287392171	0.00346493507961429	0.002979769635746546	1.1628197824581805	0.3811588269520361	0.776053107127569	False	-0.060500322435962275	0.9645391220805128
ReplogleWeissman2022_K562_gwps	NFYA	UNIFORM	127	74615	4669835.0	0.4928011034069378	0.5071988965930623	0.001734829504560596	0.001699178507398785	1.0209813136210084	0.38943538794035426	0.7858249792367863	False	0.009160614966254758	0.9430573120521094
ReplogleWeissman2022_K562_gwps	E2F1	UNIFORM	224	74615	8271791.0	0.4949090450024411	0.5050909549975588	0.0036421204090458853	0.002993091837143735	1.2168421843418973	0.39606463148839793	0.7866076685626742	False	-0.31633379631747194	0.9261778702158072
ReplogleWeissman2022_K562_gwps	PARP1	UNIFORM	258	74615	9536542.0	0.4953875371610443	0.5046124628389557	0.0033926573848613822	0.00344583494717722	0.9845675828555283	0.3988982971160653	0.7866076685626742	False	0.007156182981641565	0.9190487890293358
ReplogleWeissman2022_K562_gwps	CDK12	UNIFORM	54	74615	1974600.0	0.4900712546628247	0.5099287453371754	0.0007465388596046075	0.000723191685974099	1.0322835205151193	0.40026496409162626	0.7866076685626742	False	0.009922567879503796	0.9156285409419076
ReplogleWeissman2022_K562_gwps	DDIT3	UNIFORM	262	74615	9691325.5	0.4957420355790769	0.5042579644209231	0.0036335661243514106	0.003499071811103543	1.0384371400498495	0.40581193944708865	0.7886027772090635	False	-0.0653987928198697	0.9018654300245013
ReplogleWeissman2022_K562_gwps	E2F5	UNIFORM	52	74615	1905034.0	0.49099067520966605	0.509009324790334	0.0008214070589242638	0.0006964254623863286	1.1794615551672694	0.4110011990512044	0.7886027772090635	False	0.16453264508378884	0.8891591470906339
ReplogleWeissman2022_K562_gwps	GATA2	UNIFORM	327	74615	12112781.5	0.496443681028464	0.503556318971536	0.004491260043860294	0.004363374342825118	1.0293088997155297	0.411936116813034	0.7886027772090635	False	0.031805586701218094	0.886886997934122
ReplogleWeissman2022_K562_gwps	RUNX2	UNIFORM	152	74615	5615402.5	0.49512078670508614	0.5048792132949139	0.002115081876918596	0.0020329824655262348	1.0403837282340307	0.41719593219714124	0.7886027772090635	False	0.02560882754684829	0.8741993061495991
ReplogleWeissman2022_K562_gwps	EP300	UNIFORM	95	74615	3503868.0	0.4943083971404085	0.5056916028595915	0.0013569953933801311	0.0012715834560299826	1.0671697456782063	0.4238535779061798	0.7886027772090635	False	-0.028378716180650996	0.8583672185190201
ReplogleWeissman2022_K562_gwps	TNRC6C	UNIFORM	235	74615	8703911.0	0.4963870421354442	0.5036129578645558	0.003136696440612416	0.003139612558450234	0.9990711854461247	0.42404444041347744	0.7886027772090635	False	-0.03370248146732975	0.8579170169466669
ReplogleWeissman2022_K562_gwps	HDAC3	UNIFORM	140	74615	5180792.0	0.4959546625056241	0.5040453374943759	0.0019432778115361727	0.0018727844291351748	1.0376409485813327	0.4342055197027067	0.7886027772090635	False	-0.033542876596332316	0.8342373092679713
ReplogleWeissman2022_K562_gwps	RELA	UNIFORM	184	74615	6817933.0	0.4966023412940049	0.5033976587059952	0.0027107743979550483	0.002459925934838701	1.1019739901773893	0.4366553837334356	0.7886027772090635	False	-0.0646983739303766	0.8286109905672683
ReplogleWeissman2022_K562_gwps	AKT1	UNIFORM	228	74615	8461403.0	0.4973720654917465	0.5026279345082535	0.0031112691611185268	0.0030463770826931044	1.0213013939719031	0.445415843678867	0.7886027772090635	False	0.07590136027186614	0.8087469529934463
ReplogleWeissman2022_K562_gwps	NFYC	UNIFORM	27	74615	992092.0	0.4924498847168552	0.5075501152831448	0.0004158180821009872	0.00036172664183703544	1.1495367883030327	0.44596118940097373	0.7886027772090635	False	-0.26199945055390444	0.8075233500287982
ReplogleWeissman2022_K562_gwps	CCNH	UNIFORM	87	74615	3219901.0	0.496017641517645	0.5039823584823551	0.00134628634852874	0.0011646274530802388	1.155980262158551	0.4488361861960264	0.7886027772090635	False	-0.026365287207358822	0.8010972992449509
ReplogleWeissman2022_K562_gwps	HES1	UNIFORM	239	74615	8877034.5	0.49778735865027646	0.5022126413497235	0.0033322569397913953	0.003192882143906805	1.0436517195445403	0.4528795027850334	0.7886027772090635	False	-0.026795312870142335	0.7921291871499513
ReplogleWeissman2022_K562_gwps	FOSL2	UNIFORM	87	74615	3222179.5	0.4963686387055082	0.5036313612944918	0.0013816651698242083	0.0011646274530802388	1.1863580634046897	0.45332538613409584	0.7886027772090635	False	-0.06437466614990486	0.7911451196603648
ReplogleWeissman2022_K562_gwps	NR1I2	UNIFORM	133	74615	4933593.5	0.4971478653075764	0.5028521346924236	0.0018053966568983796	0.0017793118210520683	1.0146600699987975	0.45463788617305945	0.7886027772090635	False	0.04407992418902715	0.7882540314562629
ReplogleWeissman2022_K562_gwps	MYBL2	UNIFORM	62	74615	2294492.5	0.4959853052119158	0.5040146947880842	0.0009234712100033337	0.0008302422432609772	1.1122912830551444	0.4564197379019781	0.7886027772090635	False	-0.1022086307631305	0.7843424149924888
ReplogleWeissman2022_K562_gwps	LEF1	UNIFORM	197	74615	7319779.0	0.4979727746254802	0.5020272253745197	0.002714548140041122	0.0026332673902582475	1.0308668804708447	0.4607940291201019	0.7886027772090635	False	0.07023550912350068	0.7748041273230742
ReplogleWeissman2022_K562_gwps	TAF9	UNIFORM	152	74615	5646475.0	0.4978605085050628	0.5021394914949372	0.0020125211473212582	0.0020329824655262348	0.989935319880056	0.4636355898190209	0.7886027772090635	False	0.04258325332733477	0.7686564020872813
ReplogleWeissman2022_K562_gwps	ETS1	UNIFORM	350	74615	13021217.0	0.4986058720479413	0.5013941279520586	0.005259254626097861	0.004668845461215234	1.1264572087012175	0.4640892449947144	0.7886027772090635	False	-0.0718318296602388	0.7676784068998533
ReplogleWeissman2022_K562_gwps	MTA1	UNIFORM	143	74615	5319108.0	0.49851316009595176	0.5014868399040482	0.002064782332677896	0.0019128387597314	1.0794335498345045	0.4754683528752317	0.8019093115656892	False	-0.044092018941834246	0.7434549546790467
ReplogleWeissman2022_K562_gwps	MLXIPL	UNIFORM	288	74615	10726488.5	0.4991590395511775	0.5008409604488224	0.004073740686092769	0.003844972831528777	1.0594979118416898	0.48032349478406755	0.8040971097866612	False	-0.07440635155027828	0.7332954546140018
ReplogleWeissman2022_K562_gwps	TP53BP2	UNIFORM	235	74615	8758477.0	0.49949895990909365	0.5005010400909063	0.0030825898032116527	0.003139612558450234	0.9818376458314562	0.4893892676011733	0.8060095249236381	False	0.0055743911781174355	0.7145970579214767
ReplogleWeissman2022_K562_gwps	NFATC2	UNIFORM	278	74615	10362493.0	0.4995665037359645	0.5004334962640354	0.0037034403929023015	0.0037119623996902246	0.9977041775022737	0.4900314626972124	0.8060095249236381	False	-0.015130466636106532	0.7132856803526642
ReplogleWeissman2022_K562_gwps	FOXO4	UNIFORM	293	74615	10923841.5	0.499668102859754	0.500331897140246	0.004240557812848796	0.003911464730068885	1.0841355107333706	0.4921651081392126	0.8060095249236381	False	-0.035519944043717486	0.7089410331372922
ReplogleWeissman2022_K562_gwps	WT1	UNIFORM	281	74615	10481718.0	0.49991942028391056	0.5000805797160894	0.0037422941986134544	0.003751869258705405	0.9974479227734993	0.4981373540247435	0.8088087859476941	False	-0.006740524668264896	0.6968794286917612
ReplogleWeissman2022_K562_gwps	POLR2D	UNIFORM	332	74615	12387107.0	0.5000410541179662	0.4999589458820338	0.0044196065519846225	0.004429797056586655	0.9976995549746731	0.5010319912950317	0.8088087859476941	False	0.02046002338962072	0.6910853250556055
ReplogleWeissman2022_K562_gwps	FOS	UNIFORM	400	74615	14937383.0	0.5004819071232326	0.49951809287676746	0.005441952361070873	0.005332266879957342	1.0205701409143288	0.5132820464001481	0.8227073935208048	False	-0.02802722008389265	0.6669297868439706
ReplogleWeissman2022_K562_gwps	FOXO1	UNIFORM	184	74615	6880169.0	0.5011354664087242	0.49886453359127575	0.0025826140028146136	0.002459925934838701	1.0498746999811428	0.5212497888084494	0.8289689877573613	False	0.04273814441396813	0.6515259110328542
ReplogleWeissman2022_K562_gwps	CDK9	UNIFORM	299	74615	11181316.5	0.5011821665598007	0.4988178334401993	0.00397759974529981	0.0039912432923085136	0.9965816298307356	0.52817046576522	0.8289689877573613	False	-0.008809287193246	0.6383361955532443
ReplogleWeissman2022_K562_gwps	ELOB	UNIFORM	396	74615	14807479.0	0.5011408394742844	0.4988591605257155	0.005457886298010411	0.005279225713562011	1.0338421946971186	0.5312610936771716	0.8289689877573613	False	0.03897442449769639	0.6325016767456886
ReplogleWeissman2022_K562_gwps	FANCI	UNIFORM	20	74615	754075.5	0.5053109294377806	0.49468907056221934	0.0002831358217815304	0.00026797079118376095	1.0565921029332261	0.5327876755654334	0.8289689877573613	False	-0.0606104220346248	0.6296322914697524
ReplogleWeissman2022_K562_gwps	CREB1	UNIFORM	196	74615	7339196.0	0.5018411519268299	0.4981588480731702	0.0025183339592594707	0.002619935570972183	0.9612198052355116	0.5355286381087379	0.8289689877573613	False	0.11548981888732	0.6245009113296396
ReplogleWeissman2022_K562_gwps	MDC1	UNIFORM	179	74615	6709199.5	0.5023327943779933	0.4976672056220068	0.0025173248768689633	0.0023932400994732196	1.0518480270421076	0.5430017826223945	0.8348190671609602	False	0.016372402942945452	0.61064267613942
ReplogleWeissman2022_K562_gwps	NFYB	UNIFORM	89	74615	3346482.0	0.5039324713303572	0.4960675286696427	0.001273143597808647	0.0011913686014135788	1.0686395430415412	0.5510993122777956	0.8392270941569527	False	0.1362750550244088	0.5958402460019177
ReplogleWeissman2022_K562_gwps	TCF4	UNIFORM	159	74615	5969372.0	0.5031591519907012	0.4968408480092989	0.002099024199150386	0.002126407574825474	0.9871222356432137	0.5548197145373066	0.8392270941569527	False	-0.0061816268398847615	0.5891120566787319
ReplogleWeissman2022_K562_gwps	SOX2	UNIFORM	7	74615	269324.0	0.5156450732809373	0.4843549267190626	9.755029621353001e-05	9.380611615877355e-05	1.0399140291494338	0.5570091332900129	0.8392270941569527	False	-0.016428477575102636	0.5851736419002155
ReplogleWeissman2022_K562_gwps	BRCA1	UNIFORM	195	74615	7334968.0	0.5041241106053811	0.4958758893946188	0.0026757288956926503	0.002606603395268012	1.0265193778808572	0.578961715783133	0.8534806015070802	False	-0.06526499729684003	0.546518924867904
ReplogleWeissman2022_K562_gwps	MOV10	UNIFORM	142	74615	5349071.5	0.5048518073528621	0.49514819264713794	0.0018195915241467815	0.0018994876733951335	0.9579380533143729	0.5792952917557433	0.8534806015070802	False	0.022607365138263898	0.5459429283841155
ReplogleWeissman2022_K562_gwps	TP73	UNIFORM	194	74615	7297931.0	0.504164055899321	0.495835944100679	0.0026268678034051625	0.0025932708631314413	1.0129554304378185	0.5795149042702861	0.8534806015070802	False	0.07521538688354114	0.5455638973436137
ReplogleWeissman2022_K562_gwps	FOXO3	UNIFORM	379	74615	14226112.0	0.5030612553411824	0.49693874465881765	0.004990955032955607	0.005053737632343921	0.9875769966793477	0.581575277133143	0.8534806015070802	False	-0.01299559533146453	0.5420148620343821
ReplogleWeissman2022_K562_gwps	POLE3	UNIFORM	129	74615	4870018.0	0.5059582861271842	0.49404171387281587	0.0016813640077905589	0.001725891041421385	0.9742005534751746	0.5926106880321591	0.8598056075062562	False	0.03787130381177345	0.5232176081764952
ReplogleWeissman2022_K562_gwps	YBX1	UNIFORM	154	74615	5808647.5	0.5055081452756183	0.4944918547243817	0.002266965160942205	0.0020596771389212107	1.1006410267434268	0.5934941361547609	0.8598056075062562	False	0.00562761496927032	0.5217279450911456
ReplogleWeissman2022_K562_gwps	TGS1	UNIFORM	370	74615	13910192.5	0.5038546520788697	0.49614534792113024	0.004730254431367173	0.004934320197372808	0.9586435906380201	0.6011069482032605	0.8604711934747354	False	0.02438835926356188	0.5089824098568291
ReplogleWeissman2022_K562_gwps	MED1	UNIFORM	179	74615	6755423.5	0.5057936887942837	0.49420631120571634	0.002841070537989991	0.0023932400994732196	1.187123071611304	0.6057256869428614	0.8604711934747354	False	-0.056776304025108845	0.5013280572055673
ReplogleWeissman2022_K562_gwps	LIN37	UNIFORM	210	74615	7921276.5	0.505533261217105	0.49446673878289504	0.0029662235258947484	0.00280654861343134	1.0568936920241645	0.6092587278372064	0.8604711934747354	False	0.03167109956368439	0.49551226103621177
ReplogleWeissman2022_K562_gwps	NELFB	UNIFORM	216	74615	8148251.0	0.5055737352979864	0.4944262647020136	0.0032492894722381867	0.0028865042562574335	1.1256832430419248	0.6115544558931846	0.8604711934747354	False	0.0725470439334511	0.4917512748465716
ReplogleWeissman2022_K562_gwps	TCF7L2	UNIFORM	184	74615	6948573.5	0.5061178906794006	0.49388210932059934	0.002487194926409908	0.002459925934838701	1.011085289676819	0.6129905404842142	0.8604711934747354	False	0.04784302400603295	0.4894057746752468
ReplogleWeissman2022_K562_gwps	PPARD	UNIFORM	90	74615	3419084.5	0.5091446462209713	0.49085535377902867	0.001166008990814843	0.0012047386386453383	0.9678522406535872	0.6180422713906691	0.8622071193474767	False	0.07995166139976329	0.4811984235551146
ReplogleWeissman2022_K562_gwps	CLOCK	UNIFORM	183	74615	6921179.0	0.5068773071530395	0.4931226928469605	0.002437271687154609	0.002446589481002166	0.9961915172447564	0.6262355848470591	0.8633938227040122	False	0.043675148535138764	0.4680286450562744
ReplogleWeissman2022_K562_gwps	ZNF382	UNIFORM	186	74615	7035948.0	0.5069714858856107	0.4930285141143893	0.0024848101291086683	0.0024865977727570486	0.9992810885347178	0.6289040222567113	0.8633938227040122	False	0.08099520190537296	0.46377662175157147
ReplogleWeissman2022_K562_gwps	TNRC6B	UNIFORM	85	74615	3237262.0	0.5104259906736935	0.48957400932630646	0.0011908413844355164	0.0011378848728246318	1.0465394284392127	0.6303538971069116	0.8633938227040122	False	0.014696864065839116	0.4614738758746773
ReplogleWeissman2022_K562_gwps	XBP1	UNIFORM	269	74615	10160036.0	0.5061938022866825	0.4938061977133174	0.0034547351920668832	0.0035922226376796113	0.9617263573335928	0.637307234376276	0.867659246801436	False	0.07688498716756867	0.45050342512381325
ReplogleWeissman2022_K562_gwps	ATM	UNIFORM	156	74615	5930895.0	0.5095296882973623	0.49047031170263766	0.0021796995837803732	0.002086370384239879	1.0447328049925786	0.659788574321435	0.879855710281378	False	0.01341395390629723	0.4158358372193242
ReplogleWeissman2022_K562_gwps	GTF2F1	UNIFORM	80	74615	3064826.5	0.5134400757220398	0.4865599242779602	0.0010380596010479757	0.0010710221567708682	0.9692232737534818	0.6613702412826912	0.879855710281378	False	0.05526232729055908	0.41344147297149286
ReplogleWeissman2022_K562_gwps	AGO2	UNIFORM	42	74615	1625679.0	0.5187514957735423	0.48124850422645776	0.0006028988166848878	0.0005625728330899983	1.0716813561248493	0.663068819405631	0.879855710281378	False	0.17128415775320432	0.41087649417462946
ReplogleWeissman2022_K562_gwps	RUVBL2	UNIFORM	5	74615	207143.0	0.5552315218119681	0.4447684781880319	6.823187690666554e-05	6.700616456714018e-05	1.0182925309550765	0.6656069864391176	0.879855710281378	False	0.524850473584117	0.40705589307722434
ReplogleWeissman2022_K562_gwps	FOXA2	UNIFORM	85	74615	3260514.0	0.5140921830100398	0.4859078169899602	0.0011584721206967816	0.0011378848728246318	1.0180925578358775	0.6735769682627177	0.879855710281378	False	0.07295184577193581	0.39515300864760966
ReplogleWeissman2022_K562_gwps	SMAD3	UNIFORM	146	74615	5566022.0	0.5109353126873201	0.48906468731268005	0.001937405568267192	0.0019528898757373498	0.9920710800631749	0.6762615239182989	0.879855710281378	False	-0.012875106555151146	0.39117540805233536
ReplogleWeissman2022_K562_gwps	HDAC1	UNIFORM	161	74615	6134522.0	0.5106563173358228	0.48934368266417716	0.0021239671165886433	0.0021530972504546914	0.9864705907455428	0.6800674832701524	0.879855710281378	False	0.011932657224158412	0.3855632456327926
ReplogleWeissman2022_K562_gwps	MNAT1	UNIFORM	120	74615	4587506.0	0.5123529674551587	0.4876470325448413	0.0015864652203917524	0.0016056733792734327	0.9880373187164802	0.6802538505002003	0.879855710281378	False	0.10242330968045699	0.38528924091554345
ReplogleWeissman2022_K562_gwps	TBL1X	UNIFORM	106	74615	4059197.0	0.5132253745326639	0.4867746254673361	0.0013611247299010172	0.001418610564633771	0.959477367386169	0.6813042004391201	0.879855710281378	False	0.04222380438842327	0.38374637589182675
ReplogleWeissman2022_K562_gwps	FANCD2	UNIFORM	141	74615	5387644.0	0.5120986548918015	0.4879013451081984	0.0017831216642844553	0.0018861362298678366	0.9453832846471542	0.690485059320393	0.8866455875364136	False	0.09569385945737832	0.3703609438464017
ReplogleWeissman2022_K562_gwps	E2F2	UNIFORM	213	74615	8110054.0	0.5102911062389436	0.4897088937610563	0.0028203565248230084	0.0028465280376329715	0.9908058123918126	0.6983091146852307	0.8910180394627939	False	0.06588528836421609	0.3590934165370704
ReplogleWeissman2022_K562_gwps	CREB5	UNIFORM	363	74615	13760416.5	0.5080410570404661	0.4919589429595339	0.004891357915957585	0.00484142014991064	1.0103146937263576	0.7017752700193687	0.8910180394627939	False	0.005031702328298172	0.35414205438582685
ReplogleWeissman2022_K562_gwps	CCND1	UNIFORM	310	74615	11780487.5	0.5093020516068506	0.4906979483931493	0.0041157388799297305	0.004137470804137471	0.9947475341249518	0.714378832200114	0.8981778257139823	False	0.03852436526948817	0.33634188003784193
ReplogleWeissman2022_K562_gwps	POLR2B	UNIFORM	166	74615	6351160.5	0.5127655700870897	0.4872344299129103	0.0023210855409813765	0.002219815193698934	1.0456210713260743	0.7153628700376851	0.8981778257139823	False	0.03275831739707454	0.3349653544858317
ReplogleWeissman2022_K562_gwps	GABPB1	UNIFORM	153	74615	5872100.5	0.5143703254046151	0.48562967459538486	0.00219130776212474	0.0020463299807404237	1.0708477043041997	0.730760935973434	0.9046582954203909	False	0.004650342470295846	0.31366890969265776
ReplogleWeissman2022_K562_gwps	HDAC7	UNIFORM	48	74615	1883806.0	0.5259794724027788	0.4740205275972213	0.0006641460377631192	0.0006428887132850274	1.0330653253647453	0.7335079324106141	0.9046582954203909	False	-0.0015843857699472785	0.309916866991845
ReplogleWeissman2022_K562_gwps	PPARG	UNIFORM	121	74615	4662352.5	0.5164087494870362	0.4835912505129638	0.0016000358531176235	0.0016190323271248128	0.988266772880981	0.7339321194139183	0.9046582954203909	False	0.11763851318578795	0.30933873500670295
ReplogleWeissman2022_K562_gwps	KLF4	UNIFORM	458	74615	17379384.0	0.5085606550306128	0.49143934496938724	0.005874165690951448	0.0061007286241391715	0.9628629714340569	0.7365359573334156	0.9046582954203909	False	-0.009551586435738758	0.30579722236568235
ReplogleWeissman2022_K562_gwps	LMO2	UNIFORM	271	74615	10343865.0	0.5115491997914016	0.4884508002085985	0.0037284586129024615	0.003618833960953983	1.0302928106487592	0.7445488757500899	0.9095570049703801	False	0.08495599492851051	0.29497677991940885
ReplogleWeissman2022_K562_gwps	PPARA	UNIFORM	283	74615	10805591.0	0.5117241888810145	0.48827581111898566	0.0036886850374362387	0.00377847205532858	0.9762372153141322	0.7523597795442036	0.9141575815967206	False	0.060154955971941315	0.28454063919860484
ReplogleWeissman2022_K562_gwps	FOXA1	UNIFORM	238	74615	9117085.0	0.513396499791366	0.4866035002086341	0.0032787801004882182	0.003179565281284651	1.0312038943774984	0.7626298058032328	0.9216809417728911	False	0.0193663233567907	0.27098254787027054
ReplogleWeissman2022_K562_gwps	RXRA	UNIFORM	92	74615	3591941.0	0.5232572131142764	0.4767427868857235	0.0013318003904475484	0.001231477639310908	1.0814653453170109	0.780024801355838	0.9333724408560737	False	0.14093813095216795	0.24842956319395246
ReplogleWeissman2022_K562_gwps	NANOG	UNIFORM	254	74615	9742290.5	0.5140450902559649	0.4859549097440351	0.0032833737216734576	0.0033925923947161042	0.9678067211337404	0.780563678415035	0.9333724408560737	False	-0.0008961674452819118	0.24773895566019208
ReplogleWeissman2022_K562_gwps	MYCN	UNIFORM	219	74615	8435804.0	0.516245432795504	0.48375456720449594	0.0028718104080054855	0.002926477269690248	0.9813199090076826	0.7971777509323665	0.9478530748557328	False	0.07136789034718555	0.2266776000490594
ReplogleWeissman2022_K562_gwps	IRF1	UNIFORM	273	74615	10486376.0	0.5147977444164538	0.48520225558354624	0.003542886904267282	0.003645443862835167	0.971867086032118	0.8010616694577211	0.9478530748557328	False	-0.0054656454795162165	0.2218173442934793
ReplogleWeissman2022_K562_gwps	CHD9	UNIFORM	183	74615	7080988.0	0.5185810292470383	0.4814189707529617	0.002409683306637304	0.002446589481002166	0.9849152566658855	0.8077582666585927	0.9507987930460519	False	0.14040545497718643	0.21349244015027247
ReplogleWeissman2022_K562_gwps	CCNT2	UNIFORM	306	74615	11789982.5	0.5163754550045353	0.4836245449954647	0.003881832752790879	0.004084302131578596	0.9504274237642009	0.8389913700839715	0.9741417727909523	False	0.1474083181115938	0.1755548585225736
ReplogleWeissman2022_K562_gwps	MECP2	UNIFORM	102	74615	4027202.5	0.5291479923739247	0.47085200762607526	0.0014663063366969322	0.0013651511704163711	1.074098142735144	0.8459134594836275	0.9741417727909523	False	0.11493950129590373	0.16733821836285412
ReplogleWeissman2022_K562_gwps	CCNK	UNIFORM	726	74615	27682186.5	0.5110196806416187	0.4889803193583812	0.009104906011701348	0.009636187467647097	0.9448660107818062	0.8469960804731227	0.9741417727909523	False	0.060549192636623894	0.1660592118813769
ReplogleWeissman2022_K562_gwps	ELL	UNIFORM	121	74615	4760049.0	0.5272297518445929	0.47277024815540714	0.0016108512311072544	0.0016190323271248128	0.9949469223804277	0.8500743930605725	0.9741417727909523	False	0.09491670259006839	0.16243141207980347
ReplogleWeissman2022_K562_gwps	NR3C1	UNIFORM	157	74615	6139494.0	0.5240910986375497	0.47590890136245034	0.001993077066245362	0.002099716471406409	0.9492124738681413	0.851889653909808	0.9741417727909523	False	0.1619648475703181	0.16029827473087452
ReplogleWeissman2022_K562_gwps	TP53	UNIFORM	219	74615	8505960.0	0.5205387656637406	0.4794612343362594	0.0031042597840311255	0.002926477269690248	1.0607496651971928	0.8534516416487105	0.9741417727909523	False	0.15008991208973663	0.1584663972295471
ReplogleWeissman2022_K562_gwps	GLI2	UNIFORM	226	74615	8803792.5	0.5220777869167923	0.4779222130832077	0.00284983755837522	0.0030197351718977564	0.9437375783467249	0.8748880091947877	0.9935914074272463	False	-0.006527798609739151	0.13365939030754775
ReplogleWeissman2022_K562_gwps	EZH2	UNIFORM	196	74615	7672899.0	0.5246591687670177	0.4753408312329823	0.0024797480079780066	0.002619935570972183	0.9464919807389932	0.883825972091805	0.9954610858195413	False	0.08765369007931631	0.12349509987432569
ReplogleWeissman2022_K562_gwps	ATF3	UNIFORM	306	74615	11875099.0	0.520103371599483	0.47989662840051706	0.0038382643733637432	0.004084302131578596	0.939760147440474	0.8882733447193938	0.9954610858195413	False	0.09758905914655354	0.11847576272706901
ReplogleWeissman2022_K562_gwps	KAT2B	UNIFORM	154	74615	6077587.0	0.5289130958835442	0.47108690411645576	0.002021951135917753	0.0020596771389212107	0.9816835355937302	0.8928426002891323	0.9954610858195413	False	0.13175065090641846	0.11334497311582062
ReplogleWeissman2022_K562_gwps	TP63	UNIFORM	149	74615	5891209.0	0.5298976805768493	0.47010231942315067	0.0018083650678930715	0.0019929377775399926	0.9073866170198496	0.8966962444206596	0.9954610858195413	False	0.22547987546474552	0.1090381092556563
ReplogleWeissman2022_K562_gwps	RAD51D	UNIFORM	362	74615	14028399.0	0.5193658570718269	0.48063414292817314	0.004608443376342889	0.004828147298504875	0.9544951906852509	0.8985577942795859	0.9954610858195413	False	0.17175425283887644	0.1069642517558379
ReplogleWeissman2022_K562_gwps	SP3	UNIFORM	145	74615	5769339.0	0.5332512876443907	0.4667487123556094	0.0018760803276019844	0.0019395398608881755	0.9672811399415473	0.9170758621037403	0.9984915547777272	False	0.14343604140577143	0.08656508157198471
ReplogleWeissman2022_K562_gwps	NFKB2	UNIFORM	253	74615	9929538.0	0.5259959226797694	0.4740040773202307	0.003067802659602871	0.003379280867660416	0.9078270731982124	0.9236468361862733	0.9984915547777272	False	0.14341243840481493	0.07942549232166354
ReplogleWeissman2022_K562_gwps	MCM5	UNIFORM	168	74615	6665620.0	0.5317470954072173	0.4682529045927827	0.002046106521946485	0.002246499872965781	0.9107975239924047	0.9248554257768289	0.9984915547777272	False	0.23025345813461742	0.07811785014275831
ReplogleWeissman2022_K562_gwps	PML	UNIFORM	161	74615	6400484.0	0.5327958052162592	0.46720419478374076	0.0019953791400413655	0.0021530972504546914	0.9267482644455475	0.9251697470236895	0.9984915547777272	False	0.2772927884052666	0.07777804800978601
ReplogleWeissman2022_K562_gwps	KAT2A	UNIFORM	104	74615	4218477.0	0.543620972273053	0.45637902772694705	0.001376658028701857	0.001391881582997631	0.9890626081401352	0.9382099671462272	0.9984915547777272	False	0.24589553188660812	0.0637815094539235
ReplogleWeissman2022_K562_gwps	JUND	UNIFORM	135	74615	5423794.0	0.5384473879494988	0.46155261205050124	0.0015692362518456076	0.001806020066889632	0.8688919246330309	0.938956352430929	0.9984915547777272	False	0.20131829094760254	0.06298628388839826
ReplogleWeissman2022_K562_gwps	SREBF1	UNIFORM	126	74615	5077714.0	0.5400967293482203	0.4599032706517797	0.001684323309735492	0.0016858217042854658	0.9991111785154001	0.9403615533932735	0.9984915547777272	False	0.4229467246318272	0.061490846400292114
ReplogleWeissman2022_K562_gwps	STAT4	UNIFORM	112	74615	4534626.0	0.5426218875944132	0.4573781124055868	0.0013651524725348033	0.0014987889250204075	0.9108370429920379	0.9407811197548602	0.9984915547777272	False	0.14601274716037263	0.061044770326921474
ReplogleWeissman2022_K562_gwps	USF1	UNIFORM	160	74615	6395698.0	0.5357248877571534	0.4642751122428466	0.0019637817423328024	0.002139752591106653	0.9177611236433456	0.9410561998568845	0.9984915547777272	False	0.2540910731256569	0.060752417634032725
ReplogleWeissman2022_K562_gwps	TWIST2	UNIFORM	230	74615	9133491.5	0.5322097783112733	0.4677902216887268	0.0027884742689616793	0.003073017569643931	0.9074058985236386	0.9544431703800316	0.99999988097155	False	0.13323061321988028	0.046627176216349805
ReplogleWeissman2022_K562_gwps	HDAC2	UNIFORM	97	74615	4025186.5	0.5561451188264708	0.4438548811735292	0.0011200840017148031	0.0012983188778241783	0.8627187209908904	0.9722075130440209	0.99999988097155	False	0.27786090241874906	0.02818600652158314
ReplogleWeissman2022_K562_gwps	ARNTL	UNIFORM	265	74615	10575831.5	0.5348629379241111	0.4651370620758889	0.0032432444017623315	0.0035389957264957265	0.9164307200149562	0.9752005231081475	0.99999988097155	False	0.19679527987680756	0.02511216440407525
ReplogleWeissman2022_K562_gwps	GTF2H4	UNIFORM	146	74615	5994130.0	0.5502336652349641	0.44976633476503586	0.0017527665021232614	0.0019528898757373498	0.8975244963372406	0.9821649081437204	0.99999988097155	False	0.3924541300809433	0.01799605382656743
ReplogleWeissman2022_K562_gwps	TNRC6A	UNIFORM	370	74615	14693056.5	0.5322115327147827	0.4677884672852173	0.004990117607614921	0.004934320197372808	1.0113080238027157	0.983865005452131	0.99999988097155	False	0.14678107850608474	0.016266580922402712
ReplogleWeissman2022_K562_gwps	CCNT1	UNIFORM	165	74615	6793706.0	0.5518190143748007	0.44818098562519937	0.001914199869425449	0.002206472318801819	0.8675385832462732	0.9893679056273335	0.99999988097155	False	0.3135340956238273	0.010689018932434157
ReplogleWeissman2022_K562_gwps	SIRT1	UNIFORM	179	74615	7361726.0	0.551188915015141	0.44881108498485894	0.0021351847752876327	0.0023932400994732196	0.8921732406863867	0.9910956905246349	0.99999988097155	False	0.3221418456406349	0.008944189753042371
ReplogleWeissman2022_K562_gwps	TWIST1	UNIFORM	191	74615	7845935.0	0.5505353309291361	0.449464669070864	0.0022922700920628147	0.0025532711279843863	0.8977777827583817	0.9921596911064784	0.99999988097155	False	0.205683219017883	0.007871205715000867
ReplogleWeissman2022_K562_gwps	CBFB	UNIFORM	153	74615	6366508.5	0.5576783041836986	0.4423216958163015	0.0017582811260588899	0.0020463299807404237	0.8592363610011181	0.9932239480000812	0.99999988097155	False	0.2984461982653412	0.006799113677395349
ReplogleWeissman2022_K562_gwps	EGR1	UNIFORM	373	74615	14980384.0	0.5382548736777297	0.4617451263222702	0.0044359254430235175	0.004974129194004374	0.8917994024703687	0.9946596187938312	0.99999988097155	False	0.19682630494922213	0.005354692014736994
ReplogleWeissman2022_K562_gwps	ELOA	UNIFORM	202	74615	8332760.0	0.55285515149384	0.4471448485061601	0.002300234187743436	0.0026999211409171713	0.8519634714079241	0.9953235728684715	0.99999988097155	False	0.2740726634790532	0.004687395826448096
ReplogleWeissman2022_K562_gwps	DNMT1	UNIFORM	495	74615	20282418.0	0.5491467106906361	0.45085328930936375	0.005988255856722836	0.006590334176541073	0.9086422169665702	0.9999200872030848	0.99999988097155	False	0.21193753939314736	7.991599011289058e-05
ReplogleWeissman2022_K562_gwps	STAT5A	UNIFORM	470	74615	19954872.0	0.5690166115135711	0.4309833884864289	0.005598532646980452	0.0062595724845175464	0.8943953697841005	0.99999988097155	0.99999988097155	False	0.37897675783731466	1.1902845706912328e-07
ReplogleWeissman2022_rpe1	RUVBL1	CORRELATION	111	11413	136831.0	0.10800943763355049	0.8919905623664494	0.09910563445319281	0.009632072197153766	10.289129112059406	2.7147146506044676e-46	2.171771720483574e-44	True	-4.226911699170863	104.9202274309302
ReplogleWeissman2022_rpe1	RUVBL2	CORRELATION	60	11413	48646.0	0.07103887379888431	0.9289611262011157	0.06747835426097756	0.005229669659199861	12.902985973936593	8.354682019168751e-31	3.3418728076675004e-29	True	-4.5868224753653255	69.25731578023932
ReplogleWeissman2022_rpe1	ATR	CORRELATION	155	11413	423412.0	0.23934901626046132	0.7606509837395387	0.03327958335631116	0.013399031811894882	2.483730453327791	2.6079861522709907e-29	6.9546297393893085e-28	True	-1.5511057573545282	65.81638936248906
ReplogleWeissman2022_rpe1	POLR2I	CORRELATION	142	11413	445262.5	0.2747438367169635	0.7252561632830365	0.03095748722224368	0.012289052358286456	2.5191110200917306	1.1689908765502872e-20	2.337981753100574e-19	True	-1.3517697000584576	45.89556098191221
ReplogleWeissman2022_rpe1	NELFCD	CORRELATION	104	11413	304771.0	0.2567677547196517	0.7432322452803484	0.02277782958016191	0.009030129373968916	2.5224256084108143	5.97545663446654e-18	7.574349314543447e-17	True	-1.5322823283387823	39.65887115481693
ReplogleWeissman2022_rpe1	NELFB	CORRELATION	145	11413	486497.0	0.29397631859615625	0.7060236814038439	0.02891017433108458	0.012545423083578474	2.304439964956383	6.477832382697429e-18	7.574349314543447e-17	True	-1.3165290811877486	39.57814572833219
ReplogleWeissman2022_rpe1	NELFE	CORRELATION	82	11413	212313.5	0.2268631406633001	0.7731368593367	0.019013747181816316	0.0071335363201391905	2.665402729938763	6.627555650225516e-18	7.574349314543447e-17	True	-1.6843551272392001	39.55529561788162
ReplogleWeissman2022_rpe1	SRF	CORRELATION	95	11413	278288.0	0.2566676043477659	0.743332395652234	0.018192833104657056	0.008255126868265555	2.203822351246246	1.4017233315520631e-16	1.4017233315520631e-15	True	-1.4155677336928472	36.50365905717406
ReplogleWeissman2022_rpe1	MNAT1	CORRELATION	73	11413	203058.5	0.2437241117735243	0.7562758882264757	0.013625383953771688	0.0063555632944454115	2.143851508123584	1.9481228048800632e-14	1.731664715448945e-13	True	-1.551624918864335	31.56932505716379
ReplogleWeissman2022_rpe1	NPM1	CORRELATION	43	11413	85106.0	0.17341709474507855	0.8265829052549214	0.015466769533816524	0.003753491620111732	4.120635157660514	6.594414294218801e-14	5.275531435375041e-13	True	-1.7586547102889631	30.34996833027218
ReplogleWeissman2022_rpe1	GTF2H4	CORRELATION	56	11413	159628.0	0.24975904670113028	0.7502409532988698	0.01258307250469241	0.0048827273519923275	2.577058188505665	4.7672839079543244e-11	3.4671155694213264e-10	True	-1.532252856551711	23.76665929154078
ReplogleWeissman2022_rpe1	CCNH	CORRELATION	62	11413	192588.5	0.27216911671184246	0.7278308832881574	0.011762951731501875	0.0054030501089324615	2.1770946954674844	2.8152147085530497e-10	1.8768098057020333e-09	True	-1.3615579119404213	21.99081239823682
ReplogleWeissman2022_rpe1	DNMT1	CORRELATION	112	11413	422596.0	0.3306035723673505	0.6693964276326494	0.020122363601945168	0.009718004338394794	2.070627147432304	3.212308807350336e-10	1.976805419907899e-09	True	-0.9626013731374083	21.858860996711904
ReplogleWeissman2022_rpe1	GTF2F2	CORRELATION	61	11413	193589.5	0.27806872519545583	0.7219312748045441	0.013729170644331006	0.005316367439428272	2.5824344913615405	1.040780681339967e-09	5.947318179085526e-09	True	-1.371557697959536	20.683294750259197
ReplogleWeissman2022_rpe1	LIN54	CORRELATION	161	11413	673548.0	0.3665581311058056	0.6334418688941944	0.025384127637985456	0.013910489027129774	1.8248192129319483	2.846457613983321e-09	1.518110727457771e-08	True	-0.98518953017077	19.6771905582215
ReplogleWeissman2022_rpe1	NELFA	CORRELATION	52	11413	162472.5	0.2737642297245381	0.7262357702754618	0.010612496980497443	0.00453554295682512	2.339851497719292	8.446038789130962e-09	4.223019394565481e-08	True	-1.3290529519884633	18.58956828784149
ReplogleWeissman2022_rpe1	CHEK1	CORRELATION	55	11413	186502.0	0.29711254311271834	0.7028874568872816	0.009396974701235825	0.004795953958841995	1.9593546522504082	9.842802719710277e-08	4.631907162216601e-07	True	-1.2135086308370262	16.1339402442055
ReplogleWeissman2022_rpe1	SUPT16H	CORRELATION	29	11413	75482.5	0.2280596536919484	0.7719403463080516	0.006868230350572746	0.0025345219367243488	2.7098721265949433	2.0011040130592255e-07	8.893795613596558e-07	True	-1.703224450180528	15.424396616168321
ReplogleWeissman2022_rpe1	POLR2K	CORRELATION	20	11413	41531.5	0.18194821694558835	0.8180517830544116	0.006506142844145754	0.0017493221376716523	3.71923655685592	4.2143519107202683e-07	1.6958172020904403e-06	True	-1.8505954986448576	14.679599829162685
ReplogleWeissman2022_rpe1	POLR2E	CORRELATION	82	11413	320569.0	0.3425372863209049	0.6574627136790951	0.01267665990365322	0.0071335363201391905	1.7770512877133386	4.239543005226101e-07	1.6958172020904403e-06	True	-0.803796150040275	14.673640169309625
ReplogleWeissman2022_rpe1	CLOCK	CORRELATION	715	11413	3678600.0	0.45079252649567203	0.549207473504328	0.07075344262209693	0.05895448548812665	1.2001367162528553	4.902737509986649e-06	1.8299440167679278e-05	True	-0.2648578970720329	12.225716833341275
ReplogleWeissman2022_rpe1	TFDP1	CORRELATION	167	11413	763599.0	0.4006351618151588	0.5993648381848412	0.01809725258528596	0.014421416234887737	1.254887334955757	5.032346046111802e-06	1.8299440167679278e-05	True	-1.7962160689366446	12.199624271830501
ReplogleWeissman2022_rpe1	MYC	CORRELATION	86	11413	356213.0	0.3629204966185032	0.6370795033814969	0.016954703075921115	0.0074789112096704065	2.267001519418801	5.747810616811478e-06	1.9992384754126882e-05	True	-1.799506092105037	12.06669153795704
ReplogleWeissman2022_rpe1	POLR2C	CORRELATION	18	11413	44343.0	0.21585034609655657	0.7841496539034435	0.004842406313778706	0.0015746653836059838	3.0751970318224657	1.4917590597255349e-05	4.9725301990851165e-05	True	-1.8033007178216214	11.112969464348884
ReplogleWeissman2022_rpe1	GTF2H2	CORRELATION	46	11413	171276.5	0.3262421952083627	0.6737578047916373	0.00819212726385423	0.004014311894580679	2.0407301373153395	2.3057930431073837e-05	7.378537737943628e-05	True	-1.0933391654093336	10.677500794285576
ReplogleWeissman2022_rpe1	GTF2H3	CORRELATION	66	11413	267649.0	0.35532181536737745	0.6446781846326227	0.011391491312047313	0.005749629758689781	1.9812564965301684	2.4351265477366447e-05	7.492697069958906e-05	True	-0.9209923489169509	10.62292673946303
ReplogleWeissman2022_rpe1	BRCA1	CORRELATION	14	11413	30504.0	0.19091011503173072	0.8090898849682693	0.011095930501234608	0.0012251684606633412	9.056656988400562	3.1193941111236905e-05	9.242649218144268e-05	True	-3.3979329159190064	10.37528667715982
ReplogleWeissman2022_rpe1	YBX1	CORRELATION	29	11413	97297.0	0.2939690673370053	0.7060309326629947	0.006047129574654622	0.0025345219367243488	2.3859053997654547	6.192244523315885e-05	0.00017692127209473958	True	-1.9507592800277163	9.689627839262926
ReplogleWeissman2022_rpe1	TRRAP	CORRELATION	16	11413	41980.0	0.22989135196705512	0.7701086480329449	0.003942955586829503	0.0013999475019686762	2.8165024626171493	9.204199500547231e-05	0.000253908951739234	True	-1.4347045139739039	9.293265617614022
ReplogleWeissman2022_rpe1	RBMX	CORRELATION	27	11413	93300.0	0.302773640195878	0.697226359804122	0.016986110453754453	0.00236013986013986	7.197077910775961	0.0001955912499386802	0.0005215766665031472	True	-1.12515292809713	8.539483535828998
ReplogleWeissman2022_rpe1	POLR2F	CORRELATION	77	11413	337955.0	0.38456374082414563	0.6154362591758543	0.011417076027192899	0.0067014795474325504	1.7036649812006026	0.000234869825122396	0.0006061156777352154	True	-0.6545536366656703	8.356479132948527
ReplogleWeissman2022_rpe1	CDK12	CORRELATION	64	11413	274451.5	0.3757386040042057	0.6242613959957943	0.007738676685221732	0.005576370131567482	1.3877623799420284	0.00029565547308480324	0.0007391386827120081	True	-0.8653730750526796	8.126315723828181
ReplogleWeissman2022_rpe1	POLR2B	CORRELATION	23	11413	78851.0	0.3003859062320237	0.6996140937679762	0.0053388333505346745	0.0020111927247289264	2.6545607911615012	0.00045919635193208865	0.0011132032774111241	True	-1.3007228816485275	7.686032657389236
ReplogleWeissman2022_rpe1	ERCC2	CORRELATION	94	11413	431190.0	0.40192128796762183	0.5980787120323783	0.011446254740442594	0.00816894064482489	1.4011920563646056	0.000518294172130871	0.0011940406991615001	True	-0.5682887194460524	7.564967577032349
ReplogleWeissman2022_rpe1	ERCC3	CORRELATION	23	11413	79423.5	0.3025668669213978	0.6974331330786022	0.004830413064317817	0.0020111927247289264	2.401765382762546	0.0005223928058831563	0.0011940406991615001	True	-1.2870929398698832	7.557090751377206
ReplogleWeissman2022_rpe1	NFYB	CORRELATION	79	11413	358427.0	0.3975335698686929	0.602466430131307	0.01189130105097325	0.006874347372084928	1.729807995921324	0.0008336051792798767	0.0018524559539552816	True	-0.5677088904919391	7.0897506738368286
ReplogleWeissman2022_rpe1	CDC6	CORRELATION	84	11413	385240.5	0.40183969408318837	0.5981603059168117	0.009425124390765646	0.007306253805340524	1.2900077990551502	0.0009502543370265951	0.0020546039719493946	True	-0.5290142006335214	6.958780886015255
ReplogleWeissman2022_rpe1	RBBP4	CORRELATION	54	11413	233195.0	0.37837780828230316	0.6216221917176967	0.006401579192498002	0.004709165431237464	1.3593871963032333	0.0010042968244883144	0.002114309104185925	True	-1.0190614242045075	6.903467659485429
ReplogleWeissman2022_rpe1	GTF2H1	CORRELATION	19	11413	64461.0	0.29726489183617943	0.7027351081638207	0.004111922930480041	0.001662001399580126	2.474079102170938	0.0011064737806264536	0.0022696898064132384	True	-1.1015195465317404	6.806577094527571
ReplogleWeissman2022_rpe1	ATF4	CORRELATION	49	11413	216470.0	0.3870809692491734	0.6129190307508265	0.005927385057481914	0.004274995637759554	1.38652423528281	0.0031462090734741903	0.006292418146948381	True	-0.4623831219636735	5.761557019632984
ReplogleWeissman2022_rpe1	SSRP1	CORRELATION	8	11413	21291.0	0.23318803119249978	0.7668119688075001	0.004324540712198165	0.0007004640574380527	6.173822434251905	0.00448440732883	0.008750063080643904	True	-1.7377823343334355	5.407148937391728
ReplogleWeissman2022_rpe1	YY1	CORRELATION	86	11413	412317.0	0.4200809358564998	0.5799190641435001	0.013925873441004544	0.0074789112096704065	1.862018822071061	0.00526934178842706	0.010036841501765828	True	-0.6207064212808729	5.2458498220609275
ReplogleWeissman2022_rpe1	POLR2H	CORRELATION	15	11413	53132.0	0.3103595315283741	0.6896404684716259	0.004726996827247353	0.001312565628281414	3.60134131611885	0.005483539900849529	0.010201934699254938	True	-0.8344957326833118	5.206004419260982
ReplogleWeissman2022_rpe1	HMGA1	CORRELATION	69	11413	326486.5	0.4145876111274075	0.5854123888725925	0.008101964706432454	0.006009406026824595	1.348213895061702	0.007138442574646316	0.012978986499356937	True	-0.31783995080431743	4.9422606532239906
ReplogleWeissman2022_rpe1	TNRC6A	CORRELATION	111	11413	551579.0	0.43539649348814335	0.5646035065118566	0.012840158766046127	0.009632072197153766	1.333062969548789	0.00948022004864724	0.016853724530928427	True	-0.3655471981097652	4.6585477511019775
ReplogleWeissman2022_rpe1	TGS1	CORRELATION	63	11413	299572.0	0.41663989407790336	0.5833601059220965	0.006945253600131479	0.0054897176716626	1.2651385764302994	0.011138677450752322	0.019371612957830128	True	-0.4001065769261959	4.4973317722891855
ReplogleWeissman2022_rpe1	CTDP1	CORRELATION	21	11413	87869.0	0.3666203535650657	0.6333796464349343	0.004172933439386293	0.0018366276018891028	2.272062902187756	0.017158211758543204	0.02920546682305226	True	-0.8648118014333563	4.065278400227652
ReplogleWeissman2022_rpe1	CDK9	CORRELATION	27	11413	118794.0	0.3855058072178899	0.61449419278211	0.003944456940866027	0.00236013986013986	1.6712810149447168	0.01972913811998536	0.032881896866642266	True	-0.7227468200503936	3.925658643632877
ReplogleWeissman2022_rpe1	NFYC	CORRELATION	116	11413	591001.5	0.4464067744888618	0.5535932255111382	0.013814197704609	0.010061583832075635	1.3729645287623893	0.02333116340255274	0.038091695351106514	True	-0.3168752423062809	3.757965326958834
ReplogleWeissman2022_rpe1	GABPA	CORRELATION	67	11413	333864.5	0.43661195468377906	0.563388045316221	0.0071428522599302074	0.0058362369337979095	1.2238797603581908	0.03656523180723897	0.05769106616705383	True	-0.3559608878383922	3.3086574406857454
ReplogleWeissman2022_rpe1	GABPB1	CORRELATION	48	11413	232980.0	0.4252825725050381	0.5747174274949619	0.005307677037155151	0.004188116220225111	1.267318469225733	0.036778054681496815	0.05769106616705383	True	-0.4753277136575663	3.3028539518654942
ReplogleWeissman2022_rpe1	MYBL2	CORRELATION	888	11413	4898507.0	0.48333801031382734	0.5166619896861726	0.07467753388236355	0.07218925290626778	1.0344688561790023	0.0487897650436982	0.07506117699030491	True	-0.27196479424872366	3.0202347208311187
ReplogleWeissman2022_rpe1	ACTL6A	CORRELATION	15	11413	68175.0	0.39823008849557523	0.6017699115044248	0.0035066432054045157	0.001312565628281414	2.671594570090854	0.08622220429187111	0.1301467234594281	False	-1.053476934100521	2.4508275440902625
ReplogleWeissman2022_rpe1	POLR2G	CORRELATION	8	11413	33460.0	0.3664680627354771	0.633531937264523	0.007456331070637571	0.0007004640574380527	10.644844644718964	0.09536481296765448	0.14128120439652514	False	-0.4349598302335703	2.3500456053819643
ReplogleWeissman2022_rpe1	KAT5	CORRELATION	33	11413	165914.0	0.44052369838753785	0.5594763016124621	0.014033743481104213	0.0028831032675170364	4.867582663173298	0.11864688860147588	0.17257729251123763	False	-0.7156965939444544	2.1316035197777388
ReplogleWeissman2022_rpe1	RAD51	CORRELATION	22	11413	108588.5	0.43247532717873555	0.5675246728212644	0.002355008533557006	0.0019239177962396153	1.224069208237471	0.13399718552238848	0.19142455074626927	False	-0.4761869999858415	2.0099364828160686
ReplogleWeissman2022_rpe1	POLR2A	CORRELATION	10	11413	46495.0	0.4073863138526242	0.5926136861473759	0.0015522438893770805	0.0008754267705506435	1.773128194835439	0.1551718231701557	0.21778501497565714	False	-0.3745107732342524	1.863222239454218
ReplogleWeissman2022_rpe1	GTF2F1	CORRELATION	39	11413	204504.5	0.45945019961492406	0.5405498003850759	0.0038818632276100724	0.003405518686692281	1.1398742995536038	0.19048693023998525	0.26274059343446243	False	-0.2845524063877546	1.6581716944331142
ReplogleWeissman2022_rpe1	E2F6	CORRELATION	156	11413	866113.0	0.486463367235294	0.513536632764706	0.014172434602110512	0.01348431152217132	1.0510313840501058	0.2803894675099283	0.3801891084880384	False	-0.04553705782142692	1.2715756869026196
ReplogleWeissman2022_rpe1	RAD51D	CORRELATION	123	11413	684003.0	0.48725138000525714	0.5127486199947429	0.010844934511631182	0.010662274618585299	1.0171314189120106	0.3129569339212657	0.41727591189502095	False	-0.08716107118356087	1.1616896892143962
ReplogleWeissman2022_rpe1	POLR2D	CORRELATION	74	11413	410265.0	0.48577250693258756	0.5142274930674124	0.006819236727224712	0.0064420649429790195	1.0585482741301389	0.3362293889062644	0.440956575614773	False	-0.06069351784543464	1.0899616468778646
ReplogleWeissman2022_rpe1	CCND1	CORRELATION	60	11413	332307.0	0.48527556295452556	0.5147244370454744	0.006786222966433899	0.005229669659199861	1.2976389348982686	0.3467781417811674	0.4474556668144095	False	-0.2594313846602728	1.059070064374784
ReplogleWeissman2022_rpe1	HDAC3	CORRELATION	59	11413	327176.0	0.4858806564622264	0.5141193435377737	0.005280405312666941	0.005142956764295677	1.0267255889307652	0.35394628400608874	0.4494555987378905	False	-0.0804467959830657	1.0386101174578501
ReplogleWeissman2022_rpe1	SUPT5H	CORRELATION	7	11413	38652.5	0.48381544854864755	0.5161845514513526	0.000815157021587843	0.0006129597197898424	1.329870455219024	0.4410535082169371	0.5513168852711714	False	-0.09987391988319094	0.8185890770703901
ReplogleWeissman2022_rpe1	VHL	CORRELATION	62	11413	350812.0	0.49577307145501875	0.5042269285449812	0.005774245192510156	0.0054030501089324615	1.0687010255492588	0.4542387648078844	0.5590630951481654	False	-0.08864402050389615	0.7891323055111635
ReplogleWeissman2022_rpe1	BTF3	CORRELATION	109	11413	620349.0	0.4986660150142643	0.5013339849857357	0.00966675587030337	0.009460163166116994	1.0218381755746369	0.4808556759021667	0.5828553647298991	False	0.014871388773393723	0.732188103999859
ReplogleWeissman2022_rpe1	MED1	CORRELATION	52	11413	297206.0	0.5007885744326646	0.49921142556733555	0.004714889552590334	0.00453554295682512	1.039542475393234	0.5078482841569208	0.6063860109336369	False	-0.11236342280732207	0.6775725292438215
ReplogleWeissman2022_rpe1	NF1	CORRELATION	63	11413	365377.5	0.5081611195253533	0.49183888047464663	0.006347795403944469	0.0054897176716626	1.156306350089948	0.5885639126167519	0.6924281324902963	False	0.0398100684185936	0.5300697556013202
ReplogleWeissman2022_rpe1	CCNK	CORRELATION	346	11413	2026799.0	0.5132568630539457	0.48674313694605426	0.02834485300458111	0.029424270771324094	0.9633153944533793	0.8000898016585674	0.9276403497490635	False	0.16505389046878605	0.2230313055407931
ReplogleWeissman2022_rpe1	POLR2L	CORRELATION	15	11413	97333.0	0.5685504833669207	0.4314495166330793	0.0015576830634818324	0.001312565628281414	1.1867468032980255	0.8210970969501902	0.9383966822287888	False	0.2479575183042113	0.19711390983546337
ReplogleWeissman2022_rpe1	SP1	CORRELATION	190	11413	1135702.0	0.5237342458046457	0.47626575419535433	0.015522110255548853	0.0163750754115315	0.9479107647112283	0.8694807593709754	0.9796966302771554	False	0.49193398272245115	0.13985907381564266
ReplogleWeissman2022_rpe1	CDK7	CORRELATION	3	11413	24418.5	0.713177954963638	0.28682204503636205	0.00022949410125204224	0.0002627890679747723	0.8733015532977714	0.8996515341043714	0.9996128156715237	False	0.763227554018838	0.1057477749615081
ReplogleWeissman2022_rpe1	USF2	CORRELATION	104	11413	653848.0	0.5508630509068606	0.4491369490931394	0.008990146077288817	0.009030129373968916	0.9955722343474548	0.9631641679920518	1.0	False	0.2402021119309197	0.03753140612448457
ReplogleWeissman2022_rpe1	HSF1	CORRELATION	19	11413	138463.0	0.6385285477779263	0.3614714522220736	0.0013962976428454027	0.001662001399580126	0.8401302448951918	0.981688388308084	1.0	False	0.9509644047000521	0.01848134450062061
ReplogleWeissman2022_rpe1	ZBTB17	CORRELATION	279	11413	1750103.0	0.5496162804975901	0.45038371950240985	0.022788057604323043	0.02386247006500171	0.9549748011101973	0.9977181656982196	1.0	False	0.25302396209655825	0.0022844416527879187
ReplogleWeissman2022_rpe1	ELOB	CORRELATION	132	11413	877169.5	0.5822503710548046	0.4177496289451954	0.009544127410573786	0.011433521004763967	0.834749628447533	0.9994355877577904	1.0	False	0.5092148274100001	0.0005645715827578362
ReplogleWeissman2022_rpe1	MAX	CORRELATION	87	11413	597890.0	0.6021465741325429	0.39785342586745703	0.00586945667590947	0.007565217391304348	0.7758477215282633	0.9994951718049743	1.0	False	0.9263940617687887	0.0005049556636806295
ReplogleWeissman2022_rpe1	SUPT4H1	CORRELATION	16	11413	142938.0	0.7827586962236046	0.21724130377639533	0.0010258001326864446	0.0013999475019686762	0.732741857279586	0.9999551939476804	1.0	False	1.644869267442495	4.480705614074863e-05
ReplogleWeissman2022_rpe1	ELL	CORRELATION	164	11413	1445057.5	0.7720429527304122	0.22795704726958776	0.008400428429397387	0.014166018830439666	0.5929985361410582	1.0	1.0	False	1.525781058731782	-0.0
ReplogleWeissman2022_rpe1	HDAC7	CORRELATION	95	11413	833366.0	0.7686211937448985	0.23137880625510152	0.00508439006674068	0.008255126868265555	0.6159069567163341	1.0	1.0	False	1.6280812975135301	-0.0
ReplogleWeissman2022_rpe1	RUVBL1	NONZERORATE	111	11413	135079.0	0.10662647226215087	0.8933735277378492	0.10688456160750395	0.009632072197153766	11.096735927611492	1.3216298367659983e-46	1.1762505547217384e-44	True	-4.231447820573785	105.6400485779509
ReplogleWeissman2022_rpe1	ELL	NONZERORATE	164	11413	462619.5	0.24716118546885985	0.7528388145311402	0.04423513339676865	0.014166018830439666	3.122622800819455	4.17788288594389e-29	1.859157884245031e-27	True	-1.4600558415957234	65.34516306521462
ReplogleWeissman2022_rpe1	MYC	NONZERORATE	86	11413	156213.0	0.15915449334602116	0.840845506653979	0.039622040746994276	0.0074789112096704065	5.297835424996363	5.273813913663877e-28	1.56456479438695e-26	True	-4.594263218997739	62.80962880024407
ReplogleWeissman2022_rpe1	ATR	NONZERORATE	155	11413	438643.0	0.24795889237796176	0.7520411076220382	0.03266701436091337	0.013399031811894882	2.438013045980941	1.5616069217766402e-27	3.474575400953025e-26	True	-1.4596556195162442	61.7240821416822
ReplogleWeissman2022_rpe1	RUVBL2	NONZERORATE	60	11413	69421.0	0.10137708461111598	0.8986229153888841	0.058072681803943246	0.005229669659199861	11.104464638944014	7.208649956574132e-27	1.2831396922701955e-25	True	-4.0474338157332745	60.194515823042614
ReplogleWeissman2022_rpe1	MAX	NONZERORATE	87	11413	224512.0	0.22611037423547053	0.7738896257645294	0.018985647408837132	0.007565217391304348	2.509597071283069	5.946614747918304e-19	8.820811876078818e-18	True	-2.0989054530678692	41.966294659172455
ReplogleWeissman2022_rpe1	SRF	NONZERORATE	95	11413	260197.0	0.23998210720000737	0.7600178927999925	0.030389596970127414	0.008255126868265555	3.681299809812908	1.1399657540578409e-18	1.449385030159255e-17	True	-1.258674186530042	41.31553345223778
ReplogleWeissman2022_rpe1	CLOCK	NONZERORATE	715	11413	3292079.0	0.4034264692636724	0.5965735307363276	0.08004682546862506	0.05895448548812665	1.3577732857111673	2.0248158016646664e-18	2.2526075793519413e-17	True	-0.4288140168127525	40.74105293961253
ReplogleWeissman2022_rpe1	NELFB	NONZERORATE	145	11413	493913.0	0.2984575967514359	0.7015424032485641	0.027834966498932093	0.012545423083578474	2.2187347778941873	3.182995296519974e-17	3.1476286821141965e-16	True	-1.274947017224478	37.98612391028764
ReplogleWeissman2022_rpe1	NELFE	NONZERORATE	82	11413	222026.5	0.2372417632438832	0.7627582367561168	0.019463803000010178	0.0071335363201391905	2.7284928717697197	1.0442450467242167e-16	9.293780915845528e-16	True	-1.601092471554503	36.798067306902
ReplogleWeissman2022_rpe1	POLR2I	NONZERORATE	142	11413	526617.5	0.32494295484640073	0.6750570451535993	0.02473196922080639	0.012289052358286456	2.0125204531437877	3.354755586828344e-13	2.7143022475247512e-12	True	-1.1181558843671486	28.72322729157641
ReplogleWeissman2022_rpe1	NELFCD	NONZERORATE	104	11413	366501.0	0.30877491254911743	0.6912250874508826	0.0243562139446983	0.009030129373968916	2.6972165000104837	8.807405486033905e-12	6.532159068808479e-11	True	-0.9262914430502528	25.455428215830487
ReplogleWeissman2022_rpe1	MNAT1	NONZERORATE	73	11413	229195.5	0.27509545111378636	0.7249045488862136	0.012300938497607756	0.0063555632944454115	1.9354599942948314	1.585190316499496e-11	1.0852456782188857e-10	True	-1.3371449405987614	24.867731549312246
ReplogleWeissman2022_rpe1	CCNH	NONZERORATE	62	11413	196724.5	0.278014177381198	0.7219858226188021	0.011690756068139786	0.0054030501089324615	2.1637326755145816	7.640604900740205e-10	4.85724168689913e-09	True	-1.2153337553191381	20.992374154406686
ReplogleWeissman2022_rpe1	NELFA	NONZERORATE	52	11413	159805.5	0.26927036645121283	0.7307296335487871	0.010625707857267293	0.00453554295682512	2.3427642419917216	4.378453703101368e-09	2.597882530506812e-08	True	-1.3540503691286538	19.24657021071148
ReplogleWeissman2022_rpe1	TRRAP	NONZERORATE	16	11413	16283.0	0.08916914921580654	0.9108308507841936	0.009625263148283233	0.0013999475019686762	6.875445782608067	6.413020012137238e-09	3.567242381751339e-08	True	-2.802549813800556	18.864935536226742
ReplogleWeissman2022_rpe1	GTF2F2	NONZERORATE	61	11413	202226.5	0.2904747677727297	0.7095252322272703	0.01366379137160434	0.005316367439428272	2.5701367573407903	7.729347733528157e-09	4.046540872258859e-08	True	-1.3218434420445635	18.67824135908096
ReplogleWeissman2022_rpe1	GTF2H4	NONZERORATE	56	11413	180161.0	0.28188563167315467	0.7181143683268454	0.011343119710672646	0.0048827273519923275	2.3231114278875817	8.356530134934073e-09	4.1318399000507364e-08	True	-1.3811754102713247	18.600222551639124
ReplogleWeissman2022_rpe1	NFYB	NONZERORATE	79	11413	290207.0	0.32187035215227583	0.6781296478477242	0.018049299055852574	0.006874347372084928	2.625601832276681	2.3092748634235675e-08	1.0817129623405132e-07	True	-1.0304319602227905	17.58374718063718
ReplogleWeissman2022_rpe1	POLR2E	NONZERORATE	82	11413	324140.0	0.3463530035282829	0.6536469964717171	0.010960552170461131	0.0071335363201391905	1.5364822829201306	7.749838168387066e-07	3.4486779849322443e-06	True	-0.9462215491133064	14.070423689309528
ReplogleWeissman2022_rpe1	TFDP1	NONZERORATE	167	11413	751655.0	0.39436853971020547	0.6056314602897946	0.01922143046024358	0.014421416234887737	1.3328393097582076	1.3378110195450284e-06	5.66977051140512e-06	True	-0.5470800788836273	13.524475847231423
ReplogleWeissman2022_rpe1	POLR2K	NONZERORATE	20	11413	47423.5	0.20776088670813983	0.7922391132918601	0.005827867642045954	0.0017493221376716523	3.3315005375755695	3.013401259024942e-06	1.2190577820600902e-05	True	-1.8128879394889426	12.712441130770543
ReplogleWeissman2022_rpe1	GTF2H2	NONZERORATE	46	11413	165417.5	0.31508215269391504	0.684917847306085	0.007084571797103743	0.004014311894580679	1.764828439630691	7.248912636918292e-06	2.80501402037273e-05	True	-0.9102182266546714	11.834659081460702
ReplogleWeissman2022_rpe1	CHEK1	NONZERORATE	55	11413	213650.0	0.34036146977529613	0.6596385302247039	0.02684352729098983	0.004795953958841995	5.597119472237662	2.1261781059210505e-05	7.884577142790563e-05	True	-0.9454583825528979	10.758599413431918
ReplogleWeissman2022_rpe1	SUPT4H1	NONZERORATE	16	11413	42087.0	0.23047730658021554	0.7695226934197844	0.005252385353924881	0.0013999475019686762	3.7518445131254663	9.43483916711899e-05	0.00033588027434943606	True	-1.7128560113176192	9.268516332705289
ReplogleWeissman2022_rpe1	SUPT16H	NONZERORATE	29	11413	100129.5	0.3025270638141019	0.697472936185898	0.005076978232111529	0.0025345219367243488	2.0031305148903487	0.00011624981553759971	0.00039793206087870674	True	-1.220336673434959	9.059769100271403
ReplogleWeissman2022_rpe1	ELOB	NONZERORATE	132	11413	615205.5	0.4083630708203564	0.5916369291796437	0.015493459447908677	0.011433521004763967	1.3550908282280731	0.00014288760868731308	0.00047099989530262457	True	-0.6141266860105518	8.853452189963113
ReplogleWeissman2022_rpe1	YY1	NONZERORATE	86	11413	379908.0	0.3870616738562105	0.6129383261437895	0.013238627035269427	0.0074789112096704065	1.770127584634455	0.00015055094636702506	0.00047853693666661536	True	-0.6064599087504235	8.801209016991692
ReplogleWeissman2022_rpe1	NRF1	NONZERORATE	53	11413	217724.0	0.35994041882064315	0.6400595811793569	0.007228684268534558	0.004622361765218908	1.5638508268493818	0.00021268587646929726	0.0006527256208885329	True	-0.5060510562968149	8.455694239141406
ReplogleWeissman2022_rpe1	NF1	NONZERORATE	63	11413	267799.5	0.37245121478013793	0.6275487852198621	0.02995380542912453	0.0054897176716626	5.456347160391002	0.00023417454034843215	0.0006947178030336821	True	-0.6500057665193638	8.359443821725998
ReplogleWeissman2022_rpe1	POLR2C	NONZERORATE	18	11413	54671.0	0.26612440005062454	0.7338755999493755	0.003970822007685872	0.0015746653836059838	2.5216925761031774	0.00029508845713259083	0.00084718944144518	True	-1.469948306856239	8.128235391885138
ReplogleWeissman2022_rpe1	ERCC3	NONZERORATE	23	11413	79211.5	0.301759244797123	0.698240755202877	0.004803081554165558	0.0020111927247289264	2.388175680584231	0.0004981129654655476	0.0013726519048775088	True	-1.2345688817932445	7.604683668379303
ReplogleWeissman2022_rpe1	GTF2H3	NONZERORATE	66	11413	288476.0	0.3829710404668785	0.6170289595331215	0.010634158857988449	0.005749629758689781	1.849538023194688	0.0005089608186624471	0.0013726519048775088	True	-0.7225791346766447	7.58313952146417
ReplogleWeissman2022_rpe1	MYBL2	NONZERORATE	888	11413	4739483.0	0.4676470367677763	0.5323529632322237	0.07761138775577142	0.07218925290626778	1.075110000882595	0.0006480035549296265	0.0016962445996687283	True	-0.2507197769786343	7.341614375624538
ReplogleWeissman2022_rpe1	NFYC	NONZERORATE	116	11413	551213.5	0.4163533266662034	0.5836466733337966	0.01596467919214823	0.010061583832075635	1.5866964345368704	0.0009516255528714824	0.002419847834444627	True	-0.5030941463488581	6.95733892736186
ReplogleWeissman2022_rpe1	GTF2H1	NONZERORATE	19	11413	64825.0	0.29894349472208515	0.7010565052779149	0.004021092557686114	0.001662001399580126	2.4194279010246134	0.0012037944365546095	0.0029760473570377846	True	-1.1533976787457914	6.722276680430805
ReplogleWeissman2022_rpe1	CDK12	NONZERORATE	64	11413	285997.5	0.3915456880311925	0.6084543119688075	0.007350641499559643	0.005576370131567482	1.3181767576632193	0.0013564112867336068	0.003262719041061919	True	-0.7815316723622847	6.602912826652154
ReplogleWeissman2022_rpe1	POLR2B	NONZERORATE	23	11413	84510.0	0.32194408359650895	0.678055916403491	0.005045950076105091	0.0020111927247289264	2.5089341334929487	0.0015560344439093019	0.003644396460734944	True	-1.1685651794837217	6.465614717282442
ReplogleWeissman2022_rpe1	SUPT5H	NONZERORATE	7	11413	15472.5	0.1936701255460565	0.8063298744539436	0.002183073729180596	0.0006129597197898424	3.561528855320344	0.0024931060071818776	0.005689395759979157	True	-1.8674669247188822	5.994225953410582
ReplogleWeissman2022_rpe1	HDAC3	NONZERORATE	59	11413	266052.0	0.3951069773244011	0.604893022675599	0.008537927317572845	0.005142956764295677	1.660120376054164	0.0026871816471190865	0.005978979164839968	True	-0.5316726121620743	5.9192623494308485
ReplogleWeissman2022_rpe1	GABPA	NONZERORATE	67	11413	308266.5	0.40313611997839593	0.5968638800216041	0.00820059143723995	0.0058362369337979095	1.40511626417186	0.003086890126908616	0.006700810275484557	True	-0.46037743112816726	5.780591126285809
ReplogleWeissman2022_rpe1	POLR2F	NONZERORATE	77	11413	361027.0	0.4108176936530568	0.5891823063469431	0.009879412801189279	0.0067014795474325504	1.4742136764372054	0.0034461090410663323	0.007151898409155175	True	-0.49781980988658353	5.670509498583542
ReplogleWeissman2022_rpe1	CTDP1	NONZERORATE	21	11413	79036.0	0.32976597280461295	0.670234027195387	0.004487734657029534	0.0018366276018891028	2.443464669927414	0.003455411590940141	0.007151898409155175	True	-1.1595965746810069	5.667813699786856
ReplogleWeissman2022_rpe1	GABPB1	NONZERORATE	48	11413	219026.0	0.3998108881684629	0.6001891118315372	0.005175664770272172	0.004188116220225111	1.2357977902518618	0.008211457863353528	0.016609539769056	True	-0.30944333843783334	4.802224799618745
ReplogleWeissman2022_rpe1	CDK9	NONZERORATE	27	11413	114860.0	0.3727393388306382	0.6272606611693617	0.003895917745112363	0.00236013986013986	1.65071477792909	0.011039508922259939	0.02183369542402521	True	-0.8098441555811029	4.506274720801881
ReplogleWeissman2022_rpe1	ERCC2	NONZERORATE	94	11413	467552.0	0.4358150746349348	0.5641849253650653	0.011686755767173342	0.00816894064482489	1.4306329639666346	0.015906014150138186	0.030774679551354316	True	-0.3282739626469054	4.141057992837493
ReplogleWeissman2022_rpe1	POLR2H	NONZERORATE	15	11413	58814.0	0.34354975320540904	0.656450246794591	0.002636007881595114	0.001312565628281414	2.0082865380579307	0.017928669462611443	0.03395003366324295	True	-0.6207541351404773	4.021354201446457
ReplogleWeissman2022_rpe1	CDK7	NONZERORATE	3	11413	5858.5	0.17110604865796314	0.8288939513420368	0.0009288702382203285	0.0002627890679747723	3.5346608798410895	0.02419579302317656	0.04486303289713987	True	-1.8502955323670025	3.7215765029492687
ReplogleWeissman2022_rpe1	TGS1	NONZERORATE	63	11413	313573.0	0.4361122585077724	0.5638877414922275	0.00870091827666798	0.0054897176716626	1.584948224492726	0.039912809611045784	0.07249469500781786	True	-0.4688585787424785	3.2210579637262056
ReplogleWeissman2022_rpe1	CDC6	NONZERORATE	84	11413	428435.5	0.44689587479607634	0.5531041252039237	0.00839557715943206	0.007306253805340524	1.1490946500236952	0.046481536086408905	0.08273713423380784	True	-0.25101522476764127	3.068700118653909
ReplogleWeissman2022_rpe1	HSF1	NONZERORATE	19	11413	86935.0	0.4009047854016887	0.5990952145983113	0.017167269081877844	0.001662001399580126	10.3292747444225	0.0674623353438791	0.11772838912951453	False	-1.1515081406461969	2.6961858317462415
ReplogleWeissman2022_rpe1	KAT5	NONZERORATE	33	11413	163569.0	0.43429741204208916	0.5657025879579108	0.00792701006067786	0.0028831032675170364	2.749471428924812	0.09586209842227683	0.1640716684535123	False	-0.6892953752370652	2.3448445950012315
ReplogleWeissman2022_rpe1	ACTL6A	NONZERORATE	15	11413	69934.0	0.40850492128858906	0.591495078711411	0.0028170416154896048	0.001312565628281414	2.146210105454347	0.1099796045678465	0.18086652043079332	False	-0.8227590996471699	2.207460343400417
ReplogleWeissman2022_rpe1	GTF2F1	NONZERORATE	39	11413	197413.5	0.4435191987544568	0.5564808012455431	0.00387382095632201	0.003405518686692281	1.1375127587640939	0.11117332559580001	0.18086652043079332	False	-0.39883144799526427	2.196664803676532
ReplogleWeissman2022_rpe1	STAT5A	NONZERORATE	95	11413	503033.0	0.4639520030251744	0.5360479969748255	0.00892319182254508	0.008255126868265555	1.0809272788826185	0.11275271765071165	0.18086652043079332	False	-0.0878126802789003	2.182558197557576
ReplogleWeissman2022_rpe1	RAD51	NONZERORATE	22	11413	107075.5	0.4264495033574154	0.5735504966425846	0.00237384536370109	0.0019239177962396153	1.2338600788146346	0.11380365330476883	0.18086652043079332	False	-0.4945936239795957	2.173280654951336
ReplogleWeissman2022_rpe1	VHL	NONZERORATE	62	11413	323119.0	0.45663688549842707	0.5433631145015729	0.006270035105870517	0.0054030501089324615	1.1604621425784547	0.11909602745556286	0.18595695514991392	False	-0.04193641038759216	2.1278251578743683
ReplogleWeissman2022_rpe1	POLR2A	NONZERORATE	10	11413	47184.0	0.413423289231578	0.586576710768422	0.0015943841971908577	0.0008754267705506435	1.8212650684511167	0.1714709817195219	0.26175688479882875	False	-0.32943159927268095	1.763341229494173
ReplogleWeissman2022_rpe1	MYB	NONZERORATE	66	11413	351386.0	0.4664882417445284	0.5335117582554716	0.0063510515048429165	0.005749629758689781	1.1046018215771491	0.17352422700147074	0.26175688479882875	False	-0.14525234865165731	1.7514380524474622
ReplogleWeissman2022_rpe1	SP1	NONZERORATE	190	11413	1043236.0	0.4810931209562503	0.5189068790437497	0.017734074566537427	0.0163750754115315	1.0829919326080726	0.18530817174636083	0.2748737880904352	False	-0.1215443385709781	1.6857350465749095
ReplogleWeissman2022_rpe1	CCND1	NONZERORATE	60	11413	322284.0	0.47063874529045824	0.5293612547095418	0.00589820389369498	0.005229669659199861	1.1278348878727085	0.21600940035601673	0.31516125625713914	False	-0.22284328301198494	1.532433352078203
ReplogleWeissman2022_rpe1	LIN52	NONZERORATE	27	11413	141780.0	0.46009910725585834	0.5399008927441417	0.0023991320346780634	0.00236013986013986	1.016521128767298	0.23654318407814934	0.33955392553153696	False	-0.03466502636808677	1.4416244911939213
ReplogleWeissman2022_rpe1	RBBP4	NONZERORATE	54	11413	291208.0	0.4725086077929327	0.5274913922070673	0.004829708098548944	0.004709165431237464	1.0255974586307544	0.24252292437681516	0.342611750310104	False	-0.05550783223569497	1.4166590395599703
ReplogleWeissman2022_rpe1	FOXO1	NONZERORATE	65	11413	352977.0	0.4758096367839643	0.5241903632160356	0.006371684796950382	0.005663007492594529	1.1251415092214845	0.250271289943617	0.34803351257784243	False	-0.03829850549240657	1.3852097897056859
ReplogleWeissman2022_rpe1	POLR2G	NONZERORATE	8	11413	40123.0	0.4394440550249715	0.5605559449750285	0.00123375649051301	0.0007004640574380527	1.7613416097686356	0.2764791217419805	0.3785637205390195	False	0.18519605267250683	1.2856199699412958
ReplogleWeissman2022_rpe1	RAD51D	NONZERORATE	123	11413	680984.0	0.48510078722096256	0.5148992127790375	0.010991833359440208	0.010662274618585299	1.0309088588170914	0.2844326109354352	0.38355306626142016	False	-0.07136309479596459	1.2572589218902537
ReplogleWeissman2022_rpe1	DNMT1	NONZERORATE	112	11413	621908.0	0.48652852010864805	0.513471479891352	0.012250714779888781	0.009718004338394794	1.2606204271269483	0.31156066815688943	0.41386417113377855	False	-0.10261545405183274	1.1661611983798277
ReplogleWeissman2022_rpe1	E2F6	NONZERORATE	156	11413	878519.0	0.4934313547079691	0.5065686452920309	0.014346086058064495	0.01348431152217132	1.0639094205496675	0.3888735550279251	0.508966858786549	False	-0.129824499628596	0.9445010395464241
ReplogleWeissman2022_rpe1	POLR2D	NONZERORATE	74	11413	414815.0	0.49115991484343363	0.5088400851565664	0.0064585168376652185	0.0064420649429790195	1.0025538231656808	0.3963985560569777	0.511296688247406	False	0.003174059807233065	0.9253351191742663
ReplogleWeissman2022_rpe1	NANOG	NONZERORATE	72	11413	404505.0	0.4922566371681416	0.5077433628318584	0.0068554910431969825	0.006269046582498911	1.0935460365432965	0.410264280294095	0.5216217278024922	False	-0.08867037619292525	0.8909537408570042
ReplogleWeissman2022_rpe1	POLR2L	NONZERORATE	15	11413	83414.0	0.48724553871316334	0.5127544612868367	0.0015504785127649554	0.001312565628281414	1.1812578962585274	0.43209410569357964	0.541639090235614	False	-0.034469829567959076	0.8391118772074596
ReplogleWeissman2022_rpe1	STAT5B	NONZERORATE	171	11413	971049.0	0.4975597233687039	0.5024402766312961	0.01477753474305461	0.014761740331491713	1.0010699559271614	0.45632090519441176	0.5640633411430923	False	0.04030554310796919	0.7845589775148223
ReplogleWeissman2022_rpe1	ATF4	NONZERORATE	49	11413	282991.0	0.5060305380366463	0.49396946196335356	0.0041763532968664184	0.004274995637759554	0.9769257446669977	0.5580137032994041	0.680318076625301	False	0.042886887935911666	0.5833717590181292
ReplogleWeissman2022_rpe1	RBMX	NONZERORATE	27	11413	157040.0	0.5096202835622795	0.4903797164377205	0.0023363547618758885	0.00236013986013986	0.9899221657725986	0.5686723626816863	0.683752825194538	False	-0.012968559172997524	0.5644508232097133
ReplogleWeissman2022_rpe1	GATA1	NONZERORATE	64	11413	370290.5	0.5069472586086042	0.49305274139139577	0.005817359264047585	0.005576370131567482	1.0432161292730335	0.576196201006633	0.683752825194538	False	0.06888322567087185	0.551307049538739
ReplogleWeissman2022_rpe1	ZBTB17	NONZERORATE	279	11413	1605120.0	0.5040846648181804	0.4959153351818196	0.026205503038643524	0.02386247006500171	1.0981890377341221	0.5923167325912172	0.6936340684291886	False	0.014162302750806563	0.5237137659020334
ReplogleWeissman2022_rpe1	TNRC6A	NONZERORATE	111	11413	645407.0	0.5094609197824829	0.49053908021751713	0.009650600464891227	0.009632072197153766	1.0019236014180766	0.634435327379826	0.7272221099351224	False	0.06624793380398424	0.45501992392594204
ReplogleWeissman2022_rpe1	USF2	NONZERORATE	104	11413	605335.0	0.509991136962573	0.49000886303742697	0.018665630839888283	0.009030129373968916	2.067039138298013	0.6373407255611185	0.7272221099351224	False	-0.05141908540478079	0.450450875422401
ReplogleWeissman2022_rpe1	SSRP1	NONZERORATE	8	11413	49992.0	0.5475335144133883	0.45246648558661173	0.0008611338905984373	0.0007004640574380527	1.229376270565594	0.6792567473052997	0.765238614052806	False	-0.14600417359294643	0.3867560972611965
ReplogleWeissman2022_rpe1	CCNK	NONZERORATE	346	11413	2012241.0	0.5095702649194788	0.4904297350805212	0.028406149114321023	0.029424270771324094	0.9653985764026037	0.7283428538720456	0.8102814249326508	False	0.09927354797222443	0.3169833885281241
ReplogleWeissman2022_rpe1	BTF3	NONZERORATE	109	11413	645456.0	0.5188482150967391	0.48115178490326094	0.009133107931253775	0.009460163166116994	0.9654281613202385	0.7512757700258028	0.8254758460777339	False	0.06199226469256269	0.28598249085808397
ReplogleWeissman2022_rpe1	MED1	NONZERORATE	52	11413	334277.0	0.5632527684354548	0.43674723156454515	0.0037293004009014558	0.00453554295682512	0.822239021083369	0.9425353207303083	0.9999999948166662	False	0.43526997619436103	0.059181884786239126
ReplogleWeissman2022_rpe1	YBX1	NONZERORATE	29	11413	198929.0	0.6010357215153923	0.39896427848460764	0.0020462964230944193	0.0025345219367243488	0.8073697818291844	0.970105934408697	0.9999999948166662	False	0.6260684509918404	0.030350002717150805
ReplogleWeissman2022_rpe1	BRCA1	NONZERORATE	14	11413	105878.0	0.6626403474734326	0.33735965252656747	0.0009667408050620795	0.0012251684606633412	0.7890676556745987	0.9824289165786221	0.9999999948166662	False	0.8619649229482143	0.01772728739437298
ReplogleWeissman2022_rpe1	LIN54	NONZERORATE	161	11413	1010406.0	0.549882911118573	0.4501170888814271	0.012197542819736234	0.013910489027129774	0.8768593825815352	0.9852859718086523	0.9999999948166662	False	0.2556094231211954	0.014823353237400168
ReplogleWeissman2022_rpe1	ETV4	NONZERORATE	71	11413	522626.0	0.6449600961591859	0.3550399038408141	0.004496366110797083	0.006182514803204459	0.7272713861463902	0.9999876749699252	0.9999999948166662	False	0.5755608850787371	1.2325106028562977e-05
ReplogleWeissman2022_rpe1	HMGA1	NONZERORATE	69	11413	523583.5	0.6648704693478198	0.3351295306521802	0.004188487151964301	0.006009406026824595	0.6969885431717986	0.9999988756465413	0.9999999948166662	False	0.7717146267103803	1.1243540907560592e-06
ReplogleWeissman2022_rpe1	NPM1	NONZERORATE	43	11413	356020.0	0.7254477248506904	0.2745522751493095	0.0023983281600259304	0.003753491620111732	0.638959241889699	0.9999998400825967	0.9999999948166662	False	0.7528572560168765	1.5991741610634315e-07
ReplogleWeissman2022_rpe1	HDAC7	NONZERORATE	95	11413	726719.0	0.6702596761772125	0.3297403238227875	0.0057263924467775285	0.008255126868265555	0.693677097658061	0.9999999948166662	0.9999999948166662	False	0.9212506150801525	5.183333775637731e-09
ReplogleWeissman2022_rpe1	RUVBL1	SPECIFICITY	111	11413	152155.0	0.12010564845051834	0.8798943515494817	0.09577942182763152	0.009632072197153766	9.943802316591222	1.3229872738845071e-43	1.1774586737572114e-41	True	-3.5829026232849186	98.73126673279232
ReplogleWeissman2022_rpe1	ELL	SPECIFICITY	164	11413	468506.5	0.2503064007026647	0.7496935992973353	0.046343207859092614	0.014166018830439666	3.2714348621019216	1.9594421626329928e-28	8.719517623716818e-27	True	-1.3754014309597662	63.79972278200176
ReplogleWeissman2022_rpe1	SRF	SPECIFICITY	95	11413	202484.0	0.18675287184051428	0.8132471281594857	0.05540909410372001	0.008255126868265555	6.712082683637998	3.068429743488929e-26	9.103008239017156e-25	True	-1.697224665308203	58.74604647130431
ReplogleWeissman2022_rpe1	RUVBL2	SPECIFICITY	60	11413	76875.0	0.11226233242793306	0.887737667572067	0.06040067955963591	0.005229669659199861	11.549616609795047	1.587934305135544e-25	3.5331538289265855e-24	True	-3.6380004499383674	57.10219333244394
ReplogleWeissman2022_rpe1	ATR	SPECIFICITY	155	11413	473581.0	0.2677088662334689	0.732291133766531	0.030897786679545302	0.013399031811894882	2.305971589090194	1.1183685293957307e-23	1.9906959823244007e-22	True	-1.3781626586665405	52.847586185713865
ReplogleWeissman2022_rpe1	NELFE	SPECIFICITY	82	11413	223682.5	0.23901124733669135	0.7609887526633086	0.01916863361829304	0.0071335363201391905	2.6871151639302258	1.6536956989819298e-16	2.4529819534898626e-15	True	-1.576884465580958	36.33834888707952
ReplogleWeissman2022_rpe1	NELFB	SPECIFICITY	145	11413	515921.0	0.31175640603425614	0.6882435939657439	0.027173217754102547	0.012545423083578474	2.1659865572546018	2.9347522339074136e-15	3.731327840253712e-14	True	-1.2020296076223698	33.46215336294276
ReplogleWeissman2022_rpe1	MAX	SPECIFICITY	87	11413	264480.0	0.2663629194777885	0.7336370805222114	0.018291082645975718	0.007565217391304348	2.41778678653702	2.736872051012242e-14	3.0447701567511195e-13	True	-1.537801668063914	31.229375620845502
ReplogleWeissman2022_rpe1	POLR2I	SPECIFICITY	142	11413	523650.5	0.3231122034053088	0.6768877965946912	0.02478509385286499	0.012289052358286456	2.0168433765482745	1.9301435003616794e-13	1.908697461468772e-12	True	-1.111851643769425	29.276011856250808
ReplogleWeissman2022_rpe1	MYC	SPECIFICITY	86	11413	272961.0	0.2781008600962998	0.7218991399037002	0.027610252168093027	0.0074789112096704065	3.6917475544290896	6.173884181242273e-13	5.494756921305623e-12	True	-2.0329468749388075	28.11327804213062
ReplogleWeissman2022_rpe1	MNAT1	SPECIFICITY	73	11413	223241.5	0.26794907033435794	0.732050929665642	0.01248130884662943	0.0063555632944454115	1.9638399097587074	3.708805502298014e-12	3.000760815495666e-11	True	-1.3756609768403982	26.320311258187296
ReplogleWeissman2022_rpe1	NELFCD	SPECIFICITY	104	11413	385980.0	0.32518585418786944	0.6748141458121306	0.027521725602952275	0.009030129373968916	3.0477664785500127	3.9372112780951405e-10	2.9200983645872294e-09	True	-0.9354615906348701	21.655378254675263
ReplogleWeissman2022_rpe1	GTF2F2	SPECIFICITY	61	11413	197315.5	0.28342068937780185	0.7165793106221982	0.01344729259636648	0.005316367439428272	2.529413692634574	2.5051814975091825e-09	1.715085794448594e-08	True	-1.328642045961057	19.804904650938774
ReplogleWeissman2022_rpe1	TRRAP	SPECIFICITY	16	11413	14377.0	0.07873149040567774	0.9212685095943223	0.009869688855854245	0.0013999475019686762	7.050042120847385	2.7238191504186997e-09	1.7315707456233164e-08	True	-2.643766307454217	19.7212308420457
ReplogleWeissman2022_rpe1	CCNH	SPECIFICITY	62	11413	202948.5	0.28681003270181427	0.7131899672981857	0.011469424275415507	0.0054030501089324615	2.122768444522467	3.2766625968103297e-09	1.944153140774129e-08	True	-1.2533703212740297	19.536440433528345
ReplogleWeissman2022_rpe1	GTF2H4	SPECIFICITY	56	11413	178501.0	0.2792883428671565	0.7207116571328435	0.011647792474837233	0.0048827273519923275	2.385509498105504	5.64291632743392e-09	3.138872207135118e-08	True	-1.3706003081383185	18.99286482574364
ReplogleWeissman2022_rpe1	NELFA	SPECIFICITY	52	11413	166225.5	0.28008799007879004	0.71991200992121	0.010370872606662671	0.00453554295682512	2.2865779699112987	2.0853752285133703e-08	1.0917552666922939e-07	True	-1.2740774795065555	17.68573193917964
ReplogleWeissman2022_rpe1	POLR2K	SPECIFICITY	20	11413	43610.5	0.1910562516428634	0.8089437483571367	0.006067943062488669	0.0017493221376716523	3.4687396516716476	8.586596864766039e-07	4.245595116467652e-06	True	-1.8623065697608019	13.967893167526652
ReplogleWeissman2022_rpe1	POLR2E	SPECIFICITY	82	11413	327555.0	0.35000203020517895	0.649997969794821	0.010758755163702298	0.0071335363201391905	1.5081937878872917	1.3621961875974014e-06	6.380813720850986e-06	True	-0.9361155659792251	13.50641231685299
ReplogleWeissman2022_rpe1	GTF2H2	SPECIFICITY	46	11413	174564.5	0.3325050762098141	0.6674949237901859	0.0072555153873484265	0.004014311894580679	1.807411974426644	4.2894135148037075e-05	0.000190878901408765	True	-0.917544908121588	10.05677545121191
ReplogleWeissman2022_rpe1	SUPT4H1	SPECIFICITY	16	11413	40031.0	0.21921821606939454	0.7807817839306054	0.005315124847828279	0.0013999475019686762	3.7966601178643375	5.019226388012747e-05	0.00021271959453958786	True	-1.77524649976298	9.899649649115693
ReplogleWeissman2022_rpe1	ERCC2	SPECIFICITY	94	11413	412647.0	0.3846369668034399	0.61536303319656	0.014419845040839019	0.00816894064482489	1.7652037966482403	5.704058135032497e-05	0.00023075507909904193	True	-0.5290849301041773	9.771747589933927
ReplogleWeissman2022_rpe1	NF1	SPECIFICITY	63	11413	261239.5	0.36332767284313766	0.6366723271568624	0.024519932057418183	0.0054897176716626	4.466519687157636	8.8960437572774e-05	0.00033295174339837585	True	-0.8721536811654678	9.327318808715399
ReplogleWeissman2022_rpe1	CHEK1	SPECIFICITY	55	11413	222149.0	0.3539010538221964	0.6460989461778036	0.02601368005175826	0.004795953958841995	5.424088778792068	8.978473979282045e-05	0.00033295174339837585	True	-0.8706992956108548	9.318095532588769
ReplogleWeissman2022_rpe1	POLR2C	SPECIFICITY	18	11413	50907.0	0.24780221384970355	0.7521977861502964	0.004265528083310192	0.0015746653836059838	2.708847306684378	0.00010557844194833635	0.00037585925333607736	True	-1.5379955991437537	9.156056355749708
ReplogleWeissman2022_rpe1	SUPT16H	SPECIFICITY	29	11413	102365.5	0.3092828202563924	0.6907171797436075	0.005164511501959051	0.0025345219367243488	2.0376669174281195	0.0001890765951910691	0.0006229018079068928	True	-1.1462123734990808	8.573358359441327
ReplogleWeissman2022_rpe1	NRF1	SPECIFICITY	53	11413	217036.0	0.35880302005822556	0.6411969799417744	0.006930482645241572	0.004622361765218908	1.4993380001950918	0.00019083996045839814	0.0006229018079068928	True	-0.48401861061090723	8.564075384514052
ReplogleWeissman2022_rpe1	GTF2H3	SPECIFICITY	66	11413	281502.0	0.3737125924981879	0.6262874075018121	0.010784608491429185	0.005749629758689781	1.875704861713873	0.0001959691081055393	0.0006229018079068928	True	-0.8014651306430819	8.53755352286222
ReplogleWeissman2022_rpe1	ELOB	SPECIFICITY	132	11413	623436.5	0.41382667027764725	0.5861733297223528	0.015417935595905683	0.011433521004763967	1.348485351929781	0.0003229587611385894	0.000991149301425326	True	-0.5751275826395288	8.03798591738623
ReplogleWeissman2022_rpe1	TFDP1	SPECIFICITY	167	11413	808605.0	0.42424832277091307	0.5757516772290869	0.016775613572701287	0.014421416234887737	1.163243144741802	0.000380772732622437	0.001129625773446563	True	-0.6224385031407049	7.873307863119167
ReplogleWeissman2022_rpe1	POLR2F	SPECIFICITY	77	11413	344999.0	0.39257920735183505	0.607420792648165	0.010912506200734704	0.0067014795474325504	1.6283726785252175	0.0005677747400951671	0.001630062963499028	True	-0.6265958960637495	7.473785802242984
ReplogleWeissman2022_rpe1	POLR2B	SPECIFICITY	23	11413	81812.0	0.311665949203616	0.688334050796384	0.005081752594837433	0.0020111927247289264	2.5267357684591687	0.000882680985174911	0.002387554846832775	True	-1.241421572887339	7.032546707832159
ReplogleWeissman2022_rpe1	ERCC3	SPECIFICITY	23	11413	81825.5	0.3117173779709637	0.6882826220290363	0.004678604353983193	0.0020111927247289264	2.3262834518326865	0.0008852731454548491	0.002387554846832775	True	-1.179265130098225	7.029614321643509
ReplogleWeissman2022_rpe1	CDK12	SPECIFICITY	64	11413	285012.5	0.3901971709892228	0.6098028290107771	0.007360289034964	0.005576370131567482	1.3199068320981537	0.0011994226561037337	0.0031396651880362444	True	-0.8201490731208056	6.725914957877059
ReplogleWeissman2022_rpe1	GTF2H1	SPECIFICITY	19	11413	66608.0	0.30716588193518934	0.6928341180648107	0.004044395071574946	0.001662001399580126	2.433448655697094	0.0018036128557715016	0.004586329833247533	True	-1.162471367187159	6.317963483603148
ReplogleWeissman2022_rpe1	CLOCK	SPECIFICITY	715	11413	3826847.0	0.46895939423758576	0.5310406057624142	0.0626984306003258	0.05895448548812665	1.06350568716189	0.0026429253980236526	0.006533898900669586	True	-0.24922513382803319	5.935868870007444
ReplogleWeissman2022_rpe1	HDAC3	SPECIFICITY	59	11413	267418.0	0.3971355887651162	0.6028644112348839	0.00704425398934009	0.005142956764295677	1.3696895214527036	0.0031680809303683845	0.007483805684586601	True	-0.3559580337663254	5.754629259154115
ReplogleWeissman2022_rpe1	SUPT5H	SPECIFICITY	7	11413	16177.5	0.2024946489592069	0.797505351040793	0.0023207680334671405	0.0006129597197898424	3.7861672774563924	0.003195332764205515	0.007483805684586601	True	-1.8367005916696826	5.7460640450250136
ReplogleWeissman2022_rpe1	POLR2H	SPECIFICITY	15	11413	51343.0	0.2999094599725459	0.7000905400274541	0.002965864238782436	0.001312565628281414	2.259593101387045	0.003638221390831527	0.008302607789333484	True	-0.9763589711024212	5.616260345643925
ReplogleWeissman2022_rpe1	CTDP1	SPECIFICITY	21	11413	80256.0	0.3348562416292198	0.6651437583707801	0.004487676234227726	0.0018366276018891028	2.4434328601028485	0.004392072682262837	0.009772361718034812	True	-1.1260898569070834	5.427954026127038
ReplogleWeissman2022_rpe1	MYBL2	SPECIFICITY	888	11413	4820214.0	0.4756128028492876	0.5243871971507125	0.0755595959982793	0.07218925290626778	1.0466876017734614	0.00765791905108802	0.016623287696264238	True	-0.24853257787587024	4.872014996485904
ReplogleWeissman2022_rpe1	GABPA	SPECIFICITY	67	11413	323261.5	0.4227458606381045	0.5772541393618955	0.00817038872119508	0.0058362369337979095	1.3999412316316346	0.01448031840373949	0.03068448423649559	True	-0.4028549250558183	4.234964903057797
ReplogleWeissman2022_rpe1	CDK7	SPECIFICITY	3	11413	5521.5	0.16126347147989134	0.8387365285201086	0.0009614388422935625	0.0002627890679747723	3.658595274541103	0.02102686872365798	0.043520728288501405	True	-1.8870957311658367	3.8619541960427037
ReplogleWeissman2022_rpe1	CDK9	SPECIFICITY	27	11413	119453.0	0.38764436915667966	0.6123556308433203	0.0038648694724464517	0.00236013986013986	1.6375595098069409	0.02164457863212999	0.043781079505899295	True	-0.6523244092408693	3.8330002654927435
ReplogleWeissman2022_rpe1	RBMX	SPECIFICITY	27	11413	121570.0	0.3945143776914565	0.6054856223085435	0.003509779078106971	0.00236013986013986	1.4871063945756944	0.028945121784317778	0.05724701864009516	True	-0.435730873850576	3.542353594021161
ReplogleWeissman2022_rpe1	TGS1	SPECIFICITY	63	11413	311032.0	0.4325782767910166	0.5674217232089833	0.008148490236818932	0.0054897176716626	1.484318634249747	0.03225809288406684	0.062412397101781494	True	-0.3687266523575884	3.4339863250794607
ReplogleWeissman2022_rpe1	STAT5B	SPECIFICITY	171	11413	911670.0	0.46713427747059755	0.5328657225294025	0.015682439952583258	0.014761740331491713	1.0623706690685641	0.06974673795466901	0.13207361016947963	False	-0.06340033098220581	2.6628846270493
ReplogleWeissman2022_rpe1	CDC6	SPECIFICITY	84	11413	435875.5	0.454656448577854	0.545343551422146	0.008344468352100943	0.007306253805340524	1.1420994362393397	0.07572064316817446	0.14039869254099016	False	-0.22365440213077864	2.5807044586441457
ReplogleWeissman2022_rpe1	YY1	SPECIFICITY	86	11413	447198.0	0.45561874565723703	0.544381254342763	0.00806038748551599	0.0074789112096704065	1.0777487871621905	0.07775764072946219	0.14123326581473744	False	-0.17590926496443549	2.554158459703528
ReplogleWeissman2022_rpe1	KAT5	SPECIFICITY	33	11413	164050.0	0.4355745309044179	0.5644254690955821	0.00365297795000888	0.0028831032675170364	1.2670298671455043	0.1002516661136108	0.17844796568222723	False	-0.22849725851169045	2.300071593346422
ReplogleWeissman2022_rpe1	ATF4	SPECIFICITY	49	11413	251353.0	0.4494570280578717	0.5505429719421283	0.005344398332518435	0.004274995637759554	1.2501529323944143	0.1106828977118009	0.18988217779895003	False	-0.2667052518286067	2.201085943417685
ReplogleWeissman2022_rpe1	NFYC	SPECIFICITY	116	11413	618386.5	0.46709174655640723	0.5329082534435927	0.013354900691335783	0.010061583832075635	1.327315948882847	0.11094239601736405	0.18988217779895003	False	-0.1949146568097146	2.198744167171972
ReplogleWeissman2022_rpe1	POLR2A	SPECIFICITY	10	11413	45066.0	0.39486550424954	0.6051344957504601	0.0016209528308445843	0.0008754267705506435	1.8516144186737684	0.12472996917150758	0.2094522123823429	False	-0.5600312794711848	2.0816041250063586
ReplogleWeissman2022_rpe1	HSF1	SPECIFICITY	19	11413	92087.0	0.42466347240220065	0.5753365275977993	0.002252899413244612	0.001662001399580126	1.3555340048532847	0.12786815685206088	0.21074566592284105	False	-0.07856818896656977	2.056755570495676
ReplogleWeissman2022_rpe1	ACTL6A	SPECIFICITY	15	11413	71401.0	0.41707409679021	0.58292590320979	0.002180734306352641	0.001312565628281414	1.6614287768665321	0.1331229261293425	0.21541709864566336	False	-0.465455179930997	2.0164823210109275
ReplogleWeissman2022_rpe1	GTF2F1	SPECIFICITY	39	11413	202992.5	0.4560532635972923	0.5439467364027076	0.003934817273487856	0.003405518686692281	1.155423779896998	0.17118362942766696	0.27205969676897074	False	-0.30452336587912987	1.7650184423485635
ReplogleWeissman2022_rpe1	CCND1	SPECIFICITY	60	11413	319410.0	0.46644177692105493	0.5335582230789451	0.007292001660598479	0.005229669659199861	1.394352250867439	0.18457668678423256	0.2881986863823982	False	-0.2753507842975753	1.6896902553316386
ReplogleWeissman2022_rpe1	LIN52	SPECIFICITY	27	11413	138991.0	0.4510483496727254	0.5489516503272746	0.0024741415338717333	0.00236013986013986	1.0483029313886159	0.1893709930535028	0.29058652382347844	False	-0.00956181828045273	1.6640472617357385
ReplogleWeissman2022_rpe1	STAT5A	SPECIFICITY	95	11413	516152.0	0.4760517784428652	0.5239482215571347	0.008694772135135743	0.008255126868265555	1.0532572392751802	0.21035498508156236	0.31311542612005594	False	-0.032991014445623176	1.5589587702411023
ReplogleWeissman2022_rpe1	NANOG	SPECIFICITY	72	11413	388357.0	0.4726055570158786	0.5273944429841213	0.007179254268894825	0.006269046582498911	1.1451907677535704	0.21108905131689165	0.31311542612005594	False	-0.12386361879798459	1.5554751903857702
ReplogleWeissman2022_rpe1	GABPB1	SPECIFICITY	48	11413	256710.0	0.46859940418820645	0.5314005958117936	0.004393590189315325	0.004188116220225111	1.0490611908279779	0.22603090723133024	0.3297827990752195	False	-0.2389136745553593	1.4870835313995743
ReplogleWeissman2022_rpe1	POLR2G	SPECIFICITY	8	11413	39331.0	0.43076973626566195	0.569230263734338	0.001306180139181507	0.0007004640574380527	1.8647354211989988	0.2487804078867552	0.3571202629342131	False	0.6099713845478419	1.3911846676536475
ReplogleWeissman2022_rpe1	RAD51	SPECIFICITY	22	11413	116063.5	0.4622460033613981	0.537753996638602	0.002266186907346582	0.0019239177962396153	1.1779021493412802	0.26785527561084777	0.37396200373154764	False	-0.2390865163877422	1.317308460710072
ReplogleWeissman2022_rpe1	BTF3	SPECIFICITY	109	11413	600717.0	0.48288488019054404	0.517115119809456	0.010410479724732828	0.009460163166116994	1.10045456319607	0.26891649706538256	0.37396200373154764	False	-0.04294740579667651	1.3133543674017985
ReplogleWeissman2022_rpe1	NFYB	SPECIFICITY	79	11413	433388.0	0.48067327176315705	0.5193267282368429	0.009823288378382327	0.006874347372084928	1.4289775954983508	0.27660037242595437	0.37730191049141537	False	-0.05910934434061789	1.2851815133100344
ReplogleWeissman2022_rpe1	VHL	SPECIFICITY	62	11413	338625.0	0.4785502101451938	0.5214497898548063	0.00567605136083381	0.0054030501089324615	1.0505272478317416	0.2797969223868923	0.37730191049141537	False	0.05217350307456142	1.2736912161432998
ReplogleWeissman2022_rpe1	SP1	SPECIFICITY	190	11413	1074010.0	0.49528469381637746	0.5047153061836226	0.016415874491585197	0.0163750754115315	1.0024915353992792	0.41165833397500806	0.5468297272205331	False	-0.0457002384023468	0.8875615601492839
ReplogleWeissman2022_rpe1	MED1	SPECIFICITY	52	11413	293342.0	0.4942777803988704	0.5057222196011295	0.004367134162778979	0.00453554295682512	0.9628690995434805	0.4433072908828261	0.5802110130672283	False	-0.05736976261706455	0.8134920905294131
ReplogleWeissman2022_rpe1	POLR2L	SPECIFICITY	15	11413	84286.0	0.4923391454189667	0.5076608545810333	0.001514095572651919	0.001312565628281414	1.1535389469510753	0.45909214192789666	0.5921623279939536	False	-0.052783762028043524	0.77850434412721
ReplogleWeissman2022_rpe1	E2F6	SPECIFICITY	156	11413	887170.0	0.4982902987371576	0.5017097012628424	0.013601612469795034	0.01348431152217132	1.0086990683529407	0.4707211047300476	0.5984882617282034	False	-0.060991624954676915	0.7534894946775976
ReplogleWeissman2022_rpe1	RAD51D	SPECIFICITY	123	11413	700490.0	0.49899593887728944	0.5010040611227107	0.010649969774668963	0.010662274618585299	0.9988459456957818	0.48469191951052665	0.6075715610765757	False	0.0011096239765089333	0.7242418073848391
ReplogleWeissman2022_rpe1	POLR2D	SPECIFICITY	74	11413	423480.0	0.501419670787935	0.49858032921206497	0.006447388792765327	0.0064420649429790195	1.0008264197634502	0.5168325443064788	0.6256706568784203	False	0.07111765423036887	0.6600363557671893
ReplogleWeissman2022_rpe1	RBBP4	SPECIFICITY	54	11413	309182.0	0.501672881152422	0.49832711884757797	0.004410138207927624	0.004709165431237464	0.9365010153760382	0.5169534119336272	0.6256706568784203	False	0.3027721764355138	0.6598025208481337
ReplogleWeissman2022_rpe1	BRCA1	SPECIFICITY	14	11413	80516.0	0.5039115795271056	0.49608842047289436	0.001288883926733186	0.0012251684606633412	1.0520054736271511	0.5202205461685742	0.6256706568784203	False	-0.04326082484192188	0.6535024300759438
ReplogleWeissman2022_rpe1	MYB	SPECIFICITY	66	11413	379251.0	0.5034808790613574	0.49651912093864253	0.006017483881322957	0.005749629758689781	1.0465863253591852	0.5389119498036529	0.6395088471003347	False	-0.03794600804854387	0.6182030798523637
ReplogleWeissman2022_rpe1	SSRP1	SPECIFICITY	8	11413	47188.0	0.5168229212301761	0.48317707876982385	0.0008852213141766745	0.0007004640574380527	1.263764078651475	0.5654595363944136	0.6621828781460897	False	-0.1132107876841171	0.5701165396652464
ReplogleWeissman2022_rpe1	DNMT1	SPECIFICITY	112	11413	652509.0	0.5104681691304402	0.4895318308695598	0.011947744637603681	0.009718004338394794	1.2294442584677003	0.648731426081461	0.7498324275487016	False	-0.04690972247363551	0.43273647522948794
ReplogleWeissman2022_rpe1	GATA1	SPECIFICITY	64	11413	376067.5	0.5148562768334356	0.48514372316656446	0.005447159126991796	0.005576370131567482	0.9768288328200757	0.6594365603453711	0.7524340239838209	False	0.1482267068930737	0.41636950501440806
ReplogleWeissman2022_rpe1	USF2	SPECIFICITY	104	11413	610137.0	0.5140367934002386	0.48596320659976144	0.010136983112641443	0.009030129373968916	1.1225734087335721	0.6892154660756434	0.7764579301358515	False	-0.004949275953468218	0.37220133395965693
ReplogleWeissman2022_rpe1	CCNK	SPECIFICITY	346	11413	2049246.0	0.5189412337315372	0.4810587662684628	0.02821289407931018	0.029424270771324094	0.9588306979150532	0.8855026301057045	0.9851216759925963	False	0.2172195900566014	0.1215998515708823
ReplogleWeissman2022_rpe1	LIN54	SPECIFICITY	161	11413	973154.0	0.5296096366081394	0.47039036339186047	0.012883921499678316	0.013910489027129774	0.9262019095483033	0.9019343804559488	0.9910143192664128	False	0.12744835900641038	0.10321351050603574
ReplogleWeissman2022_rpe1	ZBTB17	SPECIFICITY	279	11413	1670065.0	0.5244805097124043	0.47551949028759577	0.022693770420038048	0.02386247006500171	0.9510235259895515	0.9191587927607017	0.997037330607116	False	0.06806982978108908	0.08429638291209839
ReplogleWeissman2022_rpe1	YBX1	SPECIFICITY	29	11413	201966.0	0.6102115856993084	0.38978841430069167	0.0020405979119431637	0.0025345219367243488	0.8051214244294372	0.9799783412470237	0.997037330607116	False	0.4535217824055011	0.02022480833008824
ReplogleWeissman2022_rpe1	HDAC7	SPECIFICITY	95	11413	614806.0	0.5670412779517355	0.4329587220482644	0.007620165990652309	0.008255126868265555	0.923082844425545	0.9879059804443903	0.997037330607116	False	0.4292509110388166	0.012167747255943556
ReplogleWeissman2022_rpe1	FOXO1	SPECIFICITY	65	11413	432612.0	0.5831568589125761	0.41684314108742393	0.0045628795884239915	0.005663007492594529	0.8057343371681627	0.9897147823031016	0.997037330607116	False	0.4750625391930714	0.010338476045635503
ReplogleWeissman2022_rpe1	HMGA1	SPECIFICITY	69	11413	458864.5	0.5826872991262189	0.41731270087378114	0.004935067511277808	0.006009406026824595	0.8212238429636491	0.9911559084235025	0.997037330607116	False	0.31624995159654473	0.008883432683739811
ReplogleWeissman2022_rpe1	ETV4	SPECIFICITY	71	11413	473130.0	0.5838782806362401	0.41612171936375986	0.004899264058448112	0.006182514803204459	0.7924387105241988	0.9926697335687071	0.997037330607116	False	0.4200200190922705	0.007357264852260087
ReplogleWeissman2022_rpe1	NPM1	SPECIFICITY	43	11413	301150.0	0.6136413188550796	0.38635868114492045	0.002894727381826144	0.003753491620111732	0.7712092299116351	0.9950096310640358	0.997037330607116	False	0.5052821855278073	0.005002862409047415
ReplogleWeissman2022_rpe1	TNRC6A	SPECIFICITY	111	11413	729410.0	0.5757698467765935	0.4242301532234065	0.007954305569104689	0.009632072197153766	0.8258145709762381	0.997037330607116	0.997037330607116	False	0.4166472148903885	0.00296706678534421
ReplogleWeissman2022_rpe1	RUVBL1	UNIFORM	111	11413	179424.0	0.14163080981621243	0.8583691901837877	0.08780550526597389	0.009632072197153766	9.11595173590165	4.992583867410388e-39	4.4433996419952455e-37	True	-3.188666342296772	88.19286504192095
ReplogleWeissman2022_rpe1	ELL	UNIFORM	164	11413	497635.5	0.26586899192833163	0.7341310080716683	0.039103072636429315	0.014166018830439666	2.7603431214142815	3.1008446771787557e-25	1.3798758813445464e-23	True	-1.3761156895108837	56.432952773965745
ReplogleWeissman2022_rpe1	ATR	UNIFORM	155	11413	463170.0	0.26182367023456554	0.7381763297654345	0.031372569951563414	0.013399031811894882	2.341405736772165	8.553553366466268e-25	2.537554165384993e-23	True	-1.4190144220772276	55.41828052982247
ReplogleWeissman2022_rpe1	MYC	UNIFORM	86	11413	186499.0	0.1900107792215731	0.8099892207784268	0.03404253739638387	0.0074789112096704065	4.551803924663001	1.6940435844430214e-23	3.7692469753857225e-22	True	-3.685917751813438	52.43233881424928
ReplogleWeissman2022_rpe1	RUVBL2	UNIFORM	60	11413	109861.0	0.1604325476795467	0.8395674523204533	0.04932217067444195	0.005229669659199861	9.431221069131208	5.0774329901368656e-20	9.037830722443622e-19	True	-2.93890465449973	44.426896042908325
ReplogleWeissman2022_rpe1	NELFE	UNIFORM	82	11413	220701.5	0.23582596226382838	0.7641740377361717	0.019342214878345317	0.0071335363201391905	2.711448293007066	7.21292120781311e-17	1.0699166458256112e-15	True	-1.6208713675888746	37.16807255107296
ReplogleWeissman2022_rpe1	NELFB	UNIFORM	145	11413	510961.0	0.30875921891853514	0.6912407810814649	0.02728766536330148	0.012545423083578474	2.175109215648541	1.0867783967749648e-15	1.3817611044710267e-14	True	-1.2346303437424986	34.45555867436764
ReplogleWeissman2022_rpe1	MAX	UNIFORM	87	11413	253336.0	0.25513958170305895	0.744860418296941	0.01799272149491687	0.007565217391304348	2.3783482435809655	1.6194463982871287e-15	1.801634118094431e-14	True	-1.9456215466142712	34.0566920335216
ReplogleWeissman2022_rpe1	SRF	UNIFORM	95	11413	303645.0	0.2800546007092558	0.7199453992907442	0.030235707326026078	0.008255126868265555	3.6626581042937696	7.061963084986018e-14	6.675141594529073e-13	True	-1.1585423958399144	30.281468231698813
ReplogleWeissman2022_rpe1	POLR2I	UNIFORM	142	11413	518644.5	0.32002331169175746	0.6799766883082425	0.024971653331951907	0.012289052358286456	2.0320243257091852	7.500159094976486e-14	6.675141594529073e-13	True	-1.1423586348960522	30.221267068935827
ReplogleWeissman2022_rpe1	MNAT1	UNIFORM	73	11413	219477.5	0.2634312709971446	0.7365687290028554	0.012660390867007395	0.0063555632944454115	1.9920171164170815	1.4475917953635704e-12	1.1712333617032525e-11	True	-1.4078333219870345	27.261119770988216
ReplogleWeissman2022_rpe1	NELFCD	UNIFORM	104	11413	379385.0	0.31962960591498224	0.6803703940850176	0.023898270710272087	0.009030129373968916	2.6465036900981116	1.1279293751972301e-10	8.365476199379457e-10	True	-0.9979618465481027	22.90546738946547
ReplogleWeissman2022_rpe1	CLOCK	UNIFORM	715	11413	3512181.0	0.43039877847553304	0.5696012215244669	0.07196420751932135	0.05895448548812665	1.2206739983137473	2.002244803582798e-10	1.3707675962989926e-09	True	-0.3599137430873725	22.33158197701107
ReplogleWeissman2022_rpe1	CCNH	UNIFORM	62	11413	199643.5	0.28213935438648063	0.7178606456135194	0.01167342854963083	0.0054030501089324615	2.1605256872099	1.5229844182059543e-09	9.681829515737853e-09	True	-1.2820823990669845	20.302593994073277
ReplogleWeissman2022_rpe1	GTF2F2	UNIFORM	61	11413	195771.5	0.2812029135598893	0.7187970864401108	0.013530130498862918	0.005316367439428272	2.5449953662943137	1.7451487416719197e-09	1.0354549200586723e-08	True	-1.358965239817104	20.16642604614417
ReplogleWeissman2022_rpe1	GTF2H4	UNIFORM	56	11413	176935.0	0.2768381294513775	0.7231618705486225	0.011697911376016855	0.0048827273519923275	2.395774028063166	3.880491565881821e-09	2.158523433521763e-08	True	-1.3990998651955318	19.36730399909843
ReplogleWeissman2022_rpe1	NELFA	UNIFORM	52	11413	163397.5	0.27532284372072335	0.7246771562792765	0.010515324959625509	0.00453554295682512	2.3184269358097396	1.0577315438324964e-08	5.537535729476011e-08	True	-1.3183433241027904	18.364554182002273
ReplogleWeissman2022_rpe1	TRRAP	UNIFORM	16	11413	21129.0	0.11570686935950232	0.8842931306404976	0.008656571877722483	0.0013999475019686762	6.183497499405641	5.162118542499564e-08	2.552380834902562e-07	True	-2.2044028991342435	16.779333678467943
ReplogleWeissman2022_rpe1	POLR2K	UNIFORM	20	11413	43979.5	0.19267282922982565	0.8073271707701744	0.006062931201778459	0.0017493221376716523	3.4658746214966563	9.723212859771336e-07	4.554557602734995e-06	True	-1.8840016014096002	13.843579545973917
ReplogleWeissman2022_rpe1	POLR2E	UNIFORM	82	11413	326098.0	0.3484451833916394	0.6515548166083606	0.010901056416795262	0.0071335363201391905	1.528141994037336	1.0725084184616748e-06	4.772662462154453e-06	True	-0.9454807001811389	13.745510336793531
ReplogleWeissman2022_rpe1	NRF1	UNIFORM	53	11413	195213.0	0.3227253264648555	0.6772746735351445	0.009149306529721951	0.004622361765218908	1.9793575220715451	4.095357927157935e-06	1.735651692938363e-05	True	-0.8289377342937418	12.405656438579541
ReplogleWeissman2022_rpe1	GTF2H2	UNIFORM	46	11413	169054.5	0.3220097981325643	0.6779902018674356	0.007346554546511708	0.004014311894580679	1.8300906206190797	1.4982369693052763e-05	6.061049557644073e-05	True	-0.9518006805711172	11.10863640192853
ReplogleWeissman2022_rpe1	CHEK1	UNIFORM	55	11413	215162.0	0.34277020622416227	0.6572297937758377	0.026410171758782287	0.004795953958841995	5.506760904176641	2.7704004118677117e-05	0.0001072024507200984	True	-0.9664286523806468	10.493933602196927
ReplogleWeissman2022_rpe1	SUPT4H1	UNIFORM	16	11413	39783.0	0.21786011565758345	0.7821398843424165	0.0054076999147316335	0.0013999475019686762	3.86278764534174	4.6440378399673875e-05	0.00017221640323212395	True	-1.8052979180431445	9.977341253026653
ReplogleWeissman2022_rpe1	HDAC3	UNIFORM	59	11413	239366.0	0.355476285591661	0.644523714408339	0.010568259736277136	0.005142956764295677	2.054899588043581	6.267045648496695e-05	0.0002162634180681417	True	-0.7298866756977223	9.677620409807083
ReplogleWeissman2022_rpe1	TFDP1	UNIFORM	167	11413	788574.0	0.4137387190046438	0.5862612809953561	0.017770464670715143	0.014421416234887737	1.2322274304603673	6.317807718844589e-05	0.0002162634180681417	True	-0.6168842625278519	9.669553196917875
ReplogleWeissman2022_rpe1	POLR2C	UNIFORM	18	11413	51154.0	0.24900454647234635	0.7509954535276536	0.004273194736479318	0.0015746653836059838	2.7137160573719488	0.00011318256581664575	0.00037308327250672115	True	-1.5487247392732795	9.086508416276736
ReplogleWeissman2022_rpe1	SUPT16H	UNIFORM	29	11413	100430.5	0.3034364925659487	0.6965635074340514	0.005229565816987263	0.0025345219367243488	2.0633342095851126	0.00012422490261965478	0.0003948577261839027	True	-1.202132421695893	8.993416904379156
ReplogleWeissman2022_rpe1	GTF2H3	UNIFORM	66	11413	280918.0	0.37293729372937295	0.6270627062706271	0.010876339066397542	0.005749629758689781	1.8916590324723848	0.00018039450994147594	0.0005536245305100468	True	-0.8094700647541824	8.620364383495753
ReplogleWeissman2022_rpe1	ELOB	UNIFORM	132	11413	621957.5	0.41284493493597146	0.5871550650640286	0.015422173813337318	0.011433521004763967	1.3488560354165102	0.00027984834707933274	0.0008302167630020204	True	-0.5929539768779282	8.181262719096617
ReplogleWeissman2022_rpe1	ERCC2	UNIFORM	94	11413	429636.0	0.4004727718111672	0.5995272281888328	0.0135281924833436	0.00816894064482489	1.6560522436790936	0.0004360245761672652	0.0012518124928673096	True	-0.5835092526137047	7.737811948847707
ReplogleWeissman2022_rpe1	NF1	UNIFORM	63	11413	272536.5	0.3790393577916578	0.6209606422083422	0.029193658036335834	0.0054897176716626	5.317879676587143	0.0004540648006018341	0.001262867726673851	True	-0.5636975762485645	7.697270637505096
ReplogleWeissman2022_rpe1	MYBL2	UNIFORM	888	11413	4739400.0	0.467638847118388	0.5323611528816119	0.07761155760333222	0.07218925290626778	1.0751123536921054	0.0006461668400010301	0.0017426923866694446	True	-0.2783916377048956	7.344452821271196
ReplogleWeissman2022_rpe1	ERCC3	UNIFORM	23	11413	81084.5	0.3088945100743241	0.6911054899256761	0.00476496074672395	0.0020111927247289264	2.3692213521536996	0.0007540631378660289	0.0019738711550022522	True	-1.1952558321603801	7.190034456239234
ReplogleWeissman2022_rpe1	CDK12	UNIFORM	64	11413	282356.5	0.3865609666608254	0.6134390333391746	0.007437644768207002	0.005576370131567482	1.3337788906986214	0.0008553201836607963	0.002174957038451739	True	-0.8443839098115362	7.06403467531528
ReplogleWeissman2022_rpe1	POLR2B	UNIFORM	23	11413	82002.0	0.3123897614848057	0.6876102385151943	0.005076608515652661	0.0020111927247289264	2.5241780428262532	0.0009194508722118743	0.002243288294923568	True	-1.2552457613912313	6.991733944154365
ReplogleWeissman2022_rpe1	POLR2F	UNIFORM	77	11413	349167.0	0.3973220330882646	0.6026779669117355	0.010642182220126683	0.0067014795474325504	1.5880347234968257	0.0009326029990131689	0.002243288294923568	True	-0.5934359582438524	6.977530957840164
ReplogleWeissman2022_rpe1	YY1	UNIFORM	86	11413	396604.0	0.40407205980939725	0.5959279401906027	0.011883178417432923	0.0074789112096704065	1.5888914956053626	0.0010704135664871947	0.002507021247825272	True	-0.5562190117157406	6.839710194448659
ReplogleWeissman2022_rpe1	GTF2H1	UNIFORM	19	11413	66382.0	0.306123672451083	0.693876327548917	0.004024168969606745	0.001662001399580126	2.4212789295023325	0.0017148663677005959	0.00391341299295777	True	-1.1687333732579464	6.368420121108239
ReplogleWeissman2022_rpe1	SUPT5H	UNIFORM	7	11413	16025.5	0.2005920566772227	0.7994079433227772	0.0022989838473915646	0.0006129597197898424	3.7506279338873814	0.003030405890842321	0.006742653107124164	True	-1.8710876857650527	5.799058711058644
ReplogleWeissman2022_rpe1	CTDP1	UNIFORM	21	11413	79912.0	0.3334209527147405	0.6665790472852595	0.004498657386661158	0.0018366276018891028	2.4494118361468415	0.004107335379238166	0.008915923140297483	True	-1.1436541626893444	5.494980786947742
ReplogleWeissman2022_rpe1	POLR2H	UNIFORM	15	11413	52659.0	0.3075966003680014	0.6924033996319986	0.002905745233934207	0.001312565628281414	2.213790435560008	0.004928480524619825	0.0104436849212182	True	-0.9388052497079487	5.312724548450269
ReplogleWeissman2022_rpe1	GABPA	UNIFORM	67	11413	314774.5	0.4116469697425429	0.5883530302574571	0.008093425028343775	0.0058362369337979095	1.3867540197818886	0.006248385963258544	0.012932705830930473	True	-0.46119033491019235	5.075432094463669
ReplogleWeissman2022_rpe1	CDC6	UNIFORM	84	11413	411568.5	0.4293021116270919	0.570697888372908	0.008904224602247303	0.007306253805340524	1.2187127410956815	0.012657501121942945	0.025602672723930048	True	-0.3536111199255281	4.369505265481624
ReplogleWeissman2022_rpe1	CDK7	UNIFORM	3	11413	5297.5	0.15472122433482285	0.8452787756651772	0.0009986049549116042	0.0002627890679747723	3.8000247217569574	0.01912087335282214	0.037108751215820725	True	-1.9471422791953545	3.956974694953208
ReplogleWeissman2022_rpe1	CDK9	UNIFORM	27	11413	118595.0	0.38486001992529634	0.6151399800747037	0.0038960805820210842	0.00236013986013986	1.6507837725304149	0.01917980399918824	0.037108751215820725	True	-0.6870074395038454	3.953897428599485
ReplogleWeissman2022_rpe1	DNMT1	UNIFORM	112	11413	578273.0	0.45239216557559675	0.5476078344244032	0.015415421879559597	0.009718004338394794	1.5862744389457533	0.04121643562900699	0.07804814406343877	True	-0.28290969298635593	3.1889181791411447
ReplogleWeissman2022_rpe1	TGS1	UNIFORM	63	11413	314293.0	0.43711362286671146	0.5628863771332886	0.008062710103069422	0.0054897176716626	1.4686930340130901	0.0423320218033869	0.07849062376044655	True	-0.3513800300889044	3.162211462693934
ReplogleWeissman2022_rpe1	KAT5	UNIFORM	33	11413	156797.0	0.4163168529242305	0.5836831470757695	0.00707570843258435	0.0028831032675170364	2.4541987490715296	0.04817901409819268	0.08750882152528874	True	-0.7064467853532728	3.032831744889946
ReplogleWeissman2022_rpe1	GABPB1	UNIFORM	48	11413	236615.0	0.4319179152428517	0.5680820847571483	0.004953220328455785	0.004188116220225111	1.1826845455089947	0.05150250462124774	0.09140724274073256	True	-0.38671366471020385	2.966124839072727
ReplogleWeissman2022_rpe1	HSF1	UNIFORM	19	11413	85106.0	0.39247026705465143	0.6075297329453485	0.009012326005520849	0.001662001399580126	5.4225742576375975	0.05237943123345348	0.09140724274073256	True	-0.8593087625281821	2.949241298429385
ReplogleWeissman2022_rpe1	STAT5A	UNIFORM	95	11413	493489.0	0.455149483276227	0.544850516723773	0.008913918898661452	0.008255126868265555	1.0798039861662736	0.06577940384193114	0.11258397965253598	False	-0.044158205165060097	2.72144850117
ReplogleWeissman2022_rpe1	ACTL6A	UNIFORM	15	11413	68619.0	0.4008236221852274	0.5991763778147726	0.002611862728154003	0.001312565628281414	1.9898911504895966	0.09182177342773434	0.1541912799069501	False	-0.6178566528955565	2.3879058261705532
ReplogleWeissman2022_rpe1	VHL	UNIFORM	62	11413	319803.0	0.4519506618089728	0.5480493381910272	0.006912114407077441	0.0054030501089324615	1.2792985938905426	0.09560812239722832	0.15757634987691332	False	-0.1322793636180738	2.3474975002197707
ReplogleWeissman2022_rpe1	NFYC	UNIFORM	116	11413	617938.5	0.4667533544626968	0.5332466455373032	0.013093270573762597	0.010061583832075635	1.3013130728009397	0.10858418750910598	0.1757089579692806	False	-0.15227952632456634	2.220229485130361
ReplogleWeissman2022_rpe1	POLR2A	UNIFORM	10	11413	45165.0	0.39573293612547095	0.604267063874529	0.0016654459386645551	0.0008754267705506435	1.9024388957365213	0.12669381508130306	0.20135267039707094	False	-0.5279911231767872	2.0659820083058857
ReplogleWeissman2022_rpe1	GTF2F1	UNIFORM	39	11413	201154.5	0.4519239194171289	0.5480760805828709	0.003959705668372248	0.003405518686692281	1.1627320336974099	0.14946801331174664	0.23337988043413072	False	-0.30340818692204036	1.9006728668245862
ReplogleWeissman2022_rpe1	RAD51	UNIFORM	22	11413	110439.5	0.43984730331440225	0.5601526966855978	0.002373961762338342	0.0019239177962396153	1.23392057965177	0.16188073008969334	0.2484031892755639	False	-0.26193251582720817	1.82089544891735
ReplogleWeissman2022_rpe1	NFYB	UNIFORM	79	11413	424253.0	0.4705415875966447	0.5294584124033552	0.00936664953022832	0.006874347372084928	1.3625510936884033	0.18304179136250898	0.27611388866547965	False	-0.1819322903792945	1.6980407841115996
ReplogleWeissman2022_rpe1	CCND1	UNIFORM	60	11413	321916.0	0.47010134641782764	0.5298986535821724	0.00662382093828834	0.005229669659199861	1.2665849604163688	0.21181961458568815	0.3141990949687708	False	-0.2635218998149289	1.5520202411051962
ReplogleWeissman2022_rpe1	POLR2G	UNIFORM	8	11413	39184.0	0.42915973013230524	0.5708402698676946	0.0013224496178633992	0.0007004640574380527	1.8879621357022351	0.24380691087662654	0.35571827980360265	False	0.4921541388289079	1.4113787158370217
ReplogleWeissman2022_rpe1	STAT5B	UNIFORM	171	11413	952589.0	0.48810092932907634	0.5118990706709236	0.015031410065389059	0.014761740331491713	1.0182681532015605	0.29632898374937855	0.425375476672495	False	-0.0006907630447378355	1.2162850102551612
ReplogleWeissman2022_rpe1	SSRP1	UNIFORM	8	11413	42307.0	0.4633641461491282	0.5366358538508718	0.0010154166574580803	0.0007004640574380527	1.4496342056035918	0.35988102182979387	0.5084033482992326	False	-0.5055107405904217	1.0219817970747018
ReplogleWeissman2022_rpe1	ZBTB17	UNIFORM	279	11413	1574891.0	0.4945913089738891	0.5054086910261109	0.02672850275051068	0.02386247006500171	1.1201062873081393	0.378592890936275	0.5264807389582574	False	-0.040194725867410325	0.971293817624955
ReplogleWeissman2022_rpe1	RBBP4	UNIFORM	54	11413	303210.0	0.4919828266012442	0.5080171733987557	0.004528260649400535	0.004709165431237464	0.961584534568073	0.41933273057272324	0.570194355333847	False	0.2203823702998644	0.8690905678168322
ReplogleWeissman2022_rpe1	RAD51D	UNIFORM	123	11413	694920.0	0.49502813436966403	0.5049718656303359	0.010752234530132597	0.010662274618585299	1.008437215769184	0.4246124049826292	0.570194355333847	False	-0.017092901575675667	0.8565785144482082
ReplogleWeissman2022_rpe1	MYB	UNIFORM	66	11413	372514.0	0.4945370643259016	0.5054629356740984	0.006216909921764083	0.005749629758689781	1.0812713483625744	0.4390916057143635	0.570194355333847	False	0.008133958725176305	0.8230472186221045
ReplogleWeissman2022_rpe1	POLR2L	UNIFORM	15	11413	83723.0	0.489050497970151	0.5109495020298491	0.0015278712230036354	0.001312565628281414	1.164034155765703	0.44163150296150466	0.570194355333847	False	-0.05235505328494938	0.8172794483356569
ReplogleWeissman2022_rpe1	NANOG	UNIFORM	72	11413	406780.0	0.4950251662334375	0.5049748337665626	0.006345164871046637	0.006269046582498911	1.0121419242218144	0.44206079233747686	0.570194355333847	False	-0.026073335016529406	0.8163078671370302
ReplogleWeissman2022_rpe1	LIN52	UNIFORM	27	11413	152300.0	0.4942382143819102	0.5057617856180898	0.0022395053902387265	0.00236013986013986	0.9488867283085567	0.45875175790949385	0.5832700921992136	False	0.3393087769817318	0.779246047665399
ReplogleWeissman2022_rpe1	BTF3	UNIFORM	109	11413	619061.0	0.4976306593880952	0.5023693406119049	0.013863415225879248	0.009460163166116994	1.4654520204823915	0.4660206978419694	0.5841667902526096	False	-0.0015481753229320844	0.7635252298729597
ReplogleWeissman2022_rpe1	ATF4	UNIFORM	49	11413	278336.0	0.4977066968029655	0.5022933031970345	0.00419291204485034	0.004274995637759554	0.9807991399607059	0.4778833687404365	0.5853600833535333	False	0.07454341642339338	0.7383885747141158
ReplogleWeissman2022_rpe1	POLR2D	UNIFORM	74	11413	421095.0	0.49859572180609596	0.501404278193904	0.00646819315783836	0.0064420649429790195	1.0040558757309357	0.4833638026445429	0.5853600833535333	False	0.05325624090814851	0.7269856942683345
ReplogleWeissman2022_rpe1	FOXO1	UNIFORM	65	11413	370034.0	0.4988023104556882	0.5011976895443119	0.005687670341392486	0.005663007492594529	1.0043550796692762	0.48670388952990407	0.5853600833535333	False	0.009582797280804634	0.7200993705372994
ReplogleWeissman2022_rpe1	SP1	UNIFORM	190	11413	1085994.0	0.5008111710099747	0.4991888289900252	0.01637861697857559	0.0163750754115315	1.0002162779074346	0.5153250724833781	0.6115190860136087	False	0.06846284213145665	0.6629573687412373
ReplogleWeissman2022_rpe1	GATA1	UNIFORM	64	11413	371928.5	0.5091897671514939	0.4908102328485061	0.0055900076353813215	0.005576370131567482	1.002445587988616	0.6003283031027726	0.7030160391598259	False	0.07994901297674963	0.5102786015719616
ReplogleWeissman2022_rpe1	E2F6	UNIFORM	156	11413	901766.0	0.506488327525741	0.493511672474259	0.014132301071324922	0.01348431152217132	1.0480550711163974	0.6098119177483029	0.7048475412934929	False	-0.054009396405350296	0.4946047009188879
ReplogleWeissman2022_rpe1	RBMX	UNIFORM	27	11413	161753.0	0.5249147333612417	0.4750852666387583	0.020884087300008576	0.00236013986013986	8.848665137485115	0.6729156640265039	0.7678140269020365	False	-0.9461898516564254	0.3961352706719632
ReplogleWeissman2022_rpe1	TNRC6A	UNIFORM	111	11413	658051.0	0.5194416356249354	0.4805583643750646	0.010042286903218773	0.009632072197153766	1.0425884168711095	0.7599405419221269	0.8561355472287253	False	0.10212326980814854	0.2745150830752147
ReplogleWeissman2022_rpe1	CCNK	UNIFORM	346	11413	2039471.0	0.5164658595891816	0.4835341404108184	0.028307075282113167	0.029424270771324094	0.9620314978103142	0.8521601806710369	0.9480282009965286	False	0.19831434324215091	0.15998076434119954
ReplogleWeissman2022_rpe1	USF2	UNIFORM	104	11413	636145.0	0.5359483787044463	0.4640516212955536	0.018603469198310824	0.009030129373968916	2.060155334201401	0.8969142288677499	0.9854983502374042	False	0.09682140710197529	0.108795041486584
ReplogleWeissman2022_rpe1	MED1	UNIFORM	52	11413	330963.0	0.557668717858852	0.4423312821411481	0.0037747390176518176	0.00453554295682512	0.8322573622572709	0.9246767770431688	0.9960643397298505	False	0.21867968132141358	0.0783110327582795
ReplogleWeissman2022_rpe1	BRCA1	UNIFORM	14	11413	97996.0	0.6133106357411974	0.3866893642588026	0.0010177173450735479	0.0012251684606633412	0.8306754358682451	0.9289139348042426	0.9960643397298505	False	0.5386201965374228	0.07373918729710978
ReplogleWeissman2022_rpe1	YBX1	UNIFORM	29	11413	205824.0	0.6218679847844412	0.3781320152155588	0.002053450635906987	0.0025345219367243488	0.8101924888292326	0.9884102733923815	0.9999999441825801	False	0.7385741471384313	0.011657410959354176
ReplogleWeissman2022_rpe1	LIN54	UNIFORM	161	11413	1015615.0	0.552717751849939	0.44728224815006096	0.012430590702129322	0.013910489027129774	0.8936127750710855	0.9893172449435749	0.9999999441825801	False	0.2907102133339647	0.010740225344687302
ReplogleWeissman2022_rpe1	ETV4	UNIFORM	71	11413	475713.0	0.5870658984133488	0.4129341015866512	0.004869745472440383	0.006182514803204459	0.7876641831761317	0.9943520524284938	0.9999999441825801	False	0.4241080078281442	0.005663957538151332
ReplogleWeissman2022_rpe1	HMGA1	UNIFORM	69	11413	473511.5	0.6012867350605781	0.39871326493942194	0.004852696451866968	0.006009406026824595	0.8075168211642976	0.998167523936921	0.9999999441825801	False	0.3350566976189213	0.0018341571012953318
ReplogleWeissman2022_rpe1	NPM1	UNIFORM	43	11413	331691.0	0.6758734939145283	0.32412650608547167	0.0025688313940298094	0.003753491620111732	0.6843844755815232	0.9999666024352925	0.9999999441825801	False	0.685759970297075	3.339812241863076e-05
ReplogleWeissman2022_rpe1	HDAC7	UNIFORM	95	11413	713242.0	0.6578297140380084	0.3421702859619916	0.006099418061172402	0.008255126868265555	0.7388642426102315	0.9999999441825801	0.9999999441825801	False	0.853168090020387	5.581742146613612e-08
SunshineHein2023	IRF9	CORRELATION	164	3072	116860.0	0.23195344258130082	0.7680465574186993	0.11824727232586321	0.05067985166872682	2.333220568576179	2.356970488319795e-31	4.47824392780761e-30	True	-1.4691730319613645	70.52276077980541
SunshineHein2023	ATF4	CORRELATION	146	3072	134226.5	0.2992706995576484	0.7007293004423515	0.09091966550271798	0.045369794903666875	2.003969065669496	1.12658439649827e-16	1.0702551766733566e-15	True	-2.5077789632527447	36.72217109060359
SunshineHein2023	STAT1	CORRELATION	201	3072	219619.0	0.3556744273424544	0.6443255726575456	0.08992347292594823	0.0614115490375802	1.4642762531673061	3.3024605245632195e-12	2.0915583322233723e-11	True	-1.4486183884214192	26.436353311783762
SunshineHein2023	SREBF2	CORRELATION	70	3072	74456.0	0.3462425595238095	0.6537574404761906	0.03387229026964842	0.022278803309993635	1.5203819432462191	5.271172859570672e-06	2.503807108296069e-05	True	-1.7531118232816687	12.153257666174241
SunshineHein2023	NFKBIA	CORRELATION	172	3072	229209.0	0.4337924691133721	0.5662075308866279	0.07025059651203928	0.0530209617755857	1.324958924913113	0.001713595254583544	0.0065116619674174675	True	-1.0588398344412853	6.3691616275419305
SunshineHein2023	RELA	CORRELATION	147	3072	197730.0	0.43785873724489793	0.562141262755102	0.0536981955332774	0.045666356011183594	1.1758808940246255	0.005398482932812842	0.017095195953907336	True	-1.5752860439835294	5.221637303250477
SunshineHein2023	BTF3	CORRELATION	80	3072	104213.0	0.42404378255208336	0.5759562174479167	0.032579355212862274	0.025380710659898477	1.2836265953867736	0.009716117323994423	0.02637231845084201	True	-0.33482968295187215	4.633969192576045
SunshineHein2023	JAK1	CORRELATION	175	3072	243003.0	0.4520145089285714	0.5479854910714285	0.057568429478565275	0.053895903911302744	1.0681410886680083	0.016215953557862137	0.03851288969992258	True	-0.2741128854521643	4.12175973380656
SunshineHein2023	SREBF1	CORRELATION	37	3072	46269.0	0.4070682010135135	0.5929317989864864	0.024081776145618794	0.011900932775812159	2.023520055046725	0.025820712079972517	0.05451039216883087	True	-1.7103801025051777	3.656578315323764
SunshineHein2023	ATF6	CORRELATION	141	3072	198882.5	0.45915175273345155	0.5408482472665485	0.05156352644768477	0.04388422035480859	1.1749901452227742	0.05022525368356383	0.09542798199877128	True	-0.4427895800151839	2.9912373173518576
SunshineHein2023	IRF3	CORRELATION	113	3072	171189.0	0.4931467782079646	0.5068532217920354	0.03737743605996316	0.035478806907378334	1.0535144588582537	0.4011067708757125	0.683357859386615	False	0.27383577112024327	0.9135276255814369
SunshineHein2023	TYK2	CORRELATION	131	3072	199429.5	0.49556074069656486	0.5044392593034351	0.03914451295275456	0.04089915704027474	0.9570982823486478	0.4315944375073357	0.683357859386615	False	-0.008122284863185836	0.8402689337550376
SunshineHein2023	SIRT1	CORRELATION	169	3072	259140.0	0.4991447855029586	0.5008552144970414	0.04915077247353399	0.0521443998765813	0.9425896661936312	0.48506406169064525	0.708939782470943	False	0.08492870847686076	0.7234743108071429
SunshineHein2023	SMAD3	CORRELATION	124	3072	191135.0	0.501761487735215	0.49823851226478494	0.0409494662585478	0.03879849812265332	1.0554394690509576	0.526572686444339	0.71463436017446	False	0.18748425620238005	0.6413659010122786
SunshineHein2023	POLR2B	CORRELATION	5	3072	8199.5	0.5338216145833333	0.4661783854166667	0.001699894694635256	0.0016249593760155996	1.0461151950785366	0.6040518995698669	0.7651324061218314	False	-0.1202578599691452	0.5040951582986102
SunshineHein2023	BCL2	CORRELATION	114	3072	178976.5	0.5110577142726608	0.4889422857273392	0.03700342585383242	0.035781544256120526	1.0341483751781588	0.6560432183699076	0.7790513218142654	False	0.2826573213752699	0.42152861054670476
SunshineHein2023	MOV10	CORRELATION	101	3072	164539.5	0.5303072787747525	0.4696927212252475	0.029862698746363332	0.03183107469271983	0.9381618130911965	0.8503843803685993	0.9278847076101764	False	0.3410122550251786	0.16206681951654422
SunshineHein2023	XBP1	CORRELATION	153	3072	248162.0	0.5279862813180828	0.4720137186819172	0.04395912310424503	0.04744186046511628	0.9265893595502629	0.8790486703675354	0.9278847076101764	False	0.21350700070682854	0.12891501267336253
SunshineHein2023	HDAC2	CORRELATION	92	3072	157607.0	0.5576561084692029	0.4423438915307971	0.02484792785281109	0.029077117572692796	0.854552649198851	0.9704486245044305	0.9704486245044305	False	0.4313245019685035	0.029996814915528
SunshineHein2023	IRF9	NONZERORATE	164	3072	109167.0	0.21668373666158536	0.7833162633384146	0.12548567711438222	0.05067985166872682	2.476046653305737	8.541338483991707e-35	1.6228543119584243e-33	True	-1.594287445252645	78.4455605281256
SunshineHein2023	ATF4	NONZERORATE	146	3072	152144.5	0.3392205782676941	0.660779421732306	0.07461129247040273	0.045369794903666875	1.6445146518476437	2.4453120372405095e-11	2.323046435378484e-10	True	-1.2035587705543984	24.43426328555748
SunshineHein2023	STAT1	NONZERORATE	201	3072	228723.0	0.37041841573383083	0.6295815842661693	0.08450431127101586	0.0614115490375802	1.3760328895026612	3.534474575390803e-10	2.2385005644141754e-09	True	-0.67799935671076	21.763286276606433
SunshineHein2023	SREBF2	NONZERORATE	70	3072	75035.0	0.3489350818452381	0.6510649181547619	0.040216048894396936	0.022278803309993635	1.8051260803742168	7.503434097206397e-06	3.564131196173039e-05	True	-1.695913837458975	11.80014976258938
SunshineHein2023	RELA	NONZERORATE	147	3072	197642.0	0.4376638676303855	0.5623361323696144	0.05366083590689833	0.045666356011183594	1.1750627944510594	0.005275979792141515	0.02004872321013776	True	-0.8112924340828408	5.244590874281956
SunshineHein2023	SREBF1	NONZERORATE	37	3072	44558.0	0.3920150619369369	0.6079849380630631	0.02605354072502479	0.011900932775812159	2.189201570651407	0.01186855515790748	0.03758375800004036	True	-1.4756042926972344	4.433862799933796
SunshineHein2023	ATF6	NONZERORATE	141	3072	196342.5	0.4532877604166667	0.5467122395833333	0.05246931606265871	0.04388422035480859	1.1956305851724995	0.030156737858547923	0.08162672250161325	True	-0.4837028091094531	3.5013469028809543
SunshineHein2023	JAK1	NONZERORATE	175	3072	246849.0	0.4591685267857143	0.5408314732142857	0.05719923169662825	0.053895903911302744	1.061290887536868	0.034369146316468736	0.08162672250161325	True	-0.19906141769354052	3.3705960264716706
SunshineHein2023	HDAC2	NONZERORATE	92	3072	126289.0	0.44684457087862317	0.5531554291213768	0.03487675927191787	0.029077117572692796	1.1994572427863928	0.04093101434953573	0.0864099191823532	True	-0.48596853188784256	3.195867206240668
SunshineHein2023	MOV10	NONZERORATE	101	3072	151279.5	0.48757058323019803	0.512429416769802	0.03650996824831958	0.03183107469271983	1.1469913787318615	0.33518002035639416	0.5976052365611817	False	-0.04444822003231756	1.0930875172926884
SunshineHein2023	BCL2	NONZERORATE	114	3072	171283.5	0.4890907689144737	0.5109092310855263	0.03805609809828739	0.035781544256120526	1.0635677942205581	0.3459819790617368	0.5976052365611817	False	-0.1026991211657198	1.0613685889174114
SunshineHein2023	SMAD3	NONZERORATE	124	3072	189716.0	0.498036374327957	0.501963625672043	0.044596153078951484	0.03879849812265332	1.1494298809703947	0.4704250665933856	0.7448396887728606	False	-0.031149876188063336	0.7541185959913907
SunshineHein2023	NFKBIA	NONZERORATE	172	3072	264724.0	0.5010068435077519	0.4989931564922481	0.05135642989971209	0.0530209617755857	0.9686061546201513	0.5177662010676222	0.7567352169449862	False	-0.14564116689667406	0.658231487901709
SunshineHein2023	SIRT1	NONZERORATE	169	3072	262164.0	0.5049694896449705	0.4950305103550296	0.054721256873184305	0.0521443998765813	1.0494177131715405	0.5862419807056267	0.7956141166719221	False	-0.011859375195310256	0.5340226382821539
SunshineHein2023	TYK2	NONZERORATE	131	3072	205557.5	0.5107881579993638	0.48921184200063617	0.0382599086047824	0.04089915704027474	0.9354693684054811	0.662363974664643	0.7995467407342342	False	0.04814168729502122	0.4119400634639717
SunshineHein2023	POLR2B	NONZERORATE	5	3072	8564.5	0.5575846354166667	0.44241536458333336	0.0016384673729435669	0.0016249593760155996	1.0083128213094712	0.6733025185130392	0.7995467407342342	False	0.16498613298662487	0.395560542886822
SunshineHein2023	XBP1	NONZERORATE	153	3072	249615.0	0.5310776654411765	0.46892233455882354	0.04339004912695031	0.04744186046511628	0.9145941727739526	0.9031147320742577	0.9432160568690804	False	0.35432979059427333	0.10190567707551298
SunshineHein2023	BTF3	NONZERORATE	80	3072	134901.0	0.54891357421875	0.45108642578124997	0.023724451926970445	0.025380710659898477	0.9347434059226356	0.9338570349198922	0.9432160568690804	False	0.236032392792146	0.06843192000691414
SunshineHein2023	IRF3	NONZERORATE	113	3072	188593.0	0.5432827479719764	0.45671725202802355	0.03211699234362207	0.035478806907378334	0.9052444302162505	0.9432160568690804	0.9432160568690804	False	0.3138943898391169	0.05845990608169927
SunshineHein2023	IRF9	SPECIFICITY	164	3072	110593.0	0.2195141800050813	0.7804858199949186	0.12171350271856063	0.05067985166872682	2.401615212178428	3.8328688049264186e-34	7.282450729360196e-33	True	-1.1559583205433175	76.94427960376305
SunshineHein2023	ATF4	SPECIFICITY	146	3072	148827.5	0.3318250124857306	0.6681749875142694	0.0741028729057296	0.045369794903666875	1.6333085274701222	3.0641896181229426e-12	2.9109801372167956e-11	True	-0.6274847121107118	26.511237980154693
SunshineHein2023	STAT1	SPECIFICITY	201	3072	254647.0	0.41240250570066334	0.5875974942993367	0.07785284070712106	0.0614115490375802	1.26772312255924	1.5416092064467757e-05	9.763524974162913e-05	True	-0.25060466960350747	11.080098654862532
SunshineHein2023	SREBF2	SPECIFICITY	70	3072	81058.0	0.37694382440476193	0.6230561755952381	0.0350525299907825	0.022278803309993635	1.5733578461576943	0.00021092945443695324	0.001001914908575528	True	-0.9042380178990431	8.463986819553366
SunshineHein2023	SREBF1	SPECIFICITY	37	3072	44362.0	0.3902906813063063	0.6097093186936937	0.03296576958547964	0.011900932775812159	2.7700156119258432	0.010795979491790111	0.04102472206880242	True	-0.9234266703913969	4.528581483440066
SunshineHein2023	RELA	SPECIFICITY	147	3072	201856.0	0.4469954648526077	0.5530045351473922	0.054323589465766445	0.045666356011183594	1.1895757448319877	0.014838215478146993	0.046987682347465476	True	-0.5354770074504097	4.21054929927233
SunshineHein2023	JAK1	SPECIFICITY	175	3072	248011.0	0.4613299851190476	0.5386700148809523	0.05637197683398543	0.053895903911302744	1.045941764456861	0.04237351636821238	0.11501383014229075	False	-0.2991902464678569	3.1612317258540457
SunshineHein2023	MOV10	SPECIFICITY	101	3072	142839.5	0.46036864428630364	0.5396313557136965	0.045260192763690546	0.03183107469271983	1.4218870459325752	0.08733917075384784	0.20743053054038862	False	-0.7060423363765268	2.4379562254299754
SunshineHein2023	HDAC2	SPECIFICITY	92	3072	130231.0	0.460792430932971	0.5392075690670289	0.03246192530098908	0.029077117572692796	1.1164079527427115	0.09967594598765578	0.2104269970850511	False	-0.29612846646116353	2.3058308950383526
SunshineHein2023	ATF6	SPECIFICITY	141	3072	211079.5	0.4873104591459811	0.512689540854019	0.046242991370686076	0.04388422035480859	1.0537498671915912	0.3049326161617168	0.579371970707262	False	-0.0744048087436742	1.1876644574008115
SunshineHein2023	SMAD3	SPECIFICITY	124	3072	190816.0	0.500924059139785	0.49907594086021506	0.05020249672500163	0.03879849812265332	1.2939288672024611	0.513956658848575	0.822857047165035	False	0.17776438250115337	0.6656163383884874
SunshineHein2023	TYK2	SPECIFICITY	131	3072	201727.5	0.5012710221851145	0.4987289778148855	0.038750134196921665	0.04089915704027474	0.9474555712422909	0.51969918768318	0.822857047165035	False	0.0050509773053498686	0.6545051200184525
SunshineHein2023	POLR2B	SPECIFICITY	5	3072	8206.5	0.53427734375	0.46572265625	0.0016959012423329073	0.0016249593760155996	1.043657624531671	0.6054197511659836	0.8848442517041298	False	-0.3561638586499954	0.5018332579415954
SunshineHein2023	XBP1	SPECIFICITY	153	3072	244692.0	0.5206035539215687	0.47939644607843135	0.044611152815109564	0.04744186046511628	0.940333123063584	0.8055318102088515	0.9764796995546412	False	0.12892218862405017	0.2162525858862062
SunshineHein2023	BCL2	SPECIFICITY	114	3072	186353.5	0.5321223387244152	0.4678776612755847	0.035450575186610656	0.035781544256120526	0.9907502854784347	0.8783531245150988	0.9764796995546412	False	1.0037451574688798	0.12970657427387902
SunshineHein2023	SIRT1	SPECIFICITY	169	3072	273828.0	0.5274362056213018	0.4725637943786983	0.04865668182312045	0.0521443998765813	0.9331142354362921	0.88546461793175	0.9764796995546412	False	0.24864707910218445	0.12164277972102448
SunshineHein2023	NFKBIA	SPECIFICITY	172	3072	279746.0	0.5294369246608527	0.47056307533914726	0.04783904795236274	0.0530209617755857	0.9022666951015391	0.9034155171970957	0.9764796995546412	False	0.2647159647821647	0.10157267946781869
SunshineHein2023	IRF3	SPECIFICITY	113	3072	189478.0	0.5458321810471977	0.45416781895280234	0.03187843615337778	0.035478806907378334	0.8985205234381259	0.9530876572933262	0.9764796995546412	False	0.7115369456679804	0.04804839918711831
SunshineHein2023	BTF3	SPECIFICITY	80	3072	138741.0	0.56453857421875	0.43546142578124997	0.025360024654133555	0.025380710659898477	0.9991849713728621	0.9764796995546412	0.9764796995546412	False	0.20097621546733535	0.02380131786803995
SunshineHein2023	IRF9	UNIFORM	164	3072	130660.0	0.25934482977642276	0.7406551702235772	0.10711810380627482	0.05067985166872682	2.1136230726652765	1.1853764286408511e-25	2.2522152144176173e-24	True	-0.794750592618978	57.39456693940742
SunshineHein2023	ATF4	UNIFORM	146	3072	151139.5	0.3369798355450913	0.6630201644549086	0.07523301615577324	0.045369794903666875	1.6582181232142348	1.3156714614669502e-11	1.2498878883936028e-10	True	-1.1512686343463467	25.054088870540184
SunshineHein2023	STAT1	UNIFORM	201	3072	238868.0	0.3868483105306799	0.6131516894693201	0.08282321470793366	0.0614115490375802	1.3486586156172482	3.664373633842275e-08	2.3207699681001078e-07	True	-0.5548255969487476	17.122023328037578
SunshineHein2023	SREBF2	UNIFORM	70	3072	76909.0	0.35764973958333335	0.6423502604166667	0.037676492357403564	0.022278803309993635	1.6911362712423144	2.2627037942245593e-05	0.00010747843022566658	True	-1.441989044246367	10.696364997639389
SunshineHein2023	RELA	UNIFORM	147	3072	203227.0	0.4500314448696145	0.5499685551303855	0.051992198610692875	0.045666356011183594	1.138523043046397	0.020190215744811116	0.0705273465286965	True	-0.8895617949935241	3.9025571609883256
SunshineHein2023	SREBF1	UNIFORM	37	3072	45928.0	0.40406813063063063	0.5959318693693694	0.02685855622154109	0.011900932775812159	2.256844629534358	0.022271793640640997	0.0705273465286965	True	-1.2628503641572686	3.804434260289674
SunshineHein2023	JAK1	UNIFORM	175	3072	245471.0	0.45660528273809525	0.5433947172619047	0.057688828311356036	0.053895903911302744	1.0703750030112744	0.026531994242130045	0.0720154129429244	True	-0.2967337584388735	3.6294039443349053
SunshineHein2023	ATF6	UNIFORM	141	3072	197195.5	0.4552570460254137	0.5447429539745864	0.05150413384236023	0.04388422035480859	1.173636752024847	0.035985631289290436	0.08546587431206479	True	-0.3312867411138377	3.32463555105299
SunshineHein2023	MOV10	UNIFORM	101	3072	143884.5	0.4637366568688119	0.5362633431311882	0.04160154069244117	0.03183107469271983	1.3069474120506517	0.10712400762929425	0.22615068277295453	False	-0.4628535827428292	2.2337681657776334
SunshineHein2023	HDAC2	UNIFORM	92	3072	132935.0	0.470359912817029	0.529640087182971	0.0305962455576375	0.029077117572692796	1.052244792873533	0.1659711349921208	0.31534515648502953	False	-0.08916899101283887	1.7959413913350795
SunshineHein2023	SMAD3	UNIFORM	124	3072	187709.0	0.49276766213037637	0.5072323378696236	0.04190610613275171	0.03879849812265332	1.080096090324794	0.3922619503834804	0.6775433688441934	False	0.05997784513802798	0.9358254215909392
SunshineHein2023	BCL2	UNIFORM	114	3072	178128.5	0.5086362961440059	0.49136370385599415	0.03698311200554676	0.035781544256120526	1.0335806565760701	0.6231399139353179	0.9369211363221422	False	0.08151874230447745	0.47298420445364525
SunshineHein2023	POLR2B	UNIFORM	5	3072	8391.5	0.5463216145833333	0.4536783854166666	0.0016684218116549306	0.0016249593760155996	1.0267467828924444	0.6410513037993605	0.9369211363221422	False	-0.2089275331990793	0.4446457881357796
SunshineHein2023	TYK2	UNIFORM	131	3072	208040.5	0.5169581444815522	0.4830418555184479	0.037670063299370615	0.04089915704027474	0.9210474255563671	0.7448875426531093	0.9580959476207855	False	0.1817554730762866	0.29452202145550743
SunshineHein2023	SIRT1	UNIFORM	169	3072	269241.0	0.5186009153106509	0.48139908468934905	0.05096012127533531	0.0521443998765813	0.9772884796056908	0.792591374792067	0.9580959476207855	False	0.08423126729131845	0.23244748045500233
SunshineHein2023	BTF3	UNIFORM	80	3072	129798.0	0.5281494140625	0.47185058593749996	0.0255474406191864	0.025380710659898477	1.0065691603959441	0.8068176401017141	0.9580959476207855	False	0.0517688530744401	0.21465760886034407
SunshineHein2023	XBP1	UNIFORM	153	3072	247080.0	0.5256842320261438	0.4743157679738562	0.0440876599891028	0.04744186046511628	0.9292987154565786	0.858585961296805	0.9595960743905467	False	0.17311270510568755	0.15246847401623717
SunshineHein2023	NFKBIA	UNIFORM	172	3072	281826.0	0.5333734556686046	0.4666265443313954	0.047221063234426444	0.0530209617755857	0.890611215886508	0.9299300887469446	0.9680896040210911	False	0.32095889461797933	0.0726458690508785
SunshineHein2023	IRF3	UNIFORM	113	3072	191167.0	0.5506977092551623	0.44930229074483774	0.03187148317462703	0.035478806907378334	0.8983245478866114	0.9680896040210911	0.9680896040210911	False	0.16425851752473622	0.032430629852049746
TianKampmann2021_CRISPRa	PPARGC1A	CORRELATION	142	401	32843.0	0.5767798812827087	0.5767798812827087	0.315979650373726	0.26151012891344383	1.2082883813586847	0.0032553908228300657	0.026043126582640526	True	0.3267567025855458	5.727442942071467
TianKampmann2021_CRISPRa	POU4F1	CORRELATION	130	401	27204.0	0.5218492230961059	0.5218492230961058	0.27545239225391505	0.2448210922787194	1.125117079129453	0.2269586628427433	0.9078346513709732	False	0.045483601192356726	1.482987380097666
TianKampmann2021_CRISPRa	MEF2C	CORRELATION	144	401	27972.0	0.4844139650872818	0.4844139650872818	0.27241644683706534	0.26422018348623855	1.0310205800430596	0.714071446769406	0.99980317523568	False	-0.02539802779143937	0.3367722561454014
TianKampmann2021_CRISPRa	HDAC9	CORRELATION	262	401	50043.0	0.476318745121928	0.476318745121928	0.37100852347224145	0.3951734539969834	0.9388498132141072	0.8489953025894548	0.99980317523568	False	-0.20118548115915114	0.16370162556070772
TianKampmann2021_CRISPRa	SPI1	CORRELATION	35	401	6262.0	0.4461702885643035	0.4461702885643035	0.11445899981892768	0.08027522935779817	1.4258321120300705	0.8548510541431877	0.99980317523568	False	5.099207670340926	0.15682803090143105
TianKampmann2021_CRISPRa	ATM	CORRELATION	164	401	29609.0	0.4502311294933398	0.4502311294933398	0.28576594969156915	0.2902654867256637	0.9844985461935157	0.9684958151449873	0.99980317523568	False	-0.12090088823593319	0.032011117109845444
TianKampmann2021_CRISPRa	BCL2	CORRELATION	190	401	34366.0	0.4510565691035569	0.45105656910355696	0.30640547699594556	0.32148900169204736	0.9530822994979149	0.9729517735208751	0.99980317523568	False	-0.15861376857685072	0.027420762751250678
TianKampmann2021_CRISPRa	TP53	CORRELATION	108	401	16846.0	0.3889812505772606	0.3889812505772605	0.17222556154493043	0.21218074656188604	0.8116926928367555	0.99980317523568	0.99980317523568	False	-0.8011807248804291	0.0001968441368559991
TianKampmann2021_CRISPRa	PPARGC1A	NONZERORATE	142	401	32568.0	0.571950405675951	0.571950405675951	0.33826938135989715	0.26151012891344383	1.2935230568903109	0.005390487792206172	0.04312390233764938	True	0.45291834175267	5.223119398674398
TianKampmann2021_CRISPRa	BCL2	NONZERORATE	190	401	41223.0	0.5410552565953537	0.5410552565953537	0.376101922979697	0.32148900169204736	1.1698749288473735	0.05313732308018343	0.21254929232073372	False	0.19981419517047255	2.9348757147747366
TianKampmann2021_CRISPRa	SPI1	NONZERORATE	35	401	7891.0	0.5622372639828999	0.5622372639828999	0.11150145907082652	0.08027522935779817	1.388989604425153	0.11101950548803968	0.27090348888514815	False	0.23765460113074366	2.198049367990178
TianKampmann2021_CRISPRa	HDAC9	NONZERORATE	262	401	55186.0	0.5252707924844378	0.5252707924844378	0.4082757351211149	0.3951734539969834	1.033155772462974	0.13545174444257407	0.27090348888514815	False	0.17822862014088398	1.9991398316666775
TianKampmann2021_CRISPRa	MEF2C	NONZERORATE	144	401	28444.0	0.492587974508174	0.492587974508174	0.26536460592969224	0.26422018348623855	1.004331321053349	0.6060370827984842	0.8126167842353146	False	-0.04068775324320374	0.500814102048249
TianKampmann2021_CRISPRa	POU4F1	NONZERORATE	130	401	25643.0	0.4919048532514867	0.4919048532514867	0.26788649131488923	0.2448210922787194	1.0942132837554321	0.6094625881764859	0.8126167842353146	False	0.04272491805503595	0.4951777131153668
TianKampmann2021_CRISPRa	TP53	NONZERORATE	108	401	19285.0	0.44529879006188233	0.44529879006188233	0.20349204434842053	0.21218074656188604	0.9590504682717227	0.9596412955583087	0.9833687801166754	False	-0.306375556816052	0.04119571480507732
TianKampmann2021_CRISPRa	ATM	NONZERORATE	164	401	29134.0	0.4430083328264704	0.44300833282647045	0.2844268689730187	0.2902654867256637	0.9798852498155828	0.9833687801166754	0.9833687801166754	False	-0.16091510164055675	0.01677107138979944
TianKampmann2021_CRISPRa	PPARGC1A	SPECIFICITY	142	401	33021.0	0.5799058691299919	0.5799058691299919	0.3182242972192925	0.26151012891344383	1.2168717844371537	0.002315261605150521	0.011919881649483783	True	0.3198445369578696	6.0682325934437795
TianKampmann2021_CRISPRa	SPI1	SPECIFICITY	35	401	8984.0	0.6401140007125045	0.6401140007125045	0.17054709366311105	0.08027522935779817	2.1245295096318975	0.0029799704123709457	0.011919881649483783	True	2.057442169107269	5.815841907248696
TianKampmann2021_CRISPRa	HDAC9	SPECIFICITY	262	401	53983.0	0.5138204108050485	0.5138204108050485	0.41520414066853595	0.3951734539969834	1.0506883406993868	0.2735783276914482	0.6150453293428817	False	0.1067819611594919	1.296167308025214
TianKampmann2021_CRISPRa	POU4F1	SPECIFICITY	130	401	26830.0	0.5146748513332055	0.5146748513332055	0.2767319110140952	0.2448210922787194	1.130343421142189	0.30752266467144085	0.6150453293428817	False	0.08026489372882267	1.1792064882031486
TianKampmann2021_CRISPRa	ATM	SPECIFICITY	164	401	32786.0	0.4985402347789064	0.4985402347789064	0.30207934997217567	0.2902654867256637	1.0407001995992637	0.5218533485036324	0.8349653576058118	False	0.01040764644536691	0.650368672134895
TianKampmann2021_CRISPRa	BCL2	SPECIFICITY	190	401	35925.0	0.47151857199107494	0.47151857199107494	0.3155876199066626	0.32148900169204736	0.98164359665704	0.8688418698439089	0.9692837706814531	False	0.006283015104186107	0.14059413823360067
TianKampmann2021_CRISPRa	MEF2C	SPECIFICITY	144	401	27005.0	0.4676676364643946	0.4676676364643946	0.2586171463174113	0.26422018348623855	0.9787940607152024	0.8794786779550917	0.9692837706814531	False	0.06627451386582545	0.12842595846952884
TianKampmann2021_CRISPRa	TP53	SPECIFICITY	108	401	19117.0	0.44141959915027246	0.4414195991502725	0.1942369545202738	0.21218074656188604	0.915431572692772	0.9692837706814531	0.9692837706814531	False	-0.2364640921124194	0.031197860962801967
TianKampmann2021_CRISPRa	PPARGC1A	UNIFORM	142	401	33256.0	0.5840328755575849	0.584032875557585	0.3331250336362228	0.26151012891344383	1.2738513610173872	0.00145096433761501	0.007405293215155963	True	0.3753498874300938	6.5355268831801885
TianKampmann2021_CRISPRa	SPI1	UNIFORM	35	401	9093.0	0.6478802992518703	0.6478802992518703	0.19646479878674716	0.08027522935779817	2.447390064886336	0.0018513233037889907	0.007405293215155963	True	2.552622001536932	6.2918545962511505
TianKampmann2021_CRISPRa	HDAC9	UNIFORM	262	401	54099.0	0.5149245207591707	0.5149245207591708	0.40770728887101765	0.3951734539969834	1.0317172997003232	0.257801351106272	0.6874702696167253	False	0.3185925114934204	1.355565947582048
TianKampmann2021_CRISPRa	POU4F1	UNIFORM	130	401	26626.0	0.5107615576443507	0.5107615576443507	0.2679236919296155	0.2448210922787194	1.0943652339586603	0.35617775529821105	0.7123555105964221	False	0.1094386051978751	1.0323253601097566
TianKampmann2021_CRISPRa	TP53	UNIFORM	108	401	21213.0	0.4898171238570241	0.4898171238570241	0.2118938964252668	0.21218074656188604	0.9986480859301926	0.6275706402099195	0.8743943174399442	False	0.013720794197145364	0.4658990402724675
TianKampmann2021_CRISPRa	BCL2	UNIFORM	190	401	37319.0	0.48981493634335216	0.4898149363433522	0.33461071920608	0.32148900169204736	1.040815447635754	0.6557957380799582	0.8743943174399442	False	0.01340873861392644	0.4219059134033833
TianKampmann2021_CRISPRa	MEF2C	UNIFORM	144	401	27121.0	0.46967650318647824	0.46967650318647824	0.2665065871359401	0.26422018348623855	1.0086534027019955	0.864238467245906	0.898495306320028	False	0.03437397262954228	0.14590654450327561
TianKampmann2021_CRISPRa	ATM	UNIFORM	164	401	30641.0	0.4659236056200961	0.4659236056200961	0.2931434669491655	0.2902654867256637	1.0099149928431617	0.898495306320028	0.898495306320028	False	-0.08972295147665826	0.1070337966786476
TianKampmann2021_CRISPRi	APEX1	CORRELATION	155	415	29337.0	0.45607462106490476	0.5439253789350952	0.2949035834819374	0.2719298245614035	1.0844841457077699	0.037549722750552385	0.21359961164044805	False	-0.29126555794934167	3.2820892842732223
TianKampmann2021_CRISPRi	CREBBP	CORRELATION	314	415	61458.0	0.47162919192694347	0.5283708080730565	0.46606288224731696	0.43072702331961593	1.082037710695204	0.09460863786242252	0.21359961164044805	False	-0.321087603835018	2.358006497764814
TianKampmann2021_CRISPRi	PARP1	CORRELATION	207	415	40326.5	0.4694313485827367	0.5305686514172633	0.35009964435311103	0.3327974276527331	1.0519902356890583	0.10679980582022403	0.21359961164044805	False	-0.21000804419565083	2.236799170620392
TianKampmann2021_CRISPRi	POU4F1	CORRELATION	157	415	30902.0	0.47428439874146266	0.5257156012585373	0.2956572511567121	0.2744755244755245	1.0771716411569383	0.17115024316337224	0.25672536474505836	False	0.029816101882110035	1.7652134932452095
TianKampmann2021_CRISPRi	GTF2H3	CORRELATION	197	415	39547.0	0.4837257660081952	0.5162742339918048	0.33198895935309364	0.32189542483660133	1.0313565640816917	0.25526026263808554	0.3063123151657026	False	-0.13093271228792575	1.3654716165239238
TianKampmann2021_CRISPRi	MTA1	CORRELATION	146	415	31406.5	0.5183446113220004	0.4816553886779997	0.2530264485776226	0.26024955436720143	0.9722454633701799	0.7454151195990377	0.7454151195990377	False	0.1655017268454529	0.2938140082695551
TianKampmann2021_CRISPRi	CREBBP	NONZERORATE	314	415	58329.0	0.44761722047425373	0.5523827795257462	0.4734620511664253	0.43072702331961593	1.0992160359882932	0.007670328659406391	0.04602197195643835	True	-0.4645926176843117	4.870395814533211
TianKampmann2021_CRISPRi	PARP1	NONZERORATE	207	415	38750.5	0.45108550142599385	0.5489144985740062	0.3805305947364749	0.3327974276527331	1.1434300962612916	0.023279129234414966	0.06983738770324491	True	-0.3165043028874072	3.7601980608384236
TianKampmann2021_CRISPRi	APEX1	NONZERORATE	155	415	29740.0	0.4623396813058686	0.5376603186941313	0.29300841646471004	0.2719298245614035	1.077514821837966	0.06351099396352766	0.12702198792705532	False	-0.22969643962529343	2.7565422547854284
TianKampmann2021_CRISPRi	GTF2H3	NONZERORATE	197	415	39169.0	0.47910219558436795	0.5208978044156322	0.33360955648592183	0.32189542483660133	1.0363911094892597	0.1990426583647119	0.29856398754706787	False	-0.15468123459714017	1.6142361135884788
TianKampmann2021_CRISPRi	POU4F1	NONZERORATE	157	415	33274.0	0.5106898933312869	0.4893101066687131	0.2942463201265577	0.2744755244755245	1.0720311790598154	0.6536373390447294	0.7843648068536753	False	0.021259309860233166	0.42520260878669225
TianKampmann2021_CRISPRi	MTA1	NONZERORATE	146	415	34792.5	0.5742284205314409	0.42577157946855915	0.24231569287502608	0.26024955436720143	0.931089751389655	0.9962097658999854	0.9962097658999854	False	0.18274199071235753	0.003797435239041717
TianKampmann2021_CRISPRi	APEX1	SPECIFICITY	155	415	29571.0	0.4597123979790128	0.5402876020209872	0.29394058615321667	0.2719298245614035	1.0809428006924742	0.05129470952371573	0.18487496248526425	False	-0.705155696808878	2.9701676603161666
TianKampmann2021_CRISPRi	CREBBP	SPECIFICITY	314	415	60815.0	0.466694804696493	0.5333051953035071	0.47108041620786567	0.43072702331961593	1.0936866987755862	0.06162498749508808	0.18487496248526425	False	0.05478766381645954	2.7866878495387666
TianKampmann2021_CRISPRi	PARP1	SPECIFICITY	207	415	40832.5	0.4753215761597113	0.5246784238402886	0.34870216350728	0.3327974276527331	1.0477910420363679	0.1576819698033219	0.3153639396066438	False	0.2749855606390525	1.8471751238049847
TianKampmann2021_CRISPRi	POU4F1	SPECIFICITY	157	415	32249.0	0.49495817665566727	0.5050418233443328	0.29725607704639806	0.2744755244755245	1.0829966628696794	0.42623911514491547	0.5191467936492201	False	-0.06993499519450216	0.8527547870273816
TianKampmann2021_CRISPRi	GTF2H3	SPECIFICITY	197	415	40534.0	0.49579842211485536	0.5042015778851446	0.3281520381586003	0.32189542483660133	1.0194367885942301	0.4326223280410168	0.5191467936492201	False	0.25306959157926845	0.837890153200531
TianKampmann2021_CRISPRi	MTA1	SPECIFICITY	146	415	32008.5	0.5282802442647302	0.4717197557352698	0.2713275483027481	0.26024955436720143	1.042566812313984	0.8455431565412976	0.8455431565412976	False	0.08142371909422778	0.1677760693189326
TianKampmann2021_CRISPRi	PARP1	UNIFORM	207	415	39224.5	0.4566032244921716	0.5433967755078284	0.3658137491597363	0.3327974276527331	1.0992084636587245	0.03871825256664221	0.13824618725622764	False	-0.14795399266651388	3.2514441475858944
TianKampmann2021_CRISPRi	APEX1	UNIFORM	155	415	29489.0	0.45843762145355615	0.5415623785464438	0.29412422985750813	0.2719298245614035	1.0816181356050298	0.04608206241874254	0.13824618725622764	False	-0.6085362972472016	3.077331506244898
TianKampmann2021_CRISPRi	CREBBP	UNIFORM	314	415	64032.0	0.4913820888650142	0.5086179111349858	0.4567586657693578	0.43072702331961593	1.060436520209751	0.34506375205590195	0.530492865497909	False	-0.010500633798484874	1.06402609045425
TianKampmann2021_CRISPRi	GTF2H3	UNIFORM	197	415	40529.0	0.49573726377591587	0.5042627362240841	0.3281166511069157	0.32189542483660133	1.019326855215393	0.43164974375505366	0.530492865497909	False	0.24376440117191728	0.8401407979413383
TianKampmann2021_CRISPRi	POU4F1	UNIFORM	157	415	32320.0	0.496047885810759	0.503952114189241	0.288225080599215	0.2744755244755245	1.0500939242213436	0.4420773879149241	0.530492865497909	False	0.03854845191112284	0.816270326449794
TianKampmann2021_CRISPRi	MTA1	UNIFORM	146	415	32015.5	0.5283957748803433	0.4716042251196567	0.2742442856667264	0.26024955436720143	1.0537742757468047	0.8465289789212366	0.8465289789212366	False	-0.02647931446219741	0.1666108441836447
WesselsSatija2023	SUPT16H	CORRELATION	131	422	22847.0	0.4132809956224449	0.5867190043775551	0.28813923793308227	0.23688969258589512	1.2163435005877443	0.001321006668453094	0.010568053347624753	True	-0.6331215845590111	6.629361205420554
WesselsSatija2023	SUPT5H	CORRELATION	78	422	13235.0	0.40208409284238666	0.5979159071576133	0.20987217624243265	0.156	1.345334463092517	0.0029326164662488133	0.011730465864995253	True	-0.3486608486040948	5.831860262539421
WesselsSatija2023	MYB	CORRELATION	13	422	1578.0	0.2876412686839227	0.7123587313160773	0.0611505906179427	0.029885057471264367	2.0461928399080827	0.004549544379236735	0.012132118344631293	True	-1.4036648990142049	5.392728187464752
WesselsSatija2023	FLI1	CORRELATION	216	422	41199.5	0.4519867912936633	0.5480132087063367	0.3674653275970859	0.3385579937304075	1.0853836991062074	0.021916314776360437	0.043832629552720874	True	-0.5526019767788755	3.820523952552732
WesselsSatija2023	SSRP1	CORRELATION	31	422	5633.0	0.4305916526524996	0.5694083473475005	0.08895201821420562	0.0684326710816777	1.2998472339043594	0.09840927593180554	0.15745484149088887	False	-0.5514626765140698	2.3186202117671906
WesselsSatija2023	GATA2	CORRELATION	47	422	9548.5	0.4814207925784007	0.5185792074215994	0.11160319671560241	0.10021321961620469	1.1136574310556921	0.33814149663647997	0.45085532884863994	False	-0.07933031888953487	1.0842908419978219
WesselsSatija2023	EP300	CORRELATION	102	422	23296.0	0.5412136418548462	0.4587863581451538	0.17306988623010486	0.1946564885496183	0.8891041214174015	0.9020110169153019	0.9902206215309536	False	0.49361645170185764	0.10312854511904457
WesselsSatija2023	HDAC3	CORRELATION	94	422	22885.0	0.5769133810628214	0.4230866189371785	0.15140810302230612	0.1821705426356589	0.8311338421224463	0.9902206215309536	0.9902206215309536	False	0.3159507623902976	0.009827510649614962
WesselsSatija2023	EP300	NONZERORATE	102	422	13672.0	0.31762847319022397	0.6823715268097761	0.3412923618289384	0.1946564885496183	1.7533058588074877	5.3259446386357375e-09	4.26075571090859e-08	True	-1.1998040301037527	19.050675744156997
WesselsSatija2023	SUPT16H	NONZERORATE	131	422	22207.0	0.4017039904489707	0.5982960095510292	0.28899331275399054	0.23688969258589512	1.219948869869899	0.000327198376580094	0.001308793506320376	True	-0.6057863282711726	8.024943914800271
WesselsSatija2023	SUPT5H	NONZERORATE	78	422	12760.0	0.3876534208287763	0.6123465791712238	0.2146954308378459	0.156	1.3762527617810634	0.000785212726244904	0.002093900603319744	True	-0.5536049468487251	7.1495558880456995
WesselsSatija2023	HDAC3	NONZERORATE	94	422	16951.0	0.4273217706967833	0.5726782293032167	0.2361967283985813	0.1821705426356589	1.2965692750390208	0.013712864272006816	0.027425728544013633	True	-0.35083901832464753	4.2894208887741545
WesselsSatija2023	MYB	NONZERORATE	13	422	1948.0	0.35508567262121765	0.6449143273787824	0.07198099376694055	0.029885057471264367	2.4085947914322414	0.03757374936761523	0.060117998988184373	True	-0.9802501488580744	3.281449627526679
WesselsSatija2023	GATA2	NONZERORATE	47	422	8719.5	0.4396238781889684	0.5603761218110316	0.18513019551019191	0.10021321961620469	1.8473630147719151	0.0872093543481981	0.1162791391309308	False	-0.2806633360047319	2.439443679185416
WesselsSatija2023	SSRP1	NONZERORATE	31	422	6258.0	0.4783672221372879	0.5216327778627121	0.0735537302604909	0.0684326710816777	1.074833542193625	0.343923545909795	0.39305548103976573	False	-0.09245416509951249	1.067335896572212
WesselsSatija2023	FLI1	NONZERORATE	216	422	48791.5	0.5352762418816921	0.46472375811830785	0.33979727712032315	0.3385579937304075	1.0036604759387322	0.9307452955605634	0.9307452955605634	False	0.13772133193316777	0.07176962070293509
WesselsSatija2023	SUPT16H	SPECIFICITY	131	422	22363.0	0.40452588546000506	0.595474114539995	0.29283583339601094	0.23688969258589512	1.2361695867785805	0.00046621558298984387	0.003729724663918751	True	-0.5787345195275374	7.670862406374598
WesselsSatija2023	SUPT5H	SPECIFICITY	78	422	12902.0	0.3919674322517924	0.6080325677482075	0.2134100986853792	0.156	1.368013453111405	0.0011831446212913698	0.004732578485165479	True	-0.42682827385377653	6.739579451845446
WesselsSatija2023	HDAC3	SPECIFICITY	94	422	16461.0	0.41496924473126956	0.5850307552687305	0.24812670724885486	0.1821705426356589	1.3620572440469054	0.004935668173127543	0.013161781795006782	True	-0.48756558119795906	5.311267220504381
WesselsSatija2023	GATA2	SPECIFICITY	47	422	8392.5	0.42313703741050723	0.5768629625894927	0.20582564870201253	0.10021321961620469	2.053877217898806	0.04188996909979444	0.08377993819958889	True	-0.5023669969858858	3.172708881674589
WesselsSatija2023	FLI1	SPECIFICITY	216	422	42106.5	0.4619372037914692	0.5380627962085308	0.3637414883710872	0.3385579937304075	1.074384581392378	0.055032345832897574	0.08385624956489178	True	-0.24192007108486402	2.899834160563575
WesselsSatija2023	MYB	SPECIFICITY	13	422	2059.0	0.37531899380240613	0.6246810061975939	0.052530059540987085	0.029885057471264367	1.7577366077176448	0.06289218717366883	0.08385624956489178	True	-0.5482801716732009	2.7663333332660125
WesselsSatija2023	EP300	SPECIFICITY	102	422	20121.0	0.4674519096738221	0.5325480903261779	0.22907479943296932	0.1946564885496183	1.1768156363027051	0.15373190290300587	0.175693603317721	False	-0.049675949800894584	1.872545083919148
WesselsSatija2023	SSRP1	SPECIFICITY	31	422	6214.0	0.4750038220455588	0.5249961779544412	0.07963621769571476	0.0684326710816777	1.163716342456735	0.32119624005482683	0.32119624005482683	False	-0.15416668725996702	1.1357030029094688
WesselsSatija2023	SUPT16H	UNIFORM	131	422	22187.0	0.40134220903729967	0.5986577909627003	0.2942502610396144	0.23688969258589512	1.2421404149229522	0.0003124738028281158	0.0024251605944117	True	-0.6115014174905153	8.070989923251858
WesselsSatija2023	HDAC3	UNIFORM	94	422	15755.0	0.397171523646264	0.6028284763537359	0.24618509689718515	0.1821705426356589	1.351399042541995	0.00090282713142648	0.0024251605944117	True	-0.5145386046216824	7.009979460939808
WesselsSatija2023	SUPT5H	UNIFORM	78	422	12892.0	0.3916636286304533	0.6083363713695467	0.21300229236907184	0.156	1.3653993100581527	0.0011499907573121748	0.0024251605944117	True	-0.4635020470318134	6.768001373759124
WesselsSatija2023	EP300	UNIFORM	102	422	17360.0	0.40330824272837096	0.596691757271629	0.2876681717263256	0.1946564885496183	1.4778247253391628	0.00121258029720585	0.0024251605944117	True	-0.551962468851933	6.715004712845711
WesselsSatija2023	MYB	UNIFORM	13	422	2023.0	0.36875683558148015	0.6312431644185199	0.05133643538456305	0.029885057471264367	1.7177961070988406	0.053527326893899996	0.08564372303024	True	-0.6065732511164232	2.9275629724218897
WesselsSatija2023	GATA2	UNIFORM	47	422	8752.5	0.44128768780881317	0.5587123121911868	0.19677977763634968	0.10021321961620469	1.963610972584	0.0933008323649655	0.124401109819954	False	-0.32652529941745545	2.3719262497863673
WesselsSatija2023	FLI1	UNIFORM	216	422	43490.5	0.4771206336668422	0.5228793663331578	0.3557175362665638	0.3385579937304075	1.050684204342906	0.16842704294738597	0.19248804908272682	False	-0.36500858841295014	1.7812526024931639
WesselsSatija2023	SSRP1	UNIFORM	31	422	5951.0	0.4548998624063599	0.5451001375936401	0.082024046448264	0.0684326710816777	1.198609452937535	0.2009026577964217	0.2009026577964217	False	-0.10933712624613601	1.6049347777991714
