Dataset	TF	Method	N_Pert	N_Control	U_Stat	MWU_AUC_Effect	ROC_AUC	PR_AUC	AP_Baseline	AP_Lift	P_Value	Adjusted_P_Value	Significant_FDR_BH	Mean_Diff	Score
FrangiehIzar2021_RNA	STAT1	ulm	707	56261	12566438.0	0.315925973124803	0.684074026875197	0.024219686604568295	0.012410476056733604	1.9515517772122302	5.32431673857789e-64	1.1713496824871356e-62	True	-0.5391826774033843	145.69316156026028
FrangiehIzar2021_RNA	JAK2	ulm	1087	56261	25010131.0	0.4089582514351441	0.591041748564856	0.024836340309656466	0.018954453511892306	1.3103168758768897	3.567179671519735e-25	3.923897638671708e-24	True	-0.2849686409839396	56.29285204925801
FrangiehIzar2021_RNA	SMAD4	ulm	628	56261	14628951.0	0.41404361745762497	0.585956382542375	0.014636409943900095	0.011039040939373166	1.3258769511123127	5.833129552006939e-14	4.277628338138422e-13	True	-0.25210871486840614	30.472637644207154
FrangiehIzar2021_RNA	JAK1	ulm	990	56261	24989021.0	0.4486488927238292	0.5513511072761708	0.020759967617496745	0.017292274370753348	1.200534248554855	1.4416273873904195e-08	7.928950630647308e-08	True	-0.14989909504184112	18.054908138348555
FrangiehIzar2021_RNA	MYC	ulm	185	56261	4090440.0	0.39299846228269114	0.607001537717309	0.005070553230782796	0.0032774687311767	1.5470943117014362	2.411007478386021e-07	1.060843290489849e-06	True	-0.5867404812153483	15.238050949986402
FrangiehIzar2021_RNA	TP53	ulm	548	56261	13908122.0	0.45110795527155306	0.5488920447284469	0.011226518235651298	0.009646358851590417	1.1638088949801362	3.9804377687666604e-05	0.00014594938485477756	True	-0.20425660442389637	10.131533659570149
FrangiehIzar2021_RNA	SMAD3	ulm	711	56261	18835393.0	0.4708663317248215	0.5291336682751785	0.013557056828316549	0.012479814645790914	1.0863187645891004	0.0037456837159757254	0.011772148821637995	True	-0.07789550931513334	5.587151110992634
FrangiehIzar2021_RNA	CDKN2A	ulm	865	56261	23197343.0	0.4766665642675092	0.5233334357324908	0.01667187766672184	0.015141966880229668	1.1010377844961292	0.009157803561478784	0.025183959794066655	True	-0.09770795578231795	4.693148914914087
FrangiehIzar2021_RNA	STAT3	ulm	528	56261	14055381.0	0.47315262389092394	0.5268473761090761	0.010042759090915959	0.00929757523464051	1.0801481932083834	0.0167081172309332	0.04084206434228116	True	-0.08578566633151041	4.09186061591664
FrangiehIzar2021_RNA	TSC22D3	ulm	671	56261	18301399.0	0.4847907470639754	0.5152092529360246	0.011652630004302923	0.01178599030422258	0.9886848456109897	0.08743964088951567	0.1923672099569345	False	0.0011219465880913937	2.436806542058293
FrangiehIzar2021_RNA	RB1	ulm	775	56261	21472606.0	0.49246526700728344	0.5075347329927165	0.014157980009141792	0.013587909390560348	1.0419542552276273	0.23525103828882038	0.47050207657764076	False	-0.024976143873033513	1.4471020869713596
FrangiehIzar2021_RNA	IRF3	ulm	791	56261	21978300.0	0.4938671804840592	0.5061328195159409	0.014055469840615599	0.01386454462595527	1.013770752650823	0.27647722555479126	0.48700855354080697	False	0.003651130853792539	1.2856268283025336
FrangiehIzar2021_RNA	CDKN1A	ulm	1036	56261	28847829.0	0.49493245387826	0.50506754612174	0.018389404306281554	0.01808122589315322	1.0170441105569634	0.2877777816377496	0.48700855354080697	False	-0.014086486501843742	1.2455666882117435
FrangiehIzar2021_RNA	CCND1	ulm	631	56261	17547092.0	0.4942746607382938	0.5057253392617062	0.01085630064336441	0.011091190325529073	0.9788219591161458	0.3101493314192494	0.4873775208016776	False	-0.027612862324565612	1.1707013832343671
FrangiehIzar2021_RNA	TFAP2A	ulm	604	56261	16923312.0	0.49801333920159957	0.5019866607984005	0.010662678068777631	0.010621647762243912	1.0038628946705959	0.43320063153180355	0.6001986961647581	False	0.012843189565580337	0.8365543060267161
FrangiehIzar2021_RNA	FOS	ulm	708	56261	19846890.0	0.49825510581885457	0.5017448941811454	0.012075304664031297	0.012427811616844248	0.9716356375779647	0.4365081426652786	0.6001986961647581	False	-0.023909570993287055	0.8289482494313895
FrangiehIzar2021_RNA	KLF4	ulm	717	56261	20194639.0	0.500621493216377	0.49937850678362306	0.012808312320781496	0.01258380427533434	1.017841031260095	0.5228409496276483	0.6766176995181331	False	-0.004492107243581955	0.6484779727791424
FrangiehIzar2021_RNA	DNMT1	ulm	331	56261	9377811.0	0.5035771722331467	0.49642282776685337	0.005734850319065385	0.005848883234379418	0.9805034720741639	0.5889272895719623	0.7198000205879539	False	0.02396475662329106	0.5294525501970327
FrangiehIzar2021_RNA	TIMP3	ulm	496	56261	14128630.0	0.5063034984986449	0.49369650150135513	0.008826971008802063	0.008739010166146907	1.010065309569715	0.6858700195487022	0.7941652857932341	False	0.01591393027179211	0.3770671450856009
FrangiehIzar2021_RNA	FOXM1	ulm	258	56261	7488590.0	0.5159087580323655	0.48409124196763453	0.004344273999019684	0.004564836603620021	0.9516822563976494	0.8114256062108572	0.892568166831943	False	0.03690888603845277	0.20896257064653587
FrangiehIzar2021_RNA	RUVBL2	ulm	65	56261	1998235.0	0.5464189567031678	0.4535810432968322	0.0010085272506949515	0.0011539963782267514	0.8739431680406745	0.9024528109442784	0.9454267543225774	False	0.20210561261803672	0.10263887718446689
FrangiehIzar2021_RNA	E2F1	ulm	583	56261	17313044.0	0.5278340842391546	0.4721659157608455	0.009200829105380585	0.010256139610161143	0.897104510576765	0.989723938441213	0.989723938441213	False	0.11989618790636336	0.010329224798789137
FrangiehIzar2021_RNA	STAT1	viper	707	56261	13106663.0	0.3295074756023823	0.6704925243976178	0.021941174253066794	0.012410476056733604	1.7679558908751192	3.3160338869745705e-55	7.295274551344055e-54	True	-0.6044534154344734	125.4434106582193
FrangiehIzar2021_RNA	JAK2	viper	1087	56261	25387646.0	0.4151312648548074	0.5848687351451926	0.02394644346181734	0.018954453511892306	1.263367653770286	3.9778517047166764e-22	4.3756368751883436e-21	True	-0.24084158485905274	49.27613014498663
FrangiehIzar2021_RNA	SMAD4	viper	628	56261	15325816.0	0.4337670074313564	0.5662329925686437	0.01430593416208979	0.011039040939373166	1.2959399499158057	5.394964427991142e-09	3.956307247193504e-08	True	-0.25972525298128324	19.037799831772205
FrangiehIzar2021_RNA	JAK1	viper	990	56261	25488622.0	0.457618649300276	0.5423813506997239	0.02039813187206499	0.017292274370753348	1.1796095432399927	2.333588413108934e-06	1.2834736272099137e-05	True	-0.2016990818632094	12.968103383648227
FrangiehIzar2021_RNA	MYC	viper	185	56261	4253073.0	0.4086238030568917	0.5913761969431083	0.00412896027067622	0.0032774687311767	1.2598015753437293	8.607228726646642e-06	3.787180639724523e-05	True	-0.4446876206061293	11.662908158158729
FrangiehIzar2021_RNA	TP53	viper	548	56261	14084043.0	0.4568139278391885	0.5431860721608115	0.010686956479522235	0.009646358851590417	1.1078746544620048	0.0002459726639162344	0.0009018997676928595	True	-0.17545901745222153	8.310290150498181
FrangiehIzar2021_RNA	CDKN2A	viper	865	56261	22801004.0	0.46852246132368414	0.5314775386763159	0.016856131863564595	0.015141966880229668	1.1132062298705099	0.0007297907625750961	0.002293628110950302	True	-0.14307875975930406	7.222752691516552
FrangiehIzar2021_RNA	SMAD3	viper	711	56261	18970956.0	0.4742552736241284	0.5257447263758717	0.013264085849753334	0.012479814645790914	1.0628431772604037	0.009061313243756454	0.024918611420330247	True	-0.08484175860425647	4.703741219789441
FrangiehIzar2021_RNA	KLF4	viper	717	56261	19512383.0	0.4837084888553764	0.5162915111446236	0.013487825433439498	0.01258380427533434	1.0718400523661307	0.0665987506682779	0.16279694607801265	False	-0.053812783410039144	2.709069460346307
FrangiehIzar2021_RNA	IRF3	viper	791	56261	21648823.0	0.48646361073460875	0.5135363892653912	0.014501444221624553	0.01386454462595527	1.0459372891682983	0.09516194365484287	0.20935627604065432	False	-0.027173200862149083	2.352175168631518
FrangiehIzar2021_RNA	CDKN1A	viper	1036	56261	28723723.0	0.49280320917422993	0.5071967908257701	0.01884657997332046	0.01808122589315322	1.0423286609375892	0.2132664318007806	0.4265328636015612	False	-0.02475913208235392	1.545213041413426
FrangiehIzar2021_RNA	STAT3	viper	528	56261	14665807.0	0.4937016693839804	0.5062983306160196	0.009607684623935934	0.00929757523464051	1.0333537918725337	0.3088900475871398	0.566298420576423	False	-0.01306512493773071	1.1747698984593216
FrangiehIzar2021_RNA	TSC22D3	viper	671	56261	18749615.0	0.4966636628714515	0.5033363371285485	0.011604139403287382	0.01178599030422258	0.9845705879403238	0.38300192273555034	0.6247167703315295	False	0.004630802594393997	0.9597152696168328
FrangiehIzar2021_RNA	RB1	viper	775	56261	21682910.0	0.4972885015747458	0.5027114984252542	0.013805241040095626	0.013587909390560348	1.015994487694057	0.39754703566551874	0.6247167703315295	False	-0.007847720549827741	0.9224420231697549
FrangiehIzar2021_RNA	DNMT1	viper	331	56261	9272817.0	0.4979391207068953	0.5020608792931047	0.006000802768761497	0.005848883234379418	1.0259741096367088	0.44848052712008873	0.6577714397761302	False	0.003822356824722317	0.8018900162183101
FrangiehIzar2021_RNA	TIMP3	viper	496	56261	13976048.0	0.5008356788722607	0.49916432112773934	0.00896587350865141	0.008739010166146907	1.0259598442147744	0.5255907066972343	0.7226872217086971	False	-0.002122594806399425	0.6432324932899053
FrangiehIzar2021_RNA	TFAP2A	viper	604	56261	17163150.0	0.5050712084441824	0.4949287915558176	0.010676260121263045	0.010621647762243912	1.0051416089331506	0.6661972893821958	0.796748522239919	False	0.026623665784839795	0.40616942200568396
FrangiehIzar2021_RNA	FOXM1	viper	258	56261	7376050.0	0.5081555799802939	0.4918444200197061	0.0046470318488489384	0.004564836603620021	1.0180061746709037	0.6746361209634804	0.796748522239919	False	0.024173833573182257	0.3935818135196041
FrangiehIzar2021_RNA	FOS	viper	708	56261	20129683.0	0.5053546088714654	0.4946453911285347	0.011991749708577316	0.012427811616844248	0.9649124140507643	0.6881009964799301	0.796748522239919	False	0.010248985294914914	0.3738196546132487
FrangiehIzar2021_RNA	CCND1	viper	631	56261	18107907.0	0.5100719588810257	0.48992804111897437	0.010694987930606524	0.011091190325529073	0.9642777390619117	0.8082740558385575	0.8891014614224133	False	0.034846403895790634	0.2128540999508857
FrangiehIzar2021_RNA	E2F1	viper	583	56261	16884759.0	0.5147766796158909	0.485223320384109	0.010111086329559555	0.010256139610161143	0.9858569319339336	0.8905743812816012	0.9329826851521535	False	0.057678023597096506	0.11588865219253178
FrangiehIzar2021_RNA	RUVBL2	viper	65	56261	2039784.0	0.5577805639375821	0.44221943606241787	0.0009668515296881343	0.0011539963782267514	0.8378289117109824	0.9466040006619912	0.9466040006619912	False	0.36001629717438605	0.05487443516989102
FrangiehIzar2021_RNA	STAT1	z-aggregate	707	56261	14179943.0	0.3564902234928655	0.6435097765071346	0.019510249878404058	0.012410476056733604	1.5720790877976272	1.0225882040774073e-39	2.249694048970296e-38	True	-0.7511339368196103	89.77848175839702
FrangiehIzar2021_RNA	JAK2	z-aggregate	1087	56261	25603113.5	0.41865452557027916	0.5813454744297208	0.02339250774559532	0.018954453511892306	1.234143085735419	1.7561420535372653e-20	1.9317562588909917e-19	True	-0.3125177852456399	45.48858247184806
FrangiehIzar2021_RNA	MYC	z-aggregate	185	56261	3966298.0	0.3810712331570475	0.6189287668429526	0.005243858910496113	0.0032774687311767	1.599972216550614	1.1075052361885025e-08	8.121705065382352e-08	True	-1.3366544552759527	18.318570793090945
FrangiehIzar2021_RNA	JAK1	z-aggregate	990	56261	25212092.5	0.45265388281420704	0.547346117185793	0.01974278587681478	0.017292274370753348	1.1417113477106293	1.5237709088172313e-07	8.380739998494772e-07	True	-0.23082568226757247	15.696907527291799
FrangiehIzar2021_RNA	SMAD4	z-aggregate	628	56261	16017769.5	0.4533513870804826	0.5466486129195174	0.01274278039103741	0.011039040939373166	1.15433763322568	2.8231819351093274e-05	0.0001242200051448104	True	-0.1820128061816657	10.475060870340409
FrangiehIzar2021_RNA	TP53	z-aggregate	548	56261	13967234.0	0.4530252445685561	0.5469747554314439	0.01194686565269922	0.009646358851590417	1.2384844723799089	7.506628065037195e-05	0.00027524302905136385	True	-0.31495708685324936	9.497139092693056
FrangiehIzar2021_RNA	CDKN2A	z-aggregate	865	56261	22675949.0	0.46595279042669935	0.5340472095733007	0.016698153839527816	0.015141966880229668	1.1027731054761456	0.00028826979552638306	0.000905990785940061	True	-0.18746889096332947	8.151613726320095
FrangiehIzar2021_RNA	SMAD3	z-aggregate	711	56261	18983627.0	0.4745720361832789	0.5254279638167211	0.013324610989413127	0.012479814645790914	1.067693020096828	0.009797138162677695	0.02694212994736366	True	-0.06111074122540247	4.625664960169547
FrangiehIzar2021_RNA	KLF4	z-aggregate	717	56261	19472898.0	0.48272966275902235	0.5172703372409777	0.01341996335602869	0.01258380427533434	1.066447241422319	0.05571131601475929	0.13618321692496713	False	-0.06340715613410286	2.8875719926335686
FrangiehIzar2021_RNA	STAT3	z-aggregate	528	56261	14358856.0	0.4833686395603176	0.5166313604396824	0.009753805656414389	0.00929757523464051	1.0490698284509787	0.0938090767359242	0.20637996881903325	False	-0.07195986246201082	2.366493660744066
FrangiehIzar2021_RNA	RB1	z-aggregate	775	56261	21234246.0	0.4869985797759406	0.5130014202240594	0.014403729447573906	0.013587909390560348	1.0600401455120325	0.10651954620317633	0.21303909240635266	False	-0.1253633508904458	2.239426778248481
FrangiehIzar2021_RNA	CDKN1A	z-aggregate	1036	56261	28815749.0	0.49438206815875185	0.5056179318412481	0.018259532773219376	0.01808122589315322	1.0098614375551647	0.2673991811407138	0.4902318320913087	False	-0.009152350926278327	1.3190126766199786
FrangiehIzar2021_RNA	CCND1	z-aggregate	631	56261	17587367.0	0.49540914569803723	0.5045908543019628	0.01091796564738946	0.011091190325529073	0.9843817775139162	0.3455863323698012	0.5809318272557525	False	-0.06525357340834481	1.0625127903753457
FrangiehIzar2021_RNA	DNMT1	z-aggregate	331	56261	9215668.5	0.4948703149880163	0.5051296850119837	0.005901120839588424	0.005848883234379418	1.0089312101328944	0.37359717444040397	0.5809318272557525	False	0.11878837799266587	0.9845771357170668
FrangiehIzar2021_RNA	IRF3	z-aggregate	791	56261	22131705.5	0.49731430522781767	0.5026856947721823	0.013983861943397142	0.01386454462595527	1.0086059312195874	0.3960898822198312	0.5809318272557525	False	-0.07391625890238518	0.9261141181800493
FrangiehIzar2021_RNA	TSC22D3	z-aggregate	671	56261	18793791.0	0.4978338529778088	0.5021661470221912	0.011853675120245816	0.01178599030422258	1.005742819591408	0.42339197458944045	0.5821639650604806	False	-0.09840176485233443	0.8594568751387649
FrangiehIzar2021_RNA	TFAP2A	z-aggregate	604	56261	17015001.0	0.500711531201963	0.49928846879803696	0.010955228147102584	0.010621647762243912	1.0314057095777953	0.5240235256390723	0.6781480920035053	False	0.011471151723631237	0.6462186994111302
FrangiehIzar2021_RNA	TIMP3	z-aggregate	496	56261	14068507.5	0.504148991509044	0.49585100849095604	0.008861793344734996	0.008739010166146907	1.0140500098127503	0.6266051490824947	0.7658507377674935	False	-0.04500115836592938	0.4674386830026054
FrangiehIzar2021_RNA	FOS	z-aggregate	708	56261	20242499.0	0.5081868484827122	0.4918131515172877	0.011788225126700792	0.012427811616844248	0.9485358718121715	0.7733435368042292	0.8954504110364759	False	0.009825865761079744	0.2570319089335332
FrangiehIzar2021_RNA	FOXM1	z-aggregate	258	56261	7499086.0	0.516631855214119	0.48336814478588097	0.0042939233527420516	0.004564836603620021	0.9406521471846048	0.822075600416857	0.9042831604585427	False	0.03216620695685548	0.19592291684501376
FrangiehIzar2021_RNA	RUVBL2	z-aggregate	65	56261	2072284.0	0.5666677148947282	0.4333322851052718	0.0009693982946184722	0.0011539963782267514	0.8400358206566164	0.9686166554036693	0.9963376581906388	False	0.4702622432069452	0.03188635382358721
FrangiehIzar2021_RNA	E2F1	z-aggregate	583	56261	17457155.0	0.5322276904538553	0.4677723095461446	0.00912176850456422	0.010256139610161143	0.8893958985822445	0.9963376581906388	0.9963376581906388	False	0.24190045348466543	0.0036690646022551426
FrangiehIzar2021_RNA	STAT1	zscore	707	56261	12739319.0	0.32027228018172627	0.6797277198182737	0.023264440958262737	0.012410476056733604	1.874580866351219	4.105473032611568e-61	9.032040671745449e-60	True	-0.5496977532500349	139.04536970309192
FrangiehIzar2021_RNA	JAK2	zscore	1087	56261	24961143.0	0.4081572141746313	0.5918427858253686	0.02499268491633076	0.018954453511892306	1.3185653124027015	1.3851975549145754e-25	1.523717310406033e-24	True	-0.2877181130594662	57.23878455645632
FrangiehIzar2021_RNA	SMAD4	zscore	628	56261	14641203.0	0.41439038616312485	0.5856096138368752	0.014850250011445739	0.011039040939373166	1.3452482052565868	7.309349461109416e-14	5.360189604813573e-13	True	-0.2548348224243018	30.247037025123355
FrangiehIzar2021_RNA	JAK1	zscore	990	56261	24989021.0	0.4486488927238292	0.5513511072761708	0.020759967617496745	0.017292274370753348	1.200534248554855	1.4416273873904195e-08	7.928950630647308e-08	True	-0.1498661874049949	18.054908138348555
FrangiehIzar2021_RNA	MYC	zscore	185	56261	4020467.0	0.38627564483485993	0.61372435516514	0.0052599064092361016	0.0032774687311767	1.6048685252742756	4.4099123170726246e-08	1.940361419511955e-07	True	-0.584043967376124	16.936825937441245
FrangiehIzar2021_RNA	TP53	zscore	548	56261	14067505.0	0.456277520165724	0.543722479834276	0.010904569709355362	0.009646358851590417	1.1304337602532277	0.0002090460805547178	0.0007665022953672986	True	-0.217058812704213	8.472955849178803
FrangiehIzar2021_RNA	CDKN2A	zscore	865	56261	22896856.0	0.4704920594590468	0.5295079405409532	0.017007038813979185	0.015141966880229668	1.1231723691183524	0.0014250393854740757	0.004478695211489953	True	-0.1241670947680866	6.5535558267142955
FrangiehIzar2021_RNA	SMAD3	zscore	711	56261	18878480.0	0.4719434644204349	0.5280565355795651	0.013559675362470755	0.012479814645790914	1.0865285861472347	0.005007605172903239	0.013770914225483906	True	-0.07649030372378891	5.296797487568829
FrangiehIzar2021_RNA	STAT3	zscore	528	56261	14130729.0	0.4756890975663749	0.5243109024336251	0.010057124191553224	0.00929757523464051	1.081693230519159	0.027046685685939282	0.06611412056562935	True	-0.08336708911113666	3.6101908066700994
FrangiehIzar2021_RNA	RB1	zscore	775	56261	21267174.0	0.48775376972875845	0.5122462302712416	0.014571865106476805	0.013587909390560348	1.0724140622103369	0.12041368232430055	0.24802210681586823	False	-0.06123212104860842	2.1168221119967363
FrangiehIzar2021_RNA	TSC22D3	zscore	671	56261	18388236.0	0.48709099602870176	0.5129090039712982	0.011659634093878383	0.01178599030422258	0.9892791180814965	0.12476225174360261	0.24802210681586823	False	-0.0015722372248091476	2.0813453388032714
FrangiehIzar2021_RNA	CCND1	zscore	631	56261	17303111.0	0.48740209028607356	0.5125979097139264	0.01116994028416146	0.011091190325529073	1.0071002260642057	0.1378283155125965	0.24802210681586823	False	-0.04892904929726379	1.9817464588363864
FrangiehIzar2021_RNA	CDKN1A	zscore	1036	56261	28588581.0	0.4904846235474912	0.5095153764525087	0.018707079922244324	0.01808122589315322	1.0346134732672132	0.14655851766392214	0.24802210681586823	False	-0.03277496102226274	1.9203304923001367
FrangiehIzar2021_RNA	IRF3	zscore	791	56261	21903230.0	0.4921803071026358	0.5078196928973642	0.01415396421769885	0.01386454462595527	1.0208747996816117	0.22466247631908198	0.35304103421570027	False	-0.007899214420650003	1.4931561083106242
FrangiehIzar2021_RNA	FOS	zscore	708	56261	19759619.0	0.496064172058456	0.503935827941544	0.012203263326882867	0.012427811616844248	0.9819317916231498	0.35923125465812344	0.4685270181408639	False	-0.037076570848227686	1.0237889344849405
FrangiehIzar2021_RNA	DNMT1	zscore	331	56261	9215003.0	0.49483457843839707	0.5051654215616029	0.005871420190766864	0.005848883234379418	1.0038532067549195	0.37274700997679255	0.4685270181408639	False	-0.0078473873655307	0.9868553468938279
FrangiehIzar2021_RNA	KLF4	zscore	717	56261	20029511.0	0.49652799959503346	0.5034720004049665	0.012969969213180124	0.01258380427533434	1.030687455827862	0.37447725253168507	0.4685270181408639	False	-0.0243199833323402	0.9822242187730439
FrangiehIzar2021_RNA	TFAP2A	zscore	604	56261	16871751.0	0.4964960200277538	0.5035039799722462	0.010744822085945047	0.010621647762243912	1.0115965362868626	0.38334028756979777	0.4685270181408639	False	0.004101653800760774	0.9588322049710768
FrangiehIzar2021_RNA	TIMP3	zscore	496	56261	14201072.0	0.5088994782955706	0.4911005217044294	0.008841513686222166	0.008739010166146907	1.0117294199373215	0.752878656820826	0.871754234213588	False	0.016917058129691714	0.283851210487991
FrangiehIzar2021_RNA	FOXM1	zscore	258	56261	7483160.0	0.5155346709804484	0.48446532901955164	0.0043488752277981	0.004564836603620021	0.9526902286818637	0.8057648583648543	0.8863413442013398	False	0.03443204449310466	0.21596331804103125
FrangiehIzar2021_RNA	RUVBL2	zscore	65	56261	1998235.0	0.5464189567031678	0.4535810432968322	0.0010085272506949515	0.0011539963782267514	0.8739431680406745	0.9024528109442784	0.9454267543225774	False	0.20139797479312183	0.10263887718446689
FrangiehIzar2021_RNA	E2F1	zscore	583	56261	17098424.0	0.521290824073039	0.4787091759269611	0.00939387929594023	0.010256139610161143	0.9159274008549338	0.9617727624355606	0.9617727624355606	False	0.08284962217115144	0.038977069903725424
GasperiniShendure2019_lowMOI	MAX	ulm	9	369	836.0	0.2517314062029509	0.7482685937970491	0.08117197551494862	0.023809523809523808	3.4092229716278424	0.0054752654959733605	0.0669725743862774	True	-1.0105881842336837	5.207514512040066
GasperiniShendure2019_lowMOI	BTF3	ulm	15	369	1795.5	0.32439024390243903	0.6756097560975609	0.12280367555304705	0.0390625	3.1437740941580046	0.010303472982504216	0.0669725743862774	True	-0.30606264287508816	4.575274257812482
GasperiniShendure2019_lowMOI	H3F3B	ulm	15	369	2219.0	0.400903342366757	0.599096657633243	0.05402899845341435	0.0390625	1.3831423604074073	0.09672936846674912	0.28706095390731495	False	-0.18591012164214363	2.3358382156340833
GasperiniShendure2019_lowMOI	NPM1	ulm	31	369	5082.0	0.44426960398636245	0.5557303960136375	0.09772278356133106	0.0775	1.2609391427268524	0.15143429539426478	0.28706095390731495	False	-0.1187981320799647	1.8876034418722842
GasperiniShendure2019_lowMOI	LMO2	ulm	25	369	4048.0	0.4388075880758808	0.5611924119241193	0.08565286865298262	0.06345177664974619	1.3498892099710063	0.1530356693300321	0.28706095390731495	False	-0.11630332248231989	1.877084251884921
GasperiniShendure2019_lowMOI	RBBP4	ulm	6	369	833.0	0.37624209575429085	0.6237579042457091	0.034787159031717134	0.016	2.1741974394823207	0.1536410402393662	0.28706095390731495	False	-0.3166445522150573	1.873136304898831
GasperiniShendure2019_lowMOI	TAF12	ulm	2	369	204.0	0.2764227642276423	0.7235772357723577	0.014734561213434454	0.005390835579514825	2.733261105092091	0.15457128287316957	0.28706095390731495	False	-0.37365026323051764	1.867099911226489
GasperiniShendure2019_lowMOI	MYC	ulm	20	369	3647.0	0.49417344173441735	0.5058265582655826	0.06151103661658391	0.05141388174807198	1.196389662192557	0.4654232384990569	0.7563127625609675	False	-0.09380991876700762	0.7648080970462615
GasperiniShendure2019_lowMOI	CEBPB	ulm	16	369	3050.0	0.5165989159891599	0.48340108401084014	0.0494132003649478	0.04155844155844156	1.1890051337815564	0.5894097301422978	0.8174771374695812	False	0.048971390627474354	0.5286337002598399
GasperiniShendure2019_lowMOI	APEX1	ulm	13	369	2532.0	0.5278298936835523	0.47217010631644774	0.03817587164525313	0.034031413612565446	1.1217833052682074	0.6339980216972416	0.8174771374695812	False	0.008623369905380499	0.45570944490113335
GasperiniShendure2019_lowMOI	GATA2	ulm	15	369	2978.0	0.5380307136404697	0.4619692863595303	0.03689877576765738	0.0390625	0.9446086596520289	0.6917114240127226	0.8174771374695812	False	0.08126215323791705	0.36858642766302757
GasperiniShendure2019_lowMOI	POLR2K	ulm	10	369	2336.0	0.6330623306233062	0.36693766937669375	0.021319849719086927	0.026385224274406333	0.8080223043533945	0.9247596149485102	0.9681048291097586	False	0.24648680923277347	0.07822145097460144
GasperiniShendure2019_lowMOI	RBMX	ulm	4	369	1133.0	0.7676151761517616	0.2323848238482385	0.0083117764450236	0.010723860589812333	0.7750731534984506	0.9681048291097586	0.9681048291097586	False	0.34849440703482526	0.03241490303411529
GasperiniShendure2019_lowMOI	MAX	viper	9	369	984.0	0.2962962962962963	0.7037037037037037	0.05416367131504429	0.023809523809523808	2.2748741952318605	0.01843085907496846	0.15107574820866093	False	-1.1776566887585735	3.9937288955289936
GasperiniShendure2019_lowMOI	BTF3	viper	15	369	1928.0	0.34832881662149956	0.6516711833785005	0.10186381835149866	0.0390625	2.6077137497983656	0.02324242280133245	0.15107574820866093	False	-0.552158414012835	3.7617761010840085
GasperiniShendure2019_lowMOI	H3F3B	viper	15	369	2351.0	0.42475158084914183	0.5752484191508582	0.05767342884370906	0.0390625	1.476439778398952	0.16177807790533588	0.5711411536092568	False	-0.2733582468613335	1.8215297723793644
GasperiniShendure2019_lowMOI	MYC	viper	20	369	3404.0	0.46124661246612464	0.5387533875338754	0.07120034188401952	0.05141388174807198	1.3848466496441798	0.2799612459258034	0.5711411536092568	False	-0.223957346944462	1.2731040927999215
GasperiniShendure2019_lowMOI	LMO2	viper	25	369	4333.0	0.4697018970189702	0.5302981029810299	0.07219393968049775	0.06345177664974619	1.1377764893646447	0.3063209188381037	0.5711411536092568	False	-0.14352429932755156	1.1831219722155346
GasperiniShendure2019_lowMOI	TAF12	viper	2	369	307.0	0.4159891598915989	0.5840108401084011	0.010186322686322687	0.005390835579514825	1.8895628583128583	0.3477817440081589	0.5711411536092568	False	-0.189520760291986	1.0561801683528846
GasperiniShendure2019_lowMOI	CEBPB	viper	16	369	2781.0	0.47103658536585363	0.5289634146341463	0.04608745606907109	0.04155844155844156	1.108979411662023	0.3478082810314299	0.5711411536092568	False	-0.03640145061769162	1.0561038675943097
GasperiniShendure2019_lowMOI	RBBP4	viper	6	369	1008.0	0.45528455284552843	0.5447154471544715	0.09906112161093655	0.016	6.1913201006835346	0.3575804154907261	0.5711411536092568	False	-0.40416111901757185	1.028395003707334
GasperiniShendure2019_lowMOI	NPM1	viper	31	369	5555.0	0.4856193723227555	0.5143806276772446	0.080279785390822	0.0775	1.0358681985912517	0.39540541403717777	0.5711411536092568	False	-0.028730953164020218	0.9278436757820088
GasperiniShendure2019_lowMOI	APEX1	viper	13	369	2460.0	0.5128205128205128	0.4871794871794872	0.03882569149483517	0.034031413612565446	1.1408780116174642	0.5629497284173672	0.7308779376435055	False	0.17155527884118635	0.5745649471607411
GasperiniShendure2019_lowMOI	GATA2	viper	15	369	2894.0	0.5228545618789521	0.47714543812104787	0.03853393503434327	0.0390625	0.9864687368791877	0.6184351780060431	0.7308779376435055	False	0.0668583260278724	0.48056289780607647
GasperiniShendure2019_lowMOI	POLR2K	viper	10	369	2197.0	0.5953929539295393	0.4046070460704607	0.02267929398532617	0.026385224274406333	0.8595452420438618	0.8487775142155063	0.9195089737334651	False	0.3659070880771913	0.16395818329680453
GasperiniShendure2019_lowMOI	RBMX	viper	4	369	1115.0	0.755420054200542	0.24457994579945797	0.008456235252802535	0.010723860589812333	0.7885439373238364	0.9609644262070104	0.9609644262070104	False	0.7858169933262862	0.039817888171503085
GasperiniShendure2019_lowMOI	BTF3	z-aggregate	15	369	1774.0	0.3205058717253839	0.6794941282746161	0.07364206135786247	0.0390625	1.8852367707612792	0.009017835607650604	0.08184343795999875	True	-0.9248842683701104	4.708550928507285
GasperiniShendure2019_lowMOI	MAX	z-aggregate	9	369	935.0	0.28154170430593195	0.718458295694068	0.08795813741050819	0.023809523809523808	3.694241771241344	0.012591298147692116	0.08184343795999875	True	-2.1390677995847796	4.374749326813801
GasperiniShendure2019_lowMOI	RBBP4	z-aggregate	6	369	660.0	0.2981029810298103	0.7018970189701896	0.0939485705177187	0.016	5.871785657357418	0.04501531019534032	0.19506634417980806	False	-1.599230143932824	3.100752620512632
GasperiniShendure2019_lowMOI	CEBPB	z-aggregate	16	369	2448.0	0.4146341463414634	0.5853658536585367	0.08884018146311709	0.04155844155844156	2.137716866456255	0.12396803274099216	0.4028961064082245	False	-0.5435172368702826	2.087731547089225
GasperiniShendure2019_lowMOI	H3F3B	z-aggregate	15	369	2362.0	0.4267389340560072	0.5732610659439927	0.05463355094546998	0.0390625	1.3986189042040316	0.1682157388355694	0.4373609209724804	False	-0.32271310888180704	1.7825079636712502
GasperiniShendure2019_lowMOI	TAF12	z-aggregate	2	369	259.0	0.3509485094850949	0.6490514905149051	0.011610688564313118	0.005390835579514825	2.1537827286800835	0.23454994508543137	0.5081915476851012	False	-0.5257758621614765	1.4500867283350418
GasperiniShendure2019_lowMOI	NPM1	z-aggregate	31	369	5348.0	0.4675233849112685	0.5324766150887315	0.08766709441465306	0.0775	1.1311883150277815	0.2742314400258431	0.5092869600479943	False	-0.22130450682003813	1.2937828575012256
GasperiniShendure2019_lowMOI	MYC	z-aggregate	20	369	3486.0	0.47235772357723577	0.5276422764227643	0.06507765575194571	0.05141388174807198	1.265760404375344	0.3388797213178549	0.5382768544546106	False	-0.40704711203171035	1.0821100389317597
GasperiniShendure2019_lowMOI	LMO2	z-aggregate	25	369	4433.0	0.4805420054200542	0.5194579945799458	0.07379896656217788	0.06345177664974619	1.1630717130199235	0.37265320693011506	0.5382768544546106	False	-0.04982807032525917	0.9871070319485007
GasperiniShendure2019_lowMOI	GATA2	z-aggregate	15	369	2690.0	0.4859981933152665	0.5140018066847335	0.04209570358493069	0.0390625	1.0776500117742258	0.4275041760070989	0.5557554288092286	False	-0.30687107051963225	0.8497912222153748
GasperiniShendure2019_lowMOI	APEX1	z-aggregate	13	369	2504.5	0.5220971440483636	0.4779028559516365	0.037400909682736516	0.034031413612565446	1.09901134606195	0.607268110681119	0.7176804944413224	False	0.21000260696206313	0.4987848874505229
GasperiniShendure2019_lowMOI	POLR2K	z-aggregate	10	369	2159.0	0.5850948509485094	0.4149051490514905	0.023085855901962448	0.026385224274406333	0.8749539386843768	0.821224953086573	0.8896603658437873	False	0.2463073019748242	0.19695820817312715
GasperiniShendure2019_lowMOI	RBMX	z-aggregate	4	369	1133.0	0.7676151761517616	0.23238482384823847	0.009409015660938484	0.010723860589812333	0.8773907103825136	0.9689894000510133	0.9689894000510133	False	1.0451146652914955	0.031501606211044565
GasperiniShendure2019_lowMOI	BTF3	zscore	15	369	1660.0	0.2999096657633243	0.7000903342366758	0.1494401386097568	0.0390625	3.825667548409774	0.004307909447265567	0.04095105386694521	True	-0.32823370957328235	5.447302539578
GasperiniShendure2019_lowMOI	MAX	zscore	9	369	852.0	0.2565492321589883	0.7434507678410117	0.07094545799866053	0.023809523809523808	2.9797092359437425	0.006300162133376187	0.04095105386694521	True	-0.8484549480833721	5.067179910459264
GasperiniShendure2019_lowMOI	H3F3B	zscore	15	369	2219.0	0.400903342366757	0.599096657633243	0.05402899845341435	0.0390625	1.3831423604074073	0.09672936846674912	0.36745551616516164	False	-0.18588226523184848	2.3358382156340833
GasperiniShendure2019_lowMOI	RBBP4	zscore	6	369	811.0	0.3663053297199639	0.6336946702800361	0.04079006087389788	0.016	2.5493788046186174	0.1346384172157781	0.36745551616516164	False	-0.36287526410949367	2.0051624848447243
GasperiniShendure2019_lowMOI	TAF12	zscore	2	369	204.0	0.2764227642276423	0.7235772357723577	0.014734561213434454	0.005390835579514825	2.733261105092091	0.15457128287316957	0.36745551616516164	False	-0.37342972055148027	1.867099911226489
GasperiniShendure2019_lowMOI	NPM1	zscore	31	369	5129.0	0.44837835475128945	0.5516216452487106	0.09198167836842405	0.0775	1.1868603660441814	0.16997063286814257	0.36745551616516164	False	-0.11450262905218755	1.7721296046889565
GasperiniShendure2019_lowMOI	LMO2	zscore	25	369	4144.0	0.4492140921409214	0.5507859078590785	0.07966488753170384	0.06345177664974619	1.2555186274996526	0.19786066255047163	0.36745551616516164	False	-0.0852315235640253	1.6201922205104795
GasperiniShendure2019_lowMOI	MYC	zscore	20	369	3634.0	0.4924119241192412	0.5075880758807588	0.06138113821636965	0.05141388174807198	1.1938631383083897	0.45488671843615736	0.7391909174587556	False	-0.08028138443963417	0.7877068614994631
GasperiniShendure2019_lowMOI	CEBPB	zscore	16	369	3076.0	0.5210027100271003	0.4789972899728997	0.04779641475479149	0.04155844155844156	1.1501012300371702	0.6124417412596602	0.8241974282064141	False	0.061156731781829954	0.49030145739785697
GasperiniShendure2019_lowMOI	APEX1	zscore	13	369	2532.0	0.5278298936835523	0.47217010631644774	0.03817587164525313	0.034031413612565446	1.1217833052682074	0.6339980216972416	0.8241974282064141	False	0.008625973906197293	0.45570944490113335
GasperiniShendure2019_lowMOI	GATA2	zscore	15	369	3007.0	0.5432700993676604	0.4567299006323396	0.03666951969855643	0.0390625	0.9387397042830447	0.7154999982382675	0.8455909070088616	False	0.08633961012877028	0.33477368244787115
GasperiniShendure2019_lowMOI	POLR2K	zscore	10	369	2336.0	0.6330623306233062	0.36693766937669375	0.021319849719086927	0.026385224274406333	0.8080223043533945	0.9247596149485102	0.9760451044915643	False	0.2464206109842635	0.07822145097460144
GasperiniShendure2019_lowMOI	RBMX	zscore	4	369	1157.0	0.7838753387533876	0.21612466124661248	0.008135236276574722	0.010723860589812333	0.7586107827905928	0.9760451044915643	0.9760451044915643	False	0.4159544408371172	0.024246480018454843
NadigOConner2024_hepg2	RUVBL1	ulm	45	4923	28040.0	0.1265714221229151	0.8734285778770848	0.28216716333251163	0.009057971014492754	31.151254831909284	2.875741685578596e-18	1.7365828300088603e-16	True	-2.2326915202047317	40.39022105532145
NadigOConner2024_hepg2	MYC	ulm	52	4923	39353.0	0.15372505820403443	0.8462749417959655	0.06493300300004798	0.010452261306532663	6.212340190869975	3.8590729555752456e-18	1.7365828300088603e-16	True	-1.727674653189177	40.096104686210204
NadigOConner2024_hepg2	RUVBL2	ulm	29	4923	7608.0	0.053289625753850677	0.9467103742461493	0.20569408086679986	0.0058562197092084005	35.124037532841136	4.869155359972084e-17	1.4607466079916252e-15	True	-2.542243547334799	37.56102609622368
NadigOConner2024_hepg2	MAX	ulm	45	4923	59133.0	0.26692396235357846	0.7330760376464215	0.025323740903049764	0.009057971014492754	2.795740995696694	3.502997699700013e-08	7.88174482432503e-07	True	-0.9685817073762859	17.167061656402943
NadigOConner2024_hepg2	POLR2E	ulm	131	4923	234645.0	0.36383977373692267	0.6361602262630773	0.04736796953584447	0.0259200633161852	1.8274634964439538	4.9770280276897696e-08	8.958650449841586e-07	True	-0.26406770820416126	16.815847812649213
NadigOConner2024_hepg2	POLR2F	ulm	79	4923	127789.0	0.32857653432480455	0.6714234656751955	0.02877890473367583	0.015793682526989206	1.822178246555019	8.220131901668978e-08	1.2330197852503467e-06	True	-0.3437946577866471	16.31409448858127
NadigOConner2024_hepg2	POLR2I	ulm	133	4923	241636.0	0.3690457099482405	0.6309542900517595	0.03723844565554919	0.026305379746835444	1.4156209115372684	1.2228620311767936e-07	1.5722511829415916e-06	True	-0.24637568935925958	15.916901612410314
NadigOConner2024_hepg2	POLR2C	ulm	58	4923	88238.0	0.3090279966658962	0.6909720033341038	0.023778691099249707	0.011644248142943184	2.0420975925062548	2.7467861044410844e-07	3.09013436749622e-06	True	-0.3722209366373622	15.107664112023869
NadigOConner2024_hepg2	ATR	ulm	100	4923	176596.0	0.3587162299410928	0.6412837700589071	0.045496957326294184	0.019908421262193908	2.285312166499757	6.339091670984837e-07	6.339091670984836e-06	True	-0.2756275183219473	14.271360162334
NadigOConner2024_hepg2	POLR2K	ulm	91	4923	162399.0	0.36250343197326745	0.6374965680267326	0.029290022623966554	0.01814918228958915	1.6138480597425087	3.3701849364766004e-06	3.0331664428289404e-05	True	-0.26610799683054964	12.600542937812948
NadigOConner2024_hepg2	POLR2B	ulm	117	4923	222286.0	0.3859192244323262	0.6140807755676739	0.03821228309489645	0.023214285714285715	1.6460675794724624	1.1987060960048553e-05	9.807595330948817e-05	True	-0.23805423569306006	11.33168274323889
NadigOConner2024_hepg2	MYBL2	ulm	136	4923	264199.0	0.3946048559582273	0.6053951440417726	0.034996616131902164	0.02688278315872702	1.3018226544948017	1.336401786922222e-05	0.00010023013401916665	True	-0.535683540177563	11.222944696354359
NadigOConner2024_hepg2	SRF	ulm	43	4923	66741.0	0.31527854541331857	0.6847214545866814	0.016823616185311842	0.008658880386629078	1.9429320459595023	1.4744000605631857e-05	0.0001020738503466821	True	-0.5213687783482832	11.124674296520256
NadigOConner2024_hepg2	POLR2G	ulm	32	4923	45561.0	0.289210085313833	0.7107899146861669	0.0152314163576557	0.006458123107971746	2.3584896266307496	1.9209721129782308e-05	0.0001234910644057434	True	-0.39797301647264705	10.860094098218784
NadigOConner2024_hepg2	POLR2A	ulm	22	4923	28980.0	0.26757520358982884	0.7324247964101712	0.009329777302986281	0.004448938321536906	2.0970794892394164	8.241549695806982e-05	0.0004944929817484189	True	-0.43672287397845133	9.403737068852283
NadigOConner2024_hepg2	TRRAP	ulm	17	4923	21294.0	0.254435960856006	0.7455640391439938	0.016092694167409542	0.0034412955465587046	4.676347599235479	0.00023186544110043622	0.0013042431061899536	True	-0.9048115474027449	8.369353349817018
NadigOConner2024_hepg2	GTF2H1	ulm	42	4923	71161.0	0.34416199955505256	0.6558380004449474	0.024663880959285497	0.008459214501510574	2.915623070544107	0.0002476173947753422	0.0013109156193988705	True	-0.28985294182186216	8.303625766086189
NadigOConner2024_hepg2	NFYC	ulm	106	4923	211423.0	0.4051506406202691	0.5948493593797309	0.03137645504627581	0.021077749055478226	1.4886055889407646	0.0004090379955183627	0.0020451899775918133	True	-0.43020520198722734	7.801702507658375
NadigOConner2024_hepg2	POLR2H	ulm	33	4923	54113.0	0.3330871173649967	0.6669128826350033	0.012275828194527355	0.006658595641646489	1.8436061979417446	0.0004663921287624233	0.002209225873085163	True	-0.3223471201906897	7.670483799651827
NadigOConner2024_hepg2	NELFA	ulm	40	4923	69107.0	0.35093946780418445	0.6490605321958155	0.013511905371240394	0.008059641345960105	1.6764896589366518	0.000572612147465913	0.0025767546635966083	True	-0.2774191457911045	7.465301950949818
NadigOConner2024_hepg2	NELFB	ulm	107	4923	219208.0	0.4161431844802482	0.5838568155197519	0.028682321745159153	0.021272365805168985	1.3483371811042106	0.0014775235643903152	0.0063322438473870655	True	-0.14316145686440274	6.51738785998527
NadigOConner2024_hepg2	NFYB	ulm	104	4923	215314.0	0.42054172721448774	0.5794582727855123	0.02913874318184434	0.02068828327034016	1.4084659805301107	0.002738710715859957	0.011203816564881642	True	-0.3541632536478856	5.900268010978573
NadigOConner2024_hepg2	POLR2D	ulm	82	4923	169571.0	0.4200566777148576	0.5799433222851424	0.022410817294213552	0.016383616383616385	1.367879762896815	0.006444720888155094	0.02521847304060689	True	-0.1497478409438907	5.044493950254104
NadigOConner2024_hepg2	ZBTB17	ulm	127	4923	274822.0	0.43955977166473936	0.5604402283352606	0.0305206058740784	0.02514851485148515	1.2136146430243773	0.009919652832942848	0.03719869812353568	True	-0.14282089027404457	4.613237354976902
NadigOConner2024_hepg2	ELL	ulm	226	4923	505936.0	0.4547338751283033	0.5452661248716968	0.057901922535133654	0.043892017867547095	1.3191902616522266	0.010590091990770094	0.038124331166772336	True	-0.11252674323069423	4.547836432837136
NadigOConner2024_hepg2	NRF1	ulm	30	4923	56863.0	0.38501591170695376	0.6149840882930463	0.008477399326381772	0.0060569351907934586	1.3996186287856307	0.014823717062054634	0.051312866753266045	True	-0.2212864247171158	4.211526876658923
NadigOConner2024_hepg2	GTF2F2	ulm	75	4923	158761.0	0.4299844268400027	0.5700155731599973	0.018534440116078188	0.015006002400960384	1.2351350893354505	0.01856194510723886	0.06187315035746287	True	-0.12477560562034973	3.986641756078751
NadigOConner2024_hepg2	NELFE	ulm	54	4923	113727.0	0.42779921908502044	0.5722007809149796	0.015243537701806613	0.0108499095840868	1.404946058183176	0.03379709049634066	0.10810894316411851	False	-0.1381161906928211	3.38738056018818
NadigOConner2024_hepg2	KAT5	ulm	6	4923	8485.0	0.2872570925587379	0.7127429074412621	0.005957468634769837	0.0012172854534388314	4.894060483463421	0.03533050013634616	0.10810894316411851	False	-0.6769183886202415	3.343008661573546
NadigOConner2024_hepg2	TGS1	ulm	54	4923	114032.0	0.42894651710414455	0.5710534828958553	0.018469705646230294	0.0108499095840868	1.7022912037275588	0.0360363143880395	0.10810894316411851	False	-0.2477044651835696	3.3232281159541794
NadigOConner2024_hepg2	NANOG	ulm	28	4923	55591.0	0.4032892255012913	0.5967107744987087	0.007694430442179685	0.005655423146839022	1.3605401828297006	0.03857451579230795	0.11199052971960373	False	-0.3019224126472886	3.2551634331821946
NadigOConner2024_hepg2	ATF4	ulm	22	4923	42467.0	0.39210200727568184	0.6078979927243181	0.007683353281018575	0.004448938321536906	1.7270082715744024	0.04014732002556673	0.11291433757190643	False	-0.2719937245279067	3.2151995898690706
NadigOConner2024_hepg2	CDK9	ulm	63	4923	135682.0	0.4374736013980377	0.5625263986019623	0.018436470141565776	0.01263537906137184	1.4591149226324915	0.04381069815648023	0.11948372224494608	False	-0.08861104515536888	3.127877241275997
NadigOConner2024_hepg2	SUPT4H1	ulm	7	4923	10850.0	0.3148486695104611	0.685151330489539	0.0026779977450901507	0.0014198782961460446	1.886075554756349	0.04517262417900181	0.11957459341500479	False	-0.35832402303382327	3.0972640353865097
NadigOConner2024_hepg2	SUPT5H	ulm	17	4923	32108.0	0.38364937687445483	0.6163506231255451	0.004529296396771356	0.0034412955465587046	1.316160247061794	0.048587689707265944	0.12493977353296956	False	-0.24017992126904109	3.0243850783655017
NadigOConner2024_hepg2	SUPT16H	ulm	58	4923	126891.0	0.4443989157158167	0.5556010842841833	0.01584210344013373	0.011644248142943184	1.3605089178501053	0.07240651424651401	0.18101628561628502	False	-0.09959772914858811	2.6254590078574638
NadigOConner2024_hepg2	SP1	ulm	77	4923	172537.0	0.4551574770953199	0.5448425229046802	0.02372494331290697	0.0154	1.5405807346043485	0.08812639386426813	0.21436149858876033	False	-0.13657788178921537	2.428983201075294
NadigOConner2024_hepg2	MCM5	ulm	44	4923	96724.0	0.44653112477609735	0.5534688752239026	0.009797604636830303	0.008858465874773505	1.1060159597985482	0.11066648199444074	0.2620101118177327	False	-0.07973896712628492	2.2012342674600838
NadigOConner2024_hepg2	CCNK	ulm	93	4923	212207.0	0.4634969934846092	0.5365030065153908	0.023144714088215466	0.01854066985645933	1.2483213534031052	0.11353771512101751	0.2620101118177327	False	-0.05259436128381412	2.1756202054422453
NadigOConner2024_hepg2	STAT5A	ulm	29	4923	63099.0	0.4419718842589674	0.5580281157410325	0.014986317608407596	0.0058562197092084005	2.559042924028773	0.14025997981440724	0.31005536431605396	False	-0.17979205850128666	1.9642575797889168
NadigOConner2024_hepg2	GTF2F1	ulm	18	4923	37814.0	0.42672715372288805	0.573272846277112	0.005010623239659561	0.0036429872495446266	1.3754160792865495	0.14124744374398013	0.31005536431605396	False	-0.16742919049140126	1.9572420065070977
NadigOConner2024_hepg2	RBBP4	ulm	39	4923	86820.0	0.4521945655400866	0.5478054344599135	0.009232398917444928	0.007859733978234583	1.1746452161118395	0.1515149711235862	0.3193160697329866	False	-0.14122244074822768	1.8870708396174196
NadigOConner2024_hepg2	CCNH	ulm	96	4923	221884.0	0.4694884555487846	0.5305115444512154	0.024782535220432833	0.019127316198445904	1.2956619194932542	0.15256212220576026	0.3193160697329866	False	-0.05622252906315628	1.8801834071564143
NadigOConner2024_hepg2	ELOB	ulm	64	4923	145997.0	0.463376625025391	0.536623374974609	0.014441616342145072	0.012833366753559254	1.1253178234105856	0.15666521345390555	0.3204515729738977	False	-0.0741907194336262	1.853644148815298
NadigOConner2024_hepg2	GTF2H4	ulm	49	4923	111311.0	0.4614367380102559	0.5385632619897441	0.012351679736769847	0.009855189058728881	1.2533173806371365	0.1760958310015055	0.352191662003011	False	-0.08222768015850845	1.736726937800498
NadigOConner2024_hepg2	CDK12	ulm	17	4923	36714.0	0.43868516327920565	0.5613148367207943	0.008064355304999833	0.0034412955465587046	2.3434067768646574	0.19104027648374744	0.3737744539899407	False	-0.1550833705707909	1.6552710015231502
NadigOConner2024_hepg2	LIN54	ulm	137	4923	323051.0	0.47898364744065913	0.5210163525593409	0.028663664816543456	0.02707509881422925	1.0586725837351088	0.20034010187268736	0.3836299823094013	False	-0.061640410585471796	1.6077388472996597
NadigOConner2024_hepg2	ACTL6A	ulm	9	4923	18649.0	0.4209041460717268	0.5790958539282731	0.003687961299283922	0.0018248175182481751	2.0210027920075895	0.20581245596315106	0.38589835493090824	False	-0.2663271266569005	1.5807899328114388
NadigOConner2024_hepg2	CDC6	ulm	71	4923	165739.0	0.4741726818354776	0.5258273181645224	0.015490246268983335	0.014217060472567081	1.0895533784127152	0.22711546311287362	0.4171508506154822	False	-0.06750353199668616	1.4822967427439835
NadigOConner2024_hepg2	MNAT1	ulm	68	4923	159691.0	0.4770256060986247	0.5229743939013752	0.015061731881218187	0.013624524143458225	1.1054868208699995	0.25730180740620184	0.4631432533311633	False	-0.05086762094584918	1.3575055352099699
NadigOConner2024_hepg2	SSRP1	ulm	7	4923	14940.0	0.43353355967615564	0.5664664403238444	0.0020437786400060902	0.0014198782961460446	1.439404099318575	0.27529132761860525	0.4858082252093034	False	-0.11665627719745009	1.289925368896759
NadigOConner2024_hepg2	MYB	ulm	39	4923	90871.0	0.47329385354979503	0.526706146450205	0.008578679012652891	0.007859733978234583	1.0914719297636832	0.2825262025416102	0.48898765824509466	False	-0.030859229176232184	1.2639839803371935
NadigOConner2024_hepg2	DNMT1	ulm	82	4923	194722.0	0.48236005211971683	0.5176399478802831	0.019125596728469262	0.016383616383616385	1.1673611173901055	0.291606155734503	0.49018721596769327	False	-0.06405163461868037	1.2323511688698237
NadigOConner2024_hepg2	MED1	ulm	11	4923	24521.0	0.45280963196868135	0.5471903680313187	0.0027696180322311138	0.0022294284556141062	1.2422995791843923	0.29411232958061595	0.49018721596769327	False	-0.17142892343874516	1.2237935112114562
NadigOConner2024_hepg2	VHL	ulm	25	4923	57977.0	0.47107048547633557	0.5289295145236644	0.005293510084443262	0.0050525464834276475	1.0476915159130105	0.3086481809367354	0.49818457754039247	False	-0.014680076707768608	1.1755532237713429
NadigOConner2024_hepg2	GABPA	ulm	82	4923	195609.0	0.48455730443958916	0.5154426955604108	0.01773822184102598	0.016383616383616385	1.082680491638232	0.3154902436447324	0.49818457754039247	False	-0.00827637806714053	1.1536275209505393
NadigOConner2024_hepg2	HMGA1	ulm	47	4923	110988.0	0.4796763779221284	0.5203236220778715	0.011935360325267194	0.009456740442655936	1.2621008684378288	0.3155168991089152	0.49818457754039247	False	-0.0320867767425472	1.1535430354910488
NadigOConner2024_hepg2	NELFCD	ulm	49	4923	117182.0	0.4857748096191554	0.5142251903808446	0.010754711887394434	0.009855189058728881	1.0912740306964313	0.3657412781318418	0.567529569514927	False	-0.044064423474658554	1.0058290858957188
NadigOConner2024_hepg2	LIN52	ulm	32	4923	76143.0	0.48333714198659355	0.5166628580134065	0.007364428566034982	0.006458123107971746	1.1403357357719792	0.3724493562125441	0.5681430857479486	False	-0.03908825745000428	0.987654206881834
NadigOConner2024_hepg2	GATA1	ulm	20	4923	47583.0	0.48327239488117	0.5167276051188299	0.006064310041478975	0.004046125834513453	1.4987942267515286	0.398005319459724	0.5928316003087557	False	-0.027862044697619492	0.9212899083103231
NadigOConner2024_hepg2	RBMX	ulm	13	4923	30723.0	0.4800543758496226	0.5199456241503774	0.0029609930140071586	0.002633711507293355	1.1242662705491797	0.4018080846537122	0.5928316003087557	False	0.006725620867061188	0.9117807057143511
NadigOConner2024_hepg2	HDAC3	ulm	42	4923	101583.0	0.49129450683381215	0.5087054931661878	0.00888898405579176	0.008459214501510574	1.0508049008810973	0.4228781802260637	0.6138554229088021	False	-0.011497779326475749	0.8606711314222509
NadigOConner2024_hepg2	STAT5B	ulm	91	4923	222542.0	0.49675329748455893	0.5032467025154411	0.018695247860273274	0.01814918228958915	1.0300876128726395	0.45768666161628146	0.6538380880232593	False	-0.0038380898453982404	0.7815704739445141
NadigOConner2024_hepg2	CHEK1	ulm	63	4923	154320.0	0.4975672982985597	0.5024327017014403	0.012162339546006627	0.01263537906137184	0.9625623012125245	0.4735242671742725	0.6658935007138207	False	-0.002102961256379765	0.7475521170372297
NadigOConner2024_hepg2	ERCC3	ulm	38	4923	93763.0	0.5012080780867464	0.49879192191325356	0.007998184351350912	0.007659746018947792	1.0441840149224177	0.5102727281830508	0.7057400589135097	False	0.05450875413395562	0.6728099350543142
NadigOConner2024_hepg2	ERCC2	ulm	56	4923	138314.0	0.5017048257450452	0.49829517425495484	0.014507811133961561	0.011247238401285399	1.289899850642761	0.517542709869907	0.7057400589135097	False	0.017217682906162657	0.6586632260985421
NadigOConner2024_hepg2	TFDP1	ulm	148	4923	368516.0	0.5057836630048695	0.49421633699513046	0.028022635723723197	0.029185564977322026	0.9601539578040563	0.5948970195429711	0.7840530269770861	False	-0.0015848676547949442	0.5193669648143234
NadigOConner2024_hepg2	TNRC6A	ulm	87	4923	217763.0	0.5084344888291178	0.4915655111708822	0.018714011614502746	0.017365269461077845	1.077668944697227	0.6064816072563143	0.7840530269770861	False	0.01320128325653	0.5000808770985778
NadigOConner2024_hepg2	GTF2H3	ulm	34	4923	85954.0	0.5135199722789786	0.4864800277210214	0.007405249250722732	0.00685898729070002	1.0796417804656642	0.6072599430691213	0.7840530269770861	False	0.07001627863405635	0.49879833730369433
NadigOConner2024_hepg2	YBX1	ulm	35	4923	88505.0	0.5136531151156379	0.486346884884362	0.01071478468442021	0.0070592981040742235	1.5178257847244399	0.6098190209821781	0.7840530269770861	False	-0.01320418694761305	0.4945930527495119
NadigOConner2024_hepg2	RAD51	ulm	46	4923	116986.0	0.5165902728099692	0.4834097271900308	0.009947773350251134	0.009257395854296638	1.0745757777695193	0.6509873084975313	0.8251951797856031	False	0.04969132470935453	0.42926513235910274
NadigOConner2024_hepg2	CTDP1	ulm	82	4923	207563.0	0.5141694287143969	0.48583057128560314	0.015310019333206481	0.016383616383616385	0.9344713019841272	0.6703268941618866	0.8285346381000566	False	0.014762497108018247	0.39998978384831674
NadigOConner2024_hepg2	CDK7	ulm	18	4923	46998.0	0.5303676619947186	0.4696323380052813	0.0035891446755001743	0.0036429872495446266	0.9852202134247978	0.6720336509033792	0.8285346381000566	False	0.06301371839963654	0.3974468639636598
NadigOConner2024_hepg2	YY1	ulm	50	4923	128258.0	0.5210562665041641	0.47894373349583585	0.010020757310781591	0.010054293183189221	0.9966645221303371	0.6960836531562496	0.846588226811655	False	0.03149454947033159	0.36228543455366435
NadigOConner2024_hepg2	NPM1	ulm	47	4923	121638.0	0.525704357747611	0.4742956422523889	0.017107469745062085	0.009456740442655936	1.8090239283608205	0.7282541509255426	0.8652039260487813	False	0.044590857363788095	0.31710518329540766
NadigOConner2024_hepg2	POLR2L	ulm	24	4923	63537.0	0.5377564493195206	0.4622435506804794	0.004970747440705773	0.004851425106124924	1.0245953162154775	0.7386532822874897	0.8652039260487813	False	0.07633709560011603	0.3029266395941353
NadigOConner2024_hepg2	TBP	ulm	75	4923	192948.0	0.5225756652447695	0.4774243347552305	0.01396662600766409	0.015006002400960384	0.9307359571507349	0.749253436896228	0.8652039260487813	False	0.044377885513471105	0.28867798568046577
NadigOConner2024_hepg2	CCND1	ulm	39	4923	102101.0	0.5317843507971479	0.46821564920285214	0.009849362354177072	0.007859733978234583	1.253141948754529	0.7532902508432704	0.8652039260487813	False	0.0199877500458282	0.28330466616537797
NadigOConner2024_hepg2	RAD51D	ulm	37	4923	97189.0	0.5335628132703087	0.46643718672969137	0.009027212394367622	0.007459677419354839	1.210134418271984	0.759456779531708	0.8652039260487813	False	0.02650097184623934	0.2751518650412416
NadigOConner2024_hepg2	E2F6	ulm	56	4923	147189.0	0.533897014015844	0.466102985984156	0.01205595333102358	0.011247238401285399	1.0719034220565429	0.808863134102847	0.909971025865703	False	0.13928904467535153	0.2121255553425378
NadigOConner2024_hepg2	CLOCK	ulm	225	4923	580035.0	0.5236508903784955	0.47634910962150445	0.041694180620060396	0.043706293706293704	0.9539628525869819	0.8852574694968898	0.9816737623800932	False	0.06183840662730422	0.12187675029977978
NadigOConner2024_hepg2	USF2	ulm	53	4923	143466.0	0.549848803651708	0.45015119634829204	0.009939505136041315	0.01065112540192926	0.9331882557913507	0.8944138723907515	0.9816737623800932	False	0.09470785768299772	0.11158666642570043
NadigOConner2024_hepg2	FOXO1	ulm	44	4923	125414.0	0.5789799272431814	0.42102007275681863	0.007812819654574987	0.008858465874773505	0.8819608005516809	0.9645904242301834	0.9999676587464361	False	0.21705852876467754	0.03605169858896905
NadigOConner2024_hepg2	HSF1	ulm	32	4923	93663.0	0.5945498171846435	0.4054501828153565	0.0053352026237697085	0.006458123107971746	0.8261227812743408	0.967602773767835	0.9999676587464361	False	0.21332227029060546	0.032933633603169275
NadigOConner2024_hepg2	GABPB1	ulm	40	4923	116879.0	0.5935354458663417	0.40646455413365834	0.009631390729290009	0.008059641345960105	1.1950148047366578	0.9793663302194898	0.9999676587464361	False	0.13970553166731955	0.020849518271478493
NadigOConner2024_hepg2	GTF2H2	ulm	30	4923	89936.0	0.6089511815288781	0.391048818471122	0.004660924293578561	0.0060569351907934586	0.7695186008698204	0.9803384306415647	0.9999676587464361	False	0.21931598345398717	0.019857429543399467
NadigOConner2024_hepg2	ASF1B	ulm	45	4923	130529.0	0.5892026090685445	0.4107973909314555	0.0072384873132935144	0.009057971014492754	0.799128999387604	0.9804587148649835	0.9999676587464361	False	0.21616759769750227	0.019734740438261445
NadigOConner2024_hepg2	BRCA1	ulm	47	4923	142483.0	0.6157938638003985	0.38420613619960153	0.008036676824919941	0.009456740442655936	0.8498358259543001	0.9968970003951416	0.9999676587464361	False	0.2508045964705594	0.003107823890554895
NadigOConner2024_hepg2	NF1	ulm	24	4923	81679.0	0.6913044214232514	0.3086955785767486	0.0033460472220066054	0.004851425106124924	0.6897039836361115	0.9993989961541881	0.9999676587464361	False	0.7519339152425378	0.0006011845210178167
NadigOConner2024_hepg2	HDAC7	ulm	46	4923	151916.0	0.6708352100610268	0.3291647899389732	0.0068033097137373336	0.009257395854296638	0.7349053471208873	0.9999676587464361	0.9999676587464361	False	0.547093816675653	3.234177655350056e-05
NadigOConner2024_hepg2	MYC	viper	52	4923	42362.0	0.16547914811168923	0.8345208518883107	0.060391167813918456	0.010452261306532663	5.7778088437354675	4.718688783070796e-17	4.246819904763716e-15	True	-1.7161212937527845	37.5924156200918
NadigOConner2024_hepg2	RUVBL1	viper	45	4923	34605.0	0.15620556571196426	0.8437944342880357	0.13496412152808504	0.009057971014492754	14.900039016700587	9.180393944404203e-16	4.131177274981891e-14	True	-2.170476815777448	34.62429137085929
NadigOConner2024_hepg2	RUVBL2	viper	29	4923	10769.0	0.07543059670652182	0.9245694032934781	0.07086852196959553	0.0058562197092084005	12.101411061842658	1.4382320681932158e-15	4.3146962045796476e-14	True	-2.55208787985348	34.175361766022576
NadigOConner2024_hepg2	POLR2I	viper	133	4923	241907.0	0.36945960269351014	0.6305403973064898	0.03453328919858935	0.026305379746835444	1.3127842871283288	1.3340719736419722e-07	3.0016619406944374e-06	True	-0.4883566100342753	15.829859751665461
NadigOConner2024_hepg2	MAX	viper	45	4923	62219.0	0.28085404112217033	0.7191459588778297	0.020158559814931896	0.009057971014492754	2.225505003568481	2.001518453339362e-07	3.602733216010852e-06	True	-1.0817088067863985	15.424189531795465
NadigOConner2024_hepg2	POLR2F	viper	79	4923	131563.0	0.3382804043022033	0.6617195956977966	0.026610218890869362	0.015793682526989206	1.6848647454699814	3.9207186740896036e-07	5.881078011134406e-06	True	-0.6029287475854005	14.751820678732859
NadigOConner2024_hepg2	POLR2C	viper	58	4923	92695.0	0.3246373461654304	0.6753626538345696	0.021890096696991473	0.011644248142943184	1.8799064077192158	2.1240175979255107e-06	2.4137244652952332e-05	True	-0.6538508245996064	13.06220116934324
NadigOConner2024_hepg2	ATR	viper	100	4923	180156.0	0.36594759293113954	0.6340524070688606	0.038498542975023635	0.019908421262193908	1.9337818136354372	2.1455328580402074e-06	2.4137244652952332e-05	True	-0.5201530305129409	13.052122617768338
NadigOConner2024_hepg2	POLR2E	viper	131	4923	250166.0	0.3879065858495642	0.6120934141504357	0.03479727642559785	0.0259200633161852	1.3424842370608514	5.7756333188333535e-06	5.775633318833353e-05	True	-0.4247744503713821	12.0618626419704
NadigOConner2024_hepg2	MYBL2	viper	136	4923	264016.0	0.39433152907720065	0.6056684709227993	0.04471159156342505	0.02688278315872702	1.6632054538188774	1.273570384226512e-05	0.00011462133458038609	True	-0.5999546095627988	11.271101182723609
NadigOConner2024_hepg2	NFYC	viper	106	4923	200660.0	0.3845254657575723	0.6154745342424277	0.03466317857726045	0.021077749055478226	1.644538915707951	2.3072671553401262e-05	0.00017811651183893267	True	-0.6567803057341436	10.676861690428481
NadigOConner2024_hepg2	POLR2K	viper	91	4923	168339.0	0.37576256771869204	0.6242374322813079	0.025559751356290787	0.01814918228958915	1.4083142120927692	2.374886824519102e-05	0.00017811651183893267	True	-0.46680534200173074	10.647975681453119
NadigOConner2024_hepg2	POLR2B	viper	117	4923	231299.0	0.4015670383738635	0.5984329616261366	0.029740934179712297	0.023214285714285715	1.281147933895299	0.00013378618914558038	0.000926212078700172	True	-0.39966089013980777	8.919267635735377
NadigOConner2024_hepg2	POLR2G	viper	32	4923	51377.0	0.32612863091610805	0.673871369083892	0.010206119123535607	0.006458123107971746	1.5803537580349667	0.0003422108682615431	0.00218726026430998	True	-0.6247300568259035	7.980083437041076
NadigOConner2024_hepg2	SRF	viper	43	4923	74220.0	0.3506086759349801	0.64939132406502	0.014023939007255626	0.008658880386629078	1.6196018862798007	0.0003645433773849966	0.00218726026430998	True	-0.5322069420209825	7.916865008424656
NadigOConner2024_hepg2	GTF2H1	viper	42	4923	72567.0	0.35096195699486377	0.6490380430051362	0.020386410348270927	0.008459214501510574	2.4099649375991703	0.0004321691191053066	0.0024309512949673494	True	-0.5760458911427484	7.746693566917803
NadigOConner2024_hepg2	POLR2A	viper	22	4923	32733.0	0.3022270234336048	0.6977729765663953	0.007769947000937276	0.004448938321536906	1.7464721781652195	0.0006732614292495859	0.003552982327615943	True	-0.7228094644865022	7.303376850182593
NadigOConner2024_hepg2	NELFA	viper	40	4923	69737.0	0.35413873654275846	0.6458612634572415	0.013612003488178759	0.008059641345960105	1.6889093327957794	0.000730349701736795	0.003552982327615943	True	-0.5299190934916616	7.22198709505147
NadigOConner2024_hepg2	TRRAP	viper	17	4923	23209.0	0.2773177522075253	0.7226822477924747	0.014115378733228627	0.0034412955465587046	4.101762996597024	0.0007500740469411436	0.003552982327615943	True	-1.099981739821783	7.195338627052472
NadigOConner2024_hepg2	NFYB	viper	104	4923	211337.0	0.4127740277191831	0.587225972280817	0.030366273559834907	0.02068828327034016	1.4678005498585585	0.00114780488909711	0.0051651220009369956	True	-0.4954509092546554	6.769903952761612
NadigOConner2024_hepg2	NELFB	viper	107	4923	218681.0	0.4151427307640467	0.5848572692359533	0.028786712924843923	0.021272365805168985	1.3532445421678967	0.0013155660782104394	0.005638140335187597	True	-0.2928270552720217	6.633488228254794
NadigOConner2024_hepg2	POLR2H	viper	33	4923	57081.0	0.3513563422155744	0.6486436577844256	0.01036980599435562	0.006658595641646489	1.5573563184250439	0.0016004862729734413	0.00654744384398226	True	-0.5484636887917261	6.437447775302513
NadigOConner2024_hepg2	NRF1	viper	30	4923	51846.0	0.35104611009547027	0.6489538899045297	0.010412609800620982	0.0060569351907934586	1.7191218780825241	0.0024216076023434096	0.00947585583525682	True	-0.5299080831458588	6.023323660873103
NadigOConner2024_hepg2	ZBTB17	viper	127	4923	271311.0	0.4339441573459625	0.5660558426540375	0.03030486733613165	0.02514851485148515	1.2050360633658648	0.00545134382227221	0.02044253933352079	True	-0.18620048274128623	5.211893127807101
NadigOConner2024_hepg2	ELL	viper	226	4923	504585.0	0.45351960007118475	0.5464803999288153	0.05397586062029856	0.043892017867547095	1.229742063424413	0.0089765658234618	0.031448713541475735	True	-0.16377743076307755	4.7131378948153735
NadigOConner2024_hepg2	POLR2D	viper	82	4923	171189.0	0.42406474338966427	0.5759352566103357	0.020329580343695235	0.016383616383616385	1.2408481660999346	0.009085183911981877	0.031448713541475735	True	-0.2970787439984752	4.7011103338626326
NadigOConner2024_hepg2	KAT5	viper	6	4923	7224.0	0.24456632134877107	0.755433678651229	0.004829834369958288	0.0012172854534388314	3.9677089349207333	0.013845498471552253	0.04615166157184085	True	-1.0189236760957852	4.2797951192838015
NadigOConner2024_hepg2	GTF2F2	viper	75	4923	160341.0	0.43426366036969327	0.5657363396303067	0.017452540635893524	0.015006002400960384	1.1630373079759444	0.025173641553684435	0.08091527642255711	True	-0.22556557645346698	3.6819578019651122
NadigOConner2024_hepg2	NELFE	viper	54	4923	114018.0	0.42889385424425036	0.5711061457557497	0.015579047183649952	0.0108499095840868	1.435868848759737	0.035930934055630546	0.11150979534506031	False	-0.29340918454749554	3.3261566816560513
NadigOConner2024_hepg2	ATF4	viper	22	4923	42318.0	0.390726275552601	0.609273724447399	0.007269197324848331	0.004448938321536906	1.6339173077897726	0.038257074514382754	0.11407857417506612	False	-0.3982951970803432	3.263426781187204
NadigOConner2024_hepg2	SP1	viper	77	4923	167427.0	0.4416771528288896	0.5583228471711104	0.021073454485758425	0.0154	1.3684061354388588	0.039293731104744996	0.11407857417506612	False	-0.219845557969864	3.2366902867047855
NadigOConner2024_hepg2	SSRP1	viper	7	4923	10961.0	0.3180697019819506	0.6819302980180493	0.002979011220845303	0.0014198782961460446	2.098075045538192	0.04817241803241837	0.13548492571617665	False	-0.6577480515573093	3.032968661708695
NadigOConner2024_hepg2	SUPT4H1	viper	7	4923	11446.0	0.332143582600621	0.6678564173993791	0.0025001976605410516	0.0014198782961460446	1.7608534952096264	0.0630873448936358	0.17205639516446128	False	-0.6136178877246199	2.76323508590985
NadigOConner2024_hepg2	CDK9	viper	63	4923	137921.0	0.4446927122125172	0.5553072877874828	0.015838873878692383	0.01263537906137184	1.2535337326850828	0.0654113480882785	0.17314768611603135	False	-0.17617556060798872	2.7270595174021244
NadigOConner2024_hepg2	CDC6	viper	71	4923	158829.0	0.45440344688484346	0.5455965531151564	0.01583864363219015	0.014217060472567081	1.1140589619599663	0.09320882888478155	0.23747777234431638	False	-0.1824238149699119	2.3729128312538372
NadigOConner2024_hepg2	NANOG	viper	28	4923	59077.0	0.42857868314906705	0.5714213168509329	0.0070614212048386	0.005655423146839022	1.2486105851841396	0.09590062734917132	0.23747777234431638	False	-0.23858084179581635	2.344442755412668
NadigOConner2024_hepg2	SUPT5H	viper	17	4923	34242.0	0.4091479370541635	0.5908520629458365	0.004080225846850267	0.0034412955465587046	1.1856656284376657	0.0976297508526634	0.23747777234431638	False	-0.3698556918170794	2.3265730077025055
NadigOConner2024_hepg2	GTF2F1	viper	18	4923	36701.0	0.4141670616381159	0.5858329383618841	0.005605507888208563	0.0036429872495446266	1.5387119153132507	0.1040203372434762	0.24636395662928573	False	-0.3698562955663601	2.263168848540215
NadigOConner2024_hepg2	SUPT16H	viper	58	4923	129868.0	0.45482499457157466	0.5451750054284253	0.014806938114489061	0.011644248142943184	1.2716096335908622	0.11807307648233006	0.2721641762341052	False	-0.15197148633258292	2.136451553975631
NadigOConner2024_hepg2	MCM5	viper	44	4923	97224.0	0.4488393994792532	0.5511606005207468	0.009658566931835904	0.008858465874773505	1.090320498873385	0.12096185610404675	0.2721641762341052	False	-0.1696236703276632	2.1122800218931252
NadigOConner2024_hepg2	CCNH	viper	96	4923	220361.0	0.46626591170695375	0.5337340882930461	0.023042608576631207	0.019127316198445904	1.2046963796470005	0.12843473295402702	0.2819299016064008	False	-0.10746883208434402	2.0523344184339085
NadigOConner2024_hepg2	NELFCD	viper	49	4923	110104.0	0.45643315217616603	0.543566847823834	0.011118287237187538	0.009855189058728881	1.1281657988427845	0.14661422816189712	0.3132250936842253	False	-0.16247895640926285	1.9199504399287022
NadigOConner2024_hepg2	MNAT1	viper	68	4923	155133.0	0.4634100440907625	0.5365899559092375	0.015415154281004866	0.013624524143458225	1.1314269855366954	0.14965198920468542	0.3132250936842253	False	-0.15616920451455468	1.8994427523916488
NadigOConner2024_hepg2	GTF2H4	viper	49	4923	110553.0	0.4582944695245557	0.5417055304754442	0.012055614904956345	0.009855189058728881	1.223275863417203	0.1571696570348754	0.32148338938951787	False	-0.15209074057707414	1.8504294390247051
NadigOConner2024_hepg2	DNMT1	viper	82	4923	189352.0	0.4690576339035785	0.5309423660964214	0.01856450423174512	0.016383616383616385	1.1331139473156624	0.16789789304105507	0.3290284861806938	False	-0.13080018744796795	1.7843992638692496
NadigOConner2024_hepg2	ELOB	viper	64	4923	146533.0	0.4650778234816169	0.534922176518383	0.013872407458667621	0.012833366753559254	1.080963999943366	0.16817011515902125	0.3290284861806938	False	-0.11853035451419425	1.7827792216702778
NadigOConner2024_hepg2	TGS1	viper	54	4923	123047.0	0.4628576372431745	0.5371423627568255	0.015474598581593883	0.0108499095840868	1.4262421692702363	0.17355623478928445	0.3323417261922468	False	-0.20051273607260603	1.7512536122877407
NadigOConner2024_hepg2	STAT5A	viper	29	4923	65129.0	0.4561908564304076	0.5438091435695924	0.010489755884661943	0.0058562197092084005	1.791216246236067	0.20762057521555755	0.3892885785291704	False	-0.17506075036556984	1.5720430226999358
NadigOConner2024_hepg2	HMGA1	viper	47	4923	109488.0	0.4731935638622013	0.5268064361377987	0.011563148784239839	0.009456740442655936	1.2227414778228083	0.26320833395217863	0.46956684373874014	False	-0.08397553814869874	1.3348094160802209
NadigOConner2024_hepg2	CCNK	viper	93	4923	220261.0	0.48108833017720204	0.518911669822798	0.029995040034424138	0.01854066985645933	1.6177969979857147	0.2657258057391729	0.46956684373874014	False	-0.04319374238750996	1.32529030733763
NadigOConner2024_hepg2	MED1	viper	11	4923	24128.0	0.44555241630195924	0.5544475836980408	0.0029825033579939835	0.0022294284556141062	1.337788324394756	0.2660878781186194	0.46956684373874014	False	-0.23151401061557203	1.3239286558932257
NadigOConner2024_hepg2	ACTL6A	viper	9	4923	19832.0	0.4476042160380978	0.5523957839619023	0.004891192800269318	0.0018248175182481751	2.6803736545475862	0.2932745466900446	0.5075905615789233	False	-0.49528806690533944	1.2266460892737756
NadigOConner2024_hepg2	VHL	viper	25	4923	58170.0	0.47263863497867153	0.5273613650213285	0.005305704497458115	0.0050525464834276475	1.0501050341369103	0.31825069944847306	0.5404257160445769	False	-0.01984417741320138	1.144915843751363
NadigOConner2024_hepg2	YBX1	viper	35	4923	82468.0	0.47861640695278723	0.5213835930472128	0.009440815738021361	0.0070592981040742235	1.3373589836888544	0.331207833987025	0.5467245471835929	False	-0.13726488453387606	1.1050092034083014
NadigOConner2024_hepg2	CDK12	viper	17	4923	39400.0	0.4707794147518849	0.5292205852481151	0.00610117139423004	0.0034412955465587046	1.7729286286762587	0.3385193911259162	0.5467245471835929	False	-0.14498641351056085	1.0831739028173326
NadigOConner2024_hepg2	RBBP4	viper	39	4923	92327.0	0.48087730537456314	0.5191226946254369	0.008178524020569924	0.007859733978234583	1.040559902309435	0.34018416269201335	0.5467245471835929	False	-0.05047427712373556	1.0782681530375264
NadigOConner2024_hepg2	LIN52	viper	32	4923	75920.0	0.4819215925248832	0.5180784074751168	0.006648333934132623	0.006458123107971746	1.0294529576133484	0.362036879014117	0.5632028619306088	False	-0.027118983444007927	1.0160091966157407
NadigOConner2024_hepg2	LIN54	viper	137	4923	331370.0	0.4913181239259783	0.5086818760740217	0.027923006327399573	0.02707509881422925	1.031316876033882	0.36423721938999676	0.5632028619306088	False	-0.019913987773671815	1.00994992198981
NadigOConner2024_hepg2	MYB	viper	39	4923	93161.0	0.4852211232467174	0.5147788767532826	0.009067513736159726	0.007859733978234583	1.1536667476621683	0.37510257337410063	0.5632028619306088	False	-0.027845686073967646	0.9805557614163606
NadigOConner2024_hepg2	STAT5B	viper	91	4923	219817.0	0.490670613156902	0.509329386843098	0.020612373300791922	0.01814918228958915	1.1357191179139636	0.380024634798636	0.5632028619306088	False	-0.037341063357886076	0.9675191999455134
NadigOConner2024_hepg2	GABPA	viper	82	4923	198004.0	0.49049013342052983	0.5095098665794702	0.0163582030500094	0.016383616383616385	0.9984488568938664	0.3836948624337393	0.5632028619306088	False	0.009291299194809487	0.9579076713582526
NadigOConner2024_hepg2	GATA1	viper	20	4923	47417.0	0.481586431037985	0.5184135689620151	0.005400433920339008	0.004046125834513453	1.3347172434117858	0.3879841937744194	0.5632028619306088	False	-0.08982760965162288	0.9467906778834614
NadigOConner2024_hepg2	RBMX	viper	13	4923	30715.0	0.4799293738964671	0.5200706261035328	0.002947941008456112	0.002633711507293355	1.11931052444149	0.40120516354240876	0.5731502336320126	False	0.02413206946794827	0.9132823527318914
NadigOConner2024_hepg2	ERCC2	viper	56	4923	135908.0	0.4929775688459418	0.5070224311540582	0.01395981204352843	0.011247238401285399	1.2411768600844295	0.42820314810898663	0.6021606770282625	False	-0.03327504330946641	0.8481575508942466
NadigOConner2024_hepg2	TNRC6A	viper	87	4923	213737.0	0.49903455747243175	0.5009654425275682	0.01831918735925674	0.017365269461077845	1.0549325134468537	0.48768186473254926	0.6752518127066067	False	-0.004107369312730237	0.7180920022506323
NadigOConner2024_hepg2	CHEK1	viper	63	4923	155003.0	0.49976946564393243	0.5002305343560676	0.012277721984766624	0.01263537906137184	0.9716939970801015	0.4975051104154299	0.6784160596574045	False	0.012450119425046563	0.6981494502444293
NadigOConner2024_hepg2	RAD51	viper	46	4923	114091.0	0.5038064453452737	0.49619355465472625	0.0322655771478575	0.009257395854296638	3.485383757558781	0.5354824800109503	0.7104732547912244	False	0.018421484576537694	0.6245871066959344
NadigOConner2024_hepg2	ERCC3	viper	38	4923	94349.0	0.5043405283470712	0.4956594716529288	0.008083214973880709	0.007659746018947792	1.0552849864584788	0.5368020147311473	0.7104732547912244	False	0.02054351863341458	0.6221259401067692
NadigOConner2024_hepg2	YY1	viper	50	4923	126225.0	0.5127970749542962	0.48720292504570384	0.010359830752604424	0.010054293183189221	1.0303887666540361	0.6224422631955907	0.8118812128638139	False	0.014393288443984284	0.47410440483141236
NadigOConner2024_hepg2	HDAC3	viper	42	4923	106565.0	0.5153893773637832	0.4846106226362168	0.00843044203352265	0.008459214501510574	0.9965986832485704	0.6345940352043766	0.8138872148149944	False	0.06440453113206221	0.45476979917696875
NadigOConner2024_hepg2	CTDP1	viper	82	4923	206566.0	0.5116996873807861	0.4883003126192139	0.015297543247125874	0.016383616383616385	0.9337098042910364	0.6420665805762733	0.8138872148149944	False	0.022830485398639994	0.4430632726067542
NadigOConner2024_hepg2	CDK7	viper	18	4923	47105.0	0.5315751461394362	0.46842485386056376	0.0034258502004349822	0.0036429872495446266	0.9403958800194027	0.6784066319499611	0.837830838804882	False	0.1357192600067798	0.38800841868259117
NadigOConner2024_hepg2	GTF2H3	viper	34	4923	87570.0	0.5231745348962255	0.4768254651037746	0.006894684605631252	0.00685898729070002	1.0052044585327682	0.679573902586182	0.837830838804882	False	0.18540447659766462	0.38628929106034016
NadigOConner2024_hepg2	RAD51D	viper	37	4923	96116.0	0.5276720962278549	0.47232790377214506	0.01013537881741412	0.007459677419354839	1.3586886198479469	0.719348575833382	0.8748834030405997	False	0.03524184890371668	0.3294092322975628
NadigOConner2024_hepg2	TBP	viper	75	4923	194574.0	0.5269794840544384	0.47302051594556166	0.013440412629727134	0.015006002400960384	0.8956690976450162	0.7890845047409808	0.9469014056891769	False	0.12318964939451836	0.23688186027070784
NadigOConner2024_hepg2	POLR2L	viper	24	4923	65153.0	0.5514337463606203	0.44856625363937974	0.00593501142703425	0.004851425106124924	1.2233542303974347	0.8080473954470676	0.9568982314504748	False	0.22955711258530442	0.21313456444981982
NadigOConner2024_hepg2	CCND1	viper	39	4923	104170.0	0.5425605608420965	0.4574394391579035	0.00927771173965836	0.007859733978234583	1.1804104013380714	0.8204454350465284	0.9589621968076307	False	0.07276328826944567	0.19790787273949095
NadigOConner2024_hepg2	NPM1	viper	47	4923	125259.0	0.5413538708882751	0.45864612911172475	0.01036367126562326	0.009456740442655936	1.0959031104286723	0.8358139253793868	0.9644006831300617	False	0.1744529085868162	0.17934926796882245
NadigOConner2024_hepg2	E2F6	viper	56	4923	148776.0	0.5396535213719857	0.4603464786280143	0.011171412563407904	0.011247238401285399	0.9932582705929992	0.8466293808939445	0.9645144845627216	False	0.2678951404864621	0.16649224692161832
NadigOConner2024_hepg2	CLOCK	viper	225	4923	578364.0	0.522142325140497	0.47785767485950303	0.04188097594354987	0.043706293706293704	0.9582367295884211	0.8697136654762645	0.9784278736607976	False	0.09119645733725684	0.13959124164765274
NadigOConner2024_hepg2	TFDP1	viper	148	4923	389255.0	0.5342476846133153	0.4657523153866847	0.026712471352063644	0.029185564977322026	0.9152631231507753	0.9224807422733398	0.9949179113747584	False	0.12129239513499102	0.0806887788698084
NadigOConner2024_hepg2	USF2	viper	53	4923	146669.0	0.5621246440466199	0.4378753559533802	0.01006402355556263	0.01065112540192926	0.9448788908015029	0.9404129291520893	0.9949179113747584	False	0.18942294410036967	0.061436213844070914
NadigOConner2024_hepg2	GTF2H2	viper	30	4923	86345.0	0.5846367391157153	0.4153632608842846	0.004862299532355173	0.0060569351907934586	0.802765652791839	0.9453005699104091	0.9949179113747584	False	0.32084444498119047	0.05625233866257531
NadigOConner2024_hepg2	FOXO1	viper	44	4923	124188.0	0.5733200376710431	0.4266799623289569	0.007588025910913368	0.008858465874773505	0.8565846522615159	0.9532455109993313	0.9949179113747584	False	0.2954796313552431	0.0478827894091515
NadigOConner2024_hepg2	ASF1B	viper	45	4923	129545.0	0.5847608729997518	0.41523912700024823	0.007270848420138826	0.009057971014492754	0.8027016655833265	0.9750359066397352	0.9949179113747584	False	0.3360250508661672	0.025280981339593785
NadigOConner2024_hepg2	BRCA1	viper	47	4923	136388.0	0.5894520293368946	0.41054797066310544	0.00794903003858016	0.009456740442655936	0.8405676445051785	0.9827482473179008	0.9949179113747584	False	0.3091052041561559	0.017402298128309936
NadigOConner2024_hepg2	HDAC7	viper	46	4923	135207.0	0.5970511088148795	0.40294889118512034	0.008939816553533987	0.009257395854296638	0.965694531619791	0.9883788818063337	0.9949179113747584	False	0.33938639303780627	0.011689171135666249
NadigOConner2024_hepg2	GABPB1	viper	40	4923	120291.0	0.6108622790981109	0.3891377209018891	0.007449148659654294	0.008059641345960105	0.9242531199466064	0.9922157022669578	0.9949179113747584	False	0.32636185905050547	0.007814753532937643
NadigOConner2024_hepg2	NF1	viper	24	4923	76430.0	0.6468785970614124	0.3531214029385876	0.0035939400198188526	0.004851425106124924	0.740800886585161	0.993547479267266	0.9949179113747584	False	0.5061030494129457	0.006473428230539854
NadigOConner2024_hepg2	HSF1	viper	32	4923	99499.0	0.6315953178955921	0.36840468210440785	0.004823294795404465	0.006458123107971746	0.7468570534759101	0.9949179113747584	0.9949179113747584	False	0.43177474158653656	0.005095046357845874
NadigOConner2024_hepg2	MYC	z-aggregate	52	4923	41957.0	0.16389709214206472	0.8361029078579352	0.05801843497709474	0.010452261306532663	5.550802192520122	3.3853138649212394e-17	3.0467824784291154e-15	True	-4.25294780789856	37.92449995655197
NadigOConner2024_hepg2	RUVBL1	z-aggregate	45	4923	33380.0	0.15067596542307085	0.8493240345769291	0.23014637443707556	0.009057971014492754	25.40815973785314	3.242491236882005e-16	1.459121056596902e-14	True	-5.02639423067048	35.66501955328064
NadigOConner2024_hepg2	RUVBL2	z-aggregate	29	4923	11659.0	0.08166453031863105	0.9183354696813689	0.16749254687713142	0.0058562197092084005	28.600796280536372	3.620156770221561e-15	1.0860470310664683e-13	True	-5.698714815428638	33.25225906331968
NadigOConner2024_hepg2	POLR2I	z-aggregate	133	4923	199710.0	0.30501298951217165	0.6949870104878284	0.052924681794018234	0.026305379746835444	2.0119337680492944	7.313876989756482e-15	1.6456223226952084e-13	True	-1.2228457143518918	32.54900289378863
NadigOConner2024_hepg2	POLR2E	z-aggregate	131	4923	210657.0	0.3266440589660931	0.673355941033907	0.060199443508896895	0.0259200633161852	2.3225037213279762	5.70074996942193e-12	1.0261349944959474e-10	True	-1.1541862219211882	25.890423376160292
NadigOConner2024_hepg2	POLR2F	z-aggregate	79	4923	116203.0	0.2987861163178776	0.7012138836821223	0.03398123872031421	0.015793682526989206	2.1515715959368564	3.9799648269566577e-10	5.969947240434987e-09	True	-1.252442723792603	21.644577948131236
NadigOConner2024_hepg2	POLR2K	z-aggregate	91	4923	143814.0	0.3210184087697799	0.6789815912302201	0.04037525631880876	0.01814918228958915	2.2246322547528257	2.262921982395521e-09	2.9094711202228124e-08	True	-1.1909918827911603	19.906608946189554
NadigOConner2024_hepg2	POLR2C	z-aggregate	58	4923	81116.0	0.28408525779767035	0.7159147422023296	0.024056431672875384	0.011644248142943184	2.065949761424005	7.3211610479316215e-09	8.236306178923073e-08	True	-1.3541863957668516	18.73249690844551
NadigOConner2024_hepg2	ATR	z-aggregate	100	4923	170618.5	0.3465742433475523	0.6534257566524477	0.03710578724033949	0.019908421262193908	1.8638236930822527	6.946884341895036e-08	6.059863723615837e-07	True	-0.9649937417370206	16.482387481020627
NadigOConner2024_hepg2	POLR2B	z-aggregate	117	4923	206263.0	0.3581010814405086	0.6418989185594912	0.038226166846201164	0.023214285714285715	1.6466656487594347	7.299175359925801e-08	6.059863723615837e-07	True	-0.9998002770464827	16.432919366572705
NadigOConner2024_hepg2	MAX	z-aggregate	45	4923	60437.0	0.27281016543661274	0.7271898345633871	0.02390619787581867	0.009057971014492754	2.639244245490381	7.406500106641577e-08	6.059863723615837e-07	True	-2.058774318101257	16.418322736514018
NadigOConner2024_hepg2	POLR2A	z-aggregate	22	4923	23210.0	0.21430022344099126	0.7856997765590088	0.013395477534013335	0.004448938321536906	3.0109380184407244	1.7941870702284302e-06	1.3456403026713227e-05	True	-1.7630062420058357	13.230958524274332
NadigOConner2024_hepg2	POLR2G	z-aggregate	32	4923	41619.5	0.2641904072719886	0.7358095927280114	0.013809785908687757	0.006458123107971746	2.13835903679837	2.0318541298258177e-06	1.4066682437255663e-05	True	-1.4066815523951153	13.106561817327856
NadigOConner2024_hepg2	GTF2H1	z-aggregate	42	4923	61371.0	0.29681378950117526	0.7031862104988248	0.02178555666728444	0.008459214501510574	2.5753640203111248	2.7547115581707134e-06	1.770886001681173e-05	True	-1.1995664764442409	12.802197818419259
NadigOConner2024_hepg2	POLR2H	z-aggregate	33	4923	45340.0	0.27908580010956613	0.7209141998904339	0.013955577182292315	0.006658595641646489	2.095873955013355	5.838829550409857e-06	3.503297730245915e-05	True	-1.305169896799912	12.050980200661167
NadigOConner2024_hepg2	MYBL2	z-aggregate	136	4923	265556.0	0.39663165692846303	0.603368343071537	0.03388665912754815	0.02688278315872702	1.2605338862225448	1.9031341265334115e-05	0.0001070512946175044	True	-0.9336942808525869	10.869423397514385
NadigOConner2024_hepg2	NELFA	z-aggregate	40	4923	64260.0	0.3263254113345521	0.6736745886654478	0.015577004469534948	0.008059641345960105	1.9327168295575485	7.489291644376618e-05	0.00039649191058464453	True	-1.0262233667492293	9.499451245427927
NadigOConner2024_hepg2	TRRAP	z-aggregate	17	4923	20950.0	0.25032560251400987	0.7496743974859902	0.01439837131828286	0.0034412955465587046	4.183997312489255	0.00018579702552074285	0.0009289851276037142	True	-1.5707792223818817	8.590855740750664
NadigOConner2024_hepg2	SUPT5H	z-aggregate	17	4923	21131.0	0.25248832013000205	0.7475116798699979	0.008613298456037683	0.0034412955465587046	2.5029231984015383	0.00020724685860264196	0.0009816956460125146	True	-1.58083941806902	8.481599921590202
NadigOConner2024_hepg2	NRF1	z-aggregate	30	4923	48566.0	0.32883742975150654	0.6711625702484936	0.010174117926046352	0.0060569351907934586	1.6797468695902527	0.0006032468731393233	0.002714610929126955	True	-0.6859228390761317	7.413184036830506
NadigOConner2024_hepg2	POLR2D	z-aggregate	82	4923	160528.0	0.3976556036127089	0.602344396387291	0.023599130816460062	0.016383616383616385	1.4404103626388123	0.0007224327293871028	0.003096140268801869	True	-0.6777468398967208	7.232886250427253
NadigOConner2024_hepg2	NELFB	z-aggregate	107	4923	219703.0	0.41708288958370116	0.5829171104162988	0.027807655828608824	0.021272365805168985	1.307219708578527	0.0016369982338701062	0.006696810956741343	True	-0.41424694686219443	6.4148910594757576
NadigOConner2024_hepg2	GTF2F2	z-aggregate	75	4923	150133.0	0.40661656171711014	0.5933834382828899	0.0213164921090812	0.015006002400960384	1.420531034149171	0.002703689168059998	0.010579653266321733	True	-0.5069485655190427	5.913138080049514
NadigOConner2024_hepg2	NFYC	z-aggregate	106	4923	220556.0	0.42265224073371427	0.5773477592662858	0.028670725335351463	0.021077749055478226	1.3602365821837972	0.0031755301462152337	0.011908238048307127	True	-0.7805099920100131	5.752280685390386
NadigOConner2024_hepg2	ELL	z-aggregate	226	4923	501268.5	0.45053873905939074	0.5494612609406092	0.05939170621949101	0.043892017867547095	1.3531322801953949	0.005895177966387613	0.021222640678995406	True	-0.2794455082827879	5.133620556069763
NadigOConner2024_hepg2	SRF	z-aggregate	43	4923	82719.0	0.39075719569746187	0.6092428043025381	0.012129028220391615	0.008658880386629078	1.4007617242433663	0.006747140273650446	0.02335548556263616	True	-0.5220046444542851	4.99863652703119
NadigOConner2024_hepg2	ZBTB17	z-aggregate	127	4923	273167.0	0.4369127076665691	0.5630872923334309	0.030953569922537453	0.02514851485148515	1.2308309299906623	0.007520452295942779	0.025068174319809264	True	-0.22943751469395582	4.890128997091999
NadigOConner2024_hepg2	NFYB	z-aggregate	104	4923	223806.0	0.43712792387381055	0.5628720761261895	0.027339099988882107	0.02068828327034016	1.3214774581164457	0.013983942493490829	0.04494838658622052	True	-0.5744364423201398	4.269845572384991
NadigOConner2024_hepg2	KAT5	z-aggregate	6	4923	7394.0	0.25032161960863974	0.7496783803913603	0.005775876550748698	0.0012172854534388314	4.744882586440055	0.01588206642014152	0.049289171648715054	True	-1.2975250608782223	4.142564704416016
NadigOConner2024_hepg2	NELFE	z-aggregate	54	4923	111421.0	0.419124893733872	0.580875106266128	0.013875321882931745	0.0108499095840868	1.2788421668768757	0.020258119140812856	0.06077435742243857	True	-0.5053176378430596	3.899199620561321
NadigOConner2024_hepg2	CDK9	z-aggregate	63	4923	133512.5	0.4304785764261694	0.5695214235738306	0.019463201136943137	0.01263537906137184	1.5403733471237855	0.02869629535578222	0.08258454355760486	True	-0.2710379708877267	3.550987246228381
NadigOConner2024_hepg2	SUPT4H1	z-aggregate	7	4923	10121.0	0.2936943211166246	0.7063056788833754	0.0038451138653480643	0.0014198782961460446	2.7080587651665655	0.029363393264926176	0.08258454355760486	True	-1.4652323753607377	3.528006507495564
NadigOConner2024_hepg2	SP1	z-aggregate	77	4923	166818.0	0.4400705936354931	0.5599294063645069	0.023985185191413023	0.0154	1.5574795578839624	0.035350415896146375	0.0964102251713083	True	-0.48802597435236916	3.342445121612685
NadigOConner2024_hepg2	CDC6	z-aggregate	71	4923	153494.0	0.4391402242420601	0.5608597757579398	0.016710744009385093	0.014217060472567081	1.175400782857312	0.038903965628769153	0.10298108548791834	False	-0.37108193465447686	3.2466590893693947
NadigOConner2024_hepg2	NANOG	z-aggregate	28	4923	55944.0	0.40585009140767825	0.5941499085923219	0.007801174166934465	0.005655423146839022	1.3794147607318763	0.042655425222420974	0.10968537914336822	False	-0.37407273943096475	3.1546008097948115
NadigOConner2024_hepg2	CCNH	z-aggregate	96	4923	212829.0	0.45032881373146455	0.5496711862685355	0.02428445811212851	0.019127316198445904	1.2696218256747187	0.04741363752183867	0.11853409380459667	False	-0.20644752087324852	3.0488453802309077
NadigOConner2024_hepg2	GTF2H4	z-aggregate	49	4923	104943.0	0.43503836635202525	0.5649616336479748	0.013147641952227822	0.009855189058728881	1.3340831793158516	0.05842314101562626	0.1421103430109828	False	-0.42372097985651036	2.8400432173667873
NadigOConner2024_hepg2	TGS1	z-aggregate	54	4923	116662.0	0.43883961149855927	0.5611603885014407	0.02042280513320936	0.0108499095840868	1.8823018731107959	0.06078502020375284	0.14396452153520412	False	-0.6104604908290575	2.800411898593867
NadigOConner2024_hepg2	ATF4	z-aggregate	22	4923	43990.0	0.40616401676730746	0.5938359832326926	0.006001247195747597	0.004448938321536906	1.348916699225994	0.06412611613681836	0.14798334493111928	False	-0.02254640401322483	2.7469035700002884
NadigOConner2024_hepg2	NELFCD	z-aggregate	49	4923	105723.0	0.4382718352423236	0.5617281647576765	0.011481997420196595	0.009855189058728881	1.1650712484330097	0.06821279422389766	0.14975706885365453	False	-0.3319437926974277	2.685123133136261
NadigOConner2024_hepg2	SUPT16H	z-aggregate	58	4923	126562.0	0.4432466886605448	0.5567533113394553	0.013781142082560838	0.011644248142943184	1.1835149778144056	0.06822266469999817	0.14975706885365453	False	-0.32137006769605103	2.684978442361655
NadigOConner2024_hepg2	MCM5	z-aggregate	44	4923	94408.0	0.43583919635107937	0.5641608036489206	0.01071727987432158	0.008858465874773505	1.2098347530853475	0.07066958835200125	0.15143483218285983	False	-0.3274105672855776	2.6497399492291076
NadigOConner2024_hepg2	MNAT1	z-aggregate	68	4923	152539.0	0.45566130169313307	0.5443386983068669	0.01620726902343589	0.013624524143458225	1.18956587788189	0.10411263178558977	0.21791015955123438	False	-0.33946214982228295	2.2622819679216017
NadigOConner2024_hepg2	SSRP1	z-aggregate	7	4923	12750.0	0.36998345956298423	0.6300165404370157	0.0024357677350327713	0.0014198782961460446	1.7154764191016518	0.11692020881550086	0.23915497257716087	False	-0.8264983479887464	2.1462635527716407
NadigOConner2024_hepg2	MED1	z-aggregate	11	4923	21564.0	0.398205085590826	0.6017949144091741	0.0034117750420948403	0.0022294284556141062	1.5303361870632675	0.12140221615830832	0.24280443231661664	False	-0.49461403808005155	2.108646145512583
NadigOConner2024_hepg2	ELOB	z-aggregate	64	4923	144414.0	0.45835237659963435	0.5416476234003657	0.015228265661126339	0.012833366753559254	1.186615013313079	0.12564152793365274	0.24582038073975537	False	-0.3485062128561262	2.0743224431817797
NadigOConner2024_hepg2	DNMT1	z-aggregate	82	4923	187549.0	0.4645912912511209	0.535408708748879	0.019912440854340255	0.016383616383616385	1.2153873960484507	0.13535199654537938	0.25918467423583286	False	-0.25123315048602723	1.999876512048875
NadigOConner2024_hepg2	RBBP4	z-aggregate	39	4923	87667.0	0.45660609280353337	0.5433939071964666	0.009187902925236002	0.007859733978234583	1.1689839567954114	0.1749166611669254	0.3279687396879851	False	-0.2254202474062404	1.7434456403915704
NadigOConner2024_hepg2	ACTL6A	z-aggregate	9	4923	18303.0	0.4130949962759835	0.5869050037240164	0.004994157644111984	0.0018248175182481751	2.7367983889733676	0.1834991496004067	0.33703925436809395	False	-0.7360444775183391	1.6955452458284594
NadigOConner2024_hepg2	GTF2F1	z-aggregate	18	4923	39005.0	0.44016746789446365	0.5598325321055364	0.004307746436520736	0.0036429872495446266	1.1824763968249419	0.18995160417992313	0.3419128875238616	False	-0.5882439635582584	1.660985954109496
NadigOConner2024_hepg2	LIN52	z-aggregate	32	4923	71807.0	0.45581327442616293	0.5441867255738371	0.007370741039968532	0.006458123107971746	1.1413131829076273	0.1940776291423129	0.3424899337805522	False	-0.11069541069033073	1.6394970497394488
NadigOConner2024_hepg2	CCNK	z-aggregate	93	4923	217709.0	0.47551431835208446	0.5244856816479155	0.022706775802177583	0.01854066985645933	1.2247009400400297	0.2087615188277498	0.36131801335572084	False	-0.1000810886719477	1.5665627367603605
NadigOConner2024_hepg2	GABPA	z-aggregate	82	4923	191550.5	0.4745036984190683	0.5254963015809317	0.01746350775658748	0.016383616383616385	1.065912881972199	0.2138622843506049	0.3631623696519706	False	-0.06944310848233937	1.542423002187224
NadigOConner2024_hepg2	VHL	z-aggregate	25	4923	56675.0	0.46049157018078407	0.539508429819216	0.005589609429456193	0.0050525464834276475	1.1062954982779698	0.24748061894808288	0.4124676982468048	False	-0.0768152729186184	1.3964230073200405
NadigOConner2024_hepg2	GATA1	z-aggregate	20	4923	45377.0	0.46086735730245787	0.5391326426975421	0.005233739086595692	0.004046125834513453	1.2935186152521252	0.2726317256983648	0.44308363828450004	False	-0.0660767911986894	1.2996333846193382
NadigOConner2024_hepg2	ERCC2	z-aggregate	56	4923	131472.0	0.4768869156437712	0.5231130843562288	0.014160822958473217	0.011247238401285399	1.2590488841113956	0.2756964860436889	0.44308363828450004	False	0.03210792357615855	1.2884547066132674
NadigOConner2024_hepg2	LIN54	z-aggregate	137	4923	327678.0	0.48584404204308396	0.5141559579569162	0.02931390426282491	0.02707509881422925	1.0826887267875478	0.28566728181044276	0.45105360285859386	False	-0.05801574818771976	1.2529274956926755
NadigOConner2024_hepg2	STAT5A	z-aggregate	29	4923	67466.0	0.472560185477036	0.527439814522964	0.011107274327428671	0.0058562197092084005	1.8966628437733373	0.3049327726104898	0.4731715437059324	False	-0.3025011002995735	1.1876639443407957
NadigOConner2024_hepg2	RBMX	z-aggregate	13	4923	29486.0	0.46072594884295065	0.5392740511570494	0.0030718130836539332	0.002633711507293355	1.1663437985319858	0.3121576484122235	0.476172684018646	False	0.1068544912886296	1.1642469354128016
NadigOConner2024_hepg2	HMGA1	z-aggregate	47	4923	111193.0	0.4805623625103185	0.5194376374896815	0.010873973861809055	0.009456740442655936	1.1498648955998085	0.32297483915203395	0.48446225872805093	False	-0.07998067600037506	1.1301808561557616
NadigOConner2024_hepg2	STAT5B	z-aggregate	91	4923	218695.0	0.4881661097383218	0.5118338902616781	0.019299030481256745	0.01814918228958915	1.063355371791443	0.34922419905478375	0.5152488182775498	False	0.004888887896810454	1.0520411588645058
NadigOConner2024_hepg2	CDK12	z-aggregate	17	4923	39899.0	0.4767418240910014	0.5232581759089987	0.003984396762333791	0.0034412955465587046	1.1578188238781721	0.3700619600786381	0.5371867162431844	False	-0.318763941062836	0.9940848276916777
NadigOConner2024_hepg2	MYB	z-aggregate	39	4923	93828.0	0.4886951358614978	0.5113048641385023	0.007894036496752495	0.007859733978234583	1.0043643358175867	0.4038020866582992	0.5768601237975703	False	0.18758377949116073	0.9068304055627665
NadigOConner2024_hepg2	RAD51	z-aggregate	46	4923	111622.5	0.4929059693188141	0.507094030681186	0.009999411514950998	0.009257395854296638	1.0801538221259024	0.43414429709910174	0.6105154177956118	False	0.0787243434087441	0.8343783183463906
NadigOConner2024_hepg2	TFDP1	z-aggregate	148	4923	362057.0	0.49691876520030087	0.5030812347996991	0.028569226390962675	0.029185564977322026	0.9788820745173765	0.44911355556936033	0.6218495384806528	False	-0.15741797607931118	0.8004795154887903
NadigOConner2024_hepg2	CTDP1	z-aggregate	82	4923	200562.0	0.49682674157637374	0.5031732584236263	0.016330314633007152	0.016383616383616385	0.9967466431487901	0.46067655287925824	0.6281952993808068	False	-0.06824414513298233	0.7750591028888166
NadigOConner2024_hepg2	YBX1	z-aggregate	35	4923	85492.0	0.49616668117582197	0.5038333188241781	0.010963724836438819	0.0070592981040742235	1.5530899354018188	0.46882862153675675	0.6297697901240016	False	-0.2919983277839524	0.7575179898168591
NadigOConner2024_hepg2	CHEK1	z-aggregate	63	4923	155060.0	0.49995324827744086	0.5000467517225592	0.01195526268154672	0.01263537906137184	0.9461736465109833	0.4995078856788817	0.6611133781044023	False	0.02869954737054231	0.6941318938732361
NadigOConner2024_hepg2	ERCC3	z-aggregate	38	4923	94482.0	0.5050514769556432	0.49494852304435677	0.007834477437044272	0.007659746018947792	1.0228116464520167	0.542828691321932	0.7026563463205611	False	0.25516474398110744	0.61096149441922
NadigOConner2024_hepg2	CDK7	z-aggregate	18	4923	45012.0	0.5079558534768772	0.4920441465231228	0.0036306130269567563	0.0036429872495446266	0.9966032758996296	0.5465104915826586	0.7026563463205611	False	0.21389767347424893	0.6042017737773417
NadigOConner2024_hepg2	HDAC3	z-aggregate	42	4923	105056.0	0.5080912722594624	0.49190872774053757	0.00815765077931896	0.008459214501510574	0.9643508599837771	0.5717826638404512	0.7247949259949381	False	0.17104477903815857	0.5589963181256814
NadigOConner2024_hepg2	CCND1	z-aggregate	39	4923	98032.5	0.5105939155299302	0.48940608447006984	0.009921058916790187	0.007859733978234583	1.2622639575669976	0.5902982065722258	0.7378727582152822	False	-0.13053285939415282	0.5271274349033718
NadigOConner2024_hepg2	NPM1	z-aggregate	47	4923	118707.0	0.5130369390745134	0.4869630609254865	0.013311344312782324	0.009456740442655936	1.4076038560537902	0.6210207695769897	0.7644125203619232	False	-0.03333878751614511	0.47639075223436794
NadigOConner2024_hepg2	GTF2H3	z-aggregate	34	4923	86416.0	0.5162801257004935	0.4837198742995065	0.008350280704639074	0.00685898729070002	1.2174218074381145	0.6285169611864702	0.7644125203619232	False	0.4567071345331678	0.46439226454354465
NadigOConner2024_hepg2	TBP	z-aggregate	75	4923	189125.0	0.5122215451283093	0.4877784548716907	0.014869717459731091	0.015006002400960384	0.99091797151648	0.6420295991375238	0.7704355189650285	False	0.12637938723414818	0.4431208717793769
NadigOConner2024_hepg2	RAD51D	z-aggregate	37	4923	95078.0	0.5219735274579882	0.47802647254201186	0.0073311619956025155	0.007459677419354839	0.9827719864375264	0.677830423783299	0.8026939229012752	False	-0.01149494116513805	0.3888581347390808
NadigOConner2024_hepg2	TNRC6A	z-aggregate	87	4923	222554.0	0.51962054723197	0.48037945276803007	0.017771273819553086	0.017365269461077845	1.023380250988057	0.7351308664264677	0.8559114593157392	False	0.09806058529847272	0.30770674605842196
NadigOConner2024_hepg2	POLR2L	z-aggregate	24	4923	63602.0	0.5383065881237727	0.4616934118762272	0.004608956026287105	0.004851425106124924	0.9500210609184295	0.741789931406974	0.8559114593157392	False	0.2813137165081363	0.29868918720968524
NadigOConner2024_hepg2	YY1	z-aggregate	50	4923	131235.0	0.5331505179768434	0.46684948202315657	0.010273105969176037	0.010054293183189221	1.0217631196942487	0.7904243036813126	0.894939402962677	False	0.07386534861102076	0.23518538443655046
NadigOConner2024_hepg2	E2F6	z-aggregate	56	4923	146675.0	0.5320325875627521	0.46796741243724793	0.012224775918895071	0.011247238401285399	1.08691355893176	0.7955016915223796	0.894939402962677	False	0.21764358498563474	0.2287823048427855
NadigOConner2024_hepg2	FOXO1	z-aggregate	44	4923	117657.0	0.5431693534984211	0.45683064650157884	0.009358971514909612	0.008858465874773505	1.0565002616944557	0.8383027389318238	0.9314474877020265	False	0.2938823675804338	0.1763759800982568
NadigOConner2024_hepg2	CLOCK	z-aggregate	225	4923	582835.0	0.5261787076534182	0.47382129234658177	0.04259735960282461	0.043706293706293704	0.9746275877126271	0.9082627631691357	0.9966961233902358	False	0.11474620030888266	0.09622155549496346
NadigOConner2024_hepg2	GTF2H2	z-aggregate	30	4923	85654.0	0.5799580201773986	0.42004197982260144	0.0049135802581292244	0.0060569351907934586	0.8112321006171349	0.9347904692074855	0.9966961233902358	False	0.4687896601150209	0.06743287191125165
NadigOConner2024_hepg2	GABPB1	z-aggregate	40	4923	112158.0	0.5695612431444241	0.4304387568555758	0.01055106178585467	0.008059641345960105	1.309122991079918	0.9354624846896556	0.9966961233902358	False	0.09129164602328232	0.06671423595380967
NadigOConner2024_hepg2	USF2	z-aggregate	53	4923	147160.0	0.5640064541102794	0.4359935458897206	0.008841208655368148	0.01065112540192926	0.8300727220587153	0.9458024501029103	0.9966961233902358	False	0.28348860548172017	0.05572155826724766
NadigOConner2024_hepg2	ASF1B	z-aggregate	45	4923	127561.0	0.5758051775114542	0.42419482248854584	0.007521103660623325	0.009057971014492754	0.830329844132815	0.9605430381606348	0.9966961233902358	False	1.2050671601348022	0.04025648969759137
NadigOConner2024_hepg2	BRCA1	z-aggregate	47	4923	133239.0	0.5758424416870875	0.42415755831291246	0.010213636169707375	0.009456740442655936	1.0800376970945882	0.963472919277228	0.9966961233902358	False	0.2338317432027539	0.03721089813690418
NadigOConner2024_hepg2	HSF1	z-aggregate	32	4923	96288.0	0.61121267519805	0.38878732480195005	0.005069578065106448	0.006458123107971746	0.7849924785188266	0.985076269041105	0.9983473175584424	False	0.5648321388128138	0.015036210309050722
NadigOConner2024_hepg2	NF1	z-aggregate	24	4923	76100.0	0.6440855846705938	0.3559144153294062	0.003610297274213577	0.004851425106124924	0.7441725256472735	0.9926380572734199	0.9983473175584424	False	0.4479747050532789	0.0073891755669976454
NadigOConner2024_hepg2	HDAC7	z-aggregate	46	4923	141680.0	0.6256347755433679	0.3743652244566321	0.008032120522648001	0.009257395854296638	0.867643627761694	0.9983473175584424	0.9983473175584424	False	0.5996204735152889	0.0016540496277412772
NadigOConner2024_hepg2	MYC	zscore	52	4923	36465.0	0.14244363193174894	0.857556368068251	0.06515580404800947	0.010452261306532663	6.233656252670137	3.224545527174035e-19	2.902090974456631e-17	True	-1.6107737347405617	42.57832474837604
NadigOConner2024_hepg2	RUVBL1	zscore	45	4923	28166.0	0.12714018100977273	0.8728598189902272	0.2888445526632131	0.009057971014492754	31.888438614018728	3.2263082459335447e-18	1.451838710670095e-16	True	-2.1800637122403	40.27519314824809
NadigOConner2024_hepg2	RUVBL2	zscore	29	4923	7608.0	0.053289625753850677	0.9467103742461493	0.20569408086679986	0.0058562197092084005	35.124037532841136	4.869155359972084e-17	1.4607466079916252e-15	True	-2.530950150636108	37.56102609622368
NadigOConner2024_hepg2	POLR2E	zscore	131	4923	234645.0	0.36383977373692267	0.6361602262630773	0.04736796953584447	0.0259200633161852	1.8274634964439538	4.9770280276897696e-08	1.119831306230198e-06	True	-0.2639281119665394	16.815847812649213
NadigOConner2024_hepg2	POLR2F	zscore	79	4923	127789.0	0.32857653432480455	0.6714234656751955	0.02877890473367583	0.015793682526989206	1.822178246555019	8.220131901668978e-08	1.479623742300416e-06	True	-0.34361439507305946	16.31409448858127
NadigOConner2024_hepg2	POLR2I	zscore	133	4923	241636.0	0.3690457099482405	0.6309542900517595	0.03723844565554919	0.026305379746835444	1.4156209115372684	1.2228620311767936e-07	1.8342930467651904e-06	True	-0.2462562187777223	15.916901612410314
NadigOConner2024_hepg2	MAX	zscore	45	4923	61888.0	0.2793599205543142	0.7206400794456858	0.021233141372089117	0.009057971014492754	2.3441388074786382	1.6682673887718736e-07	2.144915214135266e-06	True	-0.8109699353995952	15.606310054850132
NadigOConner2024_hepg2	POLR2C	zscore	58	4923	88238.0	0.3090279966658962	0.6909720033341038	0.023778691099249707	0.011644248142943184	2.0420975925062548	2.7467861044410844e-07	3.09013436749622e-06	True	-0.3720334743601933	15.107664112023869
NadigOConner2024_hepg2	ATR	zscore	100	4923	176596.0	0.3587162299410928	0.6412837700589071	0.045496957326294184	0.019908421262193908	2.285312166499757	6.339091670984837e-07	6.339091670984836e-06	True	-0.2755008163753865	14.271360162334
NadigOConner2024_hepg2	POLR2K	zscore	91	4923	162399.0	0.36250343197326745	0.6374965680267326	0.029290022623966554	0.01814918228958915	1.6138480597425087	3.3701849364766004e-06	3.0331664428289404e-05	True	-0.26597185143339075	12.600542937812948
NadigOConner2024_hepg2	MYBL2	zscore	136	4923	261776.0	0.39098588856627353	0.6090141114337265	0.036652929880399726	0.02688278315872702	1.3634350901833987	6.998870385335532e-06	5.726348497092708e-05	True	-0.5429940078663704	11.869761795454565
NadigOConner2024_hepg2	POLR2B	zscore	117	4923	222286.0	0.3859192244323262	0.6140807755676739	0.03821228309489645	0.023214285714285715	1.6460675794724624	1.1987060960048553e-05	8.990295720036416e-05	True	-0.23793939206410142	11.33168274323889
NadigOConner2024_hepg2	SRF	zscore	43	4923	67297.0	0.31790503994066766	0.6820949600593323	0.0171190261674565	0.008658880386629078	1.977048463897418	1.9109804718055795e-05	0.0001234910644057434	True	-0.5199382444335588	10.86530901859969
NadigOConner2024_hepg2	POLR2G	zscore	32	4923	45561.0	0.289210085313833	0.7107899146861669	0.0152314163576557	0.006458123107971746	2.3584896266307496	1.9209721129782308e-05	0.0001234910644057434	True	-0.397777717613908	10.860094098218784
NadigOConner2024_hepg2	POLR2A	zscore	22	4923	28980.0	0.26757520358982884	0.7324247964101712	0.009329777302986281	0.004448938321536906	2.0970794892394164	8.241549695806982e-05	0.0004944929817484189	True	-0.43650765324406404	9.403737068852283
NadigOConner2024_hepg2	TRRAP	zscore	17	4923	21294.0	0.254435960856006	0.7455640391439938	0.016092694167409542	0.0034412955465587046	4.676347599235479	0.00023186544110043622	0.0013042431061899536	True	-0.9004195650727214	8.369353349817018
NadigOConner2024_hepg2	GTF2H1	zscore	42	4923	71161.0	0.34416199955505256	0.6558380004449474	0.024663880959285497	0.008459214501510574	2.915623070544107	0.0002476173947753422	0.0013109156193988705	True	-0.28969206595566954	8.303625766086189
NadigOConner2024_hepg2	NFYC	zscore	106	4923	211423.0	0.4051506406202691	0.5948493593797309	0.03137645504627581	0.021077749055478226	1.4886055889407646	0.0004090379955183627	0.0020451899775918133	True	-0.4293831447250058	7.801702507658375
NadigOConner2024_hepg2	POLR2H	zscore	33	4923	54113.0	0.3330871173649967	0.6669128826350033	0.012275828194527355	0.006658595641646489	1.8436061979417446	0.0004663921287624233	0.002209225873085163	True	-0.32218874015585686	7.670483799651827
NadigOConner2024_hepg2	NELFA	zscore	40	4923	69107.0	0.35093946780418445	0.6490605321958155	0.013511905371240394	0.008059641345960105	1.6764896589366518	0.000572612147465913	0.0025767546635966083	True	-0.2772778509820043	7.465301950949818
NadigOConner2024_hepg2	NELFB	zscore	107	4923	219208.0	0.4161431844802482	0.5838568155197519	0.028682321745159153	0.021272365805168985	1.3483371811042106	0.0014775235643903152	0.0063322438473870655	True	-0.14308516939303817	6.51738785998527
NadigOConner2024_hepg2	NFYB	zscore	104	4923	215314.0	0.42054172721448774	0.5794582727855123	0.02913874318184434	0.02068828327034016	1.4084659805301107	0.002738710715859957	0.011203816564881642	True	-0.35349990638518247	5.900268010978573
NadigOConner2024_hepg2	POLR2D	zscore	82	4923	169571.0	0.4200566777148576	0.5799433222851424	0.022410817294213552	0.016383616383616385	1.367879762896815	0.006444720888155094	0.02521847304060689	True	-0.14967288922998123	5.044493950254104
NadigOConner2024_hepg2	NRF1	zscore	30	4923	56863.0	0.38501591170695376	0.6149840882930463	0.008477399326381772	0.0060569351907934586	1.3996186287856307	0.014823717062054634	0.05558893898270488	True	-0.22102377260836414	4.211526876658923
NadigOConner2024_hepg2	GTF2F2	zscore	75	4923	158761.0	0.4299844268400027	0.5700155731599973	0.018534440116078188	0.015006002400960384	1.2351350893354505	0.01856194510723886	0.0668230023860599	True	-0.1247132604410659	3.986641756078751
NadigOConner2024_hepg2	NANOG	zscore	28	4923	53839.0	0.39057920547865704	0.609420794521343	0.007947110929748605	0.005655423146839022	1.4052195076137621	0.022762638157995466	0.07879374746998431	True	-0.34927769126858754	3.782634764402823
NadigOConner2024_hepg2	KAT5	zscore	6	4923	8235.0	0.27879341864716634	0.7212065813528337	0.0050987366644892245	0.0012172854534388314	4.1886121698778975	0.029762027205833822	0.09920675735277941	True	-0.6180415619769204	3.514521952861605
NadigOConner2024_hepg2	NELFE	zscore	54	4923	113727.0	0.42779921908502044	0.5722007809149796	0.015243537701806613	0.0108499095840868	1.404946058183176	0.03379709049634066	0.10863350516680925	False	-0.13804708402056087	3.38738056018818
NadigOConner2024_hepg2	TGS1	zscore	54	4923	114032.0	0.42894651710414455	0.5710534828958553	0.018469705646230294	0.0108499095840868	1.7022912037275588	0.0360363143880395	0.11183683775598466	False	-0.24724025068477085	3.3232281159541794
NadigOConner2024_hepg2	ZBTB17	zscore	127	4923	283962.0	0.45417860244617503	0.5458213975538249	0.029743387546750523	0.02514851485148515	1.1827095048117333	0.03870175542466454	0.11610526627399362	False	-0.12270792410491804	3.251870320164673
NadigOConner2024_hepg2	CDK9	zscore	63	4923	135682.0	0.4374736013980377	0.5625263986019623	0.018436470141565776	0.01263537906137184	1.4591149226324915	0.04381069815648023	0.12704800550344258	False	-0.08856120659207045	3.127877241275997
NadigOConner2024_hepg2	SUPT4H1	zscore	7	4923	10850.0	0.3148486695104611	0.685151330489539	0.0026779977450901507	0.0014198782961460446	1.886075554756349	0.04517262417900181	0.12704800550344258	False	-0.35815933349655416	3.0972640353865097
NadigOConner2024_hepg2	ATF4	zscore	22	4923	42952.0	0.39658006019980424	0.6034199398001957	0.007822633246574714	0.004448938321536906	1.7583146092869073	0.04683104255543451	0.12772102515118502	False	-0.2624753020616607	3.0612089934798385
NadigOConner2024_hepg2	SUPT5H	zscore	17	4923	32108.0	0.38364937687445483	0.6163506231255451	0.004529296396771356	0.0034412955465587046	1.316160247061794	0.048587689707265944	0.1286144727545275	False	-0.2400802974485231	3.0243850783655017
NadigOConner2024_hepg2	ELL	zscore	226	4923	521692.0	0.46889532427705244	0.5311046757229475	0.054684366319832985	0.043892017867547095	1.2458840804461064	0.05662990959256547	0.14561976752373978	False	-0.0832260101385609	2.8712179953160155
NadigOConner2024_hepg2	SUPT16H	zscore	58	4923	126891.0	0.4443989157158167	0.5556010842841833	0.01584210344013373	0.011644248142943184	1.3605089178501053	0.07240651424651401	0.18101628561628502	False	-0.09954608468645876	2.6254590078574638
NadigOConner2024_hepg2	RBBP4	zscore	39	4923	84297.0	0.4390537352146127	0.5609462647853872	0.009259870923831012	0.007859733978234583	1.1781405006166534	0.09457643916898406	0.2300507979786099	False	-0.17688538924359198	2.3583468913545684
NadigOConner2024_hepg2	CCNK	zscore	93	4923	212207.0	0.4634969934846092	0.5365030065153908	0.023144714088215466	0.01854066985645933	1.2483213534031052	0.11353771512101751	0.26890511476030465	False	-0.05256683504984416	2.1756202054422453
NadigOConner2024_hepg2	STAT5A	zscore	29	4923	62234.0	0.43591306114158035	0.5640869388584198	0.025664478910726148	0.0058562197092084005	4.382431019514341	0.11666295581687663	0.26922220573125377	False	-0.1963416298808689	2.148466220956564
NadigOConner2024_hepg2	SP1	zscore	77	4923	175028.0	0.4617288054216756	0.5382711945783243	0.02228193951312435	0.0154	1.4468791891639188	0.1242099320629409	0.27947234714161706	False	-0.10152775873153408	2.0857821443794013
NadigOConner2024_hepg2	MCM5	zscore	44	4923	98043.0	0.45262035344302254	0.5473796465569775	0.009600431327783432	0.008858465874773505	1.083757781934098	0.1392474402787856	0.2956341845804235	False	-0.06958593131097424	1.9715027825427245
NadigOConner2024_hepg2	LIN52	zscore	32	4923	70047.0	0.4446412248628885	0.5553587751371115	0.0072825958749771335	0.006458123107971746	1.1276644550159904	0.1398204562201784	0.2956341845804235	False	-0.15033463710310446	1.9673961349928901
NadigOConner2024_hepg2	GTF2F1	zscore	18	4923	37814.0	0.42672715372288805	0.573272846277112	0.005010623239659561	0.0036429872495446266	1.3754160792865495	0.14124744374398013	0.2956341845804235	False	-0.16735337920500004	1.9572420065070977
NadigOConner2024_hepg2	CCNH	zscore	96	4923	221884.0	0.4694884555487846	0.5305115444512154	0.024782535220432833	0.019127316198445904	1.2956619194932542	0.15256212220576026	0.3120588863299642	False	-0.05618990767965604	1.8801834071564143
NadigOConner2024_hepg2	ELOB	zscore	64	4923	145997.0	0.463376625025391	0.536623374974609	0.014441616342145072	0.012833366753559254	1.1253178234105856	0.15666521345390555	0.3133304269078111	False	-0.07415634123912695	1.853644148815298
NadigOConner2024_hepg2	GTF2H4	zscore	49	4923	111311.0	0.4614367380102559	0.5385632619897441	0.012351679736769847	0.009855189058728881	1.2533173806371365	0.1760958310015055	0.3445353215246847	False	-0.08218470833251601	1.736726937800498
NadigOConner2024_hepg2	CDK12	zscore	17	4923	36714.0	0.43868516327920565	0.5613148367207943	0.008064355304999833	0.0034412955465587046	2.3434067768646574	0.19104027648374744	0.36284202888065464	False	-0.15500805624829772	1.6552710015231502
NadigOConner2024_hepg2	LIN54	zscore	137	4923	322636.0	0.4783683321694237	0.5216316678305764	0.028206544059059518	0.02707509881422925	1.0417891455389865	0.19351574873634914	0.36284202888065464	False	-0.05519931710064263	1.6423963810058488
NadigOConner2024_hepg2	ACTL6A	zscore	9	4923	18649.0	0.4209041460717268	0.5790958539282731	0.003687961299283922	0.0018248175182481751	2.0210027920075895	0.20581245596315106	0.37802287829966524	False	-0.2647222597754251	1.5807899328114388
NadigOConner2024_hepg2	CDC6	zscore	71	4923	165739.0	0.4741726818354776	0.5258273181645224	0.015490246268983335	0.014217060472567081	1.0895533784127152	0.22711546311287362	0.40880783360317247	False	-0.06747881706147252	1.4822967427439835
NadigOConner2024_hepg2	MNAT1	zscore	68	4923	159691.0	0.4770256060986247	0.5229743939013752	0.015061731881218187	0.013624524143458225	1.1054868208699995	0.25730180740620184	0.45406201306976796	False	-0.05084253698016694	1.3575055352099699
NadigOConner2024_hepg2	MYB	zscore	39	4923	90626.0	0.4720177919446658	0.5279822080553342	0.008841565182081939	0.007859733978234583	1.1249191393202713	0.2733051626784997	0.4582159361698146	False	-0.04703488827579094	1.2971662960746848
NadigOConner2024_hepg2	RBMX	zscore	13	4923	28930.0	0.4520383130986422	0.5479616869013579	0.0030689855944659753	0.002633711507293355	1.165270222637235	0.2748886489571907	0.4582159361698146	False	-0.07065656337065551	1.291389176197866
NadigOConner2024_hepg2	SSRP1	zscore	7	4923	14940.0	0.43353355967615564	0.5664664403238444	0.0020437786400060902	0.0014198782961460446	1.439404099318575	0.27529132761860525	0.4582159361698146	False	-0.1166006004283181	1.289925368896759
NadigOConner2024_hepg2	VHL	zscore	25	4923	57385.0	0.46626041031891124	0.5337395896810888	0.005388648141613524	0.0050525464834276475	1.0665212401881488	0.2800208498815534	0.4582159361698146	False	-0.03698369477379693	1.2728912147224924
NadigOConner2024_hepg2	MED1	zscore	11	4923	24521.0	0.45280963196868135	0.5471903680313187	0.0027696180322311138	0.0022294284556141062	1.2422995791843923	0.29411232958061595	0.4726805296831328	False	-0.17073524413103014	1.2237935112114562
NadigOConner2024_hepg2	GABPA	zscore	82	4923	195609.0	0.48455730443958916	0.5154426955604108	0.01773822184102598	0.016383616383616385	1.082680491638232	0.3154902436447324	0.4981424899653669	False	-0.008276399621374664	1.1536275209505393
NadigOConner2024_hepg2	NELFCD	zscore	49	4923	119133.0	0.49386262731783753	0.5061373726821625	0.010817606078011945	0.009855189058728881	1.0976558657117426	0.44116218076907426	0.6845620046416669	False	-0.02959495694846792	0.818342714295292
NadigOConner2024_hepg2	STAT5B	zscore	91	4923	222618.0	0.49692294299241285	0.5030770570075872	0.01902375996176215	0.01814918228958915	1.0481882686623671	0.45989068971554997	0.6958633432934764	False	-0.011861429246025956	0.776766448790881
NadigOConner2024_hepg2	CHEK1	zscore	63	4923	154150.0	0.4970191746547627	0.5029808253452372	0.012254671133224457	0.01263537906137184	0.9698696868294786	0.46756689416035224	0.6958633432934764	False	-0.001667886897363191	0.7602128513766131
NadigOConner2024_hepg2	DNMT1	zscore	82	4923	200939.0	0.49776063574164076	0.5022393642583592	0.01672547262789789	0.016383616383616385	1.0208657378369383	0.4722469428114909	0.6958633432934764	False	-0.022003155804788843	0.7502532462869231
NadigOConner2024_hepg2	HDAC3	zscore	42	4923	102904.0	0.4976833715407756	0.5023166284592244	0.00830634080877604	0.008459214501510574	0.9819281456088819	0.4793725253799504	0.6958633432934764	False	0.024774355676603577	0.7352772690539657
NadigOConner2024_hepg2	GATA1	zscore	20	4923	49053.0	0.4982023156611822	0.5017976843388178	0.006405713397002694	0.004046125834513453	1.583172066069216	0.48894596924260475	0.6984942417751497	False	-0.007525980502481433	0.7155032879584056
NadigOConner2024_hepg2	ERCC3	zscore	38	4923	93763.0	0.5012080780867464	0.49879192191325356	0.007998184351350912	0.007659746018947792	1.0441840149224177	0.5102727281830508	0.7168429425903822	False	0.054482565459140986	0.6728099350543142
NadigOConner2024_hepg2	HMGA1	zscore	47	4923	116125.0	0.5018778551393589	0.4981221448606411	0.011011175376372452	0.009456740442655936	1.1643732259695976	0.5177199029819427	0.7168429425903822	False	0.016124096150416767	0.6583209108027587
NadigOConner2024_hepg2	YY1	zscore	50	4923	123830.0	0.5030672354255535	0.49693276457444646	0.010959520737648176	0.010054293183189221	1.0900339325664876	0.5298110704012898	0.7224696414563043	False	-0.015541369320256626	0.6352348069278011
NadigOConner2024_hepg2	ERCC2	zscore	56	4923	138990.0	0.5041568729868547	0.49584312701314526	0.014679111168822864	0.011247238401285399	1.3051302590994471	0.5426795842714085	0.7289725758869666	False	0.02843305989756939	0.6112362174311284
NadigOConner2024_hepg2	GTF2H3	zscore	34	4923	85954.0	0.5135199722789786	0.4864800277210214	0.007405249250722732	0.00685898729070002	1.0796417804656642	0.6072599430691213	0.803726395238543	False	0.06999298135538135	0.49879833730369433
NadigOConner2024_hepg2	YBX1	zscore	35	4923	89159.0	0.5174487101360958	0.4825512898639041	0.010007450879982508	0.0070592981040742235	1.4176268989415222	0.6392111629498032	0.8285346381000566	False	0.0030253712492416263	0.44752042074357373
NadigOConner2024_hepg2	RAD51	zscore	46	4923	116986.0	0.5165902728099692	0.4834097271900308	0.009947773350251134	0.009257395854296638	1.0745757777695193	0.6509873084975313	0.8285346381000566	False	0.049677704447750104	0.42926513235910274
NadigOConner2024_hepg2	TFDP1	zscore	148	4923	371254.0	0.5095415342216073	0.49045846577839264	0.027817369804169455	0.029185564977322026	0.9531208261955629	0.6540151142233925	0.8285346381000566	False	0.004349174102806996	0.42462481735865837
NadigOConner2024_hepg2	CTDP1	zscore	82	4923	207563.0	0.5141694287143969	0.48583057128560314	0.015310019333206481	0.016383616383616385	0.9344713019841272	0.6703268941618866	0.8285346381000566	False	0.014748102629022153	0.39998978384831674
NadigOConner2024_hepg2	CDK7	zscore	18	4923	46998.0	0.5303676619947186	0.4696323380052813	0.0035891446755001743	0.0036429872495446266	0.9852202134247978	0.6720336509033792	0.8285346381000566	False	0.06297910421657416	0.3974468639636598
NadigOConner2024_hepg2	NPM1	zscore	47	4923	120764.0	0.5219270380886936	0.4780729619113065	0.012005958637856126	0.009456740442655936	1.269566264471169	0.6978647526601994	0.8487544289110533	False	0.043257360224026264	0.359729959091588
NadigOConner2024_hepg2	CCND1	zscore	39	4923	101392.0	0.5280915847643453	0.47190841523565474	0.009941527590916413	0.007859733978234583	1.2648682027212115	0.7275154982046941	0.8633609792970659	False	0.016122088849454208	0.3181199767892532
NadigOConner2024_hepg2	E2F6	zscore	56	4923	144496.0	0.5241287252256174	0.4758712747743826	0.011849777730523321	0.011247238401285399	1.053572202147779	0.7330109466576558	0.8633609792970659	False	0.1254480030471905	0.3105946431583538
NadigOConner2024_hepg2	POLR2L	zscore	24	4923	63537.0	0.5377564493195206	0.4622435506804794	0.004970747440705773	0.004851425106124924	1.0245953162154775	0.7386532822874897	0.8633609792970659	False	0.0763013105704411	0.3029266395941353
NadigOConner2024_hepg2	RAD51D	zscore	37	4923	97189.0	0.5335628132703087	0.46643718672969137	0.009027212394367622	0.007459677419354839	1.210134418271984	0.759456779531708	0.8762962840750477	False	0.02648574085079647	0.2751518650412416
NadigOConner2024_hepg2	TBP	zscore	75	4923	194078.0	0.5256361297311937	0.4743638702688063	0.013742595435940546	0.015006002400960384	0.915806559851078	0.7773445151453862	0.8855823590263893	False	0.04149255370540894	0.25187163544792207
NadigOConner2024_hepg2	TNRC6A	zscore	87	4923	228242.0	0.5329009271516993	0.4670990728483006	0.01637933385969673	0.017365269461077845	0.943223708472191	0.8539951512749813	0.9574638121393475	False	0.1299874079584704	0.15782976287364153
NadigOConner2024_hepg2	CLOCK	zscore	225	4923	577558.0	0.5214146748820728	0.47858532511792723	0.04184001436702037	0.043706293706293704	0.9572995287174261	0.8617174309254128	0.9574638121393475	False	0.057587800378744	0.1488278684097197
NadigOConner2024_hepg2	USF2	zscore	53	4923	142741.0	0.5470701635373431	0.45292983646265694	0.01030528787693113	0.01065112540192926	0.9675304240681001	0.8811301150275879	0.967094028688816	False	0.0892498969733393	0.12654997379490257
NadigOConner2024_hepg2	HSF1	zscore	32	4923	93762.0	0.5951782449725777	0.40482175502742224	0.005228845075042119	0.006458123107971746	0.8096539795885531	0.9684826889027998	0.9998294649312244	False	0.2184838123174723	0.032024670427200586
NadigOConner2024_hepg2	FOXO1	zscore	44	4923	127027.0	0.5864264214355622	0.41357357856443777	0.007344754885104104	0.008858465874773505	0.8291226707798202	0.9759772671510146	0.9998294649312244	False	0.2454584133324712	0.024315984693772618
NadigOConner2024_hepg2	GABPB1	zscore	40	4923	116879.0	0.5935354458663417	0.40646455413365834	0.009631390729290009	0.008059641345960105	1.1950148047366578	0.9793663302194898	0.9998294649312244	False	0.1396484721877466	0.020849518271478493
NadigOConner2024_hepg2	ASF1B	zscore	45	4923	130529.0	0.5892026090685445	0.4107973909314555	0.0072384873132935144	0.009057971014492754	0.799128999387604	0.9804587148649835	0.9998294649312244	False	0.21610130671018207	0.019734740438261445
NadigOConner2024_hepg2	GTF2H2	zscore	30	4923	90082.0	0.6099397386417497	0.39006026135825045	0.004657050467536722	0.0060569351907934586	0.7688790321903128	0.981213701099709	0.9998294649312244	False	0.21806534334403205	0.018965003079609376
NadigOConner2024_hepg2	BRCA1	zscore	47	4923	141403.0	0.6111262376772509	0.38887376232274906	0.007530514120227398	0.009456740442655936	0.7963118122878758	0.9956850855122509	0.9998294649312244	False	0.2725559373290274	0.004324250597289479
NadigOConner2024_hepg2	NF1	zscore	24	4923	81661.0	0.6911520752928432	0.30884792470715683	0.003343052420568467	0.004851425106124924	0.6890866801896753	0.999393540166182	0.9998294649312244	False	0.748100709838164	0.0006066438049675376
NadigOConner2024_hepg2	HDAC7	zscore	46	4923	147918.0	0.6531807222531331	0.34681927774686694	0.007250366626912311	0.009257395854296638	0.7831972123723321	0.9998294649312244	0.9998294649312244	False	0.5078170747916795	0.00017054961153385503
NadigOConner2024_jurkat	MYC	ulm	115	11921	106085.0	0.07738262401388854	0.9226173759861114	0.1450261234222427	0.009554669325357262	15.17856018704446	2.5105113036745303e-55	2.133934608123351e-53	True	-2.48692759214667	125.72169367563096
NadigOConner2024_jurkat	MAX	ulm	76	11921	105625.0	0.11658439993112553	0.8834156000688745	0.044873693159073386	0.006334917062598983	7.08354864249215	4.066741244018855e-31	1.7283650287080135e-29	True	-1.8977364105831205	69.9772958812193
NadigOConner2024_jurkat	TRRAP	ulm	35	11921	49526.0	0.11870049252819155	0.8812995074718084	0.025706716495647593	0.002927400468384075	8.781414354913217	3.0342094446361696e-15	8.596926759802481e-14	True	-1.7626409027001277	33.428825483856706
NadigOConner2024_jurkat	NRF1	ulm	81	11921	257370.0	0.26653866348522837	0.7334613365147716	0.02148329889153504	0.0067488751874687555	3.1832413987185624	2.0279424025638856e-13	4.309377605448257e-12	True	-0.589792516563446	29.226584524699597
NadigOConner2024_jurkat	ACTL6A	ulm	9	11921	7333.0	0.06834810651604545	0.9316518934839545	0.010590310940972496	0.0007544006705783739	14.038045502866876	3.664046824516004e-06	6.228879601677207e-05	True	-1.938799627949785	12.516942331617235
NadigOConner2024_jurkat	CCNH	ulm	199	11921	1000816.0	0.42187955126694626	0.5781204487330537	0.029242727518310516	0.01641914191419142	1.7810143594066505	7.658012333307901e-05	0.0010848850805519525	True	-0.2371106671829907	9.477173001403507
NadigOConner2024_jurkat	CDK12	ulm	36	11921	145229.0	0.338406080772493	0.661593919227507	0.010846317454097898	0.0030107886593627163	3.602483827740238	0.0003990654012380003	0.004845794157890004	True	-0.44205465874571326	7.826385241629465
NadigOConner2024_jurkat	HDAC3	ulm	120	11921	609719.0	0.426221933283002	0.573778066716998	0.01475027733118959	0.009965949671954157	1.4800674112071155	0.002671715978912696	0.026289637243985	True	-0.1707981841129601	5.92503432427459
NadigOConner2024_jurkat	GTF2H1	ulm	46	11921	209351.0	0.38177239289087944	0.6182276071091206	0.015067385621961443	0.003843904069524526	3.919813124739404	0.0027836086493631174	0.026289637243985	True	-0.3370630669020149	5.884007117740497
NadigOConner2024_jurkat	KAT5	ulm	34	11921	149454.0	0.36873633775295206	0.631263662247048	0.005753333840957565	0.0028439983270598075	2.0229737079014027	0.004054618653852028	0.03446425855774224	True	-0.426096259148407	5.507898639276819
NadigOConner2024_jurkat	HSF1	ulm	32	11921	142195.0	0.3727534393087828	0.6272465606912172	0.004271363213239976	0.002677152179369196	1.595487640245545	0.006386375579853794	0.046828942720083026	True	-0.2496394233321424	5.053588373413358
NadigOConner2024_jurkat	CCNK	ulm	237	11921	1280069.0	0.4530773442745614	0.5469226557254385	0.021812946804265466	0.01949333772001974	1.1189949672837955	0.006611144854599957	0.046828942720083026	True	-0.11191481969871678	5.018998439722662
NadigOConner2024_jurkat	NELFA	ulm	120	11921	623616.0	0.435936582501468	0.5640634174985321	0.015877785175107444	0.009965949671954157	1.5932034274455726	0.007786370265681927	0.05091088250638182	True	-0.19734854335006521	4.855380475609676
NadigOConner2024_jurkat	ELL	ulm	92	11921	472240.0	0.4305883296922129	0.569411670307787	0.01040849703511409	0.007658370099059352	1.3591008139437561	0.010799474420358094	0.06556823755217414	True	-0.177698084801442	4.52825781081779
NadigOConner2024_jurkat	MYB	ulm	13	11921	50448.0	0.3255276725623173	0.6744723274376827	0.018873006302689482	0.0010893246187363835	17.32541978586894	0.014708978224219805	0.07702686998619364	True	-0.847924719296429	4.219297208085227
NadigOConner2024_jurkat	NFYB	ulm	22	11921	96409.0	0.3676056767659821	0.6323943232340179	0.015127145238389159	0.0018420832286695134	8.211977071912806	0.015815218294181425	0.07702686998619364	True	-0.4831434368257412	4.146782619336451
NadigOConner2024_jurkat	TGS1	ulm	154	11921	825861.0	0.44985603273498587	0.5501439672650141	0.015224489700969382	0.012753623188405797	1.1937383970078266	0.016108126232268778	0.07702686998619364	True	-0.1272456151174031	4.128431399404019
NadigOConner2024_jurkat	MNAT1	ulm	129	11921	684936.0	0.4453973152712723	0.5546026847287276	0.014383349015317324	0.010705394190871369	1.3435608963920447	0.016311572467664535	0.07702686998619364	True	-0.1626233687341416	4.115880455735627
NadigOConner2024_jurkat	SUPT5H	ulm	45	11921	220114.0	0.41031979047246225	0.5896802095275377	0.005141088029920771	0.003760655189704162	1.3670724303562654	0.018765107085007806	0.08394916327503492	True	-0.24709437706190648	3.9757561397763275
NadigOConner2024_jurkat	NFYC	ulm	20	11921	88801.0	0.37245616978441404	0.6275438302155859	0.003932556575473084	0.0016749015995310276	2.347932903386205	0.024183482209548808	0.09557898399790009	True	-0.44496495762870064	3.722085432189496
NadigOConner2024_jurkat	POLR2I	ulm	115	11921	612370.0	0.44668706666715297	0.553312933332847	0.01206559015796059	0.009554669325357262	1.2627951577496839	0.024367196827983627	0.09557898399790009	True	-0.1606228810201723	3.714517443484821
NadigOConner2024_jurkat	CDK7	ulm	16	11921	68307.0	0.3581232698599111	0.641876730140089	0.0026432763552225163	0.0013403702772891012	1.9720493657681983	0.024738089975927084	0.09557898399790009	True	-0.38271794144904203	3.6994111188814713
NadigOConner2024_jurkat	SSRP1	ulm	17	11921	74636.0	0.3682873031772897	0.6317126968227103	0.003488467970337224	0.001424024124643994	2.449725331169752	0.03006905317093173	0.11112476171866074	False	-0.4003024295708874	3.5042587699755545
NadigOConner2024_jurkat	VHL	ulm	61	11921	317846.0	0.437093378402351	0.562906621597649	0.006630597999686053	0.005090969788015356	1.3024233644629228	0.044797048077302816	0.1586562119404475	False	-0.12125026389422694	3.1056130328637472
NadigOConner2024_jurkat	SP1	ulm	194	11921	1080270.0	0.46710863701498784	0.5328913629850122	0.025153981694255874	0.01601320676846884	1.570827258896443	0.05772592622255332	0.19626814915668128	False	-0.10209512821186628	2.8520488784384583
NadigOConner2024_jurkat	POLR2F	ulm	41	11921	210976.0	0.4316547351363959	0.5683452648636041	0.004871770670000167	0.0034275204815248286	1.4213687988912684	0.06510361978687407	0.20840441436912863	False	-0.21094620645847395	2.7317751278284215
NadigOConner2024_jurkat	ATR	ulm	126	11921	692589.0	0.46109706360524244	0.5389029363947575	0.0125114707674659	0.010459035444509006	1.1962356217116008	0.0661990492701938	0.20840441436912863	False	-0.08753210192492727	2.7150891776197366
NadigOConner2024_jurkat	RBBP4	ulm	37	11921	190267.0	0.43136912602561456	0.5686308739743855	0.0041342361425803845	0.003094162903495568	1.3361404268371955	0.07439494822341909	0.21366246242323633	False	-0.2839608441876924	2.598367239671277
NadigOConner2024_jurkat	E2F6	ulm	119	11921	654828.0	0.46160190441414384	0.5383980955858562	0.011824909200027326	0.009883720930232558	1.1964025778851177	0.07440331267555152	0.21366246242323633	False	-0.15777881797278503	2.598254812925283
NadigOConner2024_jurkat	NELFCD	ulm	106	11921	580684.0	0.45953786959116066	0.5404621304088393	0.009428249047490834	0.008813502951692026	1.0697504839072856	0.07541028085525989	0.21366246242323633	False	-0.10389432142792113	2.5848116623976454
NadigOConner2024_jurkat	LIN52	ulm	21	11921	103079.0	0.4117543670433529	0.5882456329566471	0.0020456342749693808	0.0017584994138335288	1.163284024365921	0.08082653341494572	0.22162114000872216	False	-0.3535635265974541	2.5154499835129243
NadigOConner2024_jurkat	POLR2H	ulm	13	11921	61360.0	0.39593993792467075	0.6040600620753294	0.001545648089701202	0.0010893246187363835	1.4189049463457033	0.09698792899938308	0.2576241864046113	False	-0.2471836378212165	2.333168751527794
NadigOConner2024_jurkat	GTF2F2	ulm	103	11921	575134.0	0.46840241948816763	0.5315975805118324	0.009953677908854361	0.008566200931470393	1.1619710987967458	0.1343543632820186	0.34200044708944344	False	-0.09218750619842042	2.0072744674698217
NadigOConner2024_jurkat	GABPA	ulm	120	11921	673779.0	0.4710028521097223	0.5289971478902776	0.01049876781184246	0.009965949671954157	1.0534638601866255	0.1368001788357774	0.34200044708944344	False	-0.05874562436691322	1.989233966515467
NadigOConner2024_jurkat	CDK9	ulm	61	11921	336986.0	0.46341419811573736	0.5365858018842626	0.006554167590470168	0.005090969788015356	1.287410427360878	0.16175649449420815	0.3928372009145055	False	-0.1285435074234062	1.8216631949746664
NadigOConner2024_jurkat	ERCC3	ulm	84	11921	473327.0	0.4726822613954566	0.5273177386045433	0.007841481674146458	0.006997084548104956	1.1206784225967648	0.19373355936396996	0.4543479346198175	False	-0.05894524466333245	1.6412714692447
NadigOConner2024_jurkat	POLR2L	ulm	35	11921	191294.0	0.4584802329622395	0.5415197670377605	0.013377998094232513	0.002927400468384075	4.569924148989826	0.19777498330509702	0.4543479346198175	False	-0.12559572667510144	1.620625342488297
NadigOConner2024_jurkat	GTF2F1	ulm	45	11921	249443.0	0.464992683313294	0.5350073166867061	0.004309195145342049	0.003760655189704162	1.1458628690925101	0.20842166581932775	0.4662063577537594	False	-0.05639948935787842	1.5681920118419481
NadigOConner2024_jurkat	ERCC2	ulm	86	11921	488463.0	0.4764535127574361	0.5235464872425639	0.008904039860894077	0.0071624885483467975	1.2431489140669207	0.22552539084139805	0.4873043440198556	False	-0.04370089576197764	1.4893225284117908
NadigOConner2024_jurkat	POLR2C	ulm	10	11921	51536.0	0.43231272544249644	0.5676872745575036	0.009055464279903521	0.0008381527114240215	10.804074432352891	0.22931969130346147	0.4873043440198556	False	-0.2881628158317967	1.4726382170816128
NadigOConner2024_jurkat	YY1	ulm	65	11921	367636.0	0.47445167867951193	0.5255483213204881	0.007654963428547384	0.005422993492407809	1.4115752562241377	0.23837459599350697	0.4941912355962949	False	-0.0671077586852401	1.4339119098988289
NadigOConner2024_jurkat	POLR2D	ulm	96	11921	549840.0	0.48045465984397284	0.5195453401560272	0.009161167940995129	0.00798868269950903	1.146768282780609	0.2544044589918697	0.5029014588440124	False	-0.03070527504255527	1.36882992018601
NadigOConner2024_jurkat	POLR2K	ulm	25	11921	137698.0	0.46203506417246876	0.5379649358275312	0.0036565418110604472	0.0020927507115352417	1.7472419389971243	0.25564607069674333	0.5029014588440124	False	-0.14403109782711654	1.3639613274285654
NadigOConner2024_jurkat	GTF2H3	ulm	88	11921	503710.0	0.48015915382327595	0.5198408461767241	0.007984827522281832	0.007327837455241902	1.0896567467623015	0.2603254610486653	0.5029014588440124	False	-0.06115458141166191	1.3458226575174614
NadigOConner2024_jurkat	CTDP1	ulm	90	11921	516180.0	0.48111176355451163	0.5188882364454883	0.009556091287919349	0.007493131296311714	1.2753134717688812	0.26816909206666284	0.5065416183481409	False	-0.05181899195399711	1.316137556883335
NadigOConner2024_jurkat	ELOB	ulm	194	11921	1130315.0	0.48874808987345386	0.5112519101265461	0.01596181165114466	0.01601320676846884	0.9967904544000905	0.2951157806259867	0.5379942825833613	False	-0.01848555053583989	1.2203875229428904
NadigOConner2024_jurkat	LIN54	ulm	268	11921	1568415.0	0.4909231420283032	0.5090768579716969	0.024744305742319464	0.021987037492821396	1.1254042637803432	0.30536675455298345	0.5379942825833613	False	-0.03390825506645051	1.186241750823263
NadigOConner2024_jurkat	RAD51D	ulm	115	11921	666595.0	0.48624094126915235	0.5137590587308476	0.013234705059802697	0.009554669325357262	1.3851557399981327	0.3055008730788814	0.5379942825833613	False	-0.06754119273419823	1.1858026425058918
NadigOConner2024_jurkat	POLR2A	ulm	16	11921	88749.0	0.46529758409529404	0.534702415904706	0.0018168362080601863	0.0013403702772891012	1.3554733634759026	0.315445908172396	0.5379942825833613	False	-0.09958604349133926	1.1537680596477804
NadigOConner2024_jurkat	MED1	ulm	120	11921	697164.0	0.487350054525627	0.5126499454743729	0.011493526364351508	0.009965949671954157	1.153279591276304	0.31646722504903607	0.5379942825833613	False	-0.028358882409637215	1.1505355971074651
NadigOConner2024_jurkat	LMO2	ulm	181	11921	1063954.0	0.4930961240690902	0.5069038759309097	0.015587190967455773	0.014956205585853578	1.0421888678903302	0.3747441590014373	0.6245735983357289	False	-0.03369305256342214	0.9815117285079908
NadigOConner2024_jurkat	ASF1B	ulm	92	11921	541474.0	0.4937158758931079	0.506284124106892	0.009829800282532993	0.007658370099059352	1.28353685645727	0.4176243973063104	0.6771416739016753	False	0.008790917607233162	0.8731728214518779
NadigOConner2024_jurkat	POLR2B	ulm	37	11921	216424.0	0.49067169677856703	0.5093283032214331	0.003587182584469018	0.003094162903495568	1.159338630948122	0.42221774960927994	0.6771416739016753	False	0.0004540320582687718	0.8622341036906386
NadigOConner2024_jurkat	CDC6	ulm	40	11921	236947.0	0.49691091351396693	0.503089086486033	0.0034520978210242715	0.003344201989800184	1.0322635509317828	0.47307611816852246	0.7327126105360908	False	-0.0007446015598767709	0.7484989770769492
NadigOConner2024_jurkat	STAT5A	ulm	112	11921	665199.0	0.4982196783587187	0.5017803216412813	0.00994424973140128	0.009307737056428156	1.0683853305174251	0.474108159758647	0.7327126105360908	False	-0.008401284332137049	0.746319798172506
NadigOConner2024_jurkat	GTF2H2	ulm	72	11921	428568.0	0.49931493442943825	0.5006850655705617	0.005952485297550698	0.006003502042858334	0.9915021690767434	0.49199843708933194	0.7467833420105932	False	0.024540997816171684	0.7092797391425738
NadigOConner2024_jurkat	CCND1	ulm	282	11921	1688545.0	0.5022857333235764	0.49771426667642354	0.023419809664383322	0.023109071539785298	1.0134465862924458	0.5522799952019352	0.7944771686426124	False	0.005415109577128083	0.5937001236219251
NadigOConner2024_jurkat	RUVBL2	ulm	8	11921	49084.0	0.5146799765120376	0.48532002348796244	0.0012719158535283493	0.000670634587978875	1.8965855270924599	0.5561159382855442	0.7944771686426124	False	-0.0940621502728538	0.5867784843729628
NadigOConner2024_jurkat	MYBL2	ulm	44	11921	266229.0	0.5075630476393835	0.49243695236061646	0.003815121366196266	0.0036773923944839115	1.0374528896940527	0.5688630776388945	0.7944771686426124	False	-0.03225415905041973	0.564115510651994
NadigOConner2024_jurkat	ZBTB17	ulm	402	11921	2408933.0	0.5026734876911475	0.49732651230885244	0.03356249564332539	0.03262192647894182	1.0288324224196486	0.5724570106702063	0.7944771686426124	False	0.013356134500304984	0.5578176369055683
NadigOConner2024_jurkat	GTF2H4	ulm	125	11921	752853.0	0.505228084892207	0.49477191510779295	0.010204607176201093	0.010376888593724059	0.9833975843561469	0.5798204284593282	0.7944771686426124	False	0.014647837871601288	0.5450368294841433
NadigOConner2024_jurkat	GATA1	ulm	32	11921	194767.0	0.5105669616642899	0.4894330383357101	0.0027387464187379976	0.002677152179369196	1.0230073732242277	0.5819204666593812	0.7944771686426124	False	0.0356901395319994	0.541421495813306
NadigOConner2024_jurkat	ATF4	ulm	52	11921	315531.0	0.5090096339362341	0.49099036606376595	0.004723978541409624	0.004343105320304018	1.087696059159566	0.5888477838174657	0.7944771686426124	False	0.0428259747278682	0.5295875602790318
NadigOConner2024_jurkat	YBX1	ulm	66	11921	401124.0	0.5098260518107847	0.4901739481892154	0.005649172483272236	0.005505964795194794	1.0260095538937013	0.608639022935596	0.8083487023363385	False	0.04524307839204944	0.4965299243904624
NadigOConner2024_jurkat	CHEK1	ulm	33	11921	202727.0	0.5153294542607519	0.48467054573924806	0.004227205573211341	0.0027605822318889075	1.5312731946111626	0.619681138781837	0.8103522584070176	False	-0.004564619049252705	0.47855022552399834
NadigOConner2024_jurkat	POLR2E	ulm	17	11921	106985.0	0.527911693156417	0.472088306843583	0.0014432491604314103	0.001424024124643994	1.0135004986605987	0.654829850344157	0.8433414739280809	False	0.18380664472042207	0.4233798475600131
NadigOConner2024_jurkat	RUVBL1	ulm	25	11921	158994.0	0.5334921566982636	0.4665078433017364	0.0054145821444818365	0.0020927507115352417	2.587303931919201	0.718873612279223	0.9120038364736411	False	-0.09315688862733484	0.33006971935630985
NadigOConner2024_jurkat	NANOG	ulm	96	11921	596881.0	0.5215594678858038	0.47844053211419624	0.008357195464551007	0.00798868269950903	1.0461293530990567	0.7669405394968387	0.9586756743710484	False	0.043475787821432244	0.2653460040921595
NadigOConner2024_jurkat	STAT5B	ulm	196	11921	1206889.0	0.5165335910389657	0.48346640896103427	0.015591477857467903	0.016175621028307337	0.9638874346884622	0.7867812164806938	0.9651213932810453	False	0.04636476851076621	0.2398050660609318
NadigOConner2024_jurkat	SUPT16H	ulm	55	11921	349975.0	0.5337791979013353	0.4662208020986647	0.004558758722992444	0.00459251837007348	0.9926489903010457	0.8066978026042233	0.9651213932810453	False	0.09249041631004595	0.2148061509747104
NadigOConner2024_jurkat	RAD51	ulm	35	11921	226507.0	0.5428763167040157	0.45712368329598424	0.00274988594182627	0.002927400468384075	0.9393610377278537	0.8098663095987592	0.9651213932810453	False	0.11434502210818359	0.21088609481595777
NadigOConner2024_jurkat	CLOCK	ulm	441	11921	2695252.0	0.5126820350375422	0.48731796496245794	0.03432720547943735	0.03567383918459796	0.9622515059791487	0.817514591955709	0.9651213932810453	False	0.014341141567222326	0.201486526882923
NadigOConner2024_jurkat	NELFE	ulm	128	11921	803764.0	0.5267516357688113	0.47324836423118866	0.009557558262976091	0.010623288239687941	0.8996798399265541	0.8514868022478645	0.9787045124050846	False	0.0841348152009379	0.16077127841482006
NadigOConner2024_jurkat	NELFB	ulm	205	11921	1273847.0	0.5212555829945515	0.47874441700544845	0.01658429933734064	0.01690582220023091	0.9809815305589882	0.8520486343291325	0.9787045124050846	False	0.07231625144887116	0.16011167123603773
NadigOConner2024_jurkat	TNRC6A	ulm	164	11921	1037669.0	0.5307650364902273	0.4692349635097727	0.015351163537105361	0.013570541994207696	1.1312122643043798	0.9123654391800171	0.9999999984302913	False	0.10905758062077842	0.09171466831167223
NadigOConner2024_jurkat	TFDP1	ulm	337	11921	2113987.0	0.5262107589106026	0.47378924108939735	0.02457792710131724	0.02749224995921031	0.8939947489850051	0.9498783640467794	0.9999999984302913	False	0.10363372180771924	0.051421340430590594
NadigOConner2024_jurkat	BRCA1	ulm	137	11921	886298.0	0.5426833711226646	0.4573166288773354	0.014155075762266104	0.011361751534251119	1.2458533105212022	0.957350336873894	0.9999999984302913	False	0.10663695898094805	0.043585876281338594
NadigOConner2024_jurkat	GABPB1	ulm	99	11921	656068.0	0.555905502470388	0.44409449752961205	0.007672738139249393	0.008236272878535773	0.9315789134725022	0.9725014401510881	0.9999999984302913	False	0.12595432396541423	0.02788372261547735
NadigOConner2024_jurkat	POLR2G	ulm	8	11921	66933.0	0.7018391913430081	0.2981608086569919	0.000533043564576453	0.000670634587978875	0.7948345852290635	0.9766599752525288	0.9999999984302913	False	0.6181297799595983	0.023616716939878137
NadigOConner2024_jurkat	USF2	ulm	139	11921	915047.0	0.5522248085266372	0.4477751914733627	0.010132905137468362	0.011525704809286899	0.8791570932220751	0.983018830184285	0.9999999984302913	False	0.13616940532910138	0.017127003184987378
NadigOConner2024_jurkat	MCM6	ulm	350	11921	2236720.0	0.536081584718444	0.463918415281556	0.02593509476018316	0.02852253280091272	0.9092844222920216	0.9894077087841	0.9999999984302913	False	0.07093367570575343	0.010648788846231324
NadigOConner2024_jurkat	NPM1	ulm	148	11921	982699.0	0.5569883489730818	0.4430116510269182	0.0106745490391952	0.012262822106222553	0.8704806240138302	0.9915016748922364	0.9999999984302913	False	0.1576805322520749	0.008534641772844387
NadigOConner2024_jurkat	SUPT4H1	ulm	18	11921	144627.0	0.6740066549226854	0.32599334507731453	0.0010753100024344891	0.001507663958455482	0.7132292288369647	0.9946961559997229	0.9999999984302913	False	0.48921773841261906	0.00531795931326775
NadigOConner2024_jurkat	FOXO1	ulm	72	11921	509941.0	0.5941207859146791	0.40587921408532096	0.004901586596862179	0.006003502042858334	0.8164545563356682	0.9970936113599945	0.9999999984302913	False	0.24386363990773263	0.0029106203888623603
NadigOConner2024_jurkat	DNMT1	ulm	157	11921	1192930.0	0.637386146697179	0.3626138533028211	0.009800000444924632	0.012998840867693326	0.753913410024202	0.9999999984302913	0.9999999984302913	False	0.4470005373074146	1.569708697590411e-09
NadigOConner2024_jurkat	MAX	viper	76	11921	112002.0	0.12362306235347617	0.8763769376465238	0.039314849334086244	0.006334917062598983	6.206055887645166	4.67164381006609e-30	3.9708972385561763e-28	True	-2.159206051359629	67.53604178648561
NadigOConner2024_jurkat	MYC	viper	115	11921	345195.0	0.25179898097256215	0.7482010190274379	0.03455071880675741	0.009554669325357262	3.616108274418541	2.24304160637299e-20	9.532926827085207e-19	True	-1.1355984208303715	45.24386905508421
NadigOConner2024_jurkat	TRRAP	viper	35	11921	54347.0	0.13025513199995206	0.8697448680000479	0.0237819128133594	0.002927400468384075	8.12390141704357	1.9233552865591113e-14	5.449506645250815e-13	True	-2.1455382871556075	31.582120095974364
NadigOConner2024_jurkat	NRF1	viper	81	11921	274625.0	0.2844083632887704	0.7155916367112296	0.022565911980730345	0.0067488751874687555	3.34365525423118	1.053084387941248e-11	2.237804324375152e-10	True	-0.836120114214003	25.27671265249873
NadigOConner2024_jurkat	CCNH	viper	199	11921	943402.0	0.39767750757815584	0.6023224924218441	0.026095038608678314	0.01641914191419142	1.589305869031061	3.546934166960025e-07	6.0297880838320425e-06	True	-0.4847063108232966	14.852012035542058
NadigOConner2024_jurkat	ACTL6A	viper	9	11921	15903.0	0.14822581998154516	0.8517741800184547	0.007616036907813804	0.0007544006705783739	10.095480034468741	0.00012901078280940162	0.001827652756466523	True	-2.2001542095667945	8.955614569426077
NadigOConner2024_jurkat	CDK12	viper	36	11921	143351.0	0.33403004967890465	0.6659699503210953	0.007975044300850654	0.0030107886593627163	2.648822352924202	0.00028631716594189815	0.003476708443580192	True	-0.7595900072331092	8.158410389774623
NadigOConner2024_jurkat	MNAT1	viper	129	11921	643568.0	0.4184967053775859	0.5815032946224141	0.014576945303319815	0.010705394190871369	1.3616448907364633	0.0007129378891249091	0.007574965071952159	True	-0.3670814094235444	7.246116253371227
NadigOConner2024_jurkat	SUPT5H	viper	45	11921	199331.0	0.3715777013486937	0.6284222986513063	0.0052478171106580835	0.003760655189704162	1.3954528788029916	0.0014483066857707621	0.01367845203227942	True	-0.5081951962892457	6.53736020787953
NadigOConner2024_jurkat	GTF2H1	viper	46	11921	206396.0	0.3763836561712433	0.6236163438287567	0.009244022198507866	0.003843904069524526	2.4048524706422527	0.001874183897645467	0.014770796499018751	True	-0.5566361923581746	6.27958196889962
NadigOConner2024_jurkat	NELFA	viper	120	11921	605671.0	0.4233921930486816	0.5766078069513183	0.014373918023612967	0.009965949671954157	1.4423028910193643	0.0019115148410494855	0.014770796499018751	True	-0.37450451308554433	6.259859240772419
NadigOConner2024_jurkat	CCNK	viper	237	11921	1268790.0	0.4490851693479967	0.5509148306520033	0.02200304319858421	0.01949333772001974	1.128746832102898	0.0035883614861532903	0.02541756052691914	True	-0.19815160399365828	5.630059591211203
NadigOConner2024_jurkat	POLR2I	viper	115	11921	588142.0	0.4290141985462264	0.5709858014537736	0.011991075143252464	0.009554669325357262	1.2549963515146665	0.0043419385209781	0.028389598021779882	True	-0.3020502854323725	5.439434366774575
NadigOConner2024_jurkat	KAT5	viper	34	11921	151941.0	0.37487232121268943	0.6251276787873107	0.005531017290942498	0.0028439983270598075	1.9448032856828694	0.005805883586428631	0.035250007489030975	True	-0.5904624139308876	5.14888346414416
NadigOConner2024_jurkat	ELL	viper	92	11921	467070.0	0.42587432481226045	0.5741256751877396	0.009401812616902032	0.007658370099059352	1.227651901813523	0.0070762333484590085	0.038740439130486914	True	-0.29106277047555745	4.951013525775119
NadigOConner2024_jurkat	HDAC3	viper	120	11921	622716.0	0.4353074406509521	0.5646925593490479	0.014279450044301728	0.009965949671954157	1.4328238165286424	0.007292317953974007	0.038740439130486914	True	-0.2031221101513353	4.920933819993159
NadigOConner2024_jurkat	NFYB	viper	22	11921	92825.0	0.3539399531765944	0.6460600468234057	0.012981986071837391	0.0018420832286695134	7.047448166179726	0.008872947721965225	0.04436473860982612	True	-0.6639227333668111	4.724748212956817
NadigOConner2024_jurkat	CDK7	viper	16	11921	64074.0	0.33593029108296285	0.6640697089170371	0.002570428406762	0.0013403702772891012	1.9177002432198744	0.011550474793191124	0.05454390874562475	True	-0.665413428489666	4.461028735223635
NadigOConner2024_jurkat	GTF2F2	viper	103	11921	537685.0	0.4379030885367504	0.5620969114632495	0.010159935981455898	0.008566200931470393	1.1860492256410262	0.014865607323427012	0.06650403276269978	True	-0.26225037519513555	4.2087049674348025
NadigOConner2024_jurkat	TGS1	viper	154	11921	830578.0	0.4524254371582616	0.5475745628417384	0.014696890385280235	0.012753623188405797	1.1523698143003822	0.02107815624246664	0.08587896122445003	True	-0.16852271734036112	3.8595180239128646
NadigOConner2024_jurkat	POLR2F	viper	41	11921	199587.0	0.40835295778509334	0.5916470422149066	0.004939208131100356	0.0034275204815248286	1.4410440893712795	0.021217155126040596	0.08587896122445003	True	-0.37696844150225806	3.8529452204747376
NadigOConner2024_jurkat	NELFCD	viper	106	11921	561091.0	0.4440324906261821	0.5559675093738179	0.009676780574838617	0.008813502951692026	1.097949433713057	0.02345150734269945	0.08855589421858706	True	-0.20128052839567162	3.7528205071492824
NadigOConner2024_jurkat	ATR	viper	126	11921	674208.0	0.4488597552937793	0.5511402447062206	0.012402850708105801	0.010459035444509006	1.1858503371472269	0.023962183141500025	0.08855589421858706	True	-0.2193344954978807	3.7312783937963907
NadigOConner2024_jurkat	HSF1	viper	32	11921	155034.0	0.4064099068870061	0.5935900931129938	0.0033530492635087867	0.002677152179369196	1.2524686827100164	0.03351856970477616	0.1187116010377489	False	-0.23070643298272908	3.395655674183887
NadigOConner2024_jurkat	CTDP1	viper	90	11921	477034.0	0.4446252644725927	0.5553747355274072	0.009596036819984274	0.007493131296311714	1.280644424942568	0.03492532285174375	0.11874609769592874	False	-0.2551340932110221	3.3545431297374217
NadigOConner2024_jurkat	NFYC	viper	20	11921	91741.0	0.38478735005452563	0.6152126499454743	0.0032234456155957104	0.0016749015995310276	1.924558204791419	0.03727165275119598	0.12184963399429455	False	-0.5006151003737453	3.289522221124156
NadigOConner2024_jurkat	VHL	viper	61	11921	319042.0	0.4387380858410767	0.5612619141589232	0.006153955734070645	0.005090969788015356	1.208798321403844	0.0491491894566921	0.1505317751830562	False	-0.1867345000017521	3.0128949237417877
NadigOConner2024_jurkat	ERCC3	viper	84	11921	448491.0	0.4478800915551188	0.5521199084448812	0.008316750164379463	0.006997084548104956	1.188602210992565	0.04958693770735969	0.1505317751830562	False	-0.2144242563735974	3.00402783260886
NadigOConner2024_jurkat	E2F6	viper	119	11921	647875.0	0.4567005898072676	0.5432994101927324	0.011653777825532249	0.009883720930232558	1.1790881094067922	0.051757191282211006	0.15170211237889433	False	-0.2092250681558022	2.9611918945158875
NadigOConner2024_jurkat	SSRP1	viper	17	11921	79718.0	0.3933641571719704	0.6066358428280296	0.0030346263235959637	0.001424024124643994	2.1310217088875656	0.06401948811624028	0.18138854966268078	False	-0.5226539039510048	2.7485677401574797
NadigOConner2024_jurkat	GTF2H3	viper	88	11921	476437.0	0.4541612967185486	0.5458387032814513	0.008235428668873866	0.007327837455241902	1.1238552600512075	0.06889960769326738	0.18891827915895895	False	-0.19993190734753552	2.675104794835521
NadigOConner2024_jurkat	ERCC2	viper	86	11921	465843.0	0.4543896543719018	0.5456103456280982	0.008836981667082387	0.0071624885483467975	1.2337864985657931	0.07216041334036716	0.19167609793535026	False	-0.1688721471310809	2.6288636751348733
NadigOConner2024_jurkat	POLR2K	viper	25	11921	125594.0	0.42142102172636525	0.5785789782736348	0.002877713096881042	0.0020927507115352417	1.375086426213637	0.08699140865679589	0.22406877987356516	False	-0.3628531967506861	2.441945916275073
NadigOConner2024_jurkat	LIN52	viper	21	11921	104954.0	0.41924415097806594	0.5807558490219341	0.0021385461484278016	0.0017584994138335288	1.2161199097392765	0.1001413778024356	0.250353444506089	False	-0.39745032809212766	2.3011723134129003
NadigOConner2024_jurkat	MYB	viper	13	11921	61828.0	0.39895981880714704	0.601040181192853	0.005482056203592814	0.0010893246187363835	5.032527594898204	0.10361645485367477	0.25163996178749587	False	-0.542796259708475	2.2670591311350776
NadigOConner2024_jurkat	POLR2C	viper	10	11921	46058.0	0.3863602046808154	0.6136397953191846	0.003979811637813682	0.0008381527114240215	4.748313265075503	0.10670530734309719	0.2519430867823128	False	-0.6320593961286123	2.237684381113925
NadigOConner2024_jurkat	SP1	viper	194	11921	1100609.0	0.4759032185253953	0.5240967814746047	0.01919705791305725	0.01601320676846884	1.1988265804983949	0.12440395904483487	0.2857928788867828	False	-0.10274504156404668	2.084221274064215
NadigOConner2024_jurkat	GTF2F1	viper	45	11921	242308.0	0.4516921585623876	0.5483078414376125	0.004378553191115549	0.003760655189704162	1.1643059441086367	0.13127346862074418	0.29349124398187704	False	-0.17288884821826728	2.030472584955742
NadigOConner2024_jurkat	POLR2H	viper	13	11921	63772.0	0.41150393939589475	0.5884960606041052	0.00143973602882134	0.0010893246187363835	1.32167767445799	0.13466068841521417	0.29349124398187704	False	-0.31191462549380483	2.0049970836308235
NadigOConner2024_jurkat	RBBP4	viper	37	11921	198046.0	0.44900550244061693	0.550994497559383	0.0038413836968754756	0.003094162903495568	1.241493682357755	0.14168303882635658	0.30107645750600776	False	-0.28329651038104087	1.954162837217272
NadigOConner2024_jurkat	POLR2L	viper	35	11921	187362.0	0.44905628722422614	0.5509437127757738	0.013357147324160403	0.002927400468384075	4.562801525933193	0.1486043185996398	0.3080821239260825	False	-0.2740874785439163	1.9064680852120204
NadigOConner2024_jurkat	YY1	viper	65	11921	359117.0	0.4634575055009582	0.5365424944990418	0.007087128411484706	0.005422993492407809	1.30686647907778	0.15439961324257084	0.31247540775282195	False	-0.1437412475408843	1.8682111463002278
NadigOConner2024_jurkat	GTF2H2	viper	72	11921	400244.0	0.46631527929237854	0.5336847207076215	0.006466435487660606	0.006003502042858334	1.0771105667154672	0.16179932616516207	0.31961222311495074	False	-0.12649253824773798	1.8213984389822269
NadigOConner2024_jurkat	GABPA	viper	120	11921	678420.0	0.47424712691888266	0.5257528730811174	0.010381784755147887	0.009965949671954157	1.041725585306131	0.16544632725950392	0.31961222311495074	False	-0.08921778610276868	1.799108443352874
NadigOConner2024_jurkat	ELOB	viper	194	11921	1111136.0	0.48045509224387006	0.5195449077561298	0.016098973379461992	0.01601320676846884	1.0053559922277424	0.17479128980593722	0.33016132518899255	False	-0.07355771193624883	1.7441626464877171
NadigOConner2024_jurkat	CDK9	viper	61	11921	343125.0	0.47185638788692225	0.5281436121130778	0.006346736958994657	0.005090969788015356	1.246665610535639	0.2237921539627965	0.41352898014864575	False	-0.17850513044843525	1.497037541972681
NadigOConner2024_jurkat	POLR2A	viper	16	11921	85820.0	0.44994128009395185	0.5500587199060482	0.0017496915204039828	0.0013403702772891012	1.3053792299413962	0.2441222628558385	0.4414977094201334	False	-0.20369820417526258	1.4100861019082072
NadigOConner2024_jurkat	POLR2D	viper	96	11921	551856.0	0.4822162570254173	0.5177837429745826	0.008633506021860063	0.00798868269950903	1.0807171027572122	0.2738718229826269	0.48498135319840185	False	-0.04420652182534529	1.2950950813797892
NadigOConner2024_jurkat	LMO2	viper	181	11921	1053404.0	0.48820666070043994	0.5117933392995601	0.01591918441072833	0.014956205585853578	1.0643865731416255	0.2927163943061996	0.5077733370617749	False	-0.06877247998624904	1.2285510762406031
NadigOConner2024_jurkat	NELFB	viper	205	11921	1196710.0	0.4896912806054493	0.5103087193945507	0.017056214444541317	0.01690582220023091	1.0088958846561367	0.30610388660743415	0.520376607232638	False	-0.03211487918508671	1.1838307359293005
NadigOConner2024_jurkat	RAD51D	viper	115	11921	671067.0	0.4895029961740881	0.5104970038259119	0.013578254246068575	0.009554669325357262	1.4211118965711422	0.348989736143279	0.5816495602387983	False	-0.10715688147039987	1.0527127665437517
NadigOConner2024_jurkat	GTF2H4	viper	125	11921	731279.0	0.49075010485697507	0.5092498951430249	0.010450250349727777	0.010376888593724059	1.0070697257025665	0.36078714231172454	0.588898907336828	False	-0.02957386042826582	1.0194671280369698
NadigOConner2024_jurkat	RUVBL2	viper	8	11921	44554.0	0.4671797667980874	0.5328202332019126	0.002916525320219001	0.000670634587978875	4.348903818111558	0.37618520850306403	0.588898907336828	False	-0.646582726097639	0.9776736810618601
NadigOConner2024_jurkat	LIN54	viper	268	11921	1579662.0	0.49444351933813024	0.5055564806618698	0.02364972139397285	0.021987037492821396	1.0756210972803548	0.37767154808427894	0.588898907336828	False	-0.028823657835540292	0.9737303815046785
NadigOConner2024_jurkat	MED1	viper	120	11921	703790.0	0.4919819366384252	0.5080180633615748	0.010882492033153203	0.009965949671954157	1.0919673880933143	0.38105223415912404	0.588898907336828	False	-0.029528996890698555	0.9648188157219344
NadigOConner2024_jurkat	CCND1	viper	282	11921	1671302.0	0.49715651680894496	0.5028434831910551	0.023521355523651595	0.023109071539785298	1.0178407853018454	0.4350726687209018	0.6454391324988487	False	-0.006122051518033855	0.8322422073146986
NadigOConner2024_jurkat	ATF4	viper	52	11921	306010.0	0.49365050686248574	0.5063494931375143	0.004645827760745137	0.004343105320304018	1.0697018419115678	0.4371343274778542	0.6454391324988487	False	-0.02047905715967696	0.8275147455869537
NadigOConner2024_jurkat	ASF1B	viper	92	11921	543398.0	0.49547017867628557	0.5045298213237145	0.009471027753622234	0.007658370099059352	1.2366897435246076	0.4404172904109791	0.6454391324988487	False	-0.010662467632323008	0.820032614207247
NadigOConner2024_jurkat	MYBL2	viper	44	11921	259637.0	0.4949954625527145	0.5050045374472856	0.003992714068970624	0.0036773923944839115	1.085745996255307	0.454318779255249	0.654527054859257	False	-0.0668555081712018	0.7889561703877598
NadigOConner2024_jurkat	POLR2B	viper	37	11921	220052.0	0.49889701798098746	0.5011029820190125	0.0034715029771495497	0.003094162903495568	1.1219522324528193	0.4907531582119116	0.6770166648554896	False	-0.008815901459774955	0.7118140103660672
NadigOConner2024_jurkat	ZBTB17	viper	402	11921	2394731.0	0.4997099478699114	0.5002900521300886	0.03301373463687066	0.03262192647894182	1.0120105769406895	0.49209893507699914	0.6770166648554896	False	0.002791835466915249	0.709075495150345
NadigOConner2024_jurkat	STAT5A	viper	112	11921	667009.0	0.49957532925090176	0.5004246707490982	0.010383411481999517	0.009307737056428156	1.115567771097323	0.4938239202475336	0.6770166648554896	False	-0.021830833496368773	0.7055762620787737
NadigOConner2024_jurkat	YBX1	viper	66	11921	394348.0	0.5012137989237226	0.4987862010762774	0.005710183481482561	0.005505964795194794	1.0370904453413858	0.5135939488601988	0.6929442167161413	False	0.030163959138039674	0.6663223084900464
NadigOConner2024_jurkat	SUPT16H	viper	55	11921	329531.0	0.502598165193585	0.4974018348064149	0.004664299281773896	0.00459251837007348	1.0156299672458942	0.5265544612328305	0.6993301438248529	False	0.0462472064989391	0.6414005126193396
NadigOConner2024_jurkat	NELFE	viper	128	11921	768734.0	0.503794511785924	0.49620548821407595	0.010015821547603693	0.010623288239687941	0.9428174517740382	0.5588003997920582	0.7307389843434607	False	0.03533374379765525	0.5819629361520948
NadigOConner2024_jurkat	POLR2E	viper	17	11921	104553.0	0.5159111207606942	0.4840888792393058	0.0015144480055351124	0.001424024124643994	1.0634988405928336	0.5898348206251454	0.7495828228298036	False	0.2071303286852627	0.527912746322027
NadigOConner2024_jurkat	CDC6	viper	40	11921	243428.0	0.5105024746246121	0.48949752537538793	0.0034034069994143207	0.003344201989800184	1.0177037779998672	0.5908476368187864	0.7495828228298036	False	0.04110135711923568	0.5261971005348202
NadigOConner2024_jurkat	GATA1	viper	32	11921	199603.0	0.5232441699521853	0.4767558300478148	0.0026485700560842343	0.002677152179369196	0.9893236837617141	0.6754048585695215	0.8442560732119018	False	0.09948478479209906	0.3924429774386558
NadigOConner2024_jurkat	TNRC6A	viper	164	11921	1003507.0	0.5132912609639476	0.4867087390360524	0.013231715975892153	0.013570541994207696	0.9750322412722968	0.7209283105758768	0.8742604336522234	False	0.08333908339566438	0.3272155771873666
NadigOConner2024_jurkat	CHEK1	viper	33	11921	208504.0	0.5300145147473392	0.4699854852526608	0.003118012462628936	0.0027605822318889075	1.129476393280797	0.7245648873980921	0.8742604336522234	False	0.06892121800511491	0.3221839596057269
NadigOConner2024_jurkat	RAD51	viper	35	11921	221590.0	0.5310915910697808	0.4689084089302192	0.0029972583539189957	0.002927400468384075	1.0238634536987288	0.7376940982665274	0.8742604336522234	False	0.13628800105578254	0.3042260413048128
NadigOConner2024_jurkat	RUVBL1	viper	25	11921	160123.0	0.53728042949417	0.46271957050583007	0.003281999935100992	0.0020927507115352417	1.5682708489886583	0.7405500143877657	0.8742604336522234	False	-0.01817003683896079	0.30036210618066916
NadigOConner2024_jurkat	NANOG	viper	96	11921	597598.0	0.5221859883119425	0.4778140116880575	0.009615503192683273	0.00798868269950903	1.2036406444424468	0.7733687746195241	0.9004978882556104	False	0.07204306286837002	0.2569992747906344
NadigOConner2024_jurkat	STAT5B	viper	196	11921	1206689.0	0.5164479935082833	0.48355200649171676	0.01575083807483256	0.016175621028307337	0.9737393109833986	0.785582010140986	0.9023577143511327	False	0.052321083626960155	0.24133042171911695
NadigOConner2024_jurkat	CLOCK	viper	441	11921	2713652.0	0.5161820229587795	0.48381797704122054	0.034077128231356904	0.03567383918459796	0.9552414040726396	0.8761495456085877	0.9929694850230661	False	0.05094827067121621	0.13221848845069603
NadigOConner2024_jurkat	USF2	viper	139	11921	891289.0	0.5378870127620745	0.46211298723792543	0.010448877826960454	0.011525704809286899	0.9065717021089429	0.9380190651370829	0.9999999997133711	False	0.13475982572817113	0.0639850048764101
NadigOConner2024_jurkat	BRCA1	viper	137	11921	882846.0	0.5405696994263328	0.4594303005736672	0.011335362017776726	0.011361751534251119	0.9976773373018377	0.9490302771359256	0.9999999997133711	False	0.16486584516964042	0.05231457662831967
NadigOConner2024_jurkat	TFDP1	viper	337	11921	2116763.0	0.5269017570419704	0.47309824295802955	0.024886326832078108	0.02749224995921031	0.9052124460166571	0.9541990588772455	0.9999999997133711	False	0.1346925770200652	0.04688297219568541
NadigOConner2024_jurkat	GABPB1	viper	99	11921	657090.0	0.5567714728020071	0.44322852719799277	0.0070081997628732235	0.008236272878535773	0.850894557068042	0.9743297263638067	0.9999999997133711	False	0.19734694576114292	0.02600550453305127
NadigOConner2024_jurkat	POLR2G	viper	8	11921	67340.0	0.7061068702290076	0.29389312977099236	0.0005326370714102508	0.000670634587978875	0.7942284531066103	0.9790067956803613	0.9999999997133711	False	1.0838372910390148	0.021216695024889716
NadigOConner2024_jurkat	NPM1	viper	148	11921	973892.0	0.5519965901645291	0.4480034098354709	0.01073756580576184	0.012262822106222553	0.8756194710117544	0.9852864399685225	0.9999999997133711	False	0.21189157523456614	0.014822878086253825
NadigOConner2024_jurkat	SUPT4H1	viper	18	11921	143610.0	0.669267119648799	0.3307328803512009	0.0010857156918783644	0.001507663958455482	0.720131091407544	0.9935362903144496	0.9999999997133711	False	0.6942006555010323	0.006484689912596631
NadigOConner2024_jurkat	MCM6	viper	350	11921	2266866.0	0.5433067695663115	0.4566932304336884	0.025143722490821235	0.02852253280091272	0.8815389105281924	0.997164131837178	0.9999999997133711	False	0.16182983765032505	0.0028398968553036393
NadigOConner2024_jurkat	FOXO1	viper	72	11921	512562.0	0.5971744540446831	0.402825545955317	0.004754690395754252	0.006003502042858334	0.7919861377261215	0.9977978014111294	0.9999999997133711	False	0.37091134214475513	0.002204626994058384
NadigOConner2024_jurkat	DNMT1	viper	157	11921	1204800.0	0.6437283239928254	0.35627167600717463	0.009267940994450101	0.012998840867693326	0.7129821103883333	0.9999999997133711	0.9999999997133711	False	0.6168310565073761	2.8662894284381386e-10
NadigOConner2024_jurkat	MYC	z-aggregate	115	11921	122053.0	0.08903031916639617	0.9109696808336039	0.13290113598025688	0.009554669325357262	13.909548457898884	1.9647085478584644e-52	1.6700022656796948e-50	True	-7.733075443838714	119.05908092307043
NadigOConner2024_jurkat	MAX	z-aggregate	76	11921	116802.0	0.12892109898939952	0.8710789010106005	0.03857902713201846	0.006334917062598983	6.089902480300335	2.8493106307377796e-29	1.2109570180635564e-27	True	-3.883927330370226	65.72789061575706
NadigOConner2024_jurkat	TRRAP	z-aggregate	35	11921	50207.0	0.12033266624324422	0.8796673337567558	0.02498282661265036	0.002927400468384075	8.534133570881362	3.9517154557095065e-15	1.1196527124510268e-13	True	-3.666775370964254	33.1646266176907
NadigOConner2024_jurkat	NRF1	z-aggregate	81	11921	259355.0	0.26859437800913627	0.7314056219908637	0.022096000337412	0.0067488751874687555	3.2740271117236888	3.2440404584289057e-13	6.893585974161424e-12	True	-1.3723359083971907	28.756786600975033
NadigOConner2024_jurkat	ACTL6A	z-aggregate	9	11921	7851.0	0.07317618768000447	0.9268238123199956	0.010203306628803355	0.0007544006705783739	13.525049786847115	4.629852816964324e-06	7.870749788839351e-05	True	-4.149734972894674	12.282985479364
NadigOConner2024_jurkat	CCNH	z-aggregate	199	11921	974280.0	0.41069368316289945	0.5893063168371006	0.02743453658857145	0.01641914191419142	1.6708873540376181	7.523745257837458e-06	0.00010658639115269732	True	-0.5979951058752144	11.797446504377042
NadigOConner2024_jurkat	GTF2H1	z-aggregate	46	11921	198663.0	0.36228176072185364	0.6377182392781463	0.01152709757905512	0.003843904069524526	2.9987994940989697	0.000620528884868359	0.007105715370536108	True	-0.8884980344705815	7.384938403446815
NadigOConner2024_jurkat	CDK12	z-aggregate	36	11921	148241.0	0.3454245076382481	0.6545754923617519	0.007561062749415329	0.0030107886593627163	2.511322980409975	0.0006687732113445749	0.007105715370536108	True	-0.8722237581210291	7.31006555180375
NadigOConner2024_jurkat	SUPT5H	z-aggregate	45	11921	198481.5	0.3699941280093952	0.6300058719906048	0.008630601884967677	0.003760655189704162	2.2949729367894047	0.0012838949901629547	0.010871619010521508	True	-0.9183778348041389	6.657856860420994
NadigOConner2024_jurkat	MNAT1	z-aggregate	129	11921	651313.0	0.4235330915607855	0.5764669084392144	0.015410220701276376	0.010705394190871369	1.4394818562044986	0.0013844908096914432	0.010871619010521508	True	-0.4658436180687662	6.582422853373525
NadigOConner2024_jurkat	NELFA	z-aggregate	120	11921	602073.0	0.42087702373961916	0.5791229762603808	0.01697213422371346	0.009965949671954157	1.7030122348977814	0.001406915401361607	0.010871619010521508	True	-0.5817822913818133	6.566355629621615
NadigOConner2024_jurkat	GABPA	z-aggregate	120	11921	604928.0	0.4228728014987557	0.5771271985012443	0.012758592173368978	0.009965949671954157	1.280218402996132	0.0017955133375658885	0.012718219474425044	True	-0.34354823275496577	6.322464315996076
NadigOConner2024_jurkat	TGS1	z-aggregate	154	11921	797547.5	0.4344333420124042	0.5655666579875958	0.016344815458062007	0.012753623188405797	1.2815821211434983	0.0025516115610923038	0.016683614053295832	True	-0.3574929686408891	5.97103013468798
NadigOConner2024_jurkat	KAT5	z-aggregate	34	11921	151049.0	0.3726715583473554	0.6273284416526446	0.0056840424432338475	0.0028439983270598075	1.998609629672372	0.005112642079217934	0.028987322840464274	True	-0.7120906769132334	5.276038967443292
NadigOConner2024_jurkat	CCNK	z-aggregate	237	11921	1275243.0	0.45136919317999613	0.5486308068200039	0.021842287574223587	0.01949333772001974	1.1205001364025753	0.005115409913023107	0.028987322840464274	True	-0.17795602992014786	5.275497743391081
NadigOConner2024_jurkat	POLR2I	z-aggregate	115	11921	595560.0	0.4344251831805765	0.5655748168194235	0.013610123281960323	0.009554669325357262	1.4244473375797777	0.0076707198375502595	0.04075069913698576	True	-0.4418581002524636	4.870344816957129
NadigOConner2024_jurkat	ELL	z-aggregate	92	11921	468813.5	0.4274640477345423	0.5725359522654577	0.01047281602368669	0.007658370099059352	1.3674993357885674	0.008180661269929031	0.040903306349645153	True	-0.3440683866301336	4.805982291790221
NadigOConner2024_jurkat	ATR	z-aggregate	126	11921	662478.0	0.4410504072445185	0.5589495927554815	0.013581075226450176	0.010459035444509006	1.2985016924844863	0.011300575790419124	0.051349595942093304	True	-0.2608861907758606	4.482901599657652
NadigOConner2024_jurkat	CDK7	z-aggregate	16	11921	64041.0	0.335757277074071	0.664242722925929	0.0024952723651273053	0.0013403702772891012	1.8616291389077901	0.011478144975291446	0.051349595942093304	True	-0.8198843687447425	4.467310488665553
NadigOConner2024_jurkat	SSRP1	z-aggregate	17	11921	71140.5	0.3510389475813813	0.6489610524186187	0.0039355037305125505	0.001424024124643994	2.763649619697578	0.016753641923037733	0.07120297817291037	True	-1.060403130899682	4.089139616104097
NadigOConner2024_jurkat	GTF2F2	z-aggregate	103	11921	544346.0	0.44332796085556775	0.5566720391444323	0.011068971826785796	0.008566200931470393	1.2921681285948776	0.023641383838148546	0.09410255764659724	True	-0.3313991481148515	3.744756550164774
NadigOConner2024_jurkat	NELFCD	z-aggregate	106	11921	561663.0	0.4444851562091948	0.5555148437908052	0.010113536724962444	0.008813502951692026	1.1475047753879557	0.024355956096766346	0.09410255764659724	True	-0.26472272917192335	3.7149788558008128
NadigOConner2024_jurkat	HSF1	z-aggregate	32	11921	153702.0	0.4029181696166429	0.597081830383357	0.00400143520781527	0.002677152179369196	1.4946610949692474	0.028732687894707648	0.10618602048044132	False	-0.3657795138485483	3.5497198532941163
NadigOConner2024_jurkat	NFYB	z-aggregate	22	11921	102066.0	0.3891757097863968	0.6108242902136032	0.004087122893575514	0.0018420832286695134	2.218750396271471	0.036015980392814374	0.1275565972245509	False	-0.779419186265891	3.3237925392199976
NadigOConner2024_jurkat	MYB	z-aggregate	13	11921	56261.0	0.3630374323269215	0.6369625676730786	0.02973960447967743	0.0010893246187363835	27.300956912343878	0.0436682643894566	0.14847209892415242	False	-2.488380931811877	3.131133656046934
NadigOConner2024_jurkat	E2F6	z-aggregate	119	11921	646208.0	0.45552548676546367	0.5444745132345363	0.011719506398208648	0.009883720930232558	1.1857382944069925	0.04723913896869337	0.1544356466284206	False	-0.34234931815412883	3.0525325145613924
NadigOConner2024_jurkat	VHL	z-aggregate	61	11921	322407.0	0.44336554447929744	0.5566344555207026	0.0069233850031920445	0.005090969788015356	1.359934411610608	0.06321732894962802	0.19482328876241495	False	-0.12178369494605011	2.7611768231721983
NadigOConner2024_jurkat	POLR2F	z-aggregate	41	11921	210814.0	0.4313232847956363	0.5686767152043637	0.005703815983160271	0.0034275204815248286	1.6641230924527601	0.0641770833570308	0.19482328876241495	False	-0.40436359888900064	2.7461090890661515
NadigOConner2024_jurkat	CDK9	z-aggregate	61	11921	324292.0	0.4459577464207673	0.5540422535792326	0.00713495122960759	0.005090969788015356	1.401491567756691	0.07237421715379831	0.20196339529945775	False	-0.3945841731805875	2.6259051596753067
NadigOConner2024_jurkat	RBBP4	z-aggregate	37	11921	190035.0	0.4308431407668049	0.569156859233195	0.00392157389691805	0.003094162903495568	1.2674102880904334	0.0728500564248493	0.20196339529945775	False	-0.5253327595331831	2.6193519718065725
NadigOConner2024_jurkat	LIN52	z-aggregate	21	11921	102297.0	0.40863062782364856	0.5913693721763514	0.002101260773864321	0.0017584994138335288	1.1949169600708438	0.07365723828568459	0.20196339529945775	False	-0.45425505637865626	2.608332861395693
NadigOConner2024_jurkat	CTDP1	z-aggregate	90	11921	489675.0	0.4564074602242541	0.5435925397757458	0.010153410175210827	0.007493131296311714	1.3550289957161916	0.07676862379347991	0.20391665695143102	False	-0.2631154319437311	2.566959266661223
NadigOConner2024_jurkat	GTF2H3	z-aggregate	88	11921	482362.0	0.4598092746947709	0.540190725305229	0.008847110174827552	0.007327837455241902	1.2073289328352736	0.0965979044122266	0.2488127840920988	False	-0.28316400173587214	2.3371982314541824
NadigOConner2024_jurkat	POLR2H	z-aggregate	13	11921	62150.0	0.4010376000980816	0.5989623999019185	0.0015112539617308227	0.0010893246187363835	1.3873311368688952	0.10836414935274041	0.27091037338185103	False	-0.3907249545668659	2.222257970206565
NadigOConner2024_jurkat	ERCC3	z-aggregate	84	11921	462731.0	0.462100694652494	0.5378993053475061	0.008136424613209297	0.006997084548104956	1.1628306843044953	0.11526683164598761	0.2799337339973985	False	-0.15787447966896084	2.160505563118209
NadigOConner2024_jurkat	MED1	z-aggregate	120	11921	670644.0	0.4688113413304253	0.5311886586695748	0.011932961162433134	0.009965949671954157	1.1973732113071447	0.11948761945988418	0.28197949044896353	False	-0.08363397403811355	2.1245425158238747
NadigOConner2024_jurkat	GTF2F1	z-aggregate	45	11921	241360.0	0.44992496900893847	0.5500750309910617	0.004482080715573004	0.003760655189704162	1.1918350631677013	0.12274401348954883	0.28197949044896353	False	-0.07205640153082091	2.097654283439375
NadigOConner2024_jurkat	POLR2L	z-aggregate	35	11921	187719.5	0.44991311850635735	0.5500868814936427	0.004590650107412533	0.002927400468384075	1.568166076692121	0.15270405782543817	0.3415748661884801	False	-0.2453892522623598	1.879253493270169
NadigOConner2024_jurkat	ATF4	z-aggregate	52	11921	286008.0	0.4613835958521807	0.5386164041478193	0.005510900129387293	0.004343105320304018	1.2688847547914242	0.16790390652193093	0.3659444116503623	False	-0.1718043966107193	1.784363448213203
NadigOConner2024_jurkat	POLR2D	z-aggregate	96	11921	540249.0	0.4720739661102257	0.5279260338897743	0.009294661841912842	0.00798868269950903	1.1634786599402773	0.17258649011685406	0.3667462914983149	False	-0.039324141003164795	1.7568567761839198
NadigOConner2024_jurkat	HDAC3	z-aggregate	120	11921	683736.0	0.4779632581159299	0.5220367418840701	0.011547914664652326	0.009965949671954157	1.1587370039756553	0.202692393295195	0.42021593731930673	False	-0.14875310640622713	1.596065753139065
NadigOConner2024_jurkat	ELOB	z-aggregate	194	11921	1117532.0	0.4832207219867565	0.5167792780132435	0.016637403091499494	0.01601320676846884	1.0389800951212185	0.2109760429598041	0.42697532503769875	False	-0.08046586778083953	1.5560106924271404
NadigOConner2024_jurkat	GTF2H2	z-aggregate	72	11921	406354.0	0.4734339028232158	0.5265660971767842	0.00677169018136849	0.006003502042858334	1.1279566714604485	0.218141960521462	0.43121085219358773	False	-0.09777894475453225	1.5226092330759657
NadigOConner2024_jurkat	POLR2C	z-aggregate	10	11921	51459.0	0.4316668064759668	0.5683331935240332	0.006866263184753525	0.0008381527114240215	8.192138605729431	0.22718132495393772	0.4348239301146869	False	-0.9591491025636227	1.4820067920190145
NadigOConner2024_jurkat	POLR2A	z-aggregate	16	11921	85199.0	0.4466854710175321	0.5533145289824679	0.0022384555241366268	0.0013403702772891012	1.670027724476182	0.23020090417836364	0.4348239301146869	False	-0.3966156653130957	1.4688028549072656
NadigOConner2024_jurkat	ERCC2	z-aggregate	86	11921	489921.0	0.4778756659637185	0.5221243340362813	0.00843214513619236	0.0071624885483467975	1.1772647284914146	0.23942796534538036	0.4424212403121159	False	-0.016721473342321245	1.4295026783723357
NadigOConner2024_jurkat	SP1	z-aggregate	194	11921	1123514.0	0.4858073381721765	0.5141926618278235	0.020228831185986233	0.01601320676846884	1.26325922586713	0.24849182053946411	0.44940010097562655	False	-0.30341115179355094	1.3923453493213236
NadigOConner2024_jurkat	YY1	z-aggregate	65	11921	369092.0	0.47633071567305274	0.5236692843269473	0.00691093663351503	0.005422993492407809	1.2743767152201715	0.2548814900849138	0.45135263869203485	False	-0.030037108031628616	1.3669565866160747
NadigOConner2024_jurkat	NFYC	z-aggregate	20	11921	110953.0	0.4653678382686016	0.5346321617313984	0.003699320145672422	0.0016749015995310276	2.2086790929737194	0.29597418150484045	0.5134246005696212	False	-0.5055801220713179	1.2174830531081766
NadigOConner2024_jurkat	POLR2K	z-aggregate	25	11921	140111.0	0.470131700360708	0.529868299639292	0.004368293355339745	0.0020927507115352417	2.087345296915544	0.30266816567000304	0.5145358816390051	False	-0.4317104024142874	1.1951182364070227
NadigOConner2024_jurkat	NELFB	z-aggregate	205	11921	1199182.0	0.4907028179416934	0.5092971820583067	0.018465529094055067	0.01690582220023091	1.0922585648512768	0.32376983276050797	0.53961638793418	False	0.031659788402309805	1.127722408352759
NadigOConner2024_jurkat	SUPT16H	z-aggregate	55	11921	318736.0	0.48613371361462965	0.5138662863853704	0.005565693556463915	0.00459251837007348	1.2119044733129427	0.36115293112297747	0.5903461374125593	False	-0.1321112872294726	1.0184537784363183
NadigOConner2024_jurkat	RAD51D	z-aggregate	115	11921	673973.0	0.491622748310435	0.5083772516895648	0.01310765362451743	0.009554669325357262	1.3718584263016675	0.37840001127385353	0.6068679426090103	False	-0.1658563966140134	0.9718034120109325
NadigOConner2024_jurkat	POLR2B	z-aggregate	37	11921	214893.0	0.487200647505991	0.512799352494009	0.003659724359840877	0.003094162903495568	1.1827833485128976	0.393870021671973	0.6106442913713599	False	0.05836987446850596	0.9317343183448474
NadigOConner2024_jurkat	ASF1B	z-aggregate	92	11921	539565.0	0.4919752501066806	0.5080247498933195	0.007785059672137543	0.007658370099059352	1.0165426287107424	0.3951227767697035	0.6106442913713599	False	0.15918579235067912	0.9285587351127297
NadigOConner2024_jurkat	GTF2H4	z-aggregate	125	11921	736986.0	0.49457998490059557	0.5054200150994044	0.011164640363336035	0.010376888593724059	1.075914062533967	0.4173009608693649	0.6334032441767146	False	-0.07651146459583562	0.8739475888007369
NadigOConner2024_jurkat	STAT5A	z-aggregate	112	11921	662197.0	0.49597124522151786	0.5040287547784821	0.009897602512745296	0.009307737056428156	1.0633736699630727	0.44157080527910963	0.6584827798021811	False	-0.010321579769300735	0.8174168974385957
NadigOConner2024_jurkat	LMO2	z-aggregate	181	11921	1074637.5	0.49804745884624424	0.5019525411537558	0.015241804445785212	0.014956205585853578	1.0190956762590753	0.46402434892001576	0.680035683762092	False	-0.0689074058405937	0.7678182520119816
NadigOConner2024_jurkat	MYBL2	z-aggregate	44	11921	260881.0	0.4973671366801138	0.5026328633198862	0.0038527656492244712	0.0036773923944839115	1.0476895680220635	0.47593304327203423	0.6856662487817442	False	-0.11404191627773347	0.7424781000399077
NadigOConner2024_jurkat	CCND1	z-aggregate	282	11921	1683600.0	0.5008147610064128	0.4991852389935872	0.023786251688839258	0.023109071539785298	1.0293036502088846	0.5186846424747581	0.7260260065931703	False	0.021454186788860612	0.6564592057847923
NadigOConner2024_jurkat	LIN54	z-aggregate	268	11921	1600418.0	0.5009402697109203	0.49905973028907974	0.02390784767477331	0.021987037492821396	1.0873610272679548	0.521030428260981	0.7260260065931703	False	0.0004099002354148312	0.6519468353622518
NadigOConner2024_jurkat	RUVBL2	z-aggregate	8	11921	48801.0	0.5117125241171042	0.4882874758828958	0.0013827333654747444	0.000670634587978875	2.061828289593528	0.5448284867492166	0.7469422802207002	False	-0.22216465643175515	0.6072842370607873
NadigOConner2024_jurkat	POLR2E	z-aggregate	17	11921	106381.0	0.5249312878410319	0.47506871215896807	0.001472433556067634	0.001424024124643994	1.033994811313848	0.6390260692832244	0.8455708565235106	False	0.5227306563722742	0.44781002843642614
NadigOConner2024_jurkat	CDC6	z-aggregate	40	11921	246947.5	0.5178833571009144	0.4821166428990856	0.003220373960477228	0.003344201989800184	0.9629723235317031	0.6521599908326624	0.8455708565235106	False	0.20761973549676985	0.42746536244471606
NadigOConner2024_jurkat	NANOG	z-aggregate	96	11921	586756.5	0.5127125975169868	0.48728740248301317	0.008455698797163763	0.00798868269950903	1.0584597129741347	0.6663111818079974	0.8455708565235106	False	0.07286801421082931	0.40599847761239655
NadigOConner2024_jurkat	USF2	z-aggregate	139	11921	846356.0	0.5107702446381122	0.4892297553618878	0.01124744021980728	0.011525704809286899	0.9758570435314805	0.6690607567715642	0.8455708565235106	False	0.08567423417360807	0.4018804056807422
NadigOConner2024_jurkat	NELFE	z-aggregate	128	11921	780497.0	0.5115034655230266	0.4884965344769734	0.010082912220393512	0.010623288239687941	0.9491328854962611	0.6730806760470096	0.8455708565235106	False	0.1121185241698876	0.3958900812662872
NadigOConner2024_jurkat	YBX1	z-aggregate	66	11921	406305.0	0.5164110698461843	0.48358893015381565	0.005551043634054489	0.005505964795194794	1.0081872733547146	0.6774478126132355	0.8455708565235106	False	0.15927939734886315	0.389422758548352
NadigOConner2024_jurkat	CHEK1	z-aggregate	33	11921	206311.0	0.5244399366536772	0.4755600633463229	0.0062232765764339065	0.0027605822318889075	2.2543347937785128	0.6864045776484968	0.8455708565235106	False	-0.16866757042461267	0.3762880617622998
NadigOConner2024_jurkat	GABPB1	z-aggregate	99	11921	615537.0	0.5215624070585902	0.47843759294140975	0.008310883539103657	0.008236272878535773	1.0090587892931917	0.770385350177742	0.9162195972960104	False	0.08691657114826132	0.26086443454384595
NadigOConner2024_jurkat	ZBTB17	z-aggregate	402	11921	2448436.5	0.510916706627086	0.489083293372914	0.032636908154762286	0.03262192647894182	1.0004592517192428	0.7725695877386091	0.9162195972960104	False	0.08116786265589876	0.2580331930522776
NadigOConner2024_jurkat	RUVBL1	z-aggregate	25	11921	162087.0	0.5438704806643738	0.45612951933562623	0.004343982800935047	0.0020927507115352417	2.075728741598803	0.77609189418015	0.9162195972960104	False	-0.32735700772564835	0.25348434547480786
NadigOConner2024_jurkat	TNRC6A	z-aggregate	164	11921	1013503.0	0.518404189368628	0.48159581063137197	0.014441893112454057	0.013570541994207696	1.0642090138049225	0.7912793503726996	0.9213526682421845	False	0.1464249527079859	0.2341042125337272
NadigOConner2024_jurkat	GATA1	z-aggregate	32	11921	210819.0	0.5526460657662948	0.44735393423370523	0.0024330173805288445	0.002677152179369196	0.9088080234206649	0.8485536417372159	0.9746899938873426	False	0.24380306535530127	0.16422197681618161
NadigOConner2024_jurkat	RAD51	z-aggregate	35	11921	233527.0	0.5597013673349551	0.4402986326650448	0.002552679708222846	0.002927400468384075	0.8719953883289241	0.8891635192653717	0.9999999809091803	False	0.4006778370447879	0.11747412420089734
NadigOConner2024_jurkat	FOXO1	z-aggregate	72	11921	466378.0	0.5433665147405605	0.4566334852594395	0.006351219458447244	0.006003502042858334	1.0579190967383028	0.8981075992982221	0.9999999809091803	False	0.4439872879712969	0.10746539681311465
NadigOConner2024_jurkat	STAT5B	z-aggregate	196	11921	1242118.0	0.5316111680810232	0.46838883191897684	0.015089166787807024	0.016175621028307337	0.9328338467747842	0.9358146130296799	0.9999999809091803	False	0.14820701135948836	0.06633788512409049
NadigOConner2024_jurkat	POLR2G	z-aggregate	8	11921	64186.0	0.6730349802868887	0.3269650197131113	0.0005956705204264808	0.000670634587978875	0.8882192047709362	0.9549434620144411	0.9999999809091803	False	1.116103157805591	0.04610314233303829
NadigOConner2024_jurkat	TFDP1	z-aggregate	337	11921	2124170.0	0.5287454973730372	0.4712545026269628	0.024720082454729383	0.02749224995921031	0.8991654917806314	0.9642766684908167	0.9999999809091803	False	0.20279261053418382	0.03637702503921327
NadigOConner2024_jurkat	NPM1	z-aggregate	148	11921	967740.0	0.5485096706470752	0.45149032935292477	0.01105357914524761	0.012262822106222553	0.9013895047567122	0.9789069093003804	0.9999999809091803	False	0.24613437434188695	0.02131872851064906
NadigOConner2024_jurkat	BRCA1	z-aggregate	137	11921	899902.0	0.5510131479931446	0.4489868520068553	0.012418129973598339	0.011361751534251119	1.0929767242456117	0.9801345640125815	0.9999999809091803	False	0.25449722768215843	0.020065406526784544
NadigOConner2024_jurkat	CLOCK	z-aggregate	441	11921	2791537.0	0.5309970533525604	0.4690029466474396	0.034562384711759875	0.03567383918459796	0.9688439904915546	0.986626523636814	0.9999999809091803	False	0.1303819804366029	0.013463706663047253
NadigOConner2024_jurkat	SUPT4H1	z-aggregate	18	11921	141949.0	0.6615263447324516	0.33847365526754836	0.0010982303271544983	0.001507663958455482	0.7284317708831975	0.9911561613386423	0.9999999809091803	False	0.8263781074899627	0.008883177511868966
NadigOConner2024_jurkat	MCM6	z-aggregate	350	11921	2306895.0	0.5529006435222357	0.44709935647776433	0.024978302617503542	0.02852253280091272	0.8757392897696742	0.9996393352672577	0.9999999809091803	False	0.15369271911806412	0.0003607297879095837
NadigOConner2024_jurkat	DNMT1	z-aggregate	157	11921	1174480.0	0.6275282552814522	0.3724717447185478	0.010230972666368274	0.012998840867693326	0.7870680755694014	0.9999999809091803	0.9999999809091803	False	0.8052054396326325	1.909081988509023e-08
NadigOConner2024_jurkat	MYC	zscore	115	11921	130072.0	0.09487969713658397	0.905120302863416	0.10405345327513252	0.009554669325357262	10.890324901039087	5.2018938287771794e-51	4.421609754460602e-49	True	-1.8917818182609505	115.78281698557112
NadigOConner2024_jurkat	MAX	zscore	76	11921	118976.0	0.1313206680824198	0.8686793319175802	0.03942002710841617	0.006334917062598983	6.2226587528903785	6.40906836486056e-29	2.723854055065738e-27	True	-1.5112558206629005	64.91725377735315
NadigOConner2024_jurkat	TRRAP	zscore	35	11921	49526.0	0.11870049252819155	0.8812995074718084	0.025706716495647593	0.002927400468384075	8.781414354913217	3.0342094446361696e-15	8.596926759802481e-14	True	-1.7555296338412099	33.428825483856706
NadigOConner2024_jurkat	NRF1	zscore	81	11921	257370.0	0.26653866348522837	0.7334613365147716	0.02148329889153504	0.0067488751874687555	3.1832413987185624	2.0279424025638856e-13	4.309377605448257e-12	True	-0.5891621989167684	29.226584524699597
NadigOConner2024_jurkat	ACTL6A	zscore	9	11921	7333.0	0.06834810651604545	0.9316518934839545	0.010590310940972496	0.0007544006705783739	14.038045502866876	3.664046824516004e-06	6.228879601677207e-05	True	-1.9294269895864016	12.516942331617235
NadigOConner2024_jurkat	CCNH	zscore	199	11921	1000816.0	0.42187955126694626	0.5781204487330537	0.029242727518310516	0.01641914191419142	1.7810143594066505	7.658012333307901e-05	0.0010848850805519525	True	-0.2369897918862516	9.477173001403507
NadigOConner2024_jurkat	CDK12	zscore	36	11921	145229.0	0.338406080772493	0.661593919227507	0.010846317454097898	0.0030107886593627163	3.602483827740238	0.0003990654012380003	0.004845794157890004	True	-0.4418465622551222	7.826385241629465
NadigOConner2024_jurkat	LIN52	zscore	21	11921	79165.0	0.31622866410216466	0.6837713358978353	0.002715202515826721	0.0017584994138335288	1.5440451640001287	0.0017809535681664462	0.018922631661768493	True	-0.6990601843598663	6.330606345667773
NadigOConner2024_jurkat	GTF2H1	zscore	46	11921	209351.0	0.38177239289087944	0.6182276071091206	0.015067385621961443	0.003843904069524526	3.919813124739404	0.0027836086493631174	0.026289637243985	True	-0.3369104844783126	5.884007117740497
NadigOConner2024_jurkat	KAT5	zscore	34	11921	151181.0	0.37299723177585775	0.6270027682241422	0.0058442668558578124	0.0028439983270598075	2.054947360640593	0.005210347086304707	0.04428795023359001	True	-0.4125340061273186	5.257108806183482
NadigOConner2024_jurkat	CCNK	zscore	237	11921	1280069.0	0.4530773442745614	0.5469226557254385	0.021812946804265466	0.01949333772001974	1.1189949672837955	0.006611144854599957	0.051086119330999664	True	-0.11186304256736121	5.018998439722662
NadigOConner2024_jurkat	NELFA	zscore	120	11921	623616.0	0.435936582501468	0.5640634174985321	0.015877785175107444	0.009965949671954157	1.5932034274455726	0.007786370265681927	0.05515345604858032	True	-0.19724874935951298	4.855380475609676
NadigOConner2024_jurkat	HSF1	zscore	32	11921	146336.0	0.3836087576545592	0.6163912423454408	0.004000401730638403	0.002677152179369196	1.494275058947526	0.011374695894288158	0.0743730116164995	True	-0.21790770355896993	4.476364049070572
NadigOConner2024_jurkat	NFYB	zscore	22	11921	96409.0	0.3676056767659821	0.6323943232340179	0.015127145238389159	0.0018420832286695134	8.211977071912806	0.015815218294181425	0.08665522873446785	True	-0.48256652085193835	4.146782619336451
NadigOConner2024_jurkat	TGS1	zscore	154	11921	825861.0	0.44985603273498587	0.5501439672650141	0.015224489700969382	0.012753623188405797	1.1937383970078266	0.016108126232268778	0.08665522873446785	True	-0.12712986641786594	4.128431399404019
NadigOConner2024_jurkat	MNAT1	zscore	129	11921	684936.0	0.4453973152712723	0.5546026847287276	0.014383349015317324	0.010705394190871369	1.3435608963920447	0.016311572467664535	0.08665522873446785	True	-0.16254108359854458	4.115880455735627
NadigOConner2024_jurkat	SUPT5H	zscore	45	11921	220114.0	0.41031979047246225	0.5896802095275377	0.005141088029920771	0.003760655189704162	1.3670724303562654	0.018765107085007806	0.09382553542503902	True	-0.24696861871652864	3.9757561397763275
NadigOConner2024_jurkat	MYB	zscore	13	11921	52653.0	0.3397559574893691	0.660244042510631	0.015425712368431205	0.0010893246187363835	14.160803954219844	0.022737557041811116	0.10013036418827628	False	-0.7227912290584597	3.783737226430274
NadigOConner2024_jurkat	NFYC	zscore	20	11921	88801.0	0.37245616978441404	0.6275438302155859	0.003932556575473084	0.0016749015995310276	2.347932903386205	0.024183482209548808	0.10013036418827628	False	-0.44440114068737	3.722085432189496
NadigOConner2024_jurkat	POLR2I	zscore	115	11921	612370.0	0.44668706666715297	0.553312933332847	0.01206559015796059	0.009554669325357262	1.2627951577496839	0.024367196827983627	0.10013036418827628	False	-0.16052740073754668	3.714517443484821
NadigOConner2024_jurkat	CDK7	zscore	16	11921	68307.0	0.3581232698599111	0.641876730140089	0.0026432763552225163	0.0013403702772891012	1.9720493657681983	0.024738089975927084	0.10013036418827628	False	-0.3825243820876182	3.6994111188814713
NadigOConner2024_jurkat	SSRP1	zscore	17	11921	74636.0	0.3682873031772897	0.6317126968227103	0.003488467970337224	0.001424024124643994	2.449725331169752	0.03006905317093173	0.11617588725132712	False	-0.40007076416100834	3.5042587699755545
NadigOConner2024_jurkat	RBBP4	zscore	37	11921	184175.0	0.4175574786261809	0.5824425213738191	0.004164904736818028	0.003094162903495568	1.3460521849424318	0.04142483322972281	0.1530917749794104	False	-0.34471668942479017	3.1838747415141184
NadigOConner2024_jurkat	SP1	zscore	194	11921	1078890.0	0.4665119251567666	0.5334880748432334	0.024979766133257923	0.01601320676846884	1.5599477665176276	0.05449909028461959	0.1930176114246944	False	-0.09642326113339461	2.909571269477581
NadigOConner2024_jurkat	POLR2F	zscore	41	11921	210976.0	0.4316547351363959	0.5683452648636041	0.004871770670000167	0.0034275204815248286	1.4213687988912684	0.06510361978687407	0.21641996876794123	False	-0.21080672162650216	2.7317751278284215
NadigOConner2024_jurkat	ATR	zscore	126	11921	692589.0	0.46109706360524244	0.5389029363947575	0.0125114707674659	0.010459035444509006	1.1962356217116008	0.0661990492701938	0.21641996876794123	False	-0.08750614481974889	2.7150891776197366
NadigOConner2024_jurkat	VHL	zscore	61	11921	326719.0	0.44929529236875	0.55070470763125	0.006175997654429786	0.005090969788015356	1.21312793271111	0.08561393989788307	0.2695253663451875	False	-0.10105891925621613	2.4579071598186095
NadigOConner2024_jurkat	POLR2H	zscore	13	11921	61360.0	0.39593993792467075	0.6040600620753294	0.001545648089701202	0.0010893246187363835	1.4189049463457033	0.09698792899938308	0.2944276416052701	False	-0.24702985215457024	2.333168751527794
NadigOConner2024_jurkat	GTF2F2	zscore	103	11921	575134.0	0.46840241948816763	0.5315975805118324	0.009953677908854361	0.008566200931470393	1.1619710987967458	0.1343543632820186	0.3750972645497122	False	-0.09213254320475128	2.0072744674698217
NadigOConner2024_jurkat	ELL	zscore	92	11921	512012.0	0.46685243067586246	0.5331475693241374	0.009095552688554616	0.007658370099059352	1.1876616787783327	0.13630073587348546	0.3750972645497122	False	-0.08063920926964818	1.992891541369166
NadigOConner2024_jurkat	GABPA	zscore	120	11921	673779.0	0.4710028521097223	0.5289971478902776	0.01049876781184246	0.009965949671954157	1.0534638601866255	0.1368001788357774	0.3750972645497122	False	-0.05871855629554104	1.989233966515467
NadigOConner2024_jurkat	NELFCD	zscore	106	11921	595814.0	0.4715113490858846	0.5284886509141155	0.009091059386610104	0.008813502951692026	1.031492181535469	0.15588683331107012	0.41407440098253	False	-0.07496419839244167	1.8586249624755844
NadigOConner2024_jurkat	CDK9	zscore	61	11921	336986.0	0.46341419811573736	0.5365858018842626	0.006554167590470168	0.005090969788015356	1.287410427360878	0.16175649449420815	0.41664551612144524	False	-0.12845671365846373	1.8216631949746664
NadigOConner2024_jurkat	ERCC3	zscore	84	11921	473327.0	0.4726822613954566	0.5273177386045433	0.007841481674146458	0.006997084548104956	1.1206784225967648	0.19373355936396996	0.47068500642012484	False	-0.05892439953825834	1.6412714692447
NadigOConner2024_jurkat	POLR2L	zscore	35	11921	191294.0	0.4584802329622395	0.5415197670377605	0.013377998094232513	0.002927400468384075	4.569924148989826	0.19777498330509702	0.47068500642012484	False	-0.125548664865059	1.620625342488297
NadigOConner2024_jurkat	E2F6	zscore	119	11921	677458.0	0.4775542630440315	0.5224457369559685	0.010651702475882345	0.009883720930232558	1.0777016622657432	0.19934894389558228	0.47068500642012484	False	-0.14008349724642066	1.612698502908549
NadigOConner2024_jurkat	GTF2F1	zscore	45	11921	249443.0	0.464992683313294	0.5350073166867061	0.004309195145342049	0.003760655189704162	1.1458628690925101	0.20842166581932775	0.47880652958494213	False	-0.05638937902926178	1.5681920118419481
NadigOConner2024_jurkat	POLR2C	zscore	10	11921	51536.0	0.43231272544249644	0.5676872745575036	0.009055464279903521	0.0008381527114240215	10.804074432352891	0.22931969130346147	0.5129519410735323	False	-0.2880203550840029	1.4726382170816128
NadigOConner2024_jurkat	POLR2D	zscore	96	11921	549840.0	0.48045465984397284	0.5195453401560272	0.009161167940995129	0.00798868269950903	1.146768282780609	0.2544044589918697	0.5396991265643061	False	-0.030714125906569745	1.36882992018601
NadigOConner2024_jurkat	POLR2K	zscore	25	11921	137698.0	0.46203506417246876	0.5379649358275312	0.0036565418110604472	0.0020927507115352417	1.7472419389971243	0.25564607069674333	0.5396991265643061	False	-0.1439276956050382	1.3639613274285654
NadigOConner2024_jurkat	GTF2H3	zscore	88	11921	503710.0	0.48015915382327595	0.5198408461767241	0.007984827522281832	0.007327837455241902	1.0896567467623015	0.2603254610486653	0.5396991265643061	False	-0.06112078222940551	1.3458226575174614
NadigOConner2024_jurkat	CTDP1	zscore	90	11921	516180.0	0.48111176355451163	0.5188882364454883	0.009556091287919349	0.007493131296311714	1.2753134717688812	0.26816909206666284	0.5404068518221727	False	-0.05179988847895692	1.316137556883335
NadigOConner2024_jurkat	LMO2	zscore	181	11921	1050738.0	0.48697108635533837	0.5130289136446615	0.01610542211188933	0.014956205585853578	1.0768387756800257	0.2733822897453344	0.5404068518221727	False	-0.05120213382075223	1.2968841346056244
NadigOConner2024_jurkat	ELOB	zscore	194	11921	1130315.0	0.48874808987345386	0.5112519101265461	0.01596181165114466	0.01601320676846884	0.9967904544000905	0.2951157806259867	0.570110030754747	False	-0.018479513896910826	1.2203875229428904
NadigOConner2024_jurkat	RAD51D	zscore	115	11921	666595.0	0.48624094126915235	0.5137590587308476	0.013234705059802697	0.009554669325357262	1.3851557399981327	0.3055008730788814	0.5723343431737886	False	-0.06751112409923488	1.1858026425058918
NadigOConner2024_jurkat	POLR2A	zscore	16	11921	88749.0	0.46529758409529404	0.534702415904706	0.0018168362080601863	0.0013403702772891012	1.3554733634759026	0.315445908172396	0.5723343431737886	False	-0.0995345128681896	1.1537680596477804
NadigOConner2024_jurkat	MED1	zscore	120	11921	697164.0	0.487350054525627	0.5126499454743729	0.011493526364351508	0.009965949671954157	1.153279591276304	0.31646722504903607	0.5723343431737886	False	-0.02833438938366964	1.1505355971074651
NadigOConner2024_jurkat	MCM6	zscore	350	11921	2058284.0	0.4933152779608614	0.5066847220391386	0.028343726595488974	0.02852253280091272	0.9937310544378434	0.33470004436664036	0.5926979952325923	False	-0.02557191587201979	1.0945205382084253
NadigOConner2024_jurkat	LIN54	zscore	268	11921	1579720.0	0.4944616736800854	0.5055383263199146	0.024488531804769523	0.021987037492821396	1.1137713215236407	0.378058527471109	0.6556177481092647	False	-0.021902175049593797	0.9727062607685322
NadigOConner2024_jurkat	STAT5A	zscore	112	11921	656940.0	0.4920338658070392	0.5079661341929609	0.010137484472622037	0.009307737056428156	1.0891459880273302	0.38565749888780276	0.6556177481092647	False	-0.027336969962123647	0.9528056119894062
NadigOConner2024_jurkat	MYBL2	zscore	44	11921	256670.0	0.48933890536943975	0.5106610946305603	0.004164728976017623	0.0036773923944839115	1.1325223226829741	0.4034255268391874	0.6723758780653124	False	-0.09272754581383226	0.9077633762395115
NadigOConner2024_jurkat	ASF1B	zscore	92	11921	541474.0	0.4937158758931079	0.506284124106892	0.009829800282532993	0.007658370099059352	1.28353685645727	0.4176243973063104	0.6771416739016753	False	0.008780571600562781	0.8731728214518779
NadigOConner2024_jurkat	POLR2B	zscore	37	11921	216424.0	0.49067169677856703	0.5093283032214331	0.003587182584469018	0.003094162903495568	1.159338630948122	0.42221774960927994	0.6771416739016753	False	0.0004288159986937101	0.8622341036906386
NadigOConner2024_jurkat	ERCC2	zscore	86	11921	509505.0	0.49697816829008024	0.5030218317099198	0.00858507318124456	0.0071624885483467975	1.1986159731070167	0.4614792646661888	0.7264025462338158	False	0.007221894443265597	0.773318156349409
NadigOConner2024_jurkat	CDC6	zscore	40	11921	236947.0	0.49691091351396693	0.503089086486033	0.0034520978210242715	0.003344201989800184	1.0322635509317828	0.47307611816852246	0.7311176371695347	False	-0.0007635590614982583	0.7484989770769492
NadigOConner2024_jurkat	RUVBL2	zscore	8	11921	49084.0	0.5146799765120376	0.48532002348796244	0.0012719158535283493	0.000670634587978875	1.8965855270924599	0.5561159382855442	0.8441045491834153	False	-0.09400238384618564	0.5867784843729628
NadigOConner2024_jurkat	CHEK1	zscore	33	11921	200326.0	0.5092261428139291	0.4907738571860709	0.004000038850633318	0.0027605822318889075	1.4489837703172934	0.5727429729942572	0.8491353735894386	False	-0.015873350016427396	0.5573182266120413
NadigOConner2024_jurkat	GTF2H4	zscore	125	11921	752853.0	0.505228084892207	0.49477191510779295	0.010204607176201093	0.010376888593724059	0.9833975843561469	0.5798204284593282	0.8491353735894386	False	0.01463966916186929	0.5450368294841433
NadigOConner2024_jurkat	GTF2H2	zscore	72	11921	435775.0	0.5077116479788235	0.49228835202117643	0.005821169443316194	0.006003502042858334	0.9696289601901543	0.5893998475503162	0.8491353735894386	False	0.04938322312394838	0.528650467330907
NadigOConner2024_jurkat	CCND1	zscore	282	11921	1698107.0	0.5051301089144195	0.4948698910855805	0.02318227808898951	0.023109071539785298	1.0031678706380815	0.6159868670175038	0.859998523729427	False	0.009709669543577326	0.4845296354526665
NadigOConner2024_jurkat	YBX1	zscore	66	11921	402463.0	0.511527912291271	0.48847208770872896	0.0070643478990991045	0.005505964795194794	1.2830354282803178	0.6268546376956781	0.859998523729427	False	0.03236428755519949	0.467040603033691
NadigOConner2024_jurkat	GATA1	zscore	32	11921	197065.0	0.5165909948829797	0.4834090051170204	0.0027399197550661233	0.002677152179369196	1.0234456510095429	0.6272930408379349	0.859998523729427	False	0.0406697094276427	0.46634147777497154
NadigOConner2024_jurkat	POLR2E	zscore	17	11921	106985.0	0.527911693156417	0.472088306843583	0.0014432491604314103	0.001424024124643994	1.0135004986605987	0.654829850344157	0.88350059173418	False	0.18362130318648484	0.4233798475600131
NadigOConner2024_jurkat	CLOCK	zscore	441	11921	2668775.0	0.5076456665489225	0.4923543334510775	0.034627732050916675	0.03567383918459796	0.9706757905066484	0.7075242647089481	0.9396806640665718	False	0.005162834549422568	0.3459833536444455
NadigOConner2024_jurkat	RUVBL1	zscore	25	11921	159259.0	0.5343813438469927	0.46561865615300724	0.004940481914803495	0.0020927507115352417	2.360759878169702	0.7240391687476626	0.9406413456546543	False	-0.07653959826577861	0.3229097875796019
NadigOConner2024_jurkat	HDAC3	zscore	120	11921	738747.0	0.5164185051589631	0.48358149484103685	0.009934022921274942	0.009965949671954157	0.9967964166255965	0.7323426517949538	0.9406413456546543	False	0.034299382308710324	0.3115067710020926
NadigOConner2024_jurkat	ATF4	zscore	52	11921	326057.0	0.5259900111632348	0.4740099888367651	0.004475091806491676	0.004343105320304018	1.0303898884447082	0.7414467077513157	0.9406413456546543	False	0.08735447870986346	0.2991519908550689
NadigOConner2024_jurkat	YY1	zscore	65	11921	408683.0	0.5274247772192575	0.4725752227807425	0.006557472836028307	0.005422993492407809	1.20919799096362	0.777518346387138	0.9560921710540907	False	0.08566711816832817	0.2516480385677384
NadigOConner2024_jurkat	STAT5B	zscore	196	11921	1206862.0	0.5165220353723236	0.48347796462767645	0.01559281008291341	0.016175621028307337	0.9639697947686826	0.7866195523650238	0.9560921710540907	False	0.04661628607577595	0.24001056248554267
NadigOConner2024_jurkat	SUPT16H	zscore	55	11921	349975.0	0.5337791979013353	0.4662208020986647	0.004558758722992444	0.00459251837007348	0.9926489903010457	0.8066978026042233	0.9560921710540907	False	0.09244083291174096	0.2148061509747104
NadigOConner2024_jurkat	NANOG	zscore	96	11921	601827.0	0.5258813228755976	0.47411867712440237	0.0081351992265019	0.00798868269950903	1.018340511509097	0.8091868649699019	0.9560921710540907	False	0.05130561161183733	0.21172540593855152
NadigOConner2024_jurkat	RAD51	zscore	35	11921	226507.0	0.5428763167040157	0.45712368329598424	0.00274988594182627	0.002927400468384075	0.9393610377278537	0.8098663095987592	0.9560921710540907	False	0.11430339512891541	0.21088609481595777
NadigOConner2024_jurkat	NELFE	zscore	128	11921	803764.0	0.5267516357688113	0.47324836423118866	0.009557558262976091	0.010623288239687941	0.8996798399265541	0.8514868022478645	0.9787045124050846	False	0.08409165699209667	0.16077127841482006
NadigOConner2024_jurkat	NELFB	zscore	205	11921	1273847.0	0.5212555829945515	0.47874441700544845	0.01658429933734064	0.01690582220023091	0.9809815305589882	0.8520486343291325	0.9787045124050846	False	0.07226759619960674	0.16011167123603773
NadigOConner2024_jurkat	TFDP1	zscore	337	11921	2082693.0	0.5184210991400607	0.48157890085993915	0.02487560341044376	0.02749224995921031	0.9048223934872985	0.8759933851602796	0.9927925031816502	False	0.0785195878755438	0.13239673926115142
NadigOConner2024_jurkat	BRCA1	zscore	137	11921	889828.0	0.5448448024923201	0.45515519750767985	0.01172456140408367	0.011361751534251119	1.0319325650397146	0.9646864653243649	0.9999999999884599	False	0.11988772008369164	0.0359521368362929
NadigOConner2024_jurkat	GABPB1	zscore	99	11921	656068.0	0.555905502470388	0.44409449752961205	0.007672738139249393	0.008236272878535773	0.9315789134725022	0.9725014401510881	0.9999999999884599	False	0.12588846164452508	0.02788372261547735
NadigOConner2024_jurkat	POLR2G	zscore	8	11921	66933.0	0.7018391913430081	0.2981608086569919	0.000533043564576453	0.000670634587978875	0.7948345852290635	0.9766599752525288	0.9999999999884599	False	0.6177114723652536	0.023616716939878137
NadigOConner2024_jurkat	NPM1	zscore	148	11921	968524.0	0.5489540375036558	0.4510459624963442	0.010891281902953853	0.012262822106222553	0.8881546032888518	0.9798319131631763	0.9999999999884599	False	0.15710880257169846	0.020374239208705503
NadigOConner2024_jurkat	USF2	zscore	139	11921	915047.0	0.5522248085266372	0.4477751914733627	0.010132905137468362	0.011525704809286899	0.8791570932220751	0.983018830184285	0.9999999999884599	False	0.1360226884152369	0.017127003184987378
NadigOConner2024_jurkat	SUPT4H1	zscore	18	11921	144627.0	0.6740066549226854	0.32599334507731453	0.0010753100024344891	0.001507663958455482	0.7132292288369647	0.9946961559997229	0.9999999999884599	False	0.48897115007745706	0.00531795931326775
NadigOConner2024_jurkat	TNRC6A	zscore	164	11921	1108117.0	0.5667990081041654	0.4332009918958346	0.012748526529708029	0.013570541994207696	0.9394264823873264	0.9983750784328617	0.9999999999884599	False	0.28157049385003763	0.0016262431840646104
NadigOConner2024_jurkat	FOXO1	zscore	72	11921	516757.0	0.6020619541611908	0.3979380458388092	0.004792125154994116	0.006003502042858334	0.7982216247756171	0.9986090809941066	0.9999999999884599	False	0.2664310960594263	0.0013918872316537494
NadigOConner2024_jurkat	ZBTB17	zscore	402	11921	2619287.0	0.5465681824916188	0.45343181750838124	0.03051528177502837	0.03262192647894182	0.9354224311285437	0.9992663611109448	0.9999999999884599	False	0.09157516635605667	0.0007339081337586103
NadigOConner2024_jurkat	DNMT1	zscore	157	11921	1225958.0	0.6550331080889743	0.3449668919110257	0.009205495496134431	0.012998840867693326	0.7081781821803291	0.9999999999884599	0.9999999999884599	False	0.5716751912328144	1.1540102207230314e-11
NormanWeissman2019_filtered	IRF1	ulm	420	11764	4301074.0	0.8705076828419229	0.870507682841923	0.4357967093025819	0.034471437951411686	12.642255014625377	1.383432299979988e-147	2.2134916799679806e-146	True	1.062930438874707	338.15544108495504
NormanWeissman2019_filtered	CEBPA	ulm	451	11764	4499085.0	0.8479937288476777	0.8479937288476777	0.6233573337198715	0.03692181743757675	16.883170357845298	1.4113639792452506e-139	1.1290911833962005e-138	True	1.6406679444975119	319.7147713282077
NormanWeissman2019_filtered	SPI1	ulm	607	11764	5149466.0	0.7211381776811057	0.7211381776811057	0.2319098212128021	0.04906636488561959	4.726452056381508	6.130059908856412e-76	3.26936528472342e-75	True	0.4893290414866823	173.18326254458734
NormanWeissman2019_filtered	CEBPB	ulm	480	11764	4132127.0	0.7317747294004306	0.7317747294004308	0.16441783971435708	0.039202874877491016	4.194025061380392	6.480460172196296e-67	2.5921840688785184e-66	True	0.5357982169269759	152.40440970853044
NormanWeissman2019_filtered	TP73	ulm	246	11764	2373129.0	0.8200327995289474	0.8200327995289474	0.3243436631950812	0.02048293089092423	15.834826808833029	1.1485593254985977e-66	3.6753898415955124e-66	True	1.0480671277844709	151.83210774102818
NormanWeissman2019_filtered	ETS2	ulm	1195	11764	7926085.0	0.5638139334385168	0.5638139334385168	0.11719182695450583	0.09221390539393472	1.2708693602539256	1.6621718894308927e-13	4.432458371815714e-13	True	0.06626271708658138	29.425481094593536
NormanWeissman2019_filtered	JUN	ulm	265	11764	1784007.0	0.572262996157128	0.572262996157128	0.030116975903601115	0.022030093939645855	1.3670834080921428	2.792344661252446e-05	5.6522894422039395e-05	True	0.15220549428275765	10.48604384168161
NormanWeissman2019_filtered	MAML2	ulm	621	11764	4002399.0	0.5478652632201411	0.5478652632201411	0.056129958203898336	0.050141299959628585	1.1194356398635763	2.8261447211019697e-05	5.6522894422039395e-05	True	0.05920365167782293	10.474011971438086
NormanWeissman2019_filtered	EGR1	ulm	316	11764	1999316.0	0.5378229655804665	0.5378229655804665	0.03297493188240404	0.026158940397350994	1.260560687150129	0.010771224617051678	0.01914884376364743	True	0.06707886757456777	4.53087708795928
NormanWeissman2019_filtered	MAPK1	ulm	757	11764	4667238.0	0.5240938366473719	0.5240938366473719	0.06360808406537255	0.06045842983787238	1.0520961962781106	0.013014128293064735	0.01939333432342546	True	0.01688134342490033	4.341719719877043
NormanWeissman2019_filtered	FOXO4	ulm	214	11764	1369857.0	0.5441347275229037	0.5441347275229037	0.02696120610416142	0.017866087827684087	1.5090716201665677	0.013332917347355004	0.01939333432342546	True	0.11864419145477587	4.317519312971382
NormanWeissman2019_filtered	SNAI1	ulm	462	11764	2868276.0	0.527744781570011	0.527744781570011	0.04840144796220503	0.03778831997382627	1.2808573653374864	0.02136576222464217	0.02848768296618956	True	0.04567479816639586	3.845965534199474
NormanWeissman2019_filtered	HNF4A	ulm	233	11764	1381048.0	0.5038460247529015	0.5038460247529015	0.020442480335247454	0.019421522047178463	1.0525683973474835	0.42020674393065005	0.5171775309915693	False	-3.746120873748815e-05	0.8670084413648286
NormanWeissman2019_filtered	AHR	ulm	557	11764	3251957.0	0.49628892455270834	0.49628892455270834	0.057732080274524325	0.04520736953169385	1.2770501993939214	0.61656000482579	0.7046400055151886	False	0.01315126799576928	0.48359962968544
NormanWeissman2019_filtered	CDKN1A	ulm	347	11764	1920117.0	0.47037388525732293	0.470373885257323	0.026388646981418025	0.02865163900586244	0.921017013233296	0.970223536723141	0.9992063231907026	False	-0.06778455826253915	0.030228783804241727
NormanWeissman2019_filtered	FOXA1	ulm	835	11764	4590727.0	0.4673475558234093	0.4673475558234093	0.06168564648660442	0.06627510119850782	0.9307514492032682	0.9992063231907026	0.9992063231907026	False	-0.06802725151618905	0.0007939919374872264
NormanWeissman2019_filtered	CEBPA	viper	451	11764	4390839.0	0.8275913738859808	0.8275913738859809	0.47064035125254583	0.03692181743757675	12.746944324944229	5.95452458941956e-124	9.527239343071296e-123	True	1.5331051250036754	283.7364001654919
NormanWeissman2019_filtered	IRF1	viper	420	11764	4056607.0	0.8210292498502291	0.8210292498502292	0.31667759080992336	0.034471437951411686	9.18666611054311	2.270361221006062e-111	1.8162889768048497e-110	True	1.4325000892179558	254.7670063753088
NormanWeissman2019_filtered	SPI1	viper	607	11764	5083853.0	0.7119496444910253	0.7119496444910254	0.166141297280887	0.04906636488561959	3.386052699607666	6.176544990175255e-70	3.2941573280934695e-69	True	0.705984053373641	159.36019745752606
NormanWeissman2019_filtered	TP73	viper	246	11764	2171964.0	0.7505203970774832	0.7505203970774833	0.07228913265826163	0.02048293089092423	3.5292377366899275	1.1638707027755736e-41	4.655482811102294e-41	True	1.0200420894656461	94.25423754970619
NormanWeissman2019_filtered	CEBPB	viper	480	11764	3766939.0	0.6671021407117761	0.667102140711776	0.0978423271372189	0.039202874877491016	2.4957946947252254	8.917598265500348e-36	2.8536314449601114e-35	True	0.5915664151495919	80.70503669019536
NormanWeissman2019_filtered	ETS2	viper	1195	11764	8059976.0	0.5733381325055236	0.5733381325055236	0.12008166747912949	0.09221390539393472	1.3022078065791123	2.950624061177881e-17	7.868330829807683e-17	True	0.15767833286695537	38.06192988675779
NormanWeissman2019_filtered	MAPK1	viper	757	11764	4721997.0	0.5302428383483723	0.5302428383483723	0.06408461567832424	0.06045842983787238	1.0599781676463644	0.0026043415598099567	0.005952780708137044	True	0.06268707127266265	5.950575395875766
NormanWeissman2019_filtered	EGR1	viper	316	11764	2017059.0	0.5425958943612567	0.5425958943612567	0.033889487223702164	0.026158940397350994	1.295522169817475	0.004821546685825764	0.009643093371651527	True	0.14567720391568112	5.334660513218078
NormanWeissman2019_filtered	HNF4A	viper	233	11764	1500509.0	0.5474288328544348	0.5474288328544348	0.023255760947184227	0.019421522047178463	1.1974221634479363	0.006508231761291357	0.0115701897978513	True	0.12699957651680582	5.034687478505994
NormanWeissman2019_filtered	JUN	viper	265	11764	1656811.0	0.5314618311060928	0.5314618311060928	0.02340820199562682	0.022030093939645855	1.062555704926019	0.03967704718439403	0.06348327549503044	True	0.08976612970586514	3.226982415050328
NormanWeissman2019_filtered	FOXO4	viper	214	11764	1344361.0	0.5340072039836409	0.534007203983641	0.021228996448800476	0.017866087827684087	1.1882285956249163	0.043838147041967465	0.06376457751558905	True	0.15042253082120555	3.127250903614105
NormanWeissman2019_filtered	MAML2	viper	621	11764	3699672.0	0.5064267141052617	0.5064267141052619	0.050464602566350214	0.050141299959628585	1.0064478305704467	0.2943673256924425	0.3924897675899233	False	0.020667549922431583	1.2229268843858692
NormanWeissman2019_filtered	AHR	viper	557	11764	3304484.0	0.5043051954751038	0.5043051954751037	0.05860772129330909	0.04520736953169385	1.2964196302600741	0.36545832565518227	0.44979486234483973	False	0.05113785721696207	1.0066030263883496
NormanWeissman2019_filtered	SNAI1	viper	462	11764	2685839.0	0.49417751861648496	0.49417751861648496	0.04196802989191621	0.03778831997382627	1.1106085139795836	0.6646727132631594	0.7596259580150393	False	0.007233213900135538	0.4084605199835443
NormanWeissman2019_filtered	CDKN1A	viper	347	11764	1905307.0	0.46674585777740324	0.46674585777740324	0.0261074693191523	0.02865163900586244	0.9112033456030361	0.9827771212463711	0.9964306328892788	False	-0.13933410495335552	0.017372917761173334
NormanWeissman2019_filtered	FOXA1	viper	835	11764	4638248.0	0.4721853131547174	0.47218531315471746	0.060861168646658026	0.06627510119850782	0.9183112141068795	0.9964306328892788	0.9964306328892788	False	-0.10775994114800919	0.003575752500568619
NormanWeissman2019_filtered	IRF1	z-aggregate	420	11764	4535186.0	0.9178903353248814	0.9178903353248814	0.5644050844362634	0.034471437951411686	16.373122735170078	4.1470673377993105e-187	6.635307740478897e-186	True	6.4701215469264	429.1610109710403
NormanWeissman2019_filtered	CEBPA	z-aggregate	451	11764	4381747.0	0.8258777012208316	0.8258777012208315	0.4270894584517832	0.03692181743757675	11.567400742768363	1.0989208128452682e-122	8.791366502762145e-122	True	6.562041098157998	280.82105272627405
NormanWeissman2019_filtered	SPI1	z-aggregate	607	11764	5042256.0	0.7061243443964134	0.7061243443964134	0.23012646292602815	0.04906636488561959	4.690106215581374	2.921116312736104e-66	1.5579287001259222e-65	True	2.10878068106892	150.8986502955022
NormanWeissman2019_filtered	TP73	z-aggregate	246	11764	2263590.0	0.7821816869987809	0.782181686998781	0.16164307940426198	0.02048293089092423	7.891599120508888	2.6644606374916953e-52	1.0657842549966781e-51	True	3.3193426737772396	118.75442318598843
NormanWeissman2019_filtered	CEBPB	z-aggregate	480	11764	3931820.0	0.6963015697608523	0.6963015697608523	0.10581057748709208	0.039202874877491016	2.6990514807332406	1.3498467137773855e-48	4.319509484087634e-48	True	1.3265229017474756	110.2240934230607
NormanWeissman2019_filtered	ETS2	z-aggregate	1195	11764	7563739.0	0.5380388220782787	0.5380388220782786	0.11418215180231	0.09221390539393472	1.2382313851097366	1.2482019580915374e-06	3.3285385549107665e-06	True	0.32201353240277675	13.593806475715494
NormanWeissman2019_filtered	MAML2	z-aggregate	621	11764	3883164.0	0.531543873308727	0.531543873308727	0.05207050525647791	0.050141299959628585	1.0384753745595474	0.003885083379867221	0.008880190582553649	True	-0.03843993256099826	5.550610833393547
NormanWeissman2019_filtered	AHR	z-aggregate	557	11764	3465044.5	0.5288087168533523	0.5288087168533523	0.13438875209382373	0.04520736953169385	2.972717799906647	0.010677649207739738	0.021355298415479475	True	3.422645113594924	4.539602581313066
NormanWeissman2019_filtered	HNF4A	z-aggregate	233	11764	1487031.0	0.5425116708719261	0.5425116708719262	0.036673198941752236	0.019421522047178463	1.8882762562412083	0.01294350813301704	0.023010681125363627	True	1.0936259716173127	4.347160919000409
NormanWeissman2019_filtered	SNAI1	z-aggregate	462	11764	2869382.0	0.5279482786283194	0.5279482786283194	0.045619223298459716	0.03778831997382627	1.2072307879804514	0.020616096171706445	0.03298575387473031	True	-0.07579141609830808	3.881683140736743
NormanWeissman2019_filtered	EGR1	z-aggregate	316	11764	1971354.0	0.5303010902173118	0.5303010902173118	0.03314162306510968	0.026158940397350994	1.2669329323624205	0.0327912866608427	0.04769641696122575	True	0.27866173857568166	3.4175924494674694
NormanWeissman2019_filtered	FOXO4	z-aggregate	214	11764	1314434.5	0.522119796813977	0.522119796813977	0.02406977050305388	0.017866087827684087	1.3472322947924271	0.1333230942669288	0.17776412568923838	False	0.312933995554127	2.0149798164890322
NormanWeissman2019_filtered	JUN	z-aggregate	265	11764	1588838.0	0.5096578624906174	0.5096578624906174	0.02429447883262144	0.022030093939645855	1.102785984443786	0.2950961178301745	0.3631952219448301	False	0.013445852091226826	1.22045415255802
NormanWeissman2019_filtered	MAPK1	z-aggregate	757	11764	4481915.5	0.5032835886929966	0.5032835886929966	0.06546982189601244	0.06045842983787238	1.0828898810567658	0.3778528992880767	0.4318318849006591	False	0.07526336755894703	0.9732503144256809
NormanWeissman2019_filtered	FOXA1	z-aggregate	835	11764	4771404.0	0.4857409288868709	0.4857409288868709	0.07196660871271932	0.06627510119850782	1.0858770097862882	0.9160793558080191	0.9771513128618871	False	0.01897907369925391	0.08765228508223968
NormanWeissman2019_filtered	CDKN1A	z-aggregate	347	11764	1864078.0	0.4566459290151069	0.4566459290151069	0.025546500313302554	0.02865163900586244	0.891624395661116	0.9970843841378212	0.9970843841378212	False	-0.19473335820745277	0.002919874549919431
NormanWeissman2019_filtered	CEBPA	zscore	451	11764	4501903.0	0.8485248693635588	0.8485248693635588	0.6240820792770981	0.03692181743757675	16.902799552926282	5.374038421695581e-140	8.59846147471293e-139	True	1.6771612346648663	320.6803333594461
NormanWeissman2019_filtered	IRF1	zscore	420	11764	4231437.0	0.8564136348180891	0.8564136348180892	0.38069712175646286	0.034471437951411686	11.043842217811294	9.61578184056283e-137	7.692625472450264e-136	True	1.0802248998541593	313.19075204977827
NormanWeissman2019_filtered	SPI1	zscore	607	11764	5309833.0	0.7435961890827123	0.7435961890827123	0.26702791682644456	0.04906636488561959	5.442178515749498	1.1187398061856591e-91	5.966612299656849e-91	True	0.5758426194721443	209.4230405836821
NormanWeissman2019_filtered	TP73	zscore	246	11764	2385100.0	0.8241693688613186	0.8241693688613186	0.3400239691482922	0.02048293089092423	16.6003571929715	2.407482223826668e-68	9.629928895306672e-68	True	1.0884794290036246	155.69720484259716
NormanWeissman2019_filtered	CEBPB	zscore	480	11764	4142360.0	0.7335869318825796	0.7335869318825797	0.16652656198865626	0.039202874877491016	4.24781505206064	6.2354902781574715e-68	1.9953568890103908e-67	True	0.5421263130543974	154.7455291143296
NormanWeissman2019_filtered	ETS2	zscore	1195	11764	7926085.0	0.5638139334385168	0.5638139334385168	0.11719182695450583	0.09221390539393472	1.2708693602539256	1.6621718894308927e-13	4.432458371815714e-13	True	0.06623919540418688	29.425481094593536
NormanWeissman2019_filtered	JUN	zscore	265	11764	1853349.0	0.5945061043285239	0.5945061043285238	0.03323291774477524	0.022030093939645855	1.5085236511392506	6.81813867032557e-08	1.558431696074416e-07	True	0.19879608205288896	16.5010942315867
NormanWeissman2019_filtered	MAML2	zscore	621	11764	4002399.0	0.5478652632201411	0.5478652632201411	0.056129958203898336	0.050141299959628585	1.1194356398635763	2.8261447211019697e-05	5.6522894422039395e-05	True	0.059183517407043196	10.474011971438086
NormanWeissman2019_filtered	SNAI1	zscore	462	11764	3002757.0	0.5524884415142831	0.552488441514283	0.049913975157741	0.03778831997382627	1.3208836802565833	6.317408448701605e-05	0.00011230948353247297	True	0.0830249903552609	9.669616396492433
NormanWeissman2019_filtered	EGR1	zscore	316	11764	2025940.0	0.5449849142847305	0.5449849142847305	0.03371940935889305	0.026158940397350994	1.2890204590361647	0.0031328519272145246	0.005012563083543239	True	0.08103465405116417	5.765811530428844
NormanWeissman2019_filtered	FOXO4	zscore	214	11764	1387319.0	0.5510709848198369	0.5510709848198369	0.027726130853161206	0.017866087827684087	1.551885959622266	0.005163190211488969	0.007510094853074864	True	0.13169580762524724	5.266200632490932
NormanWeissman2019_filtered	MAPK1	zscore	757	11764	4667238.0	0.5240938366473719	0.5240938366473719	0.06360808406537255	0.06045842983787238	1.0520961962781106	0.013014128293064735	0.01735217105741965	True	0.016877330557108938	4.341719719877043
NormanWeissman2019_filtered	HNF4A	zscore	233	11764	1398621.0	0.5102571604940074	0.5102571604940073	0.0208982548649847	0.019421522047178463	1.0760358953442979	0.29561808916192533	0.3638376481992927	False	0.011397320809636402	1.2186868970513
NormanWeissman2019_filtered	AHR	zscore	557	11764	3251957.0	0.49628892455270834	0.49628892455270834	0.057732080274524325	0.04520736953169385	1.2770501993939214	0.61656000482579	0.7046400055151886	False	0.013146172115765797	0.48359962968544
NormanWeissman2019_filtered	CDKN1A	zscore	347	11764	1932442.0	0.4733931586327456	0.4733931586327456	0.026591209821770004	0.02865163900586244	0.9280868649897882	0.9546844034097474	0.9920075828557738	False	-0.06084285975360415	0.046374460751640666
NormanWeissman2019_filtered	FOXA1	zscore	835	11764	4666790.0	0.4750909605474532	0.47509096054745326	0.0629271367251486	0.06627510119850782	0.9494838270660445	0.9920075828557738	0.9920075828557738	False	-0.05291427263345033	0.008024527718643006
PapalexiSatija2021_eccite_RNA	STAT1	ulm	444	2386	241115.0	0.22759924635448525	0.7724007536455149	0.41677495876435056	0.1568904593639576	2.656471020952955	9.63794992168771e-75	9.637949921687709e-74	True	-1.2501375186055423	170.42817355227245
PapalexiSatija2021_eccite_RNA	JAK2	ulm	1024	2386	990469.0	0.40538762900775355	0.5946123709922464	0.3674912250659148	0.3002932551319648	1.2237744897214546	8.802315643228852e-19	4.401157821614426e-18	True	-0.4567123424437609	41.574101938742295
PapalexiSatija2021_eccite_RNA	SMAD4	ulm	659	2386	615958.0	0.39173758914863765	0.6082624108513623	0.2788603744207991	0.21642036124794745	1.2885126557076376	7.923221547570743e-18	2.6410738491902477e-17	True	-0.3750622787464173	39.37673378971443
PapalexiSatija2021_eccite_RNA	IRF1	ulm	1073	2386	1179541.0	0.4607261682586133	0.5392738317413868	0.34311212792824214	0.31020526163631107	1.1060809417556288	0.00010748512024693013	0.0002687128006173253	True	-0.23438854572068646	9.138158136284604
PapalexiSatija2021_eccite_RNA	MYC	ulm	109	2386	111166.0	0.4274398824949822	0.5725601175050179	0.05972530189353672	0.043687374749499	1.3671066809575607	0.0051486202710743	0.0102972405421486	True	-0.3362505903053954	5.269026508729655
PapalexiSatija2021_eccite_RNA	SPI1	ulm	48	2386	45991.0	0.4015699217658564	0.5984300782341436	0.027918164437285703	0.01972062448644207	1.415683588340696	0.009685103634795867	0.016141839391326445	True	-0.46129820585788295	4.637166281633617
PapalexiSatija2021_eccite_RNA	NFKBIA	ulm	787	2386	895387.0	0.47683224144229736	0.5231677585577026	0.2721644741438949	0.24803025527891584	1.0973035279016246	0.025466711343457054	0.03638101620493865	True	-0.11755891388877071	3.670383117155081
PapalexiSatija2021_eccite_RNA	STAT3	ulm	493	2386	579072.0	0.4922834179774173	0.5077165820225827	0.17954191894329627	0.1712400138937131	1.0484811047418863	0.29452975705581125	0.36816219631976405	False	-0.044184676777041965	1.2223752383606252
PapalexiSatija2021_eccite_RNA	STAT5A	ulm	659	2386	803319.0	0.5108956266130068	0.4891043733869932	0.21561152516128135	0.21642036124794745	0.9962626617846764	0.8044344307481701	0.8173610181329788	False	0.04900822353225953	0.21761581898105284
PapalexiSatija2021_eccite_RNA	ATF2	ulm	1102	2386	1339718.0	0.509520143973542	0.49047985602645805	0.31594283754992963	0.31594036697247707	1.000007819758761	0.8173610181329788	0.8173610181329788	False	0.02336893924172201	0.2016743990638207
PapalexiSatija2021_eccite_RNA	STAT1	viper	444	2386	190658.0	0.17997062443835285	0.8200293755616471	0.5843433652430824	0.1568904593639576	3.7245309090944216	2.514017596116178e-102	2.514017596116178e-101	True	-1.8532916406873983	233.94179737599842
PapalexiSatija2021_eccite_RNA	IRF1	viper	1073	2386	1019164.0	0.39808325827344815	0.6019167417265519	0.39762937835719103	0.31020526163631107	1.2818266726351573	3.8614113282138353e-22	1.5258145678483684e-21	True	-0.6112981566691376	49.30583930014734
PapalexiSatija2021_eccite_RNA	JAK2	viper	1024	2386	969008.0	0.3966038872590109	0.603396112740989	0.37127826183607116	0.3002932551319648	1.2363856180283228	4.577443703545105e-22	1.5258145678483684e-21	True	-0.36731562371693904	49.13573134689364
PapalexiSatija2021_eccite_RNA	SMAD4	viper	659	2386	617488.0	0.3927106400894444	0.6072893599105557	0.2875917669754942	0.21642036124794745	1.3288572540825188	1.5305570881782075e-17	3.8263927204455185e-17	True	-0.4464497271865607	38.71831480184596
PapalexiSatija2021_eccite_RNA	SPI1	viper	48	2386	44979.0	0.39273365465213744	0.6072663453478625	0.027160550991531196	0.01972062448644207	1.3772662731955612	0.005413174087747984	0.010826348175495968	True	-0.5489571950549168	5.218919650637345
PapalexiSatija2021_eccite_RNA	MYC	viper	109	2386	112068.0	0.43090812614871155	0.5690918738512885	0.05251441597815508	0.043687374749499	1.2020501639036414	0.007281935476420249	0.012136559127367082	True	-0.378508619215592	4.922358589962982
PapalexiSatija2021_eccite_RNA	NFKBIA	viper	787	2386	902492.0	0.48061596074517704	0.519384039254823	0.2658838402581465	0.24803025527891584	1.0719814804817012	0.05121003414680689	0.07315719163829555	True	-0.10724246843316565	2.9718197867083127
PapalexiSatija2021_eccite_RNA	STAT3	viper	493	2386	562503.0	0.47819770160282515	0.5218022983971748	0.1824170398188626	0.1712400138937131	1.0652711108286113	0.0634645371205961	0.07933067140074512	True	-0.10298358683830529	2.757273999628042
PapalexiSatija2021_eccite_RNA	ATF2	viper	1102	2386	1329116.0	0.5054880024583817	0.4945119975416183	0.3201436159086331	0.31594036697247707	1.0133039312970165	0.699133453082884	0.7637955128130852	False	0.010917236628802451	0.35791363496710554
PapalexiSatija2021_eccite_RNA	STAT5A	viper	659	2386	800542.0	0.5091295073563923	0.49087049264360766	0.22113713584714484	0.21642036124794745	1.0217945047868833	0.7637955128130852	0.7637955128130852	False	0.020132555287945105	0.2694551790271909
PapalexiSatija2021_eccite_RNA	STAT1	z-aggregate	444	2386	218890.0	0.20662007355217749	0.7933799264478224	0.4825391022016154	0.1568904593639576	3.0756433766454316	2.3872792295233124e-86	2.3872792295233123e-85	True	-1.8441018742440416	197.15216367770034
PapalexiSatija2021_eccite_RNA	IRF1	z-aggregate	1073	2386	1034830.0	0.4042023640543743	0.5957976359456257	0.3871960925528186	0.31020526163631107	1.248193181864119	8.825273596790945e-20	4.412636798395472e-19	True	-0.6464909832584915	43.87408225507289
PapalexiSatija2021_eccite_RNA	JAK2	z-aggregate	1024	2386	1027785.0	0.420660640847653	0.579339359152347	0.3456419880658816	0.3002932551319648	1.1510148235397033	9.497816654176584e-14	3.1659388847255285e-13	True	-0.41491795213931953	29.985129355600307
PapalexiSatija2021_eccite_RNA	SMAD4	z-aggregate	659	2386	651389.0	0.4142710322098941	0.585728967790106	0.2731360510704514	0.21642036124794745	1.2620626335501133	7.531433623625105e-12	1.8828584059062762e-11	True	-0.44647535158982016	25.611935703974666
PapalexiSatija2021_eccite_RNA	MYC	z-aggregate	109	2386	109517.0	0.42109937940739944	0.5789006205926005	0.05659520776147359	0.043687374749499	1.2954591134392348	0.0026363207265035302	0.0052726414530070605	True	-0.6373464304188916	5.938370998080325
PapalexiSatija2021_eccite_RNA	NFKBIA	z-aggregate	787	2386	889653.0	0.4737786388409304	0.5262213611590696	0.2699352389469004	0.24803025527891584	1.0883157727808324	0.01357585153098235	0.02262641921830392	True	-0.14089009354631032	4.299462687248613
PapalexiSatija2021_eccite_RNA	SPI1	z-aggregate	48	2386	47472.0	0.414501257334451	0.5854987426655491	0.02691347621535296	0.01972062448644207	1.3647375230868564	0.02112166113818931	0.030173801625984733	True	-0.497206872519646	3.8574561708606243
PapalexiSatija2021_eccite_RNA	STAT3	z-aggregate	493	2386	571425.0	0.48578251429484703	0.5142174857051529	0.18203962514274788	0.1712400138937131	1.0630671009857426	0.15979024685084092	0.19973780856355114	False	-0.056562131465732274	1.833893280986668
PapalexiSatija2021_eccite_RNA	STAT5A	z-aggregate	659	2386	808632.0	0.5142745937035337	0.4857254062964663	0.2145938646746524	0.21642036124794745	0.9915604217516185	0.8693895706489367	0.9587056862517052	False	-0.020826559005423267	0.13996395653236735
PapalexiSatija2021_eccite_RNA	ATF2	z-aggregate	1102	2386	1362681.0	0.518253408038117	0.4817465919618829	0.3072701289425461	0.31594036697247707	0.9725573591212348	0.9587056862517052	0.9587056862517052	False	0.07929207693869841	0.04217114770606834
PapalexiSatija2021_eccite_RNA	STAT1	zscore	444	2386	240411.0	0.22693470922724904	0.773065290772751	0.42623065993946185	0.1568904593639576	2.7167404676321554	4.2606586547802217e-75	4.2606586547802214e-74	True	-1.2701005088046786	171.24445821242546
PapalexiSatija2021_eccite_RNA	JAK2	zscore	1024	2386	990208.0	0.4052808046940486	0.5947191953059514	0.367430422585049	0.3002932551319648	1.2235720127099776	8.060627972895029e-19	4.030313986447515e-18	True	-0.4598658285415186	41.66212530113348
PapalexiSatija2021_eccite_RNA	SMAD4	zscore	659	2386	612016.0	0.38923055201879453	0.6107694479812055	0.2836179572722114	0.21642036124794745	1.310495720628048	1.4144201126541839e-18	4.71473370884728e-18	True	-0.3881387741077251	41.09981204117315
PapalexiSatija2021_eccite_RNA	IRF1	zscore	1073	2386	1187137.0	0.46369314946070156	0.5363068505392984	0.343387972751816	0.31020526163631107	1.1069701749753322	0.0003117685780579589	0.0007794214451448972	True	-0.2222091379765212	8.0732493823715
PapalexiSatija2021_eccite_RNA	SPI1	zscore	48	2386	46721.0	0.4079439089131042	0.5920560910868957	0.0284722353342177	0.01972062448644207	1.4437796000726226	0.014374914860458301	0.028749829720916602	True	-0.4367918559423074	4.24227061506699
PapalexiSatija2021_eccite_RNA	MYC	zscore	109	2386	115838.0	0.4454040003998862	0.5545959996001137	0.06035887846726594	0.043687374749499	1.3816091906039314	0.026774514546082314	0.04462419091013719	True	-0.2509698622514043	3.6203047936779638
PapalexiSatija2021_eccite_RNA	NFKBIA	zscore	787	2386	904136.0	0.4814914617351748	0.5185085382648252	0.2681727052605363	0.24803025527891584	1.0812096490364445	0.05944318590725615	0.08491883701036593	True	-0.09728089602137846	2.8227342813001073
PapalexiSatija2021_eccite_RNA	STAT3	zscore	493	2386	577548.0	0.490987827914355	0.5090121720856449	0.180643528857245	0.1712400138937131	1.0549142384990027	0.264052232661952	0.33006529082743996	False	-0.04630092743952119	1.3316083444135047
PapalexiSatija2021_eccite_RNA	ATF2	zscore	1102	2386	1339144.0	0.5093018408958488	0.49069815910415104	0.3163934562421349	0.31594036697247707	1.0014340974342708	0.8118121511275002	0.8205553888899784	False	0.0231379500779195	0.20848630655989545
PapalexiSatija2021_eccite_RNA	STAT5A	zscore	659	2386	804516.0	0.5116568958784615	0.4883431041215385	0.2165160928333696	0.21642036124794745	1.0004423409371934	0.8205553888899784	0.8205553888899784	False	0.050097949148462995	0.19777386446599027
ReplogleWeissman2022_K562_essential	MAX	ulm	180	10646	228920.0	0.11946062162105747	0.8805393783789425	0.1296527306946539	0.01662663957140218	7.797891458335129	3.7120154867339345e-69	2.8582519247851294e-67	True	-1.8191755877628886	157.56679642960117
ReplogleWeissman2022_K562_essential	RUVBL1	ulm	191	10646	337853.0	0.1661529094820167	0.8338470905179832	0.14429827190977296	0.017624803912521917	8.187227082126752	8.155149950643857e-57	3.1397327309978846e-55	True	-1.509150216797896	129.1487006771854
ReplogleWeissman2022_K562_essential	GATA1	ulm	105	10646	320387.0	0.28661513825894813	0.7133848617410519	0.09237239426480773	0.00976653334573528	9.458053435628075	2.4051536178776373e-14	6.173227619219269e-13	True	-0.5496756573728772	31.3585775260214
ReplogleWeissman2022_K562_essential	MYBL2	ulm	103	10646	392330.0	0.3577896981226369	0.642210301877363	0.014801558382264083	0.009582286724346451	1.5446791364170545	3.255671716251081e-07	6.267168053783331e-06	True	-0.5075090417984641	14.937697032148343
ReplogleWeissman2022_K562_essential	MYC	ulm	73	10646	259570.0	0.33399900663700305	0.6660009933629969	0.019088124903520666	0.006810336785147868	2.802816586860795	4.886012890039082e-07	7.524459850660187e-06	True	-0.7375876377841157	14.531719039968436
ReplogleWeissman2022_K562_essential	NRF1	ulm	69	10646	253755.0	0.34544511512795173	0.6545548848720483	0.01143919930824358	0.006439570695286981	1.7763916027221733	4.6520173693476286e-06	5.9700889573294565e-05	True	-0.33315246829205125	12.278209589577159
ReplogleWeissman2022_K562_essential	CHEK1	ulm	292	10646	1340329.0	0.4311636115178638	0.5688363884821362	0.03376434542131291	0.02669592247211556	1.2647753774600021	2.912483108878371e-05	0.0003203731419766208	True	-0.16225226783310787	10.443919445621967
ReplogleWeissman2022_K562_essential	TFDP1	ulm	163	10646	724356.0	0.41742455762641345	0.5825754423735866	0.0288524113405069	0.015080025904338977	1.9132865900585219	0.000144919048083964	0.0013948458378081534	True	-0.2345476323032022	8.839335260521183
ReplogleWeissman2022_K562_essential	NELFA	ulm	87	10646	372825.0	0.4025309813625969	0.597469018637403	0.012730872719397601	0.008105841796329078	1.570579964336718	0.0008552750712378026	0.007062088709553537	True	-0.20813515818033082	7.064087420022568
ReplogleWeissman2022_K562_essential	ZBTB17	ulm	159	10646	724708.0	0.42813375443223134	0.5718662455677687	0.020732251682956955	0.014715409532623786	1.4088803738009428	0.0009171543778640956	0.007062088709553537	True	-0.14942734211179567	6.994234748880415
ReplogleWeissman2022_K562_essential	RUVBL2	ulm	14	10646	39833.0	0.26725664904323554	0.7327433509567645	0.010932227771630769	0.0013133208255159475	8.324110574684571	0.0012868795662654693	0.009008156963858286	True	-1.1745786976614694	6.655534931852065
ReplogleWeissman2022_K562_essential	CDK9	ulm	135	10646	621214.0	0.4322360684938179	0.5677639315061821	0.015153606338619502	0.012522029496336146	1.2101557773085694	0.0033623792031812574	0.020873877796422368	True	-0.16806891663596563	5.695106459403946
ReplogleWeissman2022_K562_essential	POLR2I	ulm	209	10646	992501.0	0.44606505846704786	0.5539349415329522	0.02795473253273275	0.019253800092123446	1.4519072805876267	0.0037387492800334808	0.020873877796422368	True	-0.11621248596632325	5.589004140588913
ReplogleWeissman2022_K562_essential	RAD51	ulm	237	10646	1133835.0	0.44938135675846635	0.5506186432415338	0.029157732441856363	0.02177708352476339	1.3389181525937672	0.0037952505084404304	0.020873877796422368	True	-0.09309704518404338	5.574004860183885
ReplogleWeissman2022_K562_essential	TRRAP	ulm	404	10646	1984023.0	0.4612951361827898	0.5387048638172102	0.04785207624780434	0.03656108597285068	1.3088253528174205	0.004083640944570113	0.020962690182126577	True	-0.12026002185636564	5.500766300132817
ReplogleWeissman2022_K562_essential	CCND1	ulm	146	10646	698336.0	0.4492883043087763	0.5507116956912237	0.021965431352932836	0.013528539659006671	1.6236365421976109	0.01751046440913916	0.0842691099689822	True	-0.08304483564564255	4.044956610526717
ReplogleWeissman2022_K562_essential	CDK7	ulm	17	10646	67799.0	0.37461736526284384	0.6253826347371562	0.0023166801273984544	0.0015942980399512331	1.4531035410852777	0.03678560907912788	0.16661717053487335	False	-0.27121512240760814	3.3026485679226223
ReplogleWeissman2022_K562_essential	POLR2F	ulm	310	10646	1553833.0	0.4708213898298922	0.5291786101701078	0.0331753481770439	0.028294998174516247	1.1724810149280418	0.03969739162716736	0.16981661973843815	False	-0.06607272095990785	3.2264697955339336
ReplogleWeissman2022_K562_essential	MED1	ulm	238	10646	1192717.0	0.4707322906618969	0.5292677093381031	0.02584223330456134	0.021866960676221976	1.1817935600287632	0.060951548827333564	0.2445051967431674	False	-0.05985269460869269	2.797676011936646
ReplogleWeissman2022_K562_essential	ATF4	ulm	72	10646	343326.0	0.44790688208403784	0.5520931179159622	0.0076131783888542266	0.006717671207314798	1.1333061940519389	0.0635078433099136	0.2445051967431674	False	-0.16227111991729481	2.7565918640194966
ReplogleWeissman2022_K562_essential	E2F6	ulm	150	10646	742874.0	0.46519757029244163	0.5348024297075584	0.0156377498436155	0.013894034827713968	1.1255009820778197	0.07130132915713264	0.2614382069094864	False	-0.09668299075021336	2.6408403099806264
ReplogleWeissman2022_K562_essential	POLR2A	ulm	382	10646	1948421.0	0.4791075083628981	0.5208924916371018	0.039138333706290024	0.034639100471527025	1.1298888589344669	0.08230314874305666	0.2880610206006983	False	-0.039438272948108644	2.497345912698581
ReplogleWeissman2022_K562_essential	POLR2E	ulm	217	10646	1095069.0	0.4740184972439401	0.5259815027560598	0.025596804089460128	0.01997606554358833	1.2813736535659233	0.09468584207010494	0.3169917321477426	False	-0.07838324346070788	2.3571907929223825
ReplogleWeissman2022_K562_essential	LIN54	ulm	303	10646	1544048.0	0.4786650372720909	0.521334962727909	0.027908542135452838	0.027673760160745273	1.0084839202675682	0.10231161718650056	0.3282497718066893	False	-0.049605485128446855	2.2797320524866604
ReplogleWeissman2022_K562_essential	POLR2K	ulm	13	10646	57340.0	0.4143123455541265	0.5856876544458736	0.0022712699231183663	0.0012196266066235107	1.8622666238860512	0.14242438674116803	0.4371124663871727	False	-0.17564973350380134	1.9489440394619286
ReplogleWeissman2022_K562_essential	POLR2L	ulm	60	10646	294389.0	0.460875759283612	0.539124240716388	0.006854612550421146	0.005604334018307491	1.2230913660801466	0.14759641722164274	0.4371124663871727	False	-0.1133126222406191	1.9132736406764788
ReplogleWeissman2022_K562_essential	ATR	ulm	138	10646	700574.0	0.4768573349996052	0.5231426650003949	0.013987590285506158	0.01279673590504451	1.0930592292673798	0.1747228925175427	0.49828380458706617	False	-0.06541305695286716	1.7445540314027035
ReplogleWeissman2022_K562_essential	TGS1	ulm	160	10646	821055.0	0.4820208294195003	0.5179791705804997	0.01625527013913568	0.014806588932074774	1.097840307021876	0.21713528700963886	0.5971220392765069	False	-0.02349396020942046	1.5272346772604484
ReplogleWeissman2022_K562_essential	NANOG	ulm	125	10646	640831.0	0.4815562652639489	0.5184437347360511	0.012182679315246183	0.011605236282610714	1.049757111236133	0.23881538775935612	0.6167874863621575	False	-0.04939218059040154	1.4320644616864693
ReplogleWeissman2022_K562_essential	RAD51D	ulm	142	10646	730517.0	0.4832318162213937	0.5167681837786062	0.014296689972447322	0.013162773451983686	1.0861457142448008	0.2458628154718019	0.6167874863621575	False	-0.042370305442355705	1.4029815592840578
ReplogleWeissman2022_K562_essential	SUPT5H	ulm	340	10646	1770685.0	0.48918815130786486	0.5108118486921351	0.036779926277139295	0.030948479883488075	1.1884243237666243	0.24831703996398552	0.6167874863621575	False	-0.004050328566384626	1.3930489623064553
ReplogleWeissman2022_K562_essential	POLR2D	ulm	246	10646	1278585.0	0.4882115348487695	0.5117884651512304	0.02451867918408482	0.022585383767903047	1.0855994051750075	0.26330772034801586	0.6335842020874132	False	-0.018551391804037573	1.3344318914208835
ReplogleWeissman2022_K562_essential	GTF2F2	ulm	58	10646	300198.0	0.48617580182292847	0.5138241981770715	0.005769334302470558	0.005418535127055307	1.0647405926490492	0.3580486125488488	0.798400376388726	False	-0.03733178387336905	1.0270865125573672
ReplogleWeissman2022_K562_essential	SUPT16H	ulm	90	10646	471582.0	0.4921848581626902	0.5078151418373098	0.010424107140287266	0.00838301043219076	1.243480158423601	0.3990819792966267	0.798400376388726	False	-0.06577948527237054	0.9185884213003708
ReplogleWeissman2022_K562_essential	GTF2H4	ulm	115	10646	604272.0	0.49356933406300796	0.5064306659369922	0.012542332776836609	0.010686739150636558	1.1736351566220762	0.4061024201380264	0.798400376388726	False	-0.020801215831267574	0.9011498848443911
ReplogleWeissman2022_K562_essential	LIN52	ulm	12	10646	61452.0	0.4810257373661469	0.5189742626338532	0.0013483895125231211	0.001125914805779696	1.197594618705952	0.41001541537435726	0.798400376388726	False	-0.05089389270066515	0.8915605215165464
ReplogleWeissman2022_K562_essential	HSF1	ulm	128	10646	673694.0	0.4943860957167011	0.5056139042832989	0.012247497867918724	0.011880452942268424	1.0308948596012213	0.4134481444464821	0.798400376388726	False	-0.0011922545079330327	0.8832231787996471
ReplogleWeissman2022_K562_essential	NELFE	ulm	73	10646	382966.0	0.492777530437826	0.507222469562174	0.007140413002681495	0.006810336785147868	1.0484669448731911	0.4156605510015601	0.798400376388726	False	-0.02586334693944054	0.8778863349856794
ReplogleWeissman2022_K562_essential	CCNK	ulm	320	10646	1691596.0	0.4965468250986286	0.5034531749013713	0.03330951672496222	0.029181105234360752	1.1414755012685491	0.4165132541737121	0.798400376388726	False	-0.01715162914874826	0.8758369951355651
ReplogleWeissman2022_K562_essential	RBBP4	ulm	89	10646	467893.0	0.49382159675945175	0.5061784032405482	0.007993404668166885	0.008290638099673963	0.9641483046378823	0.42033106327230085	0.798400376388726	False	0.0049983607459924695	0.8667126323209237
ReplogleWeissman2022_K562_essential	HDAC3	ulm	59	10646	309587.0	0.4928834574615436	0.5071165425384564	0.0060656526644866	0.005511443250817375	1.10055613175134	0.42512227833685406	0.798400376388726	False	-0.03143557567157768	0.8553784377056051
ReplogleWeissman2022_K562_essential	NELFB	ulm	136	10646	719507.0	0.49694651954338	0.50305348045662	0.014127555747800792	0.012613615284733816	1.1200243093587363	0.45122991332078743	0.8153773710477139	False	0.0032268135714679375	0.7957782837423354
ReplogleWeissman2022_K562_essential	ASF1B	ulm	283	10646	1500532.0	0.49804933454327477	0.5019506654567253	0.02650131495197107	0.025894409369567207	1.023437707102798	0.45534060980586616	0.8153773710477139	False	-0.011447842444278433	0.7867095471072293
ReplogleWeissman2022_K562_essential	GTF2H3	ulm	76	10646	403337.0	0.4985032678446068	0.5014967321553931	0.007305879985614036	0.007088229807871666	1.0307058579704433	0.4820460247045839	0.8435805432330219	False	-0.0015524162412664314	0.7297156825511536
ReplogleWeissman2022_K562_essential	USF2	ulm	184	10646	979656.0	0.5001143519917667	0.4998856480082334	0.0168243491220188	0.01698984302862419	0.990259244518824	0.5021299948358214	0.8523820996295155	False	0.0007968269066966904	0.6888962389569526
ReplogleWeissman2022_K562_essential	CDC6	ulm	187	10646	996752.0	0.5006786209778773	0.4993213790221228	0.017313335747943623	0.017262069602141605	1.002969872499857	0.5127155378837176	0.8523820996295155	False	0.009408641438323151	0.6680340946565414
ReplogleWeissman2022_K562_essential	POLR2H	ulm	73	10646	390504.0	0.5024769737942606	0.4975230262057393	0.008049288678479479	0.006810336785147868	1.1819222649948156	0.5291276705098086	0.8523820996295155	False	0.04080236252552584	0.6365255331236724
ReplogleWeissman2022_K562_essential	BRCA1	ulm	104	10646	556470.0	0.5025993872743826	0.4974006127256174	0.01067289645751816	0.009674418604651163	1.1032080472915404	0.5364106400960656	0.8523820996295155	False	0.02674510405642261	0.6228552916489277
ReplogleWeissman2022_K562_essential	CTDP1	ulm	111	10646	594708.0	0.5032622327380922	0.4967377672619077	0.011844964066112306	0.01031886213628335	1.1478944005330638	0.5471461493325425	0.8523820996295155	False	-0.0021343327147810773	0.603039328823995
ReplogleWeissman2022_K562_essential	YY1	ulm	82	10646	440243.0	0.5043036890072076	0.4956963109927925	0.007892374591636234	0.0076435495898583145	1.0325535929155307	0.5534948698892957	0.8523820996295155	False	-0.0036419527936218943	0.5915027953690888
ReplogleWeissman2022_K562_essential	GABPA	ulm	109	10646	585471.0	0.504536312040358	0.495463687959642	0.01060218879474974	0.010134821013482101	1.0461150503443437	0.5648336787644406	0.8527881032325868	False	0.009740028990833594	0.571223965040435
ReplogleWeissman2022_K562_essential	POLR2C	ulm	151	10646	816148.0	0.5076980689821629	0.49230193101783715	0.023388857121376515	0.01398536630545522	1.6723807307251803	0.627555850563017	0.9124805922409663	False	0.008908084768644478	0.4659226070555956
ReplogleWeissman2022_K562_essential	ELL	ulm	83	10646	450993.0	0.5103936316372006	0.48960636836279936	0.007427747531797141	0.007736042501631094	0.960148232152428	0.6280710569970288	0.9124805922409663	False	0.042107474551144344	0.4651019708302593
ReplogleWeissman2022_K562_essential	GTF2H2	ulm	155	10646	840889.0	0.5095895474901977	0.4904104525098022	0.01434417385610516	0.01435052309971299	0.9995575601276893	0.6593137775091534	0.9236299151596352	False	0.01707975819149432	0.41655571590368407
ReplogleWeissman2022_K562_essential	VHL	ulm	160	10646	867806.0	0.5094671707683637	0.4905328292316363	0.015874998500832054	0.014806588932074774	1.0721577112499447	0.6597356536854537	0.9236299151596352	False	0.009173254869123681	0.4159160489121244
ReplogleWeissman2022_K562_essential	ACTL6A	ulm	53	10646	292205.0	0.5178754355431573	0.48212456445684265	0.004985857496976848	0.004953733993831199	1.0064847049085905	0.6735310787809455	0.9251412300389404	False	0.037298097860736235	0.39522113901308503
ReplogleWeissman2022_K562_essential	MCM5	ulm	88	10646	483764.0	0.5163740542756136	0.48362594572438644	0.01188062046625389	0.008198248555990311	1.4491656827814687	0.7019096321956961	0.9251412300389404	False	0.03274365821824804	0.3539506123085832
ReplogleWeissman2022_K562_essential	NFYB	ulm	28	10646	158164.0	0.5305949920828749	0.46940500791712514	0.0024036514627937327	0.0026231965523702454	0.9163062754950109	0.7122888913677741	0.9251412300389404	False	0.07013104884027774	0.3392717035598798
ReplogleWeissman2022_K562_essential	POLR2B	ulm	273	10646	1482615.0	0.5101281397542904	0.4898718602457096	0.02632897056082664	0.025002289586958514	1.053062379317458	0.7164706067844989	0.9251412300389404	False	0.04892181581748527	0.33341805588477075
ReplogleWeissman2022_K562_essential	NFYC	ulm	21	10646	120478.0	0.538892318152134	0.46110768184786594	0.0024429783310858863	0.0019686884784850473	1.24091665989015	0.7313150042908755	0.9251412300389404	False	0.10255785723380914	0.31291098963022274
ReplogleWeissman2022_K562_essential	HDAC7	ulm	169	10646	924619.0	0.5139130512112781	0.48608694878872194	0.017405519957181925	0.015626444752658345	1.113850286017293	0.7329040913295503	0.9251412300389404	False	0.02790125367481916	0.31074042968148197
ReplogleWeissman2022_K562_essential	SSRP1	ulm	534	10646	2909523.0	0.5117926868138479	0.4882073131861521	0.04845576309032017	0.04776386404293381	1.0144858264977143	0.8215138333455769	0.9921142109241445	False	0.032093110467205255	0.19660650251624767
ReplogleWeissman2022_K562_essential	NPM1	ulm	27	10646	158832.0	0.5525706055482498	0.4474293944517503	0.0023531364444404866	0.002529747962147475	0.9301861211671597	0.8276859354663282	0.9921142109241445	False	0.10113482971818522	0.1891215015435689
ReplogleWeissman2022_K562_essential	DNMT1	ulm	170	10646	943378.0	0.5212551524460997	0.4787448475539004	0.016228017251742208	0.015717455621301776	1.0324837329108454	0.8295559120202343	0.9921142109241445	False	0.043874301860930054	0.18686476713830638
ReplogleWeissman2022_K562_essential	YBX1	ulm	83	10646	469474.0	0.5313087782276957	0.46869122177230427	0.008266660011979822	0.007736042501631094	1.0685903044401386	0.8374990092216804	0.9921142109241445	False	0.05714777078652156	0.17733519830250438
ReplogleWeissman2022_K562_essential	SUPT4H1	ulm	73	10646	419471.0	0.5397499607544411	0.46025003924555885	0.0073472148838451025	0.006810336785147868	1.0788328265744611	0.8794903165340544	0.9999742513996441	False	0.11945986923917074	0.12841272505950363
ReplogleWeissman2022_K562_essential	CCNH	ulm	73	10646	422397.0	0.5435149609217174	0.4564850390782827	0.006732502734004369	0.006810336785147868	0.9885711891204498	0.9003399873348862	0.9999742513996441	False	0.09699446108646281	0.10498282328714123
ReplogleWeissman2022_K562_essential	NELFCD	ulm	199	10646	1122193.0	0.5296976145049879	0.4703023854950122	0.017039312337131192	0.01834946980175196	0.9285997100310943	0.9247555958684993	0.9999742513996441	False	0.08400447842978853	0.07822579706484975
ReplogleWeissman2022_K562_essential	POLR2G	ulm	110	10646	634401.0	0.5417322767407307	0.45826772325926934	0.009275756289917184	0.010226850130159911	0.9070003150395384	0.9342715144339648	0.9999742513996441	False	0.1539831519403787	0.0679881823197866
ReplogleWeissman2022_K562_essential	ERCC2	ulm	115	10646	663725.0	0.5421305409666011	0.45786945903339893	0.00968735678355558	0.010686739150636558	0.906483881285579	0.9402217282387095	0.9999742513996441	False	0.1194486483730452	0.06163955042865116
ReplogleWeissman2022_K562_essential	KAT5	ulm	118	10646	681318.0	0.5423521844760665	0.4576478155239336	0.010029730616867932	0.010962467484206614	0.9149154267793765	0.943503760132954	0.9999742513996441	False	0.12128282636566556	0.058154928878925476
ReplogleWeissman2022_K562_essential	GTF2F1	ulm	41	10646	252230.0	0.5778650403449366	0.42213495965506337	0.003317490968558508	0.003836436792364555	0.8647323409996287	0.9576242900518489	0.9999742513996441	False	0.19422703956584042	0.043299759508853154
ReplogleWeissman2022_K562_essential	RBMX	ulm	143	10646	827061.0	0.5432691486608451	0.4567308513391549	0.01175186311084302	0.01325424043006766	0.8866493084117857	0.9624964860887805	0.9999742513996441	False	0.11929541705649388	0.038224863643713476
ReplogleWeissman2022_K562_essential	ERCC3	ulm	163	10646	987961.0	0.5693321838669785	0.4306678161330215	0.013017935763688745	0.015080025904338977	0.8632568568693966	0.9988288258381577	0.9999742513996441	False	0.16314993644532966	0.0011718605222517178
ReplogleWeissman2022_K562_essential	MNAT1	ulm	83	10646	528211.0	0.5977820732488474	0.40221792675115264	0.006261621943816572	0.007736042501631094	0.8094089377735904	0.998943474952894	0.9999742513996441	False	0.2676939733113128	0.0010570835631189682
ReplogleWeissman2022_K562_essential	GTF2H1	ulm	403	10646	2348850.0	0.547474348174899	0.45252565182510096	0.035566419200476304	0.0364738890397321	0.97512001425822	0.9994034499892499	0.9999742513996441	False	0.12591378572312845	0.0005967280175045674
ReplogleWeissman2022_K562_essential	STAT5A	ulm	203	10646	1259540.0	0.5828133140965547	0.4171866859034453	0.015048212231869614	0.01871140197253203	0.8042268694756327	0.9999742513996441	0.9999742513996441	False	0.22548938772128946	2.5748931856768847e-05
ReplogleWeissman2022_K562_essential	MAX	viper	180	10646	254660.0	0.13289289665393367	0.8671071033460664	0.10261125594055356	0.01662663957140218	6.171496982291293	1.647110939242645e-64	1.2682754232168367e-62	True	-2.1614447343728664	146.86642314431748
ReplogleWeissman2022_K562_essential	RUVBL1	viper	191	10646	357314.0	0.17572364519082947	0.8242763548091704	0.12695792163079903	0.017624803912521917	7.2033664749370105	1.0076494924875895e-53	3.8794505460772194e-52	True	-2.0497898511220654	122.02938954521261
ReplogleWeissman2022_K562_essential	TRRAP	viper	404	10646	1772916.0	0.41221171713263755	0.5877882828673624	0.04895532018647934	0.03656108597285068	1.3390007130212789	9.900790764283751e-10	2.5412029628328295e-08	True	-0.3499164528270327	20.733236300809587
ReplogleWeissman2022_K562_essential	SUPT5H	viper	340	10646	1520483.0	0.4200647025671061	0.579935297432894	0.03762789065062213	0.030948479883488075	1.2158235490815728	2.504213739456416e-07	4.820611448453601e-06	True	-0.29954464947705695	15.200120842155524
ReplogleWeissman2022_K562_essential	MYBL2	viper	103	10646	396807.0	0.361872547964594	0.638127452035406	0.014455656596968874	0.009582286724346451	1.5085810947652274	6.739594437601537e-07	1.0378975433906368e-05	True	-0.647406112446731	14.21009590030722
ReplogleWeissman2022_K562_essential	CHEK1	viper	292	10646	1326925.0	0.4268517470064002	0.5731482529935998	0.03393371904913965	0.02669592247211556	1.2711199279434573	9.704246613411643e-06	0.00012453783153878277	True	-0.30359550916574607	11.542946973062216
ReplogleWeissman2022_K562_essential	POLR2I	viper	209	10646	929397.0	0.41770388860474583	0.5822961113952542	0.026004104382549728	0.019253800092123446	1.3505959477156808	2.239072289627949e-05	0.0002462979518590744	True	-0.3350078376625573	10.706863841305829
ReplogleWeissman2022_K562_essential	NRF1	viper	69	10646	267010.0	0.36348958716208307	0.636510412837917	0.009993171801673481	0.006439570695286981	1.5518382007961065	4.516176454109149e-05	0.00040584359852237817	True	-0.49076174619668356	10.005259746348461
ReplogleWeissman2022_K562_essential	TFDP1	viper	163	10646	713320.0	0.4110648430413681	0.588935156958632	0.02867534518079772	0.015080025904338977	1.9015448224493408	4.743626476235589e-05	0.00040584359852237817	True	-0.35127676998095364	9.956123542412678
ReplogleWeissman2022_K562_essential	RUVBL2	viper	14	10646	34734.0	0.23304527522074017	0.7669547247792597	0.013564745975426399	0.0013133208255159475	10.328585149860386	0.00027245420390556647	0.002097897370072862	True	-1.7136729142475566	8.208040017046624
ReplogleWeissman2022_K562_essential	MYC	viper	73	10646	302871.0	0.38971611950208324	0.6102838804979167	0.019578263692386612	0.006810336785147868	2.8747864180642755	0.0005713689534109021	0.0036990662209889094	True	-0.5485655341155513	7.4674754038913935
ReplogleWeissman2022_K562_essential	GATA1	viper	105	10646	456051.0	0.4079788518826655	0.5920211481173345	0.012472162397115669	0.00976653334573528	1.2770306469656243	0.0005764778526216482	0.0036990662209889094	True	-0.27952073579287506	7.458573635954692
ReplogleWeissman2022_K562_essential	NELFA	viper	87	10646	370273.0	0.3997756428943146	0.6002243571056854	0.011960737245906652	0.008105841796329078	1.4755700328771966	0.000629799537186831	0.0037303511048758452	True	-0.3806251779827312	7.370108984154985
ReplogleWeissman2022_K562_essential	ATF4	viper	72	10646	300066.0	0.39146940948086917	0.6085305905191308	0.009170443689756589	0.006717671207314798	1.3651224370390433	0.0007383236299778432	0.004060779964878137	True	-0.37430925010766647	7.211128306481707
ReplogleWeissman2022_K562_essential	POLR2A	viper	382	10646	1852749.0	0.4555822160671904	0.5444177839328096	0.03997698946781188	0.034639100471527025	1.1541001043220664	0.0015652194844562842	0.007354406582599134	True	-0.18211079520751278	6.459729219164556
ReplogleWeissman2022_K562_essential	MED1	viper	238	10646	1125527.0	0.4442142628232958	0.5557857371767042	0.024778380391508162	0.021866960676221976	1.1331424041225835	0.001597350483617314	0.007354406582599134	True	-0.1685877334511125	6.439408970072546
ReplogleWeissman2022_K562_essential	ZBTB17	viper	159	10646	731444.0	0.4321131626488586	0.5678868373511414	0.019508032894851108	0.014715409532623786	1.3256873926343786	0.0016237001545998087	0.007354406582599134	True	-0.20706238048339132	6.423047688156695
ReplogleWeissman2022_K562_essential	POLR2F	viper	310	10646	1516740.0	0.4595819723294528	0.5404180276705473	0.032095694621185944	0.028294998174516247	1.1343239686119782	0.007551033241619513	0.03230164220026125	True	-0.1570287011679382	4.8860708718901105
ReplogleWeissman2022_K562_essential	CDK9	viper	135	10646	634651.0	0.4415854328873303	0.5584145671126697	0.015041955556525412	0.012522029496336146	1.2012394285548182	0.009739060781239733	0.03946882527133997	True	-0.256682584754855	4.631610595008099
ReplogleWeissman2022_K562_essential	RAD51	viper	237	10646	1161253.0	0.4602481389971551	0.5397518610028449	0.02619227899079477	0.02177708352476339	1.2027450306194916	0.01801375563421996	0.06935295919174686	True	-0.12243116188245476	4.016619611038456
ReplogleWeissman2022_K562_essential	CDK7	viper	17	10646	67378.0	0.3722911670773889	0.6277088329226111	0.0022723101204528166	0.0015942980399512331	1.4252731067287285	0.03419204192060843	0.12537082037556424	False	-0.44755988107910105	3.3757623543705204
ReplogleWeissman2022_K562_essential	CCND1	viper	146	10646	713561.0	0.4590836097678979	0.5409163902321021	0.015084484392899434	0.013528539659006671	1.1150120244395254	0.044479298336881405	0.15567754417908491	False	-0.11095366344467916	3.1127314039645615
ReplogleWeissman2022_K562_essential	POLR2E	viper	217	10646	1088216.0	0.4710520642962329	0.528947935703767	0.024728940420971336	0.01997606554358833	1.2379284783088091	0.07183102426927786	0.24047777690149544	False	-0.15542632031161824	2.6334388033663294
ReplogleWeissman2022_K562_essential	GTF2H4	viper	115	10646	567102.0	0.4632088802489606	0.5367911197510393	0.012432939356152705	0.010686739150636558	1.163398786187472	0.08702123721131089	0.27919313605295576	False	-0.14038151315082403	2.4416030842394085
ReplogleWeissman2022_K562_essential	POLR2B	viper	273	10646	1386703.0	0.4771273876101981	0.5228726123898019	0.026558993512690757	0.025002289586958514	1.0622624548171076	0.0980735815318613	0.297296046900487	False	-0.07433575906833967	2.322037250087097
ReplogleWeissman2022_K562_essential	POLR2K	viper	13	10646	55013.0	0.39749851876472203	0.602501481235278	0.002038459645035156	0.0012196266066235107	1.6713801043407484	0.10038567817419042	0.297296046900487	False	-0.3952780181636984	2.2987357295670807
ReplogleWeissman2022_K562_essential	POLR2D	viper	246	10646	1248939.0	0.4768915841516108	0.5231084158483892	0.02411174660370387	0.022585383767903047	1.0675818862095228	0.10726463123606017	0.3059028372287642	False	-0.10260655984867184	2.2324563086971687
ReplogleWeissman2022_K562_essential	LIN54	viper	303	10646	1548286.0	0.4799788451510941	0.5200211548489059	0.027641213940781784	0.027673760160745273	0.9988239321373589	0.11694947767802927	0.3216110636145805	False	-0.0634547898387294	2.1460132521609028
ReplogleWeissman2022_K562_essential	POLR2C	viper	151	10646	759689.0	0.47257683450426924	0.5274231654957308	0.018745741932491046	0.01398536630545522	1.3403826201662636	0.12321183615157066	0.3271486684024462	False	-0.14661858115474652	2.093850159838547
ReplogleWeissman2022_K562_essential	POLR2L	viper	60	10646	292963.0	0.45864330891101507	0.5413566910889849	0.006506472833738628	0.005604334018307491	1.1609716359667626	0.13424862147310013	0.34082224665640515	False	-0.20545393168614506	2.008061814002679
ReplogleWeissman2022_K562_essential	E2F6	viper	150	10646	757022.0	0.4740572358945457	0.5259427641054543	0.014925138119124434	0.013894034827713968	1.0742119408937825	0.13721415125128	0.34082224665640515	False	-0.10975655792908558	1.9862124257783458
ReplogleWeissman2022_K562_essential	SUPT16H	viper	90	10646	448805.0	0.4684127580520592	0.5315872419479408	0.009523546495277452	0.00838301043219076	1.1360532797033192	0.1506528823971338	0.3538401981577279	False	-0.16209334594277824	1.8927768805179435
ReplogleWeissman2022_K562_essential	POLR2H	viper	73	10646	361455.0	0.46509847418414274	0.5349015258158573	0.008199919926698745	0.006810336785147868	1.2040402971819706	0.1516457992104548	0.3538401981577279	False	-0.14217164976776597	1.8862077457887167
ReplogleWeissman2022_K562_essential	CTDP1	viper	111	10646	558357.0	0.47250077430426857	0.5274992256957314	0.012015563076392025	0.01031886213628335	1.164427135249991	0.159048965808244	0.36019912844808205	False	-0.13376292039449045	1.8385431631140403
ReplogleWeissman2022_K562_essential	NANOG	viper	125	10646	633454.0	0.4760127747510802	0.5239872252489197	0.012621556302314953	0.011605236282610714	1.087574263457875	0.1778583975879527	0.3912884746934959	False	-0.10418019683335639	1.726767564452146
ReplogleWeissman2022_K562_essential	SSRP1	viper	534	10646	2777935.0	0.4886460142931424	0.5113539857068576	0.04854369918080262	0.04776386404293381	1.0163268854707364	0.18757490194674853	0.393308279147192	False	-0.04248968797915231	1.6735770362920592
ReplogleWeissman2022_K562_essential	RAD51D	viper	142	10646	723363.0	0.4784994959424025	0.5215005040575975	0.014220883211159191	0.013162773451983686	1.0803865357886293	0.18899228997981954	0.393308279147192	False	-0.07228455245757565	1.6660490585121512
ReplogleWeissman2022_K562_essential	NELFB	viper	136	10646	693294.0	0.4788418185233891	0.521158181476611	0.014039375301628909	0.012613615284733816	1.11303341545708	0.19786065495108907	0.4009281692429963	False	-0.06918192038215037	1.6201922589182287
ReplogleWeissman2022_K562_essential	ATR	viper	138	10646	709021.0	0.482606925918968	0.517393074081032	0.013530893256631298	0.01279673590504451	1.0573706730399415	0.24096439478010134	0.47575021533507195	False	-0.08471570545045409	1.4231060959076913
ReplogleWeissman2022_K562_essential	TGS1	viper	160	10646	826225.0	0.4850560069509675	0.5149439930490325	0.01611488433153912	0.014806588932074774	1.088359000541323	0.25787702733860607	0.49641327762681675	False	-0.037908756998289966	1.355272445911082
ReplogleWeissman2022_K562_essential	GTF2H3	viper	76	10646	388487.0	0.480149450745029	0.519850549254971	0.007261265949514035	0.007088229807871666	1.0244117567195985	0.275154015886644	0.516752663982234	False	-0.07221549417835893	1.2904242803197716
ReplogleWeissman2022_K562_essential	GTF2F2	viper	58	10646	296935.0	0.48089131744479063	0.5191086825552094	0.00579560982576661	0.005418535127055307	1.0695897857759618	0.30758436082425716	0.5639046615111382	False	-0.07967421831023047	1.179005885217112
ReplogleWeissman2022_K562_essential	NELFE	viper	73	10646	377358.0	0.485561494573819	0.514438505426181	0.007285659187679328	0.006810336785147868	1.0697942579826674	0.33511067323180566	0.5985926464188795	False	-0.07781467809672177	1.0932944338603783
ReplogleWeissman2022_K562_essential	CCNK	viper	320	10646	1680657.0	0.49333581861732106	0.5066641813826789	0.03029745785653529	0.029181105234360752	1.0382560089211437	0.3420529408107883	0.5985926464188795	False	-0.0414903666541232	1.072789756207095
ReplogleWeissman2022_K562_essential	ASF1B	viper	283	10646	1492584.0	0.4954112727685509	0.5045887272314491	0.026632736063031518	0.025894409369567207	1.0285129767945989	0.3959275194922489	0.6774759777978482	False	-0.02718348150588494	0.9265241160652112
ReplogleWeissman2022_K562_essential	GTF2H2	viper	155	10646	815826.0	0.4944010471902214	0.5055989528097786	0.015048231234848386	0.01435052309971299	1.0486190036619187	0.405278660513691	0.6784012360772654	False	-0.037098942347762454	0.9031803978228368
ReplogleWeissman2022_K562_essential	RBBP4	viper	89	10646	469329.0	0.4953371736390943	0.5046628263609056	0.00791660111331913	0.008290638099673963	0.9548844151851784	0.4397018434562534	0.7203625945985428	False	0.010755569525763085	0.8216584102723136
ReplogleWeissman2022_K562_essential	BRCA1	viper	104	10646	550472.0	0.4971820402028931	0.5028179597971069	0.011715082167824882	0.009674418604651163	1.2109339740780527	0.46055048048859104	0.7387997291171148	False	-0.011107722866895542	0.7753328082554369
ReplogleWeissman2022_K562_essential	ELL	viper	83	10646	440714.0	0.4987607767157301	0.5012392232842698	0.007697736947025651	0.007736042501631094	0.9950484301763639	0.48446988815118736	0.7613098242375801	False	0.051169928560029776	0.7246999999414762
ReplogleWeissman2022_K562_essential	ACTL6A	viper	53	10646	281950.0	0.4997004810026974	0.5002995189973025	0.005029102733847608	0.004953733993831199	1.0152145311214258	0.49700309169853096	0.7653847612157377	False	0.04113071026903259	0.6991590321834666
ReplogleWeissman2022_K562_essential	LIN52	viper	12	10646	64694.0	0.5064030308723151	0.49359696912768486	0.001277962345482555	0.001125914805779696	1.135043556512756	0.5306231683335786	0.7774831550329584	False	0.06437001888918131	0.633703173826222
ReplogleWeissman2022_K562_essential	USF2	viper	184	10646	982676.0	0.5016560618807635	0.49834393811923644	0.017303571705394316	0.01698984302862419	1.018465660703372	0.5307525588289613	0.7774831550329584	False	-0.0027595744107917763	0.6334593572536127
ReplogleWeissman2022_K562_essential	VHL	viper	160	10646	856010.0	0.5025420345669736	0.4974579654330265	0.01620814114517925	0.014806588932074774	1.0946573325925435	0.5440198730815483	0.7774831550329584	False	0.010507737074707688	0.6087695013935448
ReplogleWeissman2022_K562_essential	YY1	viper	82	10646	439661.0	0.5036370009576481	0.4963629990423518	0.007584123920114246	0.0076435495898583145	0.9922253831095809	0.5452479269062306	0.7774831550329584	False	0.005476979841716828	0.6065146760053238
ReplogleWeissman2022_K562_essential	CDC6	viper	187	10646	1002640.0	0.5036362229895288	0.49636377701047113	0.017740197549141537	0.017262069602141605	1.0276981820847608	0.5677944698353677	0.7949122577695148	False	0.022505460970777824	0.5659957746254841
ReplogleWeissman2022_K562_essential	NFYB	viper	28	10646	152479.0	0.5115234427417407	0.4884765572582593	0.00264189716125769	0.0026231965523702454	1.0071289392594496	0.583545357841403	0.8023748670319292	False	0.05701284346245284	0.5386330961868561
ReplogleWeissman2022_K562_essential	HSF1	viper	128	10646	690812.0	0.5069480321247417	0.4930519678752583	0.011630155942664784	0.011880452942268424	0.9789320322364874	0.6066835252362919	0.8086935769837128	False	0.03171841067645442	0.4997479991144781
ReplogleWeissman2022_K562_essential	GABPA	viper	109	10646	589143.0	0.5077006999226138	0.49229930007738626	0.010850794694647527	0.010134821013482101	1.0706449260636162	0.609145811234485	0.8086935769837128	False	0.013696504220983771	0.49569761261595996
ReplogleWeissman2022_K562_essential	POLR2G	viper	110	10646	598223.0	0.5108388980923266	0.48916110190767337	0.009686291200471124	0.010226850130159911	0.9471431650206127	0.6523878101553768	0.8514213793553222	False	0.07140708025412917	0.42711609302759257
ReplogleWeissman2022_K562_essential	YBX1	viper	83	10646	457559.0	0.5178244444997725	0.48217555550022745	0.00839890313524149	0.007736042501631094	1.0856847197350115	0.7123767554515339	0.901197295274289	False	0.04136900836491199	0.33914835660606313
ReplogleWeissman2022_K562_essential	CCNH	viper	73	10646	403497.0	0.5191955818507948	0.48080441814920516	0.006988101464119973	0.006810336785147868	1.0261021862178357	0.7143683658461399	0.901197295274289	False	0.06363742615587598	0.3363565311307555
ReplogleWeissman2022_K562_essential	HDAC3	viper	59	10646	329197.0	0.5241039047051969	0.47589609529480315	0.005667208092867904	0.005511443250817375	1.0282620785449308	0.7387786448416577	0.901197295274289	False	0.03950245674138275	0.3027569362701894
ReplogleWeissman2022_K562_essential	HDAC7	viper	169	10646	927984.0	0.5157833539168529	0.4842166460831471	0.015452436868446568	0.015626444752658345	0.9888645250428972	0.759651302342452	0.901197295274289	False	0.06755691364301572	0.27489576369581625
ReplogleWeissman2022_K562_essential	NFYC	viper	21	10646	122575.0	0.548272098619647	0.45172790138035296	0.002121759837184666	0.0019686884784850473	1.0777529611070873	0.7780251869203949	0.901197295274289	False	0.18022700188270954	0.2509963813941004
ReplogleWeissman2022_K562_essential	MCM5	viper	88	10646	490587.0	0.5236569859785152	0.47634301402148477	0.008337185317645747	0.008198248555990311	1.0169471272682893	0.7780383427440656	0.901197295274289	False	0.0736911242725517	0.2509794722854166
ReplogleWeissman2022_K562_essential	ERCC2	viper	115	10646	637769.0	0.5209296816930629	0.47907031830693714	0.010111024701065459	0.010686739150636558	0.94612814615796	0.78033250683023	0.901197295274289	False	0.09447898746883598	0.24803515932662476
ReplogleWeissman2022_K562_essential	SUPT4H1	viper	73	10646	409297.0	0.5266586717244113	0.4733413282755887	0.006899842084995227	0.006810336785147868	1.0131425658775868	0.7841586854984073	0.901197295274289	False	0.1028038209761244	0.24314387414039376
ReplogleWeissman2022_K562_essential	DNMT1	viper	170	10646	941330.0	0.5201235481981633	0.4798764518018367	0.015242791328837931	0.015717455621301776	0.9698001824277122	0.816393721731604	0.9244458319607869	False	0.07783439042945195	0.2028585382626853
ReplogleWeissman2022_K562_essential	GTF2H1	viper	403	10646	2207026.0	0.5144177451753219	0.48558225482467815	0.03572439037140336	0.0364738890397321	0.9794510898601383	0.8374762189644944	0.9345749110183489	False	0.06728283570953902	0.17736241095234406
ReplogleWeissman2022_K562_essential	KAT5	viper	118	10646	665526.0	0.5297812180591421	0.47021878194085787	0.0109347697189159	0.010962467484206614	0.997473400461108	0.8674599411994219	0.9482923594519943	False	0.1356201169772407	0.1421859455190594
ReplogleWeissman2022_K562_essential	NPM1	viper	27	10646	162068.0	0.5638285288858274	0.43617147111417254	0.0023207628994932434	0.002529747962147475	0.9173889787515328	0.8743994483258648	0.9482923594519943	False	0.21088486111292645	0.13421797303736227
ReplogleWeissman2022_K562_essential	GTF2F1	viper	41	10646	247557.0	0.5671590841401557	0.4328409158598443	0.0032494086614077854	0.003836436792364555	0.846986106450366	0.9314603814856991	0.9961451301999837	False	0.28859226018128037	0.07100162179809046
ReplogleWeissman2022_K562_essential	RBMX	viper	143	10646	822215.0	0.5400859707641598	0.45991402923584024	0.011775662748241635	0.01325424043006766	0.8884449328026504	0.9504714671762969	0.99999102861759	False	0.14490207397287228	0.05079713625614821
ReplogleWeissman2022_K562_essential	NELFCD	viper	199	10646	1137935.0	0.5371281543920995	0.46287184560790046	0.016768038202606503	0.01834946980175196	0.9138159512928016	0.9638760672005104	0.99999102861759	False	0.17072331737391402	0.036792553631585664
ReplogleWeissman2022_K562_essential	MNAT1	viper	83	10646	502740.0	0.568956268432739	0.43104373156726095	0.006455983547374828	0.007736042501631094	0.8345331021660787	0.9849094638880733	0.99999102861759	False	0.33096918222082866	0.015205556868918755
ReplogleWeissman2022_K562_essential	ERCC3	viper	163	10646	958658.0	0.552445747070532	0.447554252929468	0.013419827479425286	0.015080025904338977	0.8899074553687603	0.9893282511926719	0.99999102861759	False	0.21107817719958108	0.010729100310800628
ReplogleWeissman2022_K562_essential	STAT5A	viper	203	10646	1270164.0	0.5877292426490117	0.4122707573509883	0.014947602439727514	0.01871140197253203	0.798849945165536	0.99999102861759	0.99999102861759	False	0.3222502378120964	8.971422653053179e-06
ReplogleWeissman2022_K562_essential	MAX	z-aggregate	180	10646	240719.0	0.12561786377773604	0.874382136222264	0.1247213376549024	0.01662663957140218	7.501295563622073	5.2528881467934e-67	4.044723873030918e-65	True	-4.871288759206841	152.61442318206107
ReplogleWeissman2022_K562_essential	RUVBL1	z-aggregate	191	10646	350830.0	0.1725348753261801	0.82746512467382	0.1392169729677526	0.017624803912521917	7.898923225400705	9.617659627213942e-55	3.7027989564773677e-53	True	-3.934896715437202	124.37857916158715
ReplogleWeissman2022_K562_essential	CHEK1	z-aggregate	292	10646	1227537.0	0.3948801273357541	0.6051198726642459	0.04863095013709883	0.02669592247211556	1.8216620979437912	4.161504843533097e-10	1.0681195765068281e-08	True	-0.6604941157588202	21.599974179845955
ReplogleWeissman2022_K562_essential	NRF1	z-aggregate	69	10646	242992.0	0.33079308551623116	0.6692069144837688	0.012390905742098689	0.006439570695286981	1.9241819569070644	6.081030781345229e-07	1.0117622181269098e-05	True	-0.8107933265234648	14.312921432944451
ReplogleWeissman2022_K562_essential	MYBL2	z-aggregate	103	10646	396648.0	0.3617275461497914	0.6382724538502085	0.014164006328774827	0.009582286724346451	1.4781446993009768	6.569884533291621e-07	1.0117622181269098e-05	True	-0.7950799453566034	14.235599393457697
ReplogleWeissman2022_K562_essential	MYC	z-aggregate	73	10646	267029.0	0.3435967975624004	0.6564032024375995	0.018661450582012663	0.006810336785147868	2.74016559984375	1.983650482038508e-06	2.5456847852827522e-05	True	-2.133442953866134	13.13057173294842
ReplogleWeissman2022_K562_essential	SUPT5H	z-aggregate	340	10646	1553473.0	0.4291788686167685	0.5708211313832314	0.07175904563959136	0.030948479883488075	2.318661398225149	4.235230351914227e-06	4.658753387105649e-05	True	-0.4893332954039789	12.372072838915804
ReplogleWeissman2022_K562_essential	GATA1	z-aggregate	105	10646	425494.0	0.3806428526699051	0.6193571473300948	0.07349257501822411	0.00976653334573528	7.524939752580261	1.2444350087794142e-05	0.0001197768695950186	True	-1.013417284651249	11.294243846264973
ReplogleWeissman2022_K562_essential	POLR2I	z-aggregate	209	10646	942156.0	0.42343823454593993	0.57656176545406	0.03551807896238042	0.019253800092123446	1.8447308475437294	7.324902689768483e-05	0.0006148226077274869	True	-0.38750632022783854	9.521645594828584
ReplogleWeissman2022_K562_essential	TRRAP	z-aggregate	404	10646	1913434.0	0.4448828454139797	0.5551171545860204	0.0507772946516629	0.03656108597285068	1.3888344205467202	8.271384320818178e-05	0.0006148226077274869	True	-0.4414682490764091	9.40012357927563
ReplogleWeissman2022_K562_essential	TFDP1	z-aggregate	163	10646	719317.0	0.4145207336146299	0.5854792663853701	0.023329808610438776	0.015080025904338977	1.547066878958483	8.78318011039267e-05	0.0006148226077274869	True	-0.47932639855728687	9.340086923540206
ReplogleWeissman2022_K562_essential	ATF4	z-aggregate	72	10646	296045.0	0.38622356858079193	0.613776431419208	0.009129325713653404	0.006717671207314798	1.359001569429683	0.00042972319251144425	0.002757390485281767	True	-0.6020561953255317	7.752369294910638
ReplogleWeissman2022_K562_essential	RUVBL2	z-aggregate	14	10646	37545.0	0.2519054775770913	0.7480945224229085	0.010059846908610235	0.0013133208255159475	7.659854860413222	0.0006559448340745713	0.003885211709518615	True	-3.0129933074840016	7.329433866954837
ReplogleWeissman2022_K562_essential	NELFA	z-aggregate	87	10646	374204.0	0.4040198574393059	0.5959801425606941	0.011615035696369	0.008105841796329078	1.432921587691132	0.0010059863265240224	0.005532924795882123	True	-0.3949976994404892	6.901786799321392
ReplogleWeissman2022_K562_essential	CDK9	z-aggregate	135	10646	616993.0	0.42929912817194427	0.5707008718280557	0.015294859186603265	0.012522029496336146	1.2214361251168133	0.0023446429976397114	0.012035834054550517	True	-0.37350677349533495	6.055622128486041
ReplogleWeissman2022_K562_essential	ZBTB17	z-aggregate	159	10646	747310.5	0.44148657126957064	0.5585134287304293	0.01927777260168201	0.014715409532623786	1.310039829944491	0.005590095337685573	0.02690233381261182	True	-0.25918812567033167	5.186758936918423
ReplogleWeissman2022_K562_essential	MED1	z-aggregate	238	10646	1155304.0	0.4559664181284011	0.5440335818715989	0.033521717000688	0.021866960676221976	1.5329847388045723	0.009976388531187494	0.04518717158243748	True	-0.2778906189917324	4.607534124772234
ReplogleWeissman2022_K562_essential	CCND1	z-aggregate	146	10646	702494.5	0.45196375769148617	0.5480362423085139	0.022041535526874868	0.013528539659006671	1.629261995931737	0.02291767811845242	0.0980367341733798	True	-0.22424165160416185	3.7758466959996104
ReplogleWeissman2022_K562_essential	POLR2A	z-aggregate	382	10646	1914319.0	0.470721987856708	0.5292780121432921	0.04172445696871381	0.034639100471527025	1.2045479357355389	0.02573477494254487	0.10429356160926079	False	-0.14280872846461912	3.6599120911052885
ReplogleWeissman2022_K562_essential	SUPT16H	z-aggregate	90	10646	422763.0	0.44123301396455633	0.5587669860354437	0.011953971898198724	0.00838301043219076	1.4259760255451277	0.027236085505842403	0.10485892919749326	False	-0.47302567954125524	3.6032125119243417
ReplogleWeissman2022_K562_essential	CDK7	z-aggregate	17	10646	66961.0	0.3699870705374015	0.6300129294625985	0.0024020787843497065	0.0015942980399512331	1.5066685927953483	0.03177314600508702	0.11650153535198576	False	-0.5499060661177944	3.4491338112064827
ReplogleWeissman2022_K562_essential	POLR2F	z-aggregate	310	10646	1562207.5	0.47335891717622247	0.5266410828237775	0.03458833021688463	0.028294998174516247	1.2224185350199612	0.05461624565273423	0.1911568597845698	False	-0.14743543206812817	2.907423901059988
ReplogleWeissman2022_K562_essential	ATR	z-aggregate	138	10646	681534.0	0.46389744259938415	0.5361025574006157	0.01465187785736506	0.01279673590504451	1.144969933433513	0.07219345479695433	0.24169113127676015	False	-0.2630287933499619	2.628405890974455
ReplogleWeissman2022_K562_essential	E2F6	z-aggregate	150	10646	744671.0	0.4663228755714196	0.5336771244285804	0.015524563808246152	0.013894034827713968	1.117354605825503	0.07798451757741771	0.2502003272275485	False	-0.2344694302066841	2.551244964592017
ReplogleWeissman2022_K562_essential	RAD51	z-aggregate	237	10646	1200505.0	0.47580517949730133	0.5241948205026987	0.022403363532968793	0.02177708352476339	1.0287586722755249	0.10090454845937968	0.2912827801228628	False	-0.0944575035802268	2.293580273754754
ReplogleWeissman2022_K562_essential	LIN54	z-aggregate	303	10646	1543694.0	0.4785552949433587	0.5214447050566413	0.02779346102661218	0.027673760160745273	1.0043254283180751	0.10115204565892671	0.2912827801228628	False	-0.03130731165815488	2.291130491559769
ReplogleWeissman2022_K562_essential	POLR2E	z-aggregate	217	10646	1097034.5	0.47486929601217565	0.5251307039878244	0.02428409266844995	0.01997606554358833	1.2156594408173815	0.10213811770541942	0.2912827801228628	False	-0.19157911651373463	2.281429286506763
ReplogleWeissman2022_K562_essential	SSRP1	z-aggregate	534	10646	2764216.0	0.48623280639947764	0.5137671936005224	0.05498307375369134	0.04776386404293381	1.1511437538694178	0.14110510329486808	0.38803903406088724	False	-0.0767225880019175	1.9582502528478016
ReplogleWeissman2022_K562_essential	POLR2K	z-aggregate	13	10646	58643.0	0.42372722149164005	0.57627277850836	0.0019386772556401598	0.0012196266066235107	1.5895662206052663	0.17055459644384197	0.45285185952330453	False	-0.21643681367838247	1.7686998197691717
ReplogleWeissman2022_K562_essential	TGS1	z-aggregate	160	10646	820960.0	0.48196505729851585	0.5180349427014841	0.01632835646177395	0.014806588932074774	1.1027763745370582	0.2164231751995941	0.5554861496789582	False	-0.06679974654570796	1.5305196434759976
ReplogleWeissman2022_K562_essential	POLR2L	z-aggregate	60	10646	303853.5	0.4756927484501221	0.5243072515498779	0.006698091605179393	0.005604334018307491	1.1951628120841764	0.25773291652563945	0.6359749155028492	False	-0.25500441932508366	1.3558314375226057
ReplogleWeissman2022_K562_essential	POLR2D	z-aggregate	246	10646	1279330.0	0.48849600369007634	0.5115039963099236	0.02484827256296877	0.022585383767903047	1.1001926209587636	0.26832014516355507	0.6359749155028492	False	-0.06182732349979522	1.3155744398983094
ReplogleWeissman2022_K562_essential	RAD51D	z-aggregate	142	10646	734351.5	0.485768310785245	0.5142316892147549	0.014183256119832375	0.013162773451983686	1.0775279367658568	0.2797588214059572	0.6359749155028492	False	-0.07662191210535482	1.2738273991113656
ReplogleWeissman2022_K562_essential	USF2	z-aggregate	184	10646	956178.0	0.48812883385472394	0.5118711661452761	0.01750481545529519	0.01698984302862419	1.0303106053306899	0.29012411871007115	0.6359749155028492	False	-0.046503603902348964	1.237446452013619
ReplogleWeissman2022_K562_essential	GTF2H4	z-aggregate	115	10646	594888.0	0.4859044834148772	0.5140955165851228	0.012574544696119594	0.010686739150636558	1.1766493519560257	0.30125974784411025	0.6359749155028492	False	-0.13318178223052596	1.199782436712033
ReplogleWeissman2022_K562_essential	POLR2H	z-aggregate	73	10646	374985.5	0.48250870479361985	0.5174912952063802	0.008938719464686776	0.006810336785147868	1.312522382766816	0.3029669399837872	0.6359749155028492	False	0.13283962534137056	1.1941315883899826
ReplogleWeissman2022_K562_essential	CTDP1	z-aggregate	111	10646	574306.0	0.48599736313431596	0.514002636865684	0.012415655028498505	0.01031886213628335	1.2032000102843101	0.3055983360208496	0.6359749155028492	False	-0.12764933865996742	1.1854836666625483
ReplogleWeissman2022_K562_essential	BRCA1	z-aggregate	104	10646	538922.0	0.48675016980014163	0.5132498301998584	0.01115457233464268	0.009674418604651163	1.1529966595904693	0.3206900356972797	0.6498192828602773	False	0.009175748584495429	1.1372802432450526
ReplogleWeissman2022_K562_essential	GTF2F2	z-aggregate	58	10646	299845.0	0.48560411227788325	0.5143958877221168	0.005825406568011945	0.005418535127055307	1.075088825931032	0.35244779121330616	0.682790228418483	False	-0.0881240175677442	1.0428527777323617
ReplogleWeissman2022_K562_essential	NANOG	z-aggregate	125	10646	652494.0	0.4903204959609243	0.5096795040390757	0.011550006373153992	0.011605236282610714	0.9952409491619332	0.35469622255505606	0.682790228418483	False	-0.07946604353260901	1.0364935669489899
ReplogleWeissman2022_K562_essential	ACTL6A	z-aggregate	53	10646	274560.0	0.48660317100230754	0.5133968289976925	0.005248131174608493	0.004953733993831199	1.0594293478704957	0.3680662634101385	0.6911808723186602	False	-0.013569909298322136	0.9994922934082062
ReplogleWeissman2022_K562_essential	GTF2H3	z-aggregate	76	10646	396122.0	0.48958590822349884	0.5104140917765012	0.007021309749586211	0.007088229807871666	0.9905589886192546	0.377007748537451	0.6911808723186602	False	-0.045062684120085544	0.975489538595602
ReplogleWeissman2022_K562_essential	NELFE	z-aggregate	73	10646	382124.0	0.4916940956665183	0.5083059043334817	0.00768230167533041	0.006810336785147868	1.1280355021625572	0.40324233706875073	0.7112748856869288	False	-0.1331941719093549	0.9082175650866992
ReplogleWeissman2022_K562_essential	LIN52	z-aggregate	12	10646	61354.0	0.4802586260880456	0.5197413739119543	0.001371261697699782	0.001125914805779696	1.2179089311736897	0.40644279182110216	0.7112748856869288	False	-0.07366774838502553	0.9003120934255878
ReplogleWeissman2022_K562_essential	ELL	z-aggregate	83	10646	442277.0	0.5005296406365647	0.4994703593634353	0.007605842912389612	0.007736042501631094	0.9831697422533511	0.5066490262688511	0.8155985603347663	False	0.10517985485376982	0.6799367709906716
ReplogleWeissman2022_K562_essential	RBBP4	z-aggregate	89	10646	474603.0	0.5009034358001212	0.4990965641998788	0.007926254788841743	0.008290638099673963	0.9560488220024282	0.5117342668945577	0.8155985603347663	False	0.18726926673585775	0.6699497986464918
ReplogleWeissman2022_K562_essential	CDC6	z-aggregate	187	10646	997592.0	0.5011005614822569	0.4988994385177431	0.017128928298943913	0.017262069602141605	0.9922870602270556	0.5206130916574933	0.8155985603347663	False	0.02460850315093358	0.6527481394895045
ReplogleWeissman2022_K562_essential	NELFB	z-aggregate	136	10646	726307.5	0.5016434645434352	0.49835653545656466	0.014312542891729783	0.012613615284733816	1.1346899813134597	0.5263045182800863	0.8155985603347663	False	0.055067595682709136	0.641875301669541
ReplogleWeissman2022_K562_essential	CCNK	z-aggregate	320	10646	1707187.0	0.5011233679316175	0.4988766320683825	0.02982825482663855	0.029181105234360752	1.0221770075903698	0.5273440934010574	0.8155985603347663	False	-0.04440875705480795	0.6399020148511918
ReplogleWeissman2022_K562_essential	YY1	z-aggregate	82	10646	439258.0	0.5031753595762521	0.4968246404237479	0.0077258332952399615	0.0076435495898583145	1.0107651169674916	0.5395257466207869	0.8155985603347663	False	-0.050810363767776506	0.6170647723072064
ReplogleWeissman2022_K562_essential	HDAC3	z-aggregate	59	10646	316446.0	0.5038034496922533	0.4961965503077467	0.005871589534779715	0.005511443250817375	1.0653451859290992	0.540201643858092	0.8155985603347663	False	-0.008981372284525455	0.6158127945736573
ReplogleWeissman2022_K562_essential	HSF1	z-aggregate	128	10646	685875.0	0.5033250457918467	0.49667495420815333	0.011657509500031069	0.011880452942268424	0.9812344324479275	0.5515373915960805	0.8166995990941961	False	0.007480472688947304	0.5950456427753139
ReplogleWeissman2022_K562_essential	POLR2C	z-aggregate	151	10646	810290.0	0.5040540052975155	0.49594599470248435	0.027364313789146617	0.01398536630545522	1.956639046234543	0.5680310288803534	0.8190456366864579	False	-0.11343327424951276	0.5655792334425762
ReplogleWeissman2022_K562_essential	GABPA	z-aggregate	109	10646	586256.0	0.5052127947439449	0.49478720525605513	0.010751110261588738	0.010134821013482101	1.0608090904897878	0.5743956413125809	0.8190456366864579	False	0.007104310595407504	0.5544368495210275
ReplogleWeissman2022_K562_essential	GTF2H2	z-aggregate	155	10646	834290.0	0.5055904686297443	0.4944095313702557	0.014834398229102066	0.01435052309971299	1.0337182920808479	0.5945905820051974	0.8324268148072764	False	-0.018538864333011155	0.5198822077544838
ReplogleWeissman2022_K562_essential	ASF1B	z-aggregate	283	10646	1522910.0	0.505476932227569	0.494523067772431	0.025100944603325348	0.025894409369567207	0.9693576804584548	0.6238922406759462	0.857851830929426	False	-0.031867121564526084	0.471777616750001
ReplogleWeissman2022_K562_essential	POLR2B	z-aggregate	273	10646	1470994.0	0.5061296646868693	0.49387033531313074	0.02722097884095663	0.025002289586958514	1.0887394430930601	0.6354864064660015	0.8584640929453002	False	0.14711654339704766	0.4533645788788052
ReplogleWeissman2022_K562_essential	VHL	z-aggregate	160	10646	867828.0	0.5094800864174338	0.49051991358256625	0.017677989383120388	0.014806588932074774	1.1939272079624932	0.6599418602183569	0.8761297109795427	False	-0.035433191702142264	0.4156035384201158
ReplogleWeissman2022_K562_essential	YBX1	z-aggregate	83	10646	458440.0	0.5188214816809978	0.4811785183190021	0.007970548142762827	0.007736042501631094	1.0303133858277393	0.7229689299821843	0.9435357221801388	False	0.007189008188184132	0.32438903149202014
ReplogleWeissman2022_K562_essential	NFYB	z-aggregate	28	10646	159344.0	0.5345535546550012	0.4654464453449988	0.0024315603923113147	0.0026231965523702454	0.9269455581261061	0.7364852183395589	0.9451560302024339	False	0.13377163822932336	0.30586611342402514
ReplogleWeissman2022_K562_essential	DNMT1	z-aggregate	170	10646	938073.0	0.5183239217159717	0.48167607828402825	0.018643000427068512	0.015717455621301776	1.1861334859951354	0.7941966358700113	0.9923877742199605	False	0.05945272555920854	0.2304241961665192
ReplogleWeissman2022_K562_essential	SUPT4H1	z-aggregate	73	10646	411016.0	0.5288705771541952	0.4711294228458047	0.007024946662897547	0.006810336785147868	1.0315123736931344	0.8027697532032432	0.9923877742199605	False	0.25225845892527604	0.21968733939748486
ReplogleWeissman2022_K562_essential	NFYC	z-aggregate	21	10646	124472.0	0.55675728867538	0.44324271132462	0.0019175828740819862	0.0019686884784850473	0.9740407865634546	0.8159664762483729	0.9923877742199605	False	0.337045643730467	0.20338200789091554
ReplogleWeissman2022_K562_essential	HDAC7	z-aggregate	169	10646	939064.0	0.5219417354852838	0.4780582645147162	0.016351198512260905	0.015626444752658345	1.0463799521307793	0.8365422499527994	0.9923877742199605	False	0.07695743341957852	0.17847825181783497
ReplogleWeissman2022_K562_essential	POLR2G	z-aggregate	110	10646	617449.0	0.5272565026557137	0.47274349734428645	0.010240299448597655	0.010226850130159911	1.001315098810149	0.83772993927659	0.9923877742199605	False	0.2982974830067484	0.17705949860595918
ReplogleWeissman2022_K562_essential	NPM1	z-aggregate	27	10646	161233.0	0.5609235950209086	0.4390764049790914	0.002481726420278973	0.002529747962147475	0.9810172623569436	0.8632891454217904	0.9999881318155773	False	0.11099059493546626	0.14700559717567624
ReplogleWeissman2022_K562_essential	CCNH	z-aggregate	73	10646	421148.0	0.541907823119623	0.45809217688037696	0.006648697788849174	0.006810336785147868	0.9762656383380041	0.8917873397361271	0.9999881318155773	False	0.24096059731047953	0.11452758319349077
ReplogleWeissman2022_K562_essential	MCM5	z-aggregate	88	10646	506866.0	0.541033337318327	0.45896666268167297	0.009159651338783685	0.008198248555990311	1.1172692894375462	0.9085377848633749	0.9999881318155773	False	0.2015145275411399	0.09591880162730557
ReplogleWeissman2022_K562_essential	ERCC2	z-aggregate	115	10646	658227.5	0.5376401832899068	0.4623598167100932	0.00985999753659212	0.010686739150636558	0.922638552097981	0.9178462925996047	0.9999881318155773	False	0.28416253091689264	0.0857253396361613
ReplogleWeissman2022_K562_essential	KAT5	z-aggregate	118	10646	676637.0	0.5386259500663892	0.46137404993361075	0.010108318725476208	0.010962467484206614	0.9220842606866603	0.9258334966329744	0.9999881318155773	False	0.2341459675738488	0.07706086975522673
ReplogleWeissman2022_K562_essential	RBMX	z-aggregate	143	10646	821632.0	0.5397030172532709	0.46029698274672914	0.012024587409929628	0.01325424043006766	0.9072256892708446	0.948838628829834	0.9999881318155773	False	0.29430012227352315	0.05251653821390708
ReplogleWeissman2022_K562_essential	GTF2F1	z-aggregate	41	10646	251187.5	0.5754766475900717	0.42452335240992833	0.0035046515673784738	0.003836436792364555	0.9135173487944817	0.9526278919465959	0.9999881318155773	False	0.3414035507492357	0.04853091123445278
ReplogleWeissman2022_K562_essential	NELFCD	z-aggregate	199	10646	1145752.5	0.5408181712620967	0.4591818287379033	0.016900192300776516	0.01834946980175196	0.9210180175975945	0.975934141287634	0.9999881318155773	False	0.26132663626644875	0.02436017303469956
ReplogleWeissman2022_K562_essential	GTF2H1	z-aggregate	403	10646	2299219.5	0.5359063784718127	0.4640936215281873	0.03775287204297566	0.0364738890397321	1.0350657151435187	0.9928753514137	0.9999881318155773	False	0.2613839106835384	0.007150150093413208
ReplogleWeissman2022_K562_essential	MNAT1	z-aggregate	83	10646	521713.0	0.5904282167180841	0.4095717832819159	0.0063828464349589805	0.007736042501631094	0.8250790289237939	0.9977632933006216	0.9999881318155773	False	0.6759915937763782	0.0022392118640507334
ReplogleWeissman2022_K562_essential	ERCC3	z-aggregate	163	10646	981725.0	0.5657385647882958	0.43426143521170424	0.013141333134808824	0.015080025904338977	0.8714396923567397	0.9980446388865111	0.9999881318155773	False	0.30830945183008857	0.001957275327758127
ReplogleWeissman2022_K562_essential	STAT5A	z-aggregate	203	10646	1267398.0	0.5864493614012617	0.41355063859873825	0.01488887901353792	0.01871140197253203	0.7957115685609503	0.9999881318155773	0.9999881318155773	False	0.45070616659106305	1.1868254850127769e-05
ReplogleWeissman2022_K562_essential	MAX	zscore	180	10646	234432.0	0.12233702799173399	0.877662972008266	0.11104304118706244	0.01662663957140218	6.678622021617433	3.790587268244244e-68	2.9187521965480677e-66	True	-1.5672507726849887	155.24326536446125
ReplogleWeissman2022_K562_essential	RUVBL1	zscore	191	10646	337853.0	0.1661529094820167	0.8338470905179832	0.14429827190977296	0.017624803912521917	8.187227082126752	8.155149950643857e-57	3.1397327309978846e-55	True	-1.501539491736252	129.1487006771854
ReplogleWeissman2022_K562_essential	MYBL2	zscore	103	10646	383340.0	0.3495911678391447	0.6504088321608552	0.014790312231322926	0.009582286724346451	1.54350549683971	7.115726664542397e-08	1.8263698438992152e-06	True	-0.5184036840150014	16.458373386277408
ReplogleWeissman2022_K562_essential	MYC	zscore	73	10646	263713.0	0.33932996893810524	0.6606700310618948	0.018459141587442038	0.006810336785147868	2.710459433914948	1.0742059270907833e-06	2.0678464096497578e-05	True	-0.6617734092725271	13.743928841811274
ReplogleWeissman2022_K562_essential	TFDP1	zscore	163	10646	690445.0	0.3978826691438589	0.602117330856141	0.023374989425512922	0.015080025904338977	1.5500629490820195	3.698913774051623e-06	5.6963272120395e-05	True	-0.2916347949193856	12.507471355996191
ReplogleWeissman2022_K562_essential	NRF1	zscore	69	10646	253755.0	0.34544511512795173	0.6545548848720483	0.01143919930824358	0.006439570695286981	1.7763916027221733	4.6520173693476286e-06	5.9700889573294565e-05	True	-0.33273480551910706	12.278209589577159
ReplogleWeissman2022_K562_essential	CHEK1	zscore	292	10646	1340329.0	0.4311636115178638	0.5688363884821362	0.03376434542131291	0.02669592247211556	1.2647753774600021	2.912483108878371e-05	0.0003203731419766208	True	-0.16218301282988715	10.443919445621967
ReplogleWeissman2022_K562_essential	GATA1	zscore	105	10646	439377.0	0.39306245135664636	0.6069375486433536	0.0365892581786983	0.00976653334573528	3.7463915683731948	7.93219954970418e-05	0.0007634742066590272	True	-0.2747890454704709	9.441995097076909
ReplogleWeissman2022_K562_essential	NELFA	zscore	87	10646	372825.0	0.4025309813625969	0.597469018637403	0.012730872719397601	0.008105841796329078	1.570579964336718	0.0008552750712378026	0.007317353387256756	True	-0.2080398704442089	7.064087420022568
ReplogleWeissman2022_K562_essential	RUVBL2	zscore	14	10646	39833.0	0.26725664904323554	0.7327433509567645	0.010932227771630769	0.0013133208255159475	8.324110574684571	0.0012868795662654693	0.009908972660244115	True	-1.1688062845141323	6.655534931852065
ReplogleWeissman2022_K562_essential	TRRAP	zscore	404	10646	1966623.0	0.4572495503354581	0.5427504496645419	0.04799674561387117	0.03656108597285068	1.3127822748348426	0.0017414744635129626	0.012190321244590739	True	-0.12828431452651845	6.353023131766755
ReplogleWeissman2022_K562_essential	CDK9	zscore	135	10646	621214.0	0.4322360684938179	0.5677639315061821	0.015153606338619502	0.012522029496336146	1.2101557773085694	0.0033623792031812574	0.020873877796422368	True	-0.1679742627768427	5.695106459403946
ReplogleWeissman2022_K562_essential	POLR2I	zscore	209	10646	992501.0	0.44606505846704786	0.5539349415329522	0.02795473253273275	0.019253800092123446	1.4519072805876267	0.0037387492800334808	0.020873877796422368	True	-0.11615872957738793	5.589004140588913
ReplogleWeissman2022_K562_essential	RAD51	zscore	237	10646	1133835.0	0.44938135675846635	0.5506186432415338	0.029157732441856363	0.02177708352476339	1.3389181525937672	0.0037952505084404304	0.020873877796422368	True	-0.09306162193500045	5.574004860183885
ReplogleWeissman2022_K562_essential	CCND1	zscore	146	10646	691720.0	0.4450317696015482	0.5549682303984518	0.01863178592327251	0.013528539659006671	1.3772207786572392	0.01115453159700383	0.05725992886461966	True	-0.09041532553708875	4.495909442386808
ReplogleWeissman2022_K562_essential	CDK7	zscore	17	10646	67799.0	0.37461736526284384	0.6253826347371562	0.0023166801273984544	0.0015942980399512331	1.4531035410852777	0.03678560907912788	0.1770307436933029	False	-0.2710923274937144	3.3026485679226223
ReplogleWeissman2022_K562_essential	POLR2F	zscore	310	10646	1553833.0	0.4708213898298922	0.5291786101701078	0.0331753481770439	0.028294998174516247	1.1724810149280418	0.03969739162716736	0.17980583266422864	False	-0.0660401534537211	3.2264697955339336
ReplogleWeissman2022_K562_essential	ZBTB17	zscore	159	10646	781370.0	0.4616078085252441	0.5383921914747559	0.018241905282068115	0.014715409532623786	1.2396464564323646	0.04800409584880369	0.2053508544643269	False	-0.08805839286629258	3.036468941531249
ReplogleWeissman2022_K562_essential	MED1	zscore	238	10646	1192717.0	0.4707322906618969	0.5292677093381031	0.02584223330456134	0.021866960676221976	1.1817935600287632	0.060951548827333564	0.23955798890736987	False	-0.0598007302015201	2.797676011936646
ReplogleWeissman2022_K562_essential	LIN54	zscore	303	10646	1529514.0	0.47415940166250325	0.5258405983374967	0.028350439582650773	0.027673760160745273	1.02445202307077	0.062222854261654505	0.23955798890736987	False	-0.06564138273128695	2.777032914864161
ReplogleWeissman2022_K562_essential	ATF4	zscore	72	10646	345635.0	0.4509192289227044	0.5490807710772956	0.007623558015319819	0.006717671207314798	1.1348513167805252	0.07525475768638777	0.2759341115167552	False	-0.15881005954236826	2.586876152283496
ReplogleWeissman2022_K562_essential	POLR2A	zscore	382	10646	1948421.0	0.4791075083628981	0.5208924916371018	0.039138333706290024	0.034639100471527025	1.1298888589344669	0.08230314874305666	0.2880610206006983	False	-0.039422040217012386	2.497345912698581
ReplogleWeissman2022_K562_essential	POLR2E	zscore	217	10646	1095069.0	0.4740184972439401	0.5259815027560598	0.025596804089460128	0.01997606554358833	1.2813736535659233	0.09468584207010494	0.3169917321477426	False	-0.07833917974219973	2.3571907929223825
ReplogleWeissman2022_K562_essential	POLR2K	zscore	13	10646	57340.0	0.4143123455541265	0.5856876544458736	0.0022712699231183663	0.0012196266066235107	1.8622666238860512	0.14242438674116803	0.4545969650426596	False	-0.1755649945678116	1.9489440394619286
ReplogleWeissman2022_K562_essential	POLR2L	zscore	60	10646	294389.0	0.460875759283612	0.539124240716388	0.006854612550421146	0.005604334018307491	1.2230913660801466	0.14759641722164274	0.4545969650426596	False	-0.11324603882598253	1.9132736406764788
ReplogleWeissman2022_K562_essential	E2F6	zscore	150	10646	760635.0	0.4763197445049784	0.5236802554950216	0.014840450122077027	0.013894034827713968	1.0681166634529573	0.15923549171159418	0.47158203314587505	False	-0.0842048577884249	1.8373710925319142
ReplogleWeissman2022_K562_essential	ATR	zscore	138	10646	700574.0	0.4768573349996052	0.5231426650003949	0.013987590285506158	0.01279673590504451	1.0930592292673798	0.1747228925175427	0.49828380458706617	False	-0.0653830169459811	1.7445540314027035
ReplogleWeissman2022_K562_essential	NANOG	zscore	125	10646	634747.0	0.47698440728912267	0.5230155927108773	0.012814429561818488	0.011605236282610714	1.1041937664827755	0.18776916494252976	0.5163652035919568	False	-0.06689579979447968	1.672541916623128
ReplogleWeissman2022_K562_essential	TGS1	zscore	160	10646	821055.0	0.4820208294195003	0.5179791705804997	0.01625527013913568	0.014806588932074774	1.097840307021876	0.21713528700963886	0.5765316241290411	False	-0.023477236135722557	1.5272346772604484
ReplogleWeissman2022_K562_essential	RAD51D	zscore	142	10646	730517.0	0.4832318162213937	0.5167681837786062	0.014296689972447322	0.013162773451983686	1.0861457142448008	0.2458628154718019	0.6167874863621575	False	-0.04235250150961438	1.4029815592840578
ReplogleWeissman2022_K562_essential	SUPT5H	zscore	340	10646	1770685.0	0.48918815130786486	0.5108118486921351	0.036779926277139295	0.030948479883488075	1.1884243237666243	0.24831703996398552	0.6167874863621575	False	-0.004054057866871956	1.3930489623064553
ReplogleWeissman2022_K562_essential	POLR2D	zscore	246	10646	1278585.0	0.4882115348487695	0.5117884651512304	0.02451867918408482	0.022585383767903047	1.0855994051750075	0.26330772034801586	0.6335842020874132	False	-0.0185444270799726	1.3344318914208835
ReplogleWeissman2022_K562_essential	GTF2F2	zscore	58	10646	300198.0	0.48617580182292847	0.5138241981770715	0.005769334302470558	0.005418535127055307	1.0647405926490492	0.3580486125488488	0.8200696585985574	False	-0.037308385808687984	1.0270865125573672
ReplogleWeissman2022_K562_essential	LIN52	zscore	12	10646	60117.0	0.4705758031185422	0.5294241968814578	0.0013503071557248872	0.001125914805779696	1.1992978054763206	0.3621086804201422	0.8200696585985574	False	-0.0874035551843515	1.0158108900589302
ReplogleWeissman2022_K562_essential	SUPT16H	zscore	90	10646	471582.0	0.4921848581626902	0.5078151418373098	0.010424107140287266	0.00838301043219076	1.243480158423601	0.3990819792966267	0.8313085811442766	False	-0.06573631352080558	0.9185884213003708
ReplogleWeissman2022_K562_essential	GTF2H4	zscore	115	10646	604272.0	0.49356933406300796	0.5064306659369922	0.012542332776836609	0.010686739150636558	1.1736351566220762	0.4061024201380264	0.8313085811442766	False	-0.02078915135775037	0.9011498848443911
ReplogleWeissman2022_K562_essential	NELFE	zscore	73	10646	382966.0	0.492777530437826	0.507222469562174	0.007140413002681495	0.006810336785147868	1.0484669448731911	0.4156605510015601	0.8313085811442766	False	-0.025847460458911543	0.8778863349856794
ReplogleWeissman2022_K562_essential	CCNK	zscore	320	10646	1691596.0	0.4965468250986286	0.5034531749013713	0.03330951672496222	0.029181105234360752	1.1414755012685491	0.4165132541737121	0.8313085811442766	False	-0.01714112533413254	0.8758369951355651
ReplogleWeissman2022_K562_essential	HDAC7	zscore	169	10646	892470.0	0.4960442958824438	0.5039557041175562	0.01780072268025261	0.015626444752658345	1.1391409218161654	0.4298639332489529	0.8313085811442766	False	-0.010071430481605415	0.8442865546751884
ReplogleWeissman2022_K562_essential	BRCA1	zscore	104	10646	548415.0	0.4953241737597364	0.5046758262402635	0.01124125510575585	0.009674418604651163	1.1619566575661096	0.434724414953602	0.8313085811442766	False	0.015548673033619842	0.833042977499942
ReplogleWeissman2022_K562_essential	NELFB	zscore	136	10646	719507.0	0.49694651954338	0.50305348045662	0.014127555747800792	0.012613615284733816	1.1200243093587363	0.45122991332078743	0.8313085811442766	False	0.0032225709963148857	0.7957782837423354
ReplogleWeissman2022_K562_essential	ASF1B	zscore	283	10646	1500532.0	0.49804933454327477	0.5019506654567253	0.02650131495197107	0.025894409369567207	1.023437707102798	0.45534060980586616	0.8313085811442766	False	-0.011446466944219025	0.7867095471072293
ReplogleWeissman2022_K562_essential	RBBP4	zscore	89	10646	471133.0	0.4972411434795365	0.5027588565204634	0.008052098857357474	0.008290638099673963	0.9712278790307021	0.4642372596000506	0.8313085811442766	False	0.022322979683644828	0.7673595220983145
ReplogleWeissman2022_K562_essential	GTF2H3	zscore	76	10646	403337.0	0.4985032678446068	0.5014967321553931	0.007305879985614036	0.007088229807871666	1.0307058579704433	0.4820460247045839	0.8435805432330219	False	-0.0015537617828560515	0.7297156825511536
ReplogleWeissman2022_K562_essential	CDC6	zscore	187	10646	996752.0	0.5006786209778773	0.4993213790221228	0.017313335747943623	0.017262069602141605	1.002969872499857	0.5127155378837176	0.852733256046013	False	0.009403404393820897	0.6680340946565414
ReplogleWeissman2022_K562_essential	POLR2H	zscore	73	10646	390504.0	0.5024769737942606	0.4975230262057393	0.008049288678479479	0.006810336785147868	1.1819222649948156	0.5291276705098086	0.852733256046013	False	0.04075512258643828	0.6365255331236724
ReplogleWeissman2022_K562_essential	USF2	zscore	184	10646	982535.0	0.5015840813859461	0.4984159186140538	0.01674671119598322	0.01698984302862419	0.9856895774592298	0.5294185894073771	0.852733256046013	False	0.004090275708647395	0.6359758757002629
ReplogleWeissman2022_K562_essential	CTDP1	zscore	111	10646	594708.0	0.5032622327380922	0.4967377672619077	0.011844964066112306	0.01031886213628335	1.1478944005330638	0.5471461493325425	0.852733256046013	False	-0.0021305318652212954	0.603039328823995
ReplogleWeissman2022_K562_essential	HSF1	zscore	128	10646	685548.0	0.5030850789028743	0.49691492109712565	0.011911139120027467	0.011880452942268424	1.002582913118562	0.5478369457938304	0.852733256046013	False	0.014074622529637648	0.6017775804810138
ReplogleWeissman2022_K562_essential	HDAC3	zscore	59	10646	317254.0	0.5050898403792942	0.4949101596207057	0.005922162983912147	0.005511443250817375	1.0745212668267718	0.553722893536372	0.852733256046013	False	-0.013998697564407525	0.591090909545302
ReplogleWeissman2022_K562_essential	GABPA	zscore	109	10646	585471.0	0.504536312040358	0.495463687959642	0.01060218879474974	0.010134821013482101	1.0461150503443437	0.5648336787644406	0.8527881032325868	False	0.009733724551325984	0.571223965040435
ReplogleWeissman2022_K562_essential	MCM5	zscore	88	10646	474321.0	0.5062945109558861	0.4937054890441139	0.014179519950925538	0.008198248555990311	1.7295791721958491	0.580711885192936	0.8599002915356937	False	0.0162147200110917	0.5435005398031848
ReplogleWeissman2022_K562_essential	POLR2C	zscore	151	10646	816148.0	0.5076980689821629	0.49230193101783715	0.023388857121376515	0.01398536630545522	1.6723807307251803	0.627555850563017	0.8945628576063837	False	0.008898144395349875	0.4659226070555956
ReplogleWeissman2022_K562_essential	NPM1	zscore	27	10646	149594.0	0.5204319480103812	0.47956805198961877	0.0025049339952274642	0.002529747962147475	0.9901911307801009	0.6433111901712681	0.8945628576063837	False	0.037883239054104845	0.4411267057665767
ReplogleWeissman2022_K562_essential	YY1	zscore	82	10646	448745.0	0.5140428329889161	0.485957167011084	0.007522764591811669	0.0076435495898583145	0.9841977870848242	0.6696029869144472	0.8945628576063837	False	0.02154186834230043	0.40107029907242514
ReplogleWeissman2022_K562_essential	ACTL6A	zscore	53	10646	292205.0	0.5178754355431573	0.48212456445684265	0.004985857496976848	0.004953733993831199	1.0064847049085905	0.6735310787809455	0.8945628576063837	False	0.03716113094764939	0.39522113901308503
ReplogleWeissman2022_K562_essential	GTF2H2	zscore	155	10646	843244.0	0.511016707774539	0.48898329222546105	0.01426958258849085	0.01435052309971299	0.9943597518599333	0.6814277925797931	0.8945628576063837	False	0.02079734770451902	0.3835649871203808
ReplogleWeissman2022_K562_essential	NFYB	zscore	28	10646	158164.0	0.5305949920828749	0.46940500791712514	0.0024036514627937327	0.0026231965523702454	0.9163062754950109	0.7122888913677741	0.8945628576063837	False	0.07004011567443906	0.3392717035598798
ReplogleWeissman2022_K562_essential	POLR2B	zscore	273	10646	1482615.0	0.5101281397542904	0.4898718602457096	0.02632897056082664	0.025002289586958514	1.053062379317458	0.7164706067844989	0.8945628576063837	False	0.04888171410532653	0.33341805588477075
ReplogleWeissman2022_K562_essential	VHL	zscore	160	10646	874482.0	0.5133864831861732	0.4866135168138268	0.01538094693394858	0.014806588932074774	1.0387907035515522	0.7197817960325495	0.8945628576063837	False	0.0247199374936371	0.32880717397022474
ReplogleWeissman2022_K562_essential	YBX1	zscore	83	10646	459075.0	0.5195401180147983	0.48045988198520173	0.008303980522386708	0.007736042501631094	1.0734145424661081	0.7304831701159844	0.8945628576063837	False	0.02779316979941271	0.3140490869123811
ReplogleWeissman2022_K562_essential	NFYC	zscore	21	10646	120478.0	0.538892318152134	0.46110768184786594	0.0024429783310858863	0.0019686884784850473	1.24091665989015	0.7313150042908755	0.8945628576063837	False	0.10242762866863812	0.31291098963022274
ReplogleWeissman2022_K562_essential	ELL	zscore	83	10646	459197.0	0.5196781867277489	0.48032181327225115	0.007285518988823126	0.007736042501631094	0.9417630509769074	0.7319150653143139	0.8945628576063837	False	0.05390308744493755	0.3120908027443161
ReplogleWeissman2022_K562_essential	DNMT1	zscore	170	10646	939996.0	0.5193864583218221	0.48061354167817794	0.0164280945344954	0.015717455621301776	1.045213355794719	0.8074887669339771	0.9715099227174411	False	0.03158485940140121	0.2138261348997586
ReplogleWeissman2022_K562_essential	SSRP1	zscore	534	10646	2909523.0	0.5117926868138479	0.4882073131861521	0.04845576309032017	0.04776386404293381	1.0144858264977143	0.8215138333455769	0.9731779256555296	False	0.032075694116836584	0.19660650251624767
ReplogleWeissman2022_K562_essential	SUPT4H1	zscore	73	10646	419471.0	0.5397499607544411	0.46025003924555885	0.0073472148838451025	0.006810336785147868	1.0788328265744611	0.8794903165340544	0.9999654569773755	False	0.11939667185933164	0.12841272505950363
ReplogleWeissman2022_K562_essential	NELFCD	zscore	199	10646	1113520.0	0.5256037844680853	0.47439621553191474	0.017171721192815424	0.01834946980175196	0.9358156599803179	0.8924394664722444	0.9999654569773755	False	0.07490015655054172	0.11379659230949928
ReplogleWeissman2022_K562_essential	CCNH	zscore	73	10646	422397.0	0.5435149609217174	0.4564850390782827	0.006732502734004369	0.006810336785147868	0.9885711891204498	0.9003399873348862	0.9999654569773755	False	0.0969444616793462	0.10498282328714123
ReplogleWeissman2022_K562_essential	KAT5	zscore	118	10646	673239.0	0.535921027074703	0.464078972925297	0.010336170692190616	0.010962467484206614	0.9428689943283034	0.9105618950623489	0.9999654569773755	False	0.10343735866893056	0.0936934029241331
ReplogleWeissman2022_K562_essential	POLR2G	zscore	110	10646	634401.0	0.5417322767407307	0.45826772325926934	0.009275756289917184	0.010226850130159911	0.9070003150395384	0.9342715144339648	0.9999654569773755	False	0.15387961809573292	0.0679881823197866
ReplogleWeissman2022_K562_essential	ERCC2	zscore	115	10646	667671.0	0.5453536335345384	0.4546463664654616	0.00961848315054429	0.010686739150636558	0.9000391059391922	0.9531037864858075	0.9999654569773755	False	0.12600657437682738	0.04803147623582262
ReplogleWeissman2022_K562_essential	GTF2F1	zscore	41	10646	252230.0	0.5778650403449366	0.42213495965506337	0.003317490968558508	0.003836436792364555	0.8647323409996287	0.9576242900518489	0.9999654569773755	False	0.19411951978989123	0.043299759508853154
ReplogleWeissman2022_K562_essential	RBMX	zscore	143	10646	834188.0	0.5479506403797217	0.45204935962027826	0.011770133046529577	0.01325424043006766	0.8880277303427107	0.9757551822602382	0.9999654569773755	False	0.13743976857820628	0.024543561882236088
ReplogleWeissman2022_K562_essential	ERCC3	zscore	163	10646	987961.0	0.5693321838669785	0.4306678161330215	0.013017935763688745	0.015080025904338977	0.8632568568693966	0.9988288258381577	0.9999654569773755	False	0.16307113007282398	0.0011718605222517178
ReplogleWeissman2022_K562_essential	MNAT1	zscore	83	10646	528211.0	0.5977820732488474	0.40221792675115264	0.006261621943816572	0.007736042501631094	0.8094089377735904	0.998943474952894	0.9999654569773755	False	0.2675459421408124	0.0010570835631189682
ReplogleWeissman2022_K562_essential	GTF2H1	zscore	403	10646	2348850.0	0.547474348174899	0.45252565182510096	0.035566419200476304	0.0364738890397321	0.97512001425822	0.9994034499892499	0.9999654569773755	False	0.12585124205589004	0.0005967280175045674
ReplogleWeissman2022_K562_essential	STAT5A	zscore	203	10646	1256476.0	0.5813955425336096	0.4186044574663904	0.015084893785872999	0.01871140197253203	0.8061872545957447	0.9999654569773755	0.9999654569773755	False	0.2178682647321128	3.4543619248456886e-05
ReplogleWeissman2022_K562_gwps	SREBF2	ulm	188	74615	2592885.0	0.1848414057409596	0.8151585942590405	0.012784306552429119	0.0025132681844311057	5.0867259736242305	7.754834717698846e-51	1.7525926461999392e-48	True	-0.8986333665174963	115.38352325929317
ReplogleWeissman2022_K562_gwps	MAX	ulm	209	74615	4093598.0	0.26250208807123776	0.7374979119287621	0.010249878083342124	0.0027932214262803377	3.669554438794216	7.776623007587641e-33	8.787583998574034e-31	True	-1.1038055822115576	73.93418588556621
ReplogleWeissman2022_K562_gwps	ESRRA	ulm	204	74615	5800589.0	0.38107967304056245	0.6189203269594376	0.0041140057436250075	0.0027265801467541667	1.508851939864115	2.1042203716338167e-09	1.5851793466308086e-07	True	-0.2817763074467954	19.97932080818605
ReplogleWeissman2022_K562_gwps	MYB	ulm	181	74615	5211139.0	0.38585838242203163	0.6141416175779684	0.004047795394794428	0.0024199155035028613	1.6727011290002431	5.3899566158082004e-08	3.0453254879316334e-06	True	-0.32808459931667633	16.73614340807903
ReplogleWeissman2022_K562_gwps	MYC	ulm	98	74615	2543448.0	0.3478328891028367	0.6521671108971632	0.002223110245504667	0.0013116860519588292	1.694849344616226	9.20156917930888e-08	4.1591092690476144e-06	True	-0.5421130501272211	16.201306711473222
ReplogleWeissman2022_K562_gwps	RUVBL1	ulm	63	74615	1528886.0	0.32524333908774034	0.6747566609122597	0.0044779912398406315	0.0008436219502396958	5.30805444140982	7.817190402147008e-07	2.9444750514753733e-05	True	-1.0507353227356777	14.061770444571835
ReplogleWeissman2022_K562_gwps	STAT5B	ulm	126	74615	3611923.0	0.38418623005502317	0.6158137699449768	0.00287435660004456	0.0016858217042854658	1.705018147967702	3.4052834558270684e-06	0.0001099420087167025	True	-0.3196169626224815	12.590182374888698
ReplogleWeissman2022_K562_gwps	TFDP1	ulm	315	74615	10143765.0	0.43158116426226056	0.5684188357377395	0.004859102500735773	0.004203923662084612	1.1558493662861318	1.348637349766203e-05	0.0003809900513089523	True	-0.21376882867168984	11.213830752820943
ReplogleWeissman2022_K562_gwps	ATR	ulm	74	74615	2035678.0	0.36868139331451	0.6313186066854901	0.0022103988402429743	0.0009907750806678359	2.2309794456609127	4.5912033528372926e-05	0.0011529021752680313	True	-0.3121070825607192	9.988783306883759
ReplogleWeissman2022_K562_gwps	TRRAP	ulm	308	74615	10102672.0	0.43960173044137396	0.560398269558626	0.005793516730931623	0.004110887177502236	1.4093105650376299	0.0001240002406679816	0.0026614947137308317	True	-0.24406221446090015	8.995227051490302
ReplogleWeissman2022_K562_gwps	ATF6	ulm	127	74615	3850544.0	0.40634247932035367	0.5936575206796463	0.0026564815548507036	0.001699178507398785	1.5633916879736323	0.00012954177810194315	0.0026614947137308317	True	-0.2693846659695178	8.951507118026548
ReplogleWeissman2022_K562_gwps	CARM1	ulm	155	74615	4808630.0	0.4157799283634485	0.5842200716365515	0.0028499092784645148	0.002073023940082921	1.374759462908334	0.00014257694082061033	0.0026851990521214947	True	-0.18629627528608048	8.855628768385108
ReplogleWeissman2022_K562_gwps	HIF1A	ulm	162	74615	5055289.0	0.41822003155291815	0.5817799684470819	0.0063601658406120965	0.002166441552883908	2.9357661794040166	0.00015800364683953415	0.0027468326296719013	True	-0.24648629591496896	8.752892443940802
ReplogleWeissman2022_K562_gwps	SP1	ulm	197	74615	6277833.0	0.4270880196854853	0.5729119803145147	0.0039338327333510005	0.0026332673902582475	1.4938979413576399	0.00019979363293232296	0.0032252400744789277	True	-0.17543356046706116	8.518225559463183
ReplogleWeissman2022_K562_gwps	NCOA6	ulm	263	74615	8648084.0	0.4406948826536423	0.5593051173463577	0.00474251707580386	0.003512380138358396	1.3502288730115644	0.00044085725618168655	0.006642249326470743	True	-0.13028933419564978	7.7267894170414895
ReplogleWeissman2022_K562_gwps	YY1	ulm	176	74615	5633659.0	0.4289945203560093	0.5710054796439906	0.0029923254799985874	0.002353224318434036	1.271585312355536	0.0005584411615769406	0.007887981407274286	True	-0.1495893679256008	7.490361295807059
ReplogleWeissman2022_K562_gwps	ARNT	ulm	93	74615	2876045.0	0.4144637814616825	0.5855362185383175	0.0017490396075479663	0.0012448466027734648	1.4050242043085317	0.002147289832706996	0.02854632365834006	True	-0.2442054683573205	6.143548774922066
ReplogleWeissman2022_K562_gwps	NELFE	ulm	139	74615	4482241.0	0.4321696459089513	0.5678303540910487	0.0025913100010837493	0.001859432271182813	1.3936027900792416	0.00282290522438848	0.035443143372877586	True	-0.14818277735867805	5.8699887029316455
ReplogleWeissman2022_K562_gwps	LIN9	ulm	56	74615	1666162.0	0.3987521658800892	0.6012478341199108	0.0010143275600136784	0.0007499564757402472	1.3525152363175248	0.004349799505093793	0.05173972042901037	True	-0.29208667053561865	5.437625525726793
ReplogleWeissman2022_K562_gwps	TFAP2A	ulm	282	74615	9585238.0	0.45554118707711405	0.544458812922886	0.004536794497733088	0.0037651708346128684	1.2049372251656563	0.004920409117167204	0.0556006230239894	True	-0.09819445512387293	5.3143635980392405
ReplogleWeissman2022_K562_gwps	E2F6	ulm	304	74615	10405120.0	0.4587196732701552	0.5412803267298447	0.005255236018888183	0.004057715666252886	1.2951218003259335	0.00641965703922088	0.06908773766018661	True	-0.1372885406122537	5.048390583389309
ReplogleWeissman2022_K562_gwps	POLR2I	ulm	105	74615	3378042.0	0.4311710590555327	0.5688289409444673	0.001789320220203857	0.0014052462526766595	1.2733143509869733	0.0073142232740684675	0.07513702090633971	True	-0.15798677474334058	4.917934432776878
ReplogleWeissman2022_K562_gwps	USF2	ulm	405	74615	14070566.0	0.46561868621061364	0.5343813137893864	0.006334033916027599	0.005398560383897627	1.173282035507137	0.008416092930903809	0.08269726097322873	True	-0.08455383487858203	4.777609580877618
ReplogleWeissman2022_K562_gwps	RBL1	ulm	253	74615	8634077.0	0.457371662015209	0.5426283379847909	0.003917892487727115	0.003379280867660416	1.1593864615460616	0.009517918646299629	0.08962706725265483	True	-0.13626558719391713	4.654579083672171
ReplogleWeissman2022_K562_gwps	E2F3	ulm	385	74615	13399732.0	0.4664544488547705	0.5335455511452295	0.006033428616666447	0.0051333333333333335	1.1753432370129442	0.011475946225536503	0.10374255387884998	False	-0.1180125111702921	4.467502066693402
ReplogleWeissman2022_K562_gwps	CTDP1	ulm	113	74615	3709691.0	0.43998021703149914	0.5600197829685009	0.002207593717445943	0.0015121507333261963	1.4599032151973488	0.013605618500507755	0.11826422235056741	False	-0.1548799378873905	4.297272446515448
ReplogleWeissman2022_K562_gwps	CTNNB1	ulm	39	74615	1161253.0	0.39905807074606914	0.6009419292539309	0.0009228522632606368	0.0005224100517052	1.76652853490922	0.014513523749451742	0.12148356916207755	False	-0.2554555780378518	4.232674391848259
ReplogleWeissman2022_K562_gwps	EPAS1	ulm	228	74615	7822657.0	0.4598257605415401	0.5401742394584599	0.0035524619344652775	0.0030463770826931044	1.166126791935021	0.017945215498835695	0.14484352509774526	False	-0.0931204190049138	4.020431745603421
ReplogleWeissman2022_K562_gwps	NRF1	ulm	109	74615	3600554.0	0.4427073042228393	0.5572926957771607	0.001706897932283783	0.0014587013543172207	1.1701490008437927	0.01920109203406614	0.14963609654134302	False	-0.12623544199034975	3.9527881247915455
ReplogleWeissman2022_K562_gwps	RAD51	ulm	239	74615	8235695.0	0.46182369356560327	0.5381763064343967	0.0037273720099303648	0.003192882143906805	1.1674004369511612	0.020615413473799343	0.1553027815026217	False	-0.07759940357368311	3.8817162560853213
ReplogleWeissman2022_K562_gwps	GATA1	ulm	46	74615	1424604.0	0.41505933356447156	0.5849406664355283	0.0027520602466629468	0.0006161181875410188	4.4667732625239625	0.02302023249250675	0.1678249207518234	False	-0.20893518228382815	3.7713817761517925
ReplogleWeissman2022_K562_gwps	GTF2F2	ulm	61	74615	1944607.0	0.42724389571384475	0.5727561042861552	0.0013194415814515256	0.000816862177942043	1.6152560579749857	0.024555175374207424	0.1693154762096866	False	-0.18304031280894448	3.706832637418799
ReplogleWeissman2022_K562_gwps	FOXM1	ulm	220	74615	7581345.0	0.46184626537437634	0.5381537346256237	0.003139285557819904	0.002939800895303	1.0678565214520568	0.02514576171406014	0.1693154762096866	False	-0.16520561318962818	3.683065916953233
ReplogleWeissman2022_K562_gwps	LIN52	ulm	15	74615	396759.0	0.35449440461033305	0.6455055953896669	0.00036345969740950396	0.00020099155835454912	1.808333147844752	0.025472239783758163	0.1693154762096866	False	-0.44739801980698063	3.6701660557433136
ReplogleWeissman2022_K562_gwps	ZBTB17	ulm	315	74615	11057860.0	0.47047265912105424	0.5295273408789458	0.006496399650283181	0.004203923662084612	1.5453181771292661	0.035027263328316016	0.22617604320569773	False	-0.06399836710022583	3.3516285684809617
ReplogleWeissman2022_K562_gwps	LIN54	ulm	673	74615	24120852.0	0.48034296710234875	0.5196570328976513	0.009566411382597721	0.008939007544362979	1.0701871919361328	0.03932406552820273	0.24686774470482825	False	-0.06880473341831062	3.2359185931121828
ReplogleWeissman2022_K562_gwps	TFDP2	ulm	192	74615	6642938.0	0.46369544215863656	0.5363045578413634	0.003016550165123362	0.0025666047295039235	1.175307646887413	0.04089723428932672	0.24980472836183348	False	-0.09372446077038099	3.1966928395076586
ReplogleWeissman2022_K562_gwps	FOSL1	ulm	189	74615	6553294.0	0.4646989643840143	0.5353010356159857	0.0032167195851398336	0.0025266028554622746	1.273140168501588	0.04657391329520853	0.27340975951604063	False	-0.06960728095027524	3.066714695129361
ReplogleWeissman2022_K562_gwps	CREBBP	ulm	147	74615	5049489.0	0.46036675341583394	0.5396332465841661	0.0023131090661218275	0.0019662395334528234	1.1764126530707488	0.048161620699202434	0.27340975951604063	False	-0.10051964484035514	3.0331928261557235
ReplogleWeissman2022_K562_gwps	ATF4	ulm	103	74615	3479396.0	0.4527312697087769	0.5472687302912231	0.0014664311415149179	0.001378516555582323	1.063774777006909	0.04839110787894524	0.27340975951604063	False	-0.14316674864344672	3.0284392036478107
ReplogleWeissman2022_K562_gwps	CEBPA	ulm	88	74615	2962378.0	0.4511611118895177	0.5488388881104823	0.0015480619221557891	0.0011779982062300042	1.314146247395499	0.05635515411741306	0.3106406056228135	False	-0.11298553968163305	2.8760815765315995
ReplogleWeissman2022_K562_gwps	CEBPB	ulm	167	74615	5797526.0	0.4652646860671206	0.5347353139328793	0.0025141518328770547	0.0022331577117488165	1.1258281578815084	0.060186043575185755	0.32385823447599954	False	-0.07770863929207344	2.810314787844327
ReplogleWeissman2022_K562_gwps	ATF2	ulm	187	74615	6522899.0	0.46749062298766464	0.5325093770123354	0.0028407163199409384	0.0024999331568674637	1.136316909969102	0.06201702417631686	0.32594994101971186	False	-0.09409568781707373	2.7803463481392106
ReplogleWeissman2022_K562_gwps	ERG	ulm	440	74615	15728362.0	0.47907628858443035	0.5209237114155696	0.0063475169620060634	0.005862367597095464	1.0827565581440115	0.06477003495719624	0.32835380617982596	False	-0.04567803399161252	2.736912206074685
ReplogleWeissman2022_K562_gwps	ERCC3	ulm	267	74615	9428300.0	0.4732558469305983	0.5267441530694017	0.0038548354494366915	0.00356560989289816	1.081115311328533	0.06538018264642552	0.32835380617982596	False	-0.06848018838434058	2.7275360840768585
ReplogleWeissman2022_K562_gwps	RBL2	ulm	558	74615	20081678.0	0.4823248710164988	0.5176751289835012	0.007788817038908028	0.0074228778949888925	1.0492988230570486	0.0747992405834669	0.3674919211274678	False	-0.07065051094485122	2.5929475466806915
ReplogleWeissman2022_K562_gwps	RBMX	ulm	88	74615	2995646.0	0.4562277265721613	0.5437722734278387	0.0014557521992027659	0.0011779982062300042	1.2357847333755025	0.07757403791135675	0.36929646839553926	False	-0.11468018774144961	2.5565224707696297
ReplogleWeissman2022_K562_gwps	ELK1	ulm	143	74615	4970252.0	0.4658179587617368	0.5341820412382632	0.0021145774535128183	0.0019128387597314	1.1054656032846941	0.07859112882470354	0.36929646839553926	False	-0.07740160942755972	2.5434964507423445
ReplogleWeissman2022_K562_gwps	GTF2H2	ulm	370	74615	13220371.0	0.4788679545993759	0.5211320454006241	0.0056109684889703495	0.004934320197372808	1.137131005798491	0.08006870332469657	0.36929646839553926	False	-0.04624924949326714	2.524870221300029
ReplogleWeissman2022_K562_gwps	NFE2L2	ulm	139	74615	4837117.0	0.4663861539596307	0.5336138460403694	0.0020530993412565942	0.001859432271182813	1.1041538716280248	0.08510330340667266	0.3846669313981604	False	-0.07446621734771863	2.463889426216456
ReplogleWeissman2022_K562_gwps	POLR2C	ulm	77	74615	2616175.0	0.4553548040112404	0.5446451959887596	0.0013968071013255763	0.0010309002302790124	1.3549391689897397	0.0874883443762805	0.38769344762822344	False	-0.10750614544021053	2.4362497016196487
ReplogleWeissman2022_K562_gwps	PITX1	ulm	212	74615	7503229.0	0.47433612038653766	0.5256638796134623	0.0030671834404095424	0.0028332019190933752	1.0825855438468153	0.09807617239353816	0.42625413386422356	False	-0.043679455663914735	2.322010832907109
ReplogleWeissman2022_K562_gwps	POLR2L	ulm	77	74615	2635744.0	0.4587608598598346	0.5412391401401654	0.001555362846321617	0.0010309002302790124	1.508742359966938	0.10512032565316193	0.44824893580404895	False	-0.11419141077041098	2.252649626332428
ReplogleWeissman2022_K562_gwps	GTF2H3	ulm	120	74615	4185688.0	0.46747615537537135	0.5325238446246287	0.001772989887358359	0.0016056733792734327	1.104203326931058	0.10875216182624142	0.45514793653204744	False	-0.048827132641587195	2.2186837303489355
ReplogleWeissman2022_K562_gwps	HSF1	ulm	234	74615	8331478.0	0.4771776028627868	0.5228223971372131	0.003907543085382377	0.0031262942724685702	1.2498961213580577	0.1136255503341067	0.4668977159183294	False	-0.05039468121632451	2.174846883071742
ReplogleWeissman2022_K562_gwps	POLR2F	ulm	176	74615	6224530.0	0.47398844370800414	0.5260115562919958	0.002959254371372246	0.002353224318434036	1.2575317823255776	0.11624230184524686	0.46912071816117484	False	-0.0695950654664054	2.152078457393406
ReplogleWeissman2022_K562_gwps	AGO3	ulm	186	74615	6595769.0	0.47525462247422073	0.5247453775257792	0.002671714736929211	0.0024865977727570486	1.0744458819195803	0.12148248713868376	0.47753206771800166	False	-0.06749516399636024	2.107985165366791
ReplogleWeissman2022_K562_gwps	STAT1	ulm	126	74615	4419748.0	0.4701114397824175	0.5298885602175825	0.001925259849020249	0.0016858217042854658	1.1420305267906543	0.12277821934920519	0.47753206771800166	False	-0.06086917432176664	2.097375645863607
ReplogleWeissman2022_K562_gwps	SMARCD3	ulm	561	74615	20343593.0	0.4860026687202267	0.5139973312797733	0.008075810130101755	0.007462488028094073	1.0821873482005873	0.12627824006059368	0.47753206771800166	False	-0.032457638381224174	2.0692675521918584
ReplogleWeissman2022_K562_gwps	E2F1	ulm	224	74615	7988254.0	0.4779447592881554	0.5220552407118446	0.005125548476021981	0.002993091837143735	1.7124594749866475	0.12677842505787656	0.47753206771800166	False	-0.09951682208539936	2.065314400841892
ReplogleWeissman2022_K562_gwps	AR	ulm	265	74615	9499110.0	0.4804087397065945	0.5195912602934055	0.003666298730544381	0.0035389957264957265	1.035971505445899	0.1350537764730303	0.5003631718508992	False	-0.03582524667398773	2.0020822356170442
ReplogleWeissman2022_K562_gwps	NELFCD	ulm	421	74615	15232889.0	0.48492440131710157	0.5150755986828983	0.006056280863161152	0.005610640226024841	1.079427769235535	0.14264385801399482	0.5128379885779304	False	-0.04081550820222518	1.9474042585832987
ReplogleWeissman2022_K562_gwps	APC	ulm	357	74615	12884577.0	0.4836996864013983	0.5163003135986016	0.005172875380449821	0.004761777730352665	1.0863328095884708	0.14358711120255957	0.5128379885779304	False	-0.05617040691961461	1.940813381253049
ReplogleWeissman2022_K562_gwps	HIC1	ulm	221	74615	7905956.0	0.4794418891789315	0.5205581108210685	0.003107840168061475	0.0029531241648404513	1.0523906190816676	0.14522845694242276	0.5128379885779304	False	-0.03714681169891852	1.9294472113419379
ReplogleWeissman2022_K562_gwps	NR1H4	ulm	161	74615	5731978.0	0.4771473272946051	0.5228526727053949	0.0022359306741149693	0.0021530972504546914	1.0384717520970246	0.157836890488532	0.5412459692613036	False	-0.04926759237078138	1.846193117863936
ReplogleWeissman2022_K562_gwps	RBBP4	ulm	141	74615	5003719.0	0.4756063632557293	0.5243936367442706	0.002128075500181106	0.0018861362298678366	1.1282724261811259	0.15806298217365505	0.5412459692613036	False	-0.05576046307700516	1.8447617040313071
ReplogleWeissman2022_K562_gwps	POLR2G	ulm	39	74615	1325017.0	0.4553346494913204	0.5446653505086796	0.0016242942096172351	0.0005224100517052	3.109232305763207	0.16702292659154833	0.5551848384068339	False	-0.15718346265190106	1.7896241910087711
ReplogleWeissman2022_K562_gwps	NR4A1	ulm	151	74615	5380117.0	0.47751677152428823	0.5224832284757117	0.002172865456001475	0.002019634593264318	1.0758705873073262	0.16951547877847195	0.5551848384068339	False	-0.032048281216480956	1.774811036104097
ReplogleWeissman2022_K562_gwps	NCOA1	ulm	186	74615	6664568.0	0.4802118977777682	0.5197881022222318	0.002641667457272688	0.0024865977727570486	1.0623621907067438	0.17522957791549154	0.5551848384068339	False	-0.0362551604336413	1.7416582910104073
ReplogleWeissman2022_K562_gwps	SPI1	ulm	82	74615	2879528.0	0.4706318450975168	0.5293681549024832	0.0011848910629244762	0.0010977683173353683	1.0793635088691413	0.17859609566566814	0.5551848384068339	False	-0.049258736670792294	1.7226284715532232
ReplogleWeissman2022_K562_gwps	GABPA	ulm	193	74615	6925773.0	0.4809332466245553	0.5190667533754447	0.0027841799344840096	0.0025799379745481766	1.0791654535693254	0.17973061314483396	0.5551848384068339	False	-0.038278880353116634	1.7162961427466081
ReplogleWeissman2022_K562_gwps	RUNX1	ulm	179	74615	6417443.0	0.48048833172295624	0.5195116682770438	0.003940652480498662	0.0023932400994732196	1.6465763219352902	0.18320790987660557	0.5551848384068339	False	-0.06869100868112399	1.697133651491827
ReplogleWeissman2022_K562_gwps	STAT3	ulm	170	74615	6090858.0	0.4801792732103228	0.5198207267896772	0.0023645991714974527	0.0022731831249582137	1.0402149943555117	0.18560631782453424	0.5551848384068339	False	-0.021590396081431207	1.684127419206506
ReplogleWeissman2022_K562_gwps	TBL1XR1	ulm	73	74615	2560690.0	0.4701192147085633	0.5298807852914367	0.0012479904266299558	0.0009773993144815767	1.276848068275865	0.1883617258666752	0.5551848384068339	False	-0.06372246779274854	1.6693910910522676
ReplogleWeissman2022_K562_gwps	NCOA2	ulm	200	74615	7193976.0	0.4820730416136166	0.5179269583863835	0.0026715569290382104	0.0026732607097507185	0.9993626582299685	0.19022815231097262	0.5551848384068339	False	-0.04490241093522568	1.6595311255706025
ReplogleWeissman2022_K562_gwps	LEF1	ulm	197	74615	7084186.0	0.48194511861396117	0.5180548813860388	0.0028197164506046308	0.0026332673902582475	1.0708052137189523	0.19032969077639755	0.5551848384068339	False	-0.024862064074746115	1.6589974959546119
ReplogleWeissman2022_K562_gwps	POLR2E	ulm	437	74615	15909195.0	0.48791101721100427	0.5120889827889957	0.006001989717076673	0.00582262964344721	1.0308039639497448	0.1913669556349049	0.5551848384068339	False	-0.01879885934744121	1.6535624604539065
ReplogleWeissman2022_K562_gwps	ASF1B	ulm	678	74615	24808814.0	0.49039966617229014	0.5096003338277099	0.009180097036662449	0.009004821165314173	1.0194646698841088	0.19433448659340236	0.5551848384068339	False	-0.019824360521660367	1.6381744468744692
ReplogleWeissman2022_K562_gwps	CHEK1	ulm	196	74615	7053898.0	0.4823329827809969	0.5176670172190031	0.002734550964689529	0.002619935570972183	1.0437474092825936	0.19608897899257127	0.5551848384068339	False	-0.03888112792985099	1.6291867483149507
ReplogleWeissman2022_K562_gwps	CLOCK	ulm	183	74615	6579204.0	0.4818325326841722	0.5181674673158279	0.0025460568550665103	0.002446589481002166	1.0406555226517205	0.19757770177927386	0.5551848384068339	False	-0.03261453161672456	1.6216233452824633
ReplogleWeissman2022_K562_gwps	RUNX3	ulm	253	74615	9148712.0	0.4846333444488029	0.5153666555511971	0.0035363007788890097	0.003379280867660416	1.0464654810824598	0.19898217659713957	0.5551848384068339	False	-0.03202387665736528	1.614540023107309
ReplogleWeissman2022_K562_gwps	ETS1	ulm	350	74615	12730324.0	0.4874670546902672	0.5125329453097329	0.005313402977465241	0.004668845461215234	1.1380550120162336	0.20887735347735314	0.5738160332863387	False	-0.03276147436262955	1.5660080247339905
ReplogleWeissman2022_K562_gwps	HDAC3	ulm	140	74615	5018320.0	0.4804012980921109	0.5195987019078891	0.002012149712111506	0.0018727844291351748	1.074416083777826	0.21111806259911958	0.5738160332863387	False	-0.05287421267845432	1.5553377636048498
ReplogleWeissman2022_K562_gwps	NELFA	ulm	154	74615	5534289.0	0.4816315963069297	0.5183684036930704	0.0025698196738302616	0.0020596771389212107	1.2476808259260703	0.2151124111465052	0.5738160332863387	False	-0.04167935483369675	1.5365945449471279
ReplogleWeissman2022_K562_gwps	NPM1	ulm	90	74615	3197254.0	0.4761112972518186	0.5238887027481814	0.001362911955636228	0.0012047386386453383	1.1312926405089379	0.21634930101387573	0.5738160332863387	False	-0.0539429758551776	1.5308610431282224
ReplogleWeissman2022_K562_gwps	NFYA	ulm	127	74615	4549098.0	0.4800598980277234	0.5199401019722765	0.0017932069850584895	0.001699178507398785	1.0553376100570206	0.21835477372842976	0.5738160332863387	False	-0.01100619206575084	1.5216341365534425
ReplogleWeissman2022_K562_gwps	NCOA3	ulm	85	74615	3022369.0	0.4765433539226855	0.5234566460773146	0.0012395673855252723	0.0011378848728246318	1.0893609846910335	0.22701560664655296	0.5868983996776548	False	-0.0652999394576872	1.4827365121170981
ReplogleWeissman2022_K562_gwps	RARA	ulm	208	74615	7530242.0	0.4851985061778669	0.514801493822133	0.0028279283030698908	0.0027798938828969702	1.0172792279836462	0.23012134152188418	0.5868983996776548	False	-0.035674981943936764	1.4691485373417554
ReplogleWeissman2022_K562_gwps	VHL	ulm	373	74615	13609111.0	0.48898414901588655	0.5110158509841134	0.005568574720322382	0.004974129194004374	1.1195074561059914	0.231123706067749	0.5868983996776548	False	-0.014467682695565753	1.4648021876993933
ReplogleWeissman2022_K562_gwps	TCEA1	ulm	115	74615	4128485.0	0.4811347525995764	0.5188652474004236	0.0016935615716236897	0.001538873277131005	1.1005204891081592	0.24188042878213317	0.6036610060148755	False	-0.03787781144209043	1.4193117708726717
ReplogleWeissman2022_K562_gwps	TNRC6C	ulm	235	74615	8536928.0	0.4868639441330746	0.5131360558669255	0.003213205258514577	0.003139612558450234	1.023440057871558	0.24306704224492776	0.6036610060148755	False	-0.038337817656215856	1.4144179796812946
ReplogleWeissman2022_K562_gwps	BCL6	ulm	151	74615	5468071.0	0.4853232021507314	0.5146767978492687	0.0022297054131184754	0.002019634593264318	1.1040142709749399	0.2662748193298291	0.654109882266754	False	-0.02915285725435249	1.32322634816284
ReplogleWeissman2022_K562_gwps	NPAS2	ulm	183	74615	6649655.0	0.48699206015286484	0.5130079398471352	0.0025480563613497235	0.002446589481002166	1.0414727853346264	0.27132200302656084	0.6593416417634704	False	-0.029922652907456326	1.3044489604069591
ReplogleWeissman2022_K562_gwps	ELOB	ulm	396	74615	14522829.0	0.4915072117678832	0.5084927882321167	0.005730461872850931	0.005279225713562011	1.085473928142478	0.2796452124509181	0.6683196804022482	False	-0.013193795944211606	1.2742335776504001
ReplogleWeissman2022_K562_gwps	POLR2A	ulm	223	74615	8132708.0	0.4887695852160673	0.5112304147839327	0.0034605382406191617	0.002979769635746546	1.1613442190648289	0.28093083910713973	0.6683196804022482	False	-0.027703603326184163	1.2696467641157965
ReplogleWeissman2022_K562_gwps	KAT5	ulm	236	74615	8619169.0	0.48947132000767785	0.5105286799923221	0.0034114828102689686	0.003152930488570627	1.0820038128450955	0.28794074018349225	0.6747536341738101	False	-0.04694933730826989	1.2450005832701163
ReplogleWeissman2022_K562_gwps	SMAD4	ulm	158	74615	5744286.0	0.48725109570902786	0.5127489042909722	0.0022398621905049165	0.002113062201596833	1.0600076934849627	0.2896066482958388	0.6747536341738101	False	-0.009219773049510716	1.2392316619114316
ReplogleWeissman2022_K562_gwps	GATA2	ulm	327	74615	11989118.0	0.49137531888977076	0.5086246811102293	0.004428283319442108	0.004363374342825118	1.0148758670508577	0.2949154726449854	0.6801111920180276	False	-0.0009382987421675537	1.2210664971076863
ReplogleWeissman2022_K562_gwps	JUN	ulm	212	74615	7751836.0	0.4900524579634577	0.5099475420365424	0.004628130556832538	0.0028332019190933752	1.6335336093212658	0.3081789715480945	0.7035196724229227	False	-0.0452617443063657	1.1770745883132618
ReplogleWeissman2022_K562_gwps	SSRP1	ulm	314	74615	11532313.0	0.4922215568581137	0.5077784431418864	0.004483618446093557	0.0041906337999973306	1.069914160978803	0.31687112343654333	0.7161287389665879	False	-0.007190715015525262	1.1492601384423518
ReplogleWeissman2022_K562_gwps	POLR2H	ulm	43	74615	1540519.0	0.48014505469160296	0.5198549453083972	0.0007611733121226777	0.0005759597096091511	1.3215738868942992	0.32603758797025223	0.7284865111448448	False	-0.05958806598848596	1.1207426037397776
ReplogleWeissman2022_K562_gwps	DDIT3	ulm	262	74615	9621526.0	0.49217156978341237	0.5078284302165876	0.003726028232014418	0.003499071811103543	1.0648618928570366	0.33062865708902217	0.7284865111448448	False	-0.025530855770266453	1.1067594152919278
ReplogleWeissman2022_K562_gwps	AGO1	ulm	164	74615	5998480.0	0.49019764874322336	0.5098023512567766	0.002337180042330316	0.0021931290870431538	1.0656828438135286	0.3320093391500841	0.7284865111448448	False	-0.03473746202825356	1.1025921804911558
ReplogleWeissman2022_K562_gwps	HEY1	ulm	156	74615	5711255.0	0.4906601752242709	0.509339824775729	0.0020687002181528124	0.002086370384239879	0.9915306667404098	0.34322539384417666	0.7450566688204261	False	-0.01788542683847863	1.0693679227180963
ReplogleWeissman2022_K562_gwps	POLR2K	ulm	18	74615	635367.0	0.47307065156693245	0.5269293484330675	0.0003205689503001966	0.00024118017498961586	1.329167914875254	0.34615464701833953	0.7450566688204261	False	-0.10005011247565884	1.0608696470794026
ReplogleWeissman2022_K562_gwps	ERCC2	ulm	124	74615	4535410.0	0.49019482807443804	0.509805171925562	0.0020271615480848396	0.0016591070257830584	1.2218389269541357	0.35274794262989073	0.7520852361731633	False	0.0005251808393673119	1.0420015206407345
ReplogleWeissman2022_K562_gwps	SUPT5H	ulm	129	74615	4725716.0	0.4909663923385524	0.5090336076614477	0.001836532121603408	0.001725891041421385	1.0641066426133732	0.36125258140781114	0.7602413715539595	False	0.005650797483694098	1.0181778938154589
ReplogleWeissman2022_K562_gwps	NFKB1	ulm	318	74615	11731245.0	0.49441409297285815	0.5055859070271418	0.004369364202688093	0.00424379112006726	1.0295898358491409	0.3653005535508521	0.7602413715539595	False	-0.010199413735188734	1.00703482984985
ReplogleWeissman2022_K562_gwps	MLXIPL	ulm	288	74615	10626099.0	0.4944873964126963	0.5055126035873038	0.00414930275932942	0.003844972831528777	1.0791500853543456	0.3731785852871548	0.7602413715539595	False	-0.026417513365645295	0.9856981929866306
ReplogleWeissman2022_K562_gwps	CREB1	ulm	196	74615	7219838.0	0.49367966445440337	0.5063203355455966	0.0026210810384179467	0.002619935570972183	1.0004372120667604	0.37975873881056044	0.7602413715539595	False	0.0071458659668848235	0.9682191257616513
ReplogleWeissman2022_K562_gwps	MYBL2	ulm	62	74615	2262029.0	0.48896788460332935	0.5110321153966706	0.001013679336178129	0.0008302422432609772	1.2209440610931312	0.381788809840624	0.7602413715539595	False	-0.07123210761858001	0.9628876770759407
ReplogleWeissman2022_K562_gwps	NR1I2	ulm	133	74615	4890865.0	0.49284220401570167	0.5071577959842983	0.0019148272888172488	0.0017793118210520683	1.0761617307106144	0.3875557562904979	0.7602413715539595	False	-0.003760231600161642	0.947895553338221
ReplogleWeissman2022_K562_gwps	CCNH	ulm	87	74615	3188739.0	0.4912172138818348	0.5087827861181651	0.0014127935802237934	0.0011646274530802388	1.2130862762054921	0.3883543216475087	0.7602413715539595	False	-0.017833040450838722	0.9458371559499743
ReplogleWeissman2022_K562_gwps	CDC6	ulm	116	74615	4262608.0	0.492483022041884	0.507516977958116	0.001626287515032425	0.001552234012658736	1.0477076921197255	0.3896493627580898	0.7602413715539595	False	-0.016856514622358987	0.942508014115206
ReplogleWeissman2022_K562_gwps	CDK12	ulm	54	74615	1970317.0	0.48900826712928835	0.5109917328707115	0.0007826846966778721	0.000723191685974099	1.0822645114118525	0.38985475463630465	0.7602413715539595	False	-0.011881260132766497	0.9419810332349648
ReplogleWeissman2022_K562_gwps	NFATC2	ulm	278	74615	10271183.0	0.49516453044091563	0.5048354695590844	0.0037707029638749615	0.0037119623996902246	1.0158246657319694	0.39021238539937747	0.7602413715539595	False	-0.014777749511797333	0.9410641101400812
ReplogleWeissman2022_K562_gwps	HES1	ulm	239	74615	8837915.0	0.4955936989797277	0.5044063010202723	0.0033550688363772267	0.003192882143906805	1.0507963291974098	0.40687398873777963	0.7818094998627368	False	-0.01892395783063061	0.8992517514594928
ReplogleWeissman2022_K562_gwps	POLR2D	ulm	332	74615	12297172.0	0.4964105702445243	0.5035894297554757	0.004552464967159131	0.004429797056586655	1.0276915418484198	0.41057899550909305	0.7818094998627368	False	-0.00876451831756539	0.890186931309564
ReplogleWeissman2022_K562_gwps	TRIM28	ulm	57	74615	2090204.0	0.4914594332779614	0.5085405667220386	0.0009523124260618208	0.000763338332976216	1.247562692612075	0.41166075435250304	0.7818094998627368	False	-0.018171441606349786	0.8875556805880559
ReplogleWeissman2022_K562_gwps	POLE3	ulm	129	74615	4761379.0	0.4946715101344525	0.5053284898655475	0.001753260430153245	0.001725891041421385	1.0158581208633655	0.4170433954835362	0.7854317281606598	False	0.0017932446379863992	0.8745649966900559
ReplogleWeissman2022_K562_gwps	CDK7	ulm	29	74615	1059174.0	0.4894892632756194	0.5105107367243805	0.00043871709402817525	0.00038851079792079737	1.1292275436772108	0.4222927413868147	0.7887451202761994	False	-0.02282972736575198	0.8620565054759771
ReplogleWeissman2022_K562_gwps	AKT1	ulm	228	74615	8451708.0	0.49680218102046647	0.5031978189795335	0.0031260162167154313	0.0030463770826931044	1.0261422443317239	0.4336810855441582	0.795888275585157	False	0.016019551450442926	0.8354458409337631
ReplogleWeissman2022_K562_gwps	MYCN	ulm	219	74615	8117295.0	0.4967536550640319	0.5032463449359681	0.0030417456166304314	0.002926477269690248	1.0393880889265832	0.43400987951929415	0.795888275585157	False	-0.006160697859483921	0.8346879812714838
ReplogleWeissman2022_K562_gwps	XBP1	ulm	269	74615	9979308.0	0.49718956317772	0.50281043682228	0.003621574834806779	0.0035922226376796113	1.0081710406307465	0.4366820627104401	0.795888275585157	False	-0.005945177480718211	0.8285498939610906
ReplogleWeissman2022_K562_gwps	RELA	ulm	184	74615	6825069.0	0.497122110893893	0.502877889106107	0.0030464457168352774	0.002459925934838701	1.2384298542041408	0.4462817726659672	0.8011289244230806	False	-0.010412595424290572	0.8068047491713676
ReplogleWeissman2022_K562_gwps	TAF9	ulm	152	74615	5635082.0	0.49685596588804987	0.5031440341119501	0.002019199539606269	0.0020329824655262348	0.9932203419588285	0.4466470994571157	0.8011289244230806	False	0.004046139641972868	0.8059864828504143
ReplogleWeissman2022_K562_gwps	SUPT4H1	ulm	142	74615	5274725.0	0.4978348951849541	0.5021651048150458	0.002128463305709356	0.0018994876733951335	1.1205459953867205	0.46442689152994343	0.823505835306506	False	0.0009999190661276747	0.7669511248703225
ReplogleWeissman2022_K562_gwps	HDAC5	ulm	125	74615	4643186.0	0.49782869396234003	0.50217130603766	0.0016749712591674019	0.0016724645437516724	1.0014988152813729	0.46651973530111296	0.823505835306506	False	-0.010375600477385727	0.7624549545496724
ReplogleWeissman2022_K562_gwps	WT1	ulm	281	74615	10459313.0	0.4988508268900164	0.5011491731099836	0.0037819489146068905	0.003751869258705405	1.0080172452256144	0.47344843338434744	0.823505835306506	False	-0.0025717790879027924	0.7477122774938983
ReplogleWeissman2022_K562_gwps	GTF2H1	ulm	201	74615	7478632.0	0.4986547527723575	0.5013452472276425	0.0029915333691639253	0.0026865911035072712	1.113505276355066	0.4736980468577247	0.823505835306506	False	0.02718759497248563	0.7471851922238514
ReplogleWeissman2022_K562_gwps	NFKBIA	ulm	253	74615	9422080.0	0.4991144263874715	0.5008855736125286	0.0034788197294755158	0.003379280867660416	1.0294556344125412	0.48057491330667773	0.8246185229807445	False	0.0014695057201641326	0.7327721557382192
ReplogleWeissman2022_K562_gwps	E2F2	ulm	213	74615	7934972.0	0.4992748062904443	0.5007251937095557	0.002923683571116117	0.0028465280376329715	1.0271051373684357	0.4853981871918521	0.8246185229807445	False	-0.005251124601553858	0.7227857203652294
ReplogleWeissman2022_K562_gwps	FANCI	ulm	20	74615	743455.0	0.4981940628559941	0.5018059371440059	0.0003153152708292104	0.00026797079118376095	1.176677761916906	0.4888437044056389	0.8246185229807445	False	-0.017265027777096043	0.7157124634899024
ReplogleWeissman2022_K562_gwps	FOSL2	ulm	87	74615	3242857.0	0.4995539555157086	0.5004460444842914	0.0013477865579483556	0.0011646274530802388	1.1572684074926214	0.4942549670218845	0.8246185229807445	False	-0.012205301669299284	0.704703767367574
ReplogleWeissman2022_K562_gwps	TCF7L2	ulm	184	74615	6862104.0	0.4998196539336711	0.5001803460663289	0.002517416475956713	0.002459925934838701	1.023370842310251	0.4966241304658315	0.8246185229807445	False	0.00026484043265551094	0.69992181573573
ReplogleWeissman2022_K562_gwps	GTF2H5	ulm	97	74615	3617240.0	0.4997806610013879	0.5002193389986122	0.0012882669629186876	0.0012983188778241783	0.9922577457070204	0.4970175268425461	0.8246185229807445	False	-0.01641112934452002	0.6991299882305609
ReplogleWeissman2022_K562_gwps	TP53BP2	ulm	235	74615	8767162.0	0.49999426845038575	0.5000057315496143	0.0030441129880929498	0.003139612558450234	0.9695823708883289	0.49987937012549555	0.8246185229807445	False	-0.002495035235339782	0.6933884694167692
ReplogleWeissman2022_K562_gwps	RB1	ulm	433	74615	16159737.0	0.5001730051059643	0.4998269948940357	0.005753270852668454	0.0057696407632448566	0.9971627504643467	0.5049610297142975	0.8256445796078529	False	-0.0030363693700798944	0.6832740215670279
ReplogleWeissman2022_K562_gwps	PPARD	ulm	90	74615	3362092.0	0.500657746803964	0.49934225319603587	0.0011884023348373903	0.0012047386386453383	0.9864399602669693	0.5086184941948367	0.8256445796078529	False	0.009580970625094887	0.6760570637082484
ReplogleWeissman2022_K562_gwps	E2F5	ulm	52	74615	1944454.0	0.5011505213944402	0.49884947860555984	0.0008890420177412628	0.0006964254623863286	1.2765788526670552	0.5114612440048646	0.8256445796078529	False	0.04805952369776756	0.6704834657575465
ReplogleWeissman2022_K562_gwps	PARP1	ulm	258	74615	9639316.5	0.5007262864097717	0.49927371359022826	0.0033752030643109713	0.00344583494717722	0.9795022443184317	0.516090472149719	0.8272088418853653	False	0.011081005146737821	0.6614731952462312
ReplogleWeissman2022_K562_gwps	MTA1	ulm	143	74615	5350595.0	0.5014641593747672	0.4985358406252328	0.0020038573754718597	0.0019128387597314	1.0475830047239532	0.5241594240929165	0.8332381472140221	False	-0.005794092764761949	0.6459593964819222
ReplogleWeissman2022_K562_gwps	CCND1	ulm	310	74615	11591280.0	0.5011221042210228	0.49887789577897723	0.004265971558230127	0.004137470804137471	1.0310578032270719	0.5272259073079875	0.8332381472140221	False	0.0012250857622504996	0.6401261556734895
ReplogleWeissman2022_K562_gwps	E2F4	ulm	155	74615	5807232.0	0.5021244106845246	0.4978755893154754	0.0021251958944306128	0.002073023940082921	1.0251670775908188	0.5364631601043227	0.8405712692854931	False	-0.009270498080135081	0.6227573863626038
ReplogleWeissman2022_K562_gwps	FOS	ulm	400	74615	14973441.0	0.5016900422167124	0.49830995778328757	0.0057032193087558835	0.005332266879957342	1.0695674911158066	0.546481751513795	0.8405712692854931	False	-0.013230205944038509	0.6042543634806116
ReplogleWeissman2022_K562_gwps	SUPT16H	ulm	100	74615	3756480.0	0.5034483682905582	0.4965516317094418	0.0014663124014862078	0.0013384193267750785	1.0955553107704201	0.5475114747846969	0.8405712692854931	False	0.01308924073490475	0.6023718590002458
ReplogleWeissman2022_K562_gwps	TBL1X	ulm	106	74615	3981130.0	0.5033549579666186	0.49664504203338145	0.0014614468192232577	0.001418610564633771	1.030195922445104	0.5475886983257912	0.8405712692854931	False	-0.003414819452097123	0.6022308243385437
ReplogleWeissman2022_K562_gwps	TNRC6B	ulm	85	74615	3196338.0	0.5039734164791025	0.49602658352089746	0.0011683845666019606	0.0011378848728246318	1.0268038485313702	0.5504626011250132	0.8405712692854931	False	0.021491593814721655	0.596996261321515
ReplogleWeissman2022_K562_gwps	LIN37	ulm	210	74615	7880840.0	0.5029526170851641	0.49704738291483586	0.0029625583887052083	0.00280654861343134	1.0555877687374629	0.5588336162628209	0.8476268273516612	False	0.008430819321820632	0.5819034954581014
ReplogleWeissman2022_K562_gwps	ACTL6A	ulm	59	74615	2228760.0	0.5062734466305566	0.4937265533694434	0.0008013817376894576	0.0007901009722259421	1.014277625088518	0.5662604883253202	0.853165802410149	False	0.04738292091451335	0.5687010799276099
ReplogleWeissman2022_K562_gwps	NFYC	ulm	27	74615	1027899.0	0.5102235922178293	0.48977640778217063	0.00040105095748672285	0.00036172664183703544	1.1087127988416285	0.572991157414474	0.8575894144084181	False	-0.011605873119796689	0.5568849944729061
ReplogleWeissman2022_K562_gwps	MDC1	ulm	179	74615	6743750.0	0.504919667702025	0.49508033229797505	0.002483777188446656	0.0023932400994732196	1.0378303409646883	0.5900745257092203	0.8728375314222961	False	0.017730583744335976	0.5275064352980194
ReplogleWeissman2022_K562_gwps	GTF2F1	ulm	80	74615	3028909.0	0.5074229377471018	0.49257706225289816	0.0010934791101026345	0.0010710221567708682	1.0209677766139535	0.5909032845469527	0.8728375314222961	False	0.023184316765492125	0.5261029220963668
ReplogleWeissman2022_K562_gwps	YBX1	ulm	154	74615	5812654.0	0.5058568182470883	0.49414318175291166	0.0021941485327072294	0.0020596771389212107	1.0652876080648495	0.5992923407318809	0.8794809675675654	False	0.008829193752619924	0.512005751956949
ReplogleWeissman2022_K562_gwps	FOXO3	ulm	379	74615	14265813.0	0.504465155078391	0.495534844921609	0.005081145842578253	0.005053737632343921	1.0054233544018827	0.6180495889163494	0.9011561748070643	False	-0.0032833987387949	0.4811865837786136
ReplogleWeissman2022_K562_gwps	MOV10	ulm	142	74615	5385580.0	0.5082975235315936	0.4917024764684063	0.0017774782856832345	0.0018994876733951335	0.9357672126959266	0.6338968389644711	0.9089224339858288	False	0.03172181439592586	0.4558690523514427
ReplogleWeissman2022_K562_gwps	HDAC1	ulm	161	74615	6101029.0	0.5078682578853019	0.4921317421146981	0.002160495321377187	0.0021530972504546914	1.0034360133621152	0.6351304137703391	0.9089224339858288	False	0.006182846772466943	0.4539249251599303
ReplogleWeissman2022_K562_gwps	FOXO1	ulm	184	74615	6971145.0	0.5077619461059526	0.4922380538940474	0.0026312532285170443	0.002459925934838701	1.0696473382600347	0.6421752641554759	0.9089224339858288	False	0.01923873995194403	0.4428940154222015
ReplogleWeissman2022_K562_gwps	RUNX2	ulm	152	74615	5768188.0	0.5085921766824083	0.4914078233175917	0.0024009400374595683	0.0020329824655262348	1.1809939722417075	0.643035179123776	0.9089224339858288	False	0.019860671394903107	0.4415558453176594
ReplogleWeissman2022_K562_gwps	RXRA	ulm	92	74615	3508322.0	0.5110759871689163	0.4889240128310836	0.0012396518570141947	0.001231477639310908	1.006637731325646	0.643484909016516	0.9089224339858288	False	0.0426273918060891	0.4408567036327299
ReplogleWeissman2022_K562_gwps	FANCD2	ulm	141	74615	5359197.0	0.5093947512122513	0.4906052487877487	0.001790911525474301	0.0018861362298678366	0.949513347506077	0.6502804646305274	0.9128160559409887	False	0.024487150219356102	0.4303515251079615
ReplogleWeissman2022_K562_gwps	KAT2B	ulm	154	74615	5853906.0	0.5094468488022063	0.4905531511977937	0.0021396749222602914	0.0020596771389212107	1.0388399627433749	0.6575130977138968	0.9172713585391399	False	0.011884518264273447	0.419290594651218
ReplogleWeissman2022_K562_gwps	TCF4	ulm	159	74615	6051257.0	0.5100612494241931	0.48993875057580694	0.002081922618128674	0.002126407574825474	0.979079760050022	0.6696740881445022	0.9241133890000135	False	0.021486441947555668	0.4009641205505256
ReplogleWeissman2022_K562_gwps	BRCA1	ulm	195	74615	7408989.0	0.5092114907808803	0.49078850921911976	0.0027027350969903584	0.002606603395268012	1.036880064645378	0.6718437518357823	0.9241133890000135	False	0.0037278329146951394	0.39772947764326155
ReplogleWeissman2022_K562_gwps	SOX2	ulm	7	74615	288437.0	0.5522386345143163	0.4477613654856836	9.203134549580433e-05	9.380611615877355e-05	0.9810804376554159	0.6805113864382172	0.9241133890000135	False	0.13072986044717605	0.38491072457179676
ReplogleWeissman2022_K562_gwps	ESR1	ulm	175	74615	6666531.0	0.5105469792554159	0.48945302074458413	0.002280744379249569	0.0023398850113651557	0.9747249835661445	0.6853655168248541	0.9241133890000135	False	0.009965045304639486	0.3778029818302438
ReplogleWeissman2022_K562_gwps	CREB5	ulm	363	74615	13742481.0	0.5073788699345345	0.4926211300654656	0.0049277538378584085	0.00484142014991064	1.0178323064874595	0.6864536891856227	0.9241133890000135	False	0.0030275080814560207	0.3762165153567702
ReplogleWeissman2022_K562_gwps	FOXO4	ulm	293	74615	11115608.0	0.5084397060770888	0.4915602939229112	0.004176000228327324	0.003911464730068885	1.0676308024011714	0.6912716282856697	0.9241133890000135	False	0.01687759273617806	0.36922243797587573
ReplogleWeissman2022_K562_gwps	PPARG	ulm	121	74615	4633010.0	0.5131587327343725	0.4868412672656275	0.0016994580059326654	0.0016190323271248128	1.0496751531519313	0.6918171654015969	0.9241133890000135	False	0.02066642700221566	0.36843357012197026
ReplogleWeissman2022_K562_gwps	RUVBL2	ulm	5	74615	211829.0	0.5677919989278295	0.4322080010721705	6.717028822258422e-05	6.700616456714018e-05	1.0024493814338469	0.6951295403982402	0.9241133890000135	False	0.280589287761142	0.363657061723412
ReplogleWeissman2022_K562_gwps	HDAC7	ulm	48	74615	1875304.0	0.5236056199602404	0.47639438003975965	0.0006773172946162847	0.0006428887132850274	1.0535529409986597	0.7144228420540413	0.9360845083614904	False	0.02417769700267497	0.3362802761711413
ReplogleWeissman2022_K562_gwps	CDK9	ulm	299	74615	11378645.0	0.5100270575128469	0.4899729424871531	0.003874624171326991	0.0039912432923085136	0.9707812547518068	0.7255527245549832	0.9360845083614904	False	0.025080214879491296	0.320821535893953
ReplogleWeissman2022_K562_gwps	POLR2B	ulm	166	74615	6360513.0	0.5135206509883264	0.4864793490116735	0.002674734494732007	0.002219815193698934	1.2049356641599651	0.7266721342126456	0.9360845083614904	False	0.03399872667215017	0.31927988774957566
ReplogleWeissman2022_K562_gwps	TP73	ulm	194	74615	7423439.0	0.5128345437852454	0.4871654562147546	0.0025239658297171444	0.0025932708631314413	0.9732750502851024	0.7318614442707674	0.9360845083614904	False	0.056748131921183775	0.31216406672036634
ReplogleWeissman2022_K562_gwps	FOXA2	ulm	85	74615	3296268.0	0.5197295922992933	0.4802704077007068	0.0010737031359981967	0.0011378848728246318	0.9435955795184152	0.7355716867004424	0.9360845083614904	False	0.05313473179088535	0.30710727706825997
ReplogleWeissman2022_K562_gwps	NR3C1	ulm	157	74615	6028184.5	0.5145892865755464	0.4854107134244536	0.002007879307781616	0.002099716471406409	0.9562621121111272	0.7364967767906334	0.9360845083614904	False	0.04190219565510448	0.3058504194764916
ReplogleWeissman2022_K562_gwps	CCNK	ulm	726	74615	27458851.0	0.5068968547266233	0.4931031452733767	0.009193197618753961	0.009636187467647097	0.9540285148685155	0.7391174032689526	0.9360845083614904	False	0.014286939805733534	0.30229850289977633
ReplogleWeissman2022_K562_gwps	CHD9	ulm	183	74615	7016174.0	0.5138343313526742	0.4861656686473258	0.0025151556464783472	0.002446589481002166	1.0280252024332646	0.7413462338841548	0.9360845083614904	False	0.04633336713399089	0.29928751060903247
ReplogleWeissman2022_K562_gwps	ELL	ulm	121	74615	4667796.0	0.517011679237164	0.482988320762836	0.0017327122993066597	0.0016190323271248128	1.0702147636444836	0.7414120663571097	0.9360845083614904	False	0.034396836615202604	0.29919871330068165
ReplogleWeissman2022_K562_gwps	MED1	ulm	179	74615	6870472.0	0.5144076276843101	0.4855923723156898	0.002345555631243646	0.0023932400994732196	0.9800753513030015	0.7475951466246661	0.9386472396509696	False	0.02565876397850375	0.29089369536312615
ReplogleWeissman2022_K562_gwps	IRF1	ulm	273	74615	10433256.0	0.512189974469677	0.4878100255303231	0.0036288415916338247	0.003645443862835167	0.9954457476713329	0.7569237289388064	0.9451091864097804	False	0.019448408792335115	0.27849278499485103
ReplogleWeissman2022_K562_gwps	SP3	ulm	145	74615	5594443.0	0.5170859145914545	0.48291408540854547	0.0020007494570801806	0.0019395398608881755	1.0315588235263056	0.7617724631884424	0.9459372345087251	False	0.02886114955590264	0.27210737262633994
ReplogleWeissman2022_K562_gwps	NELFB	ulm	216	74615	8288795.0	0.5142940551621782	0.4857059448378218	0.0030491930146195577	0.0028865042562574335	1.0563618633194265	0.7662890384212566	0.9463460255912787	False	0.044195635636973485	0.26619584566080173
ReplogleWeissman2022_K562_gwps	KLF4	ulm	458	74615	17452462.0	0.5106990849973093	0.48930091500269063	0.0058429547377807055	0.0061007286241391715	0.9577470328153076	0.7854548873160887	0.9567958400840335	False	0.013958964724983258	0.2414922547421103
ReplogleWeissman2022_K562_gwps	AGO2	ulm	42	74615	1678560.0	0.5356257359205828	0.4643742640794172	0.0005339449463352523	0.0005625728330899983	0.9491125680607365	0.7880197258439413	0.9567958400840335	False	0.11874075479943569	0.23823215664069333
ReplogleWeissman2022_K562_gwps	EP300	ulm	95	74615	3716401.0	0.5242915034016724	0.4757084965983276	0.0011971765997643557	0.0012715834560299826	0.941484881772579	0.7937924032484502	0.9567958400840335	False	0.06359649359509101	0.23093330878673826
ReplogleWeissman2022_K562_gwps	LMO2	ulm	271	74615	10408962.0	0.5147685301151075	0.48523146988489246	0.004003741144231817	0.003618833960953983	1.1063622115385383	0.7999457079661385	0.9567958400840335	False	0.045503176780240503	0.2232114186594728
ReplogleWeissman2022_K562_gwps	FOXA1	ulm	238	74615	9159266.0	0.5157717740986363	0.4842282259013637	0.003297967171833378	0.003179565281284651	1.0372383895514448	0.799972497053903	0.9567958400840335	False	0.026083592212829076	0.2231779305877914
ReplogleWeissman2022_K562_gwps	KAT2A	ulm	104	74615	4065313.0	0.5238832416661942	0.47611675833380585	0.0014296657815344763	0.001391881582997631	1.0271461301007168	0.8004231249983909	0.9567958400840335	False	0.07768252852159341	0.22261478488783126
ReplogleWeissman2022_K562_gwps	MNAT1	ulm	120	74615	4679368.0	0.5226125220576738	0.4773874779423262	0.0014870833312170253	0.0016056733792734327	0.9261431063208699	0.8043858832564883	0.9567958400840335	False	0.0594485737185185	0.2176761706452803
ReplogleWeissman2022_K562_gwps	NFYB	ulm	89	74615	3502481.0	0.5274236963227715	0.4725763036772286	0.0012053038247829997	0.0011913686014135788	1.0116968193998788	0.8147871441109755	0.9624383715050766	False	0.09309225605781384	0.2048283727228165
ReplogleWeissman2022_K562_gwps	NANOG	ulm	254	74615	9787799.0	0.5164463141765525	0.4835536858234475	0.0032752743470787797	0.0033925923947161042	0.9654193507537053	0.8176467580928084	0.9624383715050766	False	0.01699503931947942	0.20132487171980004
ReplogleWeissman2022_K562_gwps	ZNF382	ulm	186	74615	7217584.0	0.5200591711286395	0.47994082887136047	0.0024010067137863506	0.0024865977727570486	0.9655790494512517	0.8280513594945914	0.9650178600966017	False	0.04788325556175766	0.18868009814544706
ReplogleWeissman2022_K562_gwps	CCNT2	ulm	306	74615	11781624.0	0.516009370980182	0.4839906290198181	0.003809790801791782	0.004084302131578596	0.9327886818988305	0.8335107828163077	0.9650178600966017	False	0.05291495083851849	0.18210864008275707
ReplogleWeissman2022_K562_gwps	SMAD3	ulm	146	74615	5704151.0	0.5236149218958691	0.4763850781041309	0.0018483204713539492	0.0019528898757373498	0.9464540188965246	0.838295593514301	0.9650178600966017	False	0.03520122956130334	0.17638450380651124
ReplogleWeissman2022_K562_gwps	GLI2	ulm	226	74615	8758425.0	0.519387427733753	0.48061257226624693	0.0029303663681916805	0.0030197351718977564	0.9704050856718299	0.8432981435923309	0.9650178600966017	False	0.023447074600982915	0.1704347137648904
ReplogleWeissman2022_K562_gwps	ATM	ulm	156	74615	6093379.0	0.5234888667811003	0.4765111332188997	0.0021045032971678712	0.002086370384239879	1.0086911284137108	0.8449990639589738	0.9650178600966017	False	0.04369146015949732	0.1684197593664361
ReplogleWeissman2022_K562_gwps	RAD51D	ulm	362	74615	13923171.0	0.5154700575292024	0.4845299424707976	0.004694048512389864	0.004828147298504875	0.9722256224128587	0.8454581252173767	0.9650178600966017	False	0.0541104663121807	0.16787663852004417
ReplogleWeissman2022_K562_gwps	GABPB1	ulm	153	74615	5997170.0	0.5253258666820835	0.4746741333179165	0.0023461200445891763	0.0020463299807404237	1.146501330025121	0.8608311071983323	0.9701891228895394	False	0.04528144822918262	0.14985695268303137
ReplogleWeissman2022_K562_gwps	TGS1	ulm	370	74615	14261426.0	0.5165770233142746	0.4834229766857255	0.004649724875554949	0.004934320197372808	0.9423232967391563	0.8647360093201564	0.9701891228895394	False	0.03268683110743355	0.145331010168064
ReplogleWeissman2022_K562_gwps	EZH2	ulm	196	74615	7647980.0	0.5229552519258726	0.47704474807412744	0.002504307319824578	0.002619935570972183	0.9558659944050844	0.8668891011133988	0.9701891228895394	False	0.046319952380937446	0.1428442214401223
ReplogleWeissman2022_K562_gwps	TP63	ulm	149	74615	5851762.0	0.5263495338711875	0.4736504661288124	0.0018571561747116085	0.0019929377775399926	0.9318686191016019	0.8671601894853405	0.9701891228895394	False	0.06525949858356778	0.14253155630929834
ReplogleWeissman2022_K562_gwps	NFKB2	ulm	253	74615	9851311.0	0.5218520155771962	0.4781479844228039	0.003112000406637128	0.003379280867660416	0.9209061124273062	0.8853185036150393	0.9856255261921127	False	0.05450686230030927	0.12180780762903247
ReplogleWeissman2022_K562_gwps	MCM5	ulm	168	74615	6623284.0	0.5283697584106349	0.4716302415893651	0.002069238808698203	0.002246499872965781	0.9210945585171293	0.8983775004055503	0.9922899032567093	False	0.0561495192374451	0.10716491994369517
ReplogleWeissman2022_K562_gwps	MECP2	ulm	102	74615	4084450.0	0.536669938363337	0.4633300616366629	0.001385932060215336	0.0013651511704163711	1.0152224092461692	0.9000859741930327	0.9922899032567093	False	0.08867937444725893	0.1052649933390808
ReplogleWeissman2022_K562_gwps	TNRC6A	ulm	370	74615	14385034.0	0.5210543492631544	0.47894565073684553	0.00525712150421144	0.004934320197372808	1.0654196107926888	0.9191606079646337	0.999996985483837	False	0.05448084087276822	0.08429440806057766
ReplogleWeissman2022_K562_gwps	ATF3	ulm	306	74615	11958336.0	0.5237489702039094	0.47625102979609046	0.003840525717429947	0.004084302131578596	0.9403138146260428	0.9245225708944842	0.999996985483837	False	0.036831705328295244	0.0784778142891231
ReplogleWeissman2022_K562_gwps	PPARA	ulm	283	74615	11084034.0	0.5249105123615715	0.4750894876384285	0.0035782565359389167	0.00377847205532858	0.9470115124690919	0.9263189046476109	0.999996985483837	False	0.05916590141467161	0.07653671415613646
ReplogleWeissman2022_K562_gwps	TP53	ulm	219	74615	8637313.0	0.5285771679706206	0.4714228320293794	0.0029544600846569576	0.002926477269690248	1.009561945092323	0.9282426640313106	0.999996985483837	False	0.10754530803452722	0.0744620889658069
ReplogleWeissman2022_K562_gwps	JUND	ulm	135	74615	5429283.0	0.5389923086659668	0.4610076913340332	0.0015729080356269862	0.001806020066889632	0.8709250049119794	0.9415575462941351	0.999996985483837	False	0.11211154165874593	0.06021981082594259
ReplogleWeissman2022_K562_gwps	PML	ulm	161	74615	6439926.0	0.536079077567122	0.463920922432878	0.001945114935530116	0.0021530972504546914	0.9034031951503103	0.9434169852718867	0.999996985483837	False	0.10156855465268158	0.05824690397786891
ReplogleWeissman2022_K562_gwps	USF1	ulm	160	74615	6408702.0	0.536814145949206	0.4631858540507941	0.0019634867346540776	0.002139752591106653	0.9176232536484916	0.9464514678470454	0.999996985483837	False	0.09127159222246672	0.05503558503349867
ReplogleWeissman2022_K562_gwps	EGR1	ulm	373	74615	14594634.0	0.5243946270030662	0.47560537299693384	0.004620748078203389	0.004974129194004374	0.9289561846871736	0.9482373309209371	0.999996985483837	False	0.053021900165488	0.0531504589864967
ReplogleWeissman2022_K562_gwps	STAT4	ulm	112	74615	4552641.0	0.5447775964235456	0.4552224035764543	0.0013643763856553588	0.0014987889250204075	0.9103192336684643	0.9495321683740338	0.999996985483837	False	0.11189585141876623	0.05178587002613621
ReplogleWeissman2022_K562_gwps	SREBF1	ulm	126	74615	5135390.0	0.5462315016024055	0.45376849839759437	0.0017868139281191071	0.0016858217042854658	1.059906823821827	0.9637654919458473	0.999996985483837	False	0.1537333452015038	0.036907279581812044
ReplogleWeissman2022_K562_gwps	HDAC2	ulm	97	74615	4002535.0	0.5530154449196597	0.44698455508034024	0.0011051313574696451	0.0012983188778241783	0.8512017936007436	0.964663056017409	0.999996985483837	False	0.11740565503791973	0.03597640336415432
ReplogleWeissman2022_K562_gwps	SIRT1	ulm	179	74615	7282406.0	0.5452500489477268	0.45474995105227317	0.0021809285200931425	0.0023932400994732196	0.9112869705689749	0.9818993434140719	0.999996985483837	False	0.1127528660547085	0.018266477496318753
ReplogleWeissman2022_K562_gwps	TWIST2	ulm	230	74615	9297950.0	0.5417927972286724	0.45820720277132754	0.0027794909034866526	0.003073017569643931	0.9044825942237327	0.9858183554564858	0.999996985483837	False	0.07640429212221017	0.014283165025730933
ReplogleWeissman2022_K562_gwps	CCNT1	ulm	165	74615	6770832.0	0.5499610729015004	0.4500389270984996	0.0019052471607299757	0.002206472318801819	0.8634811071478035	0.9868130131600957	0.999996985483837	False	0.13630459352679097	0.013274707182333973
ReplogleWeissman2022_K562_gwps	TWIST1	ulm	191	74615	7819304.0	0.5486666809342057	0.4513333190657943	0.0023782404747382433	0.0025532711279843863	0.9314484657239216	0.9900152165796965	0.999996985483837	False	0.09604342972496549	0.010034965689101318
ReplogleWeissman2022_K562_gwps	ARNTL	ulm	265	74615	10755119.0	0.5439302381154075	0.4560697618845925	0.00321244463589507	0.0035389957264957265	0.9077277522106523	0.9932987116488384	0.999996985483837	False	0.0838928103495995	0.006723842803006471
ReplogleWeissman2022_K562_gwps	ELOA	ulm	202	74615	8311097.0	0.5514178724714259	0.44858212752857407	0.0022954588305448085	0.0026999211409171713	0.8501947689350047	0.9942655799172436	0.999996985483837	False	0.12465797946507945	0.005750924997252716
ReplogleWeissman2022_K562_gwps	GTF2H4	ulm	146	74615	6110295.0	0.5608970798959775	0.43910292010402263	0.0016683116194727656	0.0019528898757373498	0.8542783902972837	0.9945588796735976	0.999996985483837	False	0.17811121088745846	0.005455977137912157
ReplogleWeissman2022_K562_gwps	CBFB	ulm	153	74615	6478248.0	0.5674661957525756	0.4325338042474244	0.0016952813609971262	0.0020463299807404237	0.8284496522812623	0.9980605963621859	0.999996985483837	False	0.1283214914872461	0.001941286716142472
ReplogleWeissman2022_K562_gwps	DNMT1	ulm	495	74615	20368484.0	0.5514769486732228	0.4485230513267771	0.0060642532920639055	0.006590334176541073	0.9201738682159999	0.9999616172860362	0.999996985483837	False	0.10997927538948665	3.8383450599051014e-05
ReplogleWeissman2022_K562_gwps	STAT5A	ulm	470	74615	19654373.0	0.5604478307795621	0.439552169220438	0.005677111319288289	0.0062595724845175464	0.9069487306569387	0.999996985483837	0.999996985483837	False	0.16886008402471953	3.0145207066875964e-06
ReplogleWeissman2022_K562_gwps	SREBF2	viper	188	74615	3180391.0	0.226723492652353	0.773276507347647	0.01026007923995309	0.0025132681844311057	4.082365464820271	9.851683277090154e-39	2.226480420622375e-36	True	-1.1961088854744593	87.51317629510886
ReplogleWeissman2022_K562_gwps	MAX	viper	209	74615	4458346.0	0.28589156393569926	0.7141084360643009	0.008515244041540942	0.0027932214262803377	3.048538852460572	4.694233080685245e-27	5.304483381174327e-25	True	-1.2545998287897722	60.62346275961862
ReplogleWeissman2022_K562_gwps	ESRRA	viper	204	74615	5744916.0	0.3774221395319503	0.6225778604680496	0.004960413038379386	0.0027265801467541667	1.8192801133260161	6.955681557395199e-10	5.239946773237717e-08	True	-0.5034868256745504	21.086292114054242
ReplogleWeissman2022_K562_gwps	TRRAP	viper	308	74615	9308521.0	0.4050455106777562	0.5949544893222438	0.005904902718296246	0.004110887177502236	1.4364059297497067	4.185421216052743e-09	2.3647629870697997e-07	True	-0.44587904414355445	19.29165848907267
ReplogleWeissman2022_K562_gwps	MYC	viper	98	74615	2587071.0	0.3537986152043073	0.6462013847956928	0.0022722586614890906	0.0013116860519588292	1.7323189936309633	2.7167265109845014e-07	1.2279603829649947e-05	True	-0.6477059091766841	15.118667984033031
ReplogleWeissman2022_K562_gwps	MYB	viper	181	74615	5316689.0	0.39367382397226575	0.6063261760277343	0.0036584438647083123	0.0024199155035028613	1.5118064491973642	3.724663351445691e-07	1.4029565290445436e-05	True	-0.42887205100480746	14.803119178661726
ReplogleWeissman2022_K562_gwps	ATR	viper	74	74615	1973056.0	0.35733993056247293	0.6426600694375271	0.00178564203239101	0.0009907750806678359	1.8022678075304346	1.0734588286502575e-05	0.00034657385039279744	True	-0.5755373735941451	11.442039479814037
ReplogleWeissman2022_K562_gwps	RUVBL1	viper	63	74615	1636937.0	0.34822927004123816	0.6517707299587618	0.003209630892451129	0.0008436219502396958	3.804584377562943	1.514907721768594e-05	0.0004279614313996278	True	-1.201396455753007	11.097570937587669
ReplogleWeissman2022_K562_gwps	TFDP1	viper	315	74615	10178503.0	0.4330591427529041	0.566940857247096	0.0048209462974981715	0.004203923662084612	1.1467730351477396	2.004596150162784e-05	0.0005033763665964324	True	-0.276312038215443	10.817482845864898
ReplogleWeissman2022_K562_gwps	STAT5B	viper	126	74615	3801779.0	0.4043804758607412	0.5956195241392587	0.002951351952476414	0.0016858217042854658	1.7506904466669815	0.00010162203056917981	0.002296657890863464	True	-0.414661261209886	9.194250210014662
ReplogleWeissman2022_K562_gwps	CARM1	viper	155	74615	4838826.0	0.4183908364010523	0.5816091635989478	0.0026580287999264486	0.002073023940082921	1.2821987959387133	0.00021909872510366085	0.004501482897584305	True	-0.25272243693495944	8.425988130167273
ReplogleWeissman2022_K562_gwps	HIF1A	viper	162	74615	5098113.0	0.4217628269561527	0.5782371730438473	0.009058446825566861	0.002166441552883908	4.181256038737118	0.0002847097592679086	0.0053620337995456116	True	-0.30964271436779695	8.164040285139212
ReplogleWeissman2022_K562_gwps	YY1	viper	176	74615	5592065.0	0.42582720084311587	0.5741727991568841	0.0033621189299675464	0.002353224318434036	1.4287286187000157	0.00033120241964233613	0.005757826679935997	True	-0.24708317176557337	8.012780829796474
ReplogleWeissman2022_K562_gwps	NCOA6	viper	263	74615	8650988.0	0.4408428666393698	0.5591571333606302	0.0042426029790974635	0.003512380138358396	1.207899718132547	0.00045416496380057983	0.007331520129923646	True	-0.18782197055957212	7.6970500695319295
ReplogleWeissman2022_K562_gwps	SP1	viper	197	74615	6383985.0	0.43430965929674187	0.5656903407032582	0.003736270039863058	0.0026332673902582475	1.4188722549352035	0.0007121077692276429	0.010729090389696485	True	-0.24782668663973545	7.247281296731481
ReplogleWeissman2022_K562_gwps	ATF6	viper	127	74615	3975978.0	0.4195793524871242	0.5804206475128759	0.00229768166143227	0.001699178507398785	1.352230887706856	0.0008539973342628021	0.01206271234646208	True	-0.3157538243803158	7.065582485652705
ReplogleWeissman2022_K562_gwps	NELFE	viper	139	74615	4474501.0	0.4314233689775379	0.568576631022462	0.002539970802125418	0.001859432271182813	1.365992642748802	0.002570026175110148	0.03416623032793491	True	-0.2581571166637713	5.963839195259112
ReplogleWeissman2022_K562_gwps	POLR2I	viper	105	74615	3332416.0	0.42534738642491776	0.5746526135750823	0.0017187480831699652	0.0014052462526766595	1.2230938740424744	0.0040482081944212146	0.05082750288551081	True	-0.28383412973841404	5.509480916891357
ReplogleWeissman2022_K562_gwps	CTDP1	viper	113	74615	3643112.0	0.43208375264410404	0.567916247355896	0.0020155863706150592	0.0015121507333261963	1.332926887640019	0.006226671871051819	0.0723017723052668	True	-0.2909036423510506	5.078913299027873
ReplogleWeissman2022_K562_gwps	RBL1	viper	253	74615	8584470.0	0.4547438378670588	0.5452561621329411	0.0041323194628054664	0.003379280867660416	1.2228398954202357	0.0063983869296696284	0.0723017723052668	True	-0.2311412400653476	5.0517093626236145
ReplogleWeissman2022_K562_gwps	LIN9	viper	56	74615	1694171.0	0.40545538526339975	0.5945446147366003	0.0009536829439921755	0.0007499564757402472	1.2716510555507097	0.007144044181669468	0.07688352309796666	True	-0.383269492186788	4.9414762509828485
ReplogleWeissman2022_K562_gwps	TFAP2A	viper	282	74615	9671999.0	0.45966452850400374	0.5403354714959963	0.0043416207076914844	0.0037651708346128684	1.153100589163011	0.009591309504576387	0.0955403448544701	True	-0.13900400412378677	4.646897850443539
ReplogleWeissman2022_K562_gwps	ATF4	viper	103	74615	3331473.0	0.43348385791399086	0.5665161420860091	0.001558484564725522	0.001378516555582323	1.130551938904481	0.009723132440941648	0.0955403448544701	True	-0.2516321557142458	4.6332474448402445
ReplogleWeissman2022_K562_gwps	GTF2F2	viper	61	74615	1890076.0	0.41526304977573403	0.5847369502242659	0.0011860655038249878	0.000816862177942043	1.4519775010431932	0.010963052225371969	0.1002265870093885	False	-0.34214199156339153	4.513224548516353
ReplogleWeissman2022_K562_gwps	ARNT	viper	93	74615	2994166.0	0.4314860729522661	0.568513927047734	0.0017726291489777563	0.0012448466027734648	1.4239739619551635	0.011087011837321737	0.1002265870093885	False	-0.30270525057839903	4.501980960516679
ReplogleWeissman2022_K562_gwps	E2F6	viper	304	74615	10552439.0	0.4652143723746813	0.5347856276253188	0.004718461845824973	0.004057715666252886	1.1628369836426353	0.01800902783106519	0.145911515891935	False	-0.15463961160820855	4.016882100647926
ReplogleWeissman2022_K562_gwps	USF2	viper	405	74615	14198288.0	0.4698452219334973	0.5301547780665028	0.006621696689923276	0.005398560383897627	1.2265671251309733	0.01801875599619452	0.145911515891935	False	-0.12892642220622919	4.01634206380234
ReplogleWeissman2022_K562_gwps	LIN52	viper	15	74615	384809.0	0.34381737362907366	0.6561826263709263	0.0004766711740681888	0.00020099155835454912	2.3715979813805954	0.01807753294236363	0.145911515891935	False	-0.6857558267332451	4.013085385631466
ReplogleWeissman2022_K562_gwps	CTNNB1	viper	39	74615	1180903.0	0.40581068287293576	0.5941893171270642	0.0009112707532239329	0.0005224100517052	1.7443591490046024	0.020821172810698972	0.16226155362820577	False	-0.36420189417021437	3.871784886416475
ReplogleWeissman2022_K562_gwps	RAD51	viper	239	74615	8254250.0	0.462864181178866	0.5371358188211339	0.0038549629989823478	0.003192882143906805	1.2073615076394337	0.02354061839544503	0.17733932524568588	False	-0.12611089377810003	3.749027907510136
ReplogleWeissman2022_K562_gwps	TFDP2	viper	192	74615	6581183.0	0.45938477238714287	0.5406152276128571	0.0033968531244733947	0.0025666047295039235	1.3234812066795898	0.02576660043487258	0.187846828976813	False	-0.16380674306667248	3.658676182504964
ReplogleWeissman2022_K562_gwps	NFE2L2	viper	139	74615	4705066.0	0.45365403314954417	0.5463459668504558	0.002083161131252926	0.001859432271182813	1.1203210590336778	0.02930899343309877	0.2015114625335298	False	-0.15322775830654653	3.5298608669473412
ReplogleWeissman2022_K562_gwps	CEBPB	viper	167	74615	5703864.0	0.45774809691746976	0.5422519030825302	0.0027778410471727515	0.0022331577117488165	1.2439072406567229	0.029424240104453468	0.2015114625335298	False	-0.14220994542847296	3.525936450996673
ReplogleWeissman2022_K562_gwps	EPAS1	viper	228	74615	7898551.0	0.4642869067058855	0.5357130932941144	0.0034670591327411013	0.0030463770826931044	1.1380925731216764	0.031078394665263437	0.2065799174808687	False	-0.12166785409340056	3.4712424065134857
ReplogleWeissman2022_K562_gwps	PITX1	viper	212	74615	7347245.0	0.46447518646030755	0.5355248135396924	0.0031226778364286585	0.0028332019190933752	1.1021727097473926	0.036787297452893164	0.2367048080943836	False	-0.09929453821710156	3.302602671305371
ReplogleWeissman2022_K562_gwps	FOXM1	viper	220	74615	7638782.0	0.4653452571686171	0.5346547428313829	0.00313686133334909	0.002939800895303	1.0670318994599053	0.037705190669901814	0.2367048080943836	False	-0.18721562257589527	3.27795751045391
ReplogleWeissman2022_K562_gwps	GTF2H2	viper	370	74615	13125177.0	0.47541983986264624	0.5245801601373538	0.005477520434602137	0.004934320197372808	1.1100861345638953	0.05115044230088813	0.31043797198788997	False	-0.08928423830572807	2.9729841394882
ReplogleWeissman2022_K562_gwps	GTF2H3	viper	120	74615	4093422.0	0.4571714802653622	0.5428285197346379	0.0017576452568386514	0.0016056733792734327	1.0946468189153051	0.05219753511300805	0.31043797198788997	False	-0.1440383303723023	2.952720005265763
ReplogleWeissman2022_K562_gwps	E2F3	viper	385	74615	13684616.0	0.4763714687778214	0.5236285312221786	0.005508937956885158	0.0051333333333333335	1.0731697318607452	0.054588235176502686	0.31633182435614376	False	-0.10914961843928539	2.907936892406737
ReplogleWeissman2022_K562_gwps	POLR2C	viper	77	74615	2573921.0	0.4480003411451512	0.5519996588548488	0.001249264787762212	0.0010309002302790124	1.2118192925653914	0.05707351962140961	0.3224653858609643	False	-0.2016358603372722	2.8634150243286838
ReplogleWeissman2022_K562_gwps	POLR2G	viper	39	74615	1249170.0	0.42927025397038127	0.5707297460296187	0.0008639352364466723	0.0005224100517052	1.6537492600433301	0.06304492385064324	0.34751592171330176	False	-0.31933551656459314	2.7639077297148704
ReplogleWeissman2022_K562_gwps	ERCC3	viper	267	74615	9437131.0	0.4736991211565186	0.5263008788434814	0.00380175890034873	0.00356560989289816	1.0662296253779535	0.06863107831120542	0.3693005642460101	False	-0.09395122581274706	2.679009810233904
ReplogleWeissman2022_K562_gwps	CREBBP	viper	147	74615	5110340.0	0.46591459742779373	0.5340854025722063	0.0022418242324750027	0.0019662395334528234	1.1401582535258243	0.07633450170744228	0.3886152631588581	False	-0.12311970425664702	2.572630258002112
ReplogleWeissman2022_K562_gwps	RBL2	viper	558	74615	20088424.0	0.48248689749555485	0.5175131025044452	0.007905624708437236	0.0074228778949888925	1.0650349932031404	0.07668305641081913	0.3886152631588581	False	-0.08499404290630638	2.56807450230303
ReplogleWeissman2022_K562_gwps	FOSL1	viper	189	74615	6629226.0	0.4700833591271171	0.5299166408728829	0.003189009741800555	0.0025266028554622746	1.2621729350563424	0.07737914531924166	0.3886152631588581	False	-0.09892404147980383	2.5590379750118952
ReplogleWeissman2022_K562_gwps	AR	viper	265	74615	9416347.0	0.4762230772051247	0.5237769227948754	0.0037953372451570654	0.0035389957264957265	1.0724334072353248	0.0903779831994681	0.43868133873584725	False	-0.07190103104768661	2.403754589925252
ReplogleWeissman2022_K562_gwps	ERG	viper	440	74615	15811641.0	0.4816129159990984	0.5183870840009016	0.006183971904487882	0.005862367597095464	1.0548591165712227	0.09140711605265445	0.43868133873584725	False	-0.05687839253246707	2.3924319473967093
ReplogleWeissman2022_K562_gwps	AGO3	viper	186	74615	6550512.0	0.47199365344251026	0.5280063465574897	0.0026719872220759625	0.0024865977727570486	1.0745554634328176	0.09317125778460472	0.43868133873584725	False	-0.1058358829712305	2.3733159977224996
ReplogleWeissman2022_K562_gwps	NRF1	viper	109	74615	3777143.0	0.46441986294169396	0.535580137058306	0.0015710025253667186	0.0014587013543172207	1.076987089041309	0.099247429732851	0.4577534514209046	False	-0.12630097445026872	2.3101392566483945
ReplogleWeissman2022_K562_gwps	CEBPA	viper	88	74615	3025428.0	0.46076343411329673	0.5392365658867032	0.0014871027472417352	0.0011779982062300042	1.262398142354538	0.10128294176633956	0.4577988967838548	False	-0.1440262418177244	2.2898372751319136
ReplogleWeissman2022_K562_gwps	SUPT5H	viper	129	74615	4513757.0	0.46894544449621756	0.5310545555037824	0.0017750911671010267	0.001725891041421385	1.0285070867736368	0.11108750548086754	0.46812808149381757	False	-0.10261224616218656	2.197437050579252
ReplogleWeissman2022_K562_gwps	ETS1	viper	350	74615	12565993.0	0.4811745244636754	0.5188254755363245	0.004975467167181951	0.004668845461215234	1.0656739891079856	0.11176986599589922	0.46812808149381757	False	-0.07138847280105498	2.1913132895126037
ReplogleWeissman2022_K562_gwps	KAT5	viper	236	74615	8402030.0	0.47714028055884616	0.5228597194411537	0.003497352269363615	0.003152930488570627	1.1092386216700676	0.11226197429498841	0.46812808149381757	False	-0.10520433638546625	2.186920082815422
ReplogleWeissman2022_K562_gwps	TBL1XR1	viper	73	74615	2506208.0	0.46011681884816946	0.5398831811518305	0.0013476358593235646	0.0009773993144815767	1.3787976309747725	0.11903058959418922	0.46812808149381757	False	-0.1633721104529223	2.128374763490335
ReplogleWeissman2022_K562_gwps	LIN54	viper	673	74615	24446776.0	0.48683342196728746	0.5131665780327126	0.009362782585882773	0.008939007544362979	1.047407392757715	0.11941303091169475	0.46812808149381757	False	-0.06197653736804893	2.1251669473647437
ReplogleWeissman2022_K562_gwps	SPI1	viper	82	74615	2832584.0	0.46295928857566404	0.537040711424336	0.0012313370595262232	0.0010977683173353683	1.1216729797003693	0.1227653575052235	0.46812808149381757	False	-0.10787384552688445	2.097480408074521
ReplogleWeissman2022_K562_gwps	HIC1	viper	221	74615	7880318.0	0.4778871207037756	0.5221128792962244	0.0030985918917094506	0.0029531241648404513	1.049258926732889	0.127754979782292	0.46812808149381757	False	-0.0489111482273448	2.057641069974747
ReplogleWeissman2022_K562_gwps	NCOA2	viper	200	74615	7117631.0	0.47695711318099576	0.5230428868190042	0.0027218419883453986	0.0026732607097507185	1.018173041790305	0.12979784872986305	0.46812808149381757	False	-0.0625867806325913	2.041777048579362
ReplogleWeissman2022_K562_gwps	SMARCD3	viper	561	74615	20358449.0	0.48635757434808247	0.5136424256519175	0.00825282915911483	0.007462488028094073	1.105908529172222	0.13239276794298777	0.46812808149381757	False	-0.06863479717831314	2.0219822597582096
ReplogleWeissman2022_K562_gwps	CHEK1	viper	196	74615	6978967.0	0.47720933444744246	0.5227906655525576	0.0027414149728215045	0.002619935570972183	1.0463673241415796	0.13483330032865304	0.46812808149381757	False	-0.06198019866417631	2.003716075933043
ReplogleWeissman2022_K562_gwps	NPM1	viper	90	74615	3132585.0	0.466481270522013	0.533518729477987	0.0013530805943075743	0.0012047386386453383	1.123132064419415	0.1354778590686454	0.46812808149381757	False	-0.10403622673193036	1.998947053721309
ReplogleWeissman2022_K562_gwps	ERCC2	viper	124	74615	4362612.0	0.4715185262843889	0.528481473715611	0.001880687643703406	0.0016591070257830584	1.1335541435705554	0.13615894487638092	0.46812808149381757	False	-0.07867261606910692	1.9939323633323613
ReplogleWeissman2022_K562_gwps	E2F1	viper	224	74615	8004971.0	0.47894495314040647	0.5210550468595936	0.0031931929829616575	0.002993091837143735	1.06685432880298	0.13786214871830466	0.46812808149381757	False	-0.09188714601748599	1.9815010154114758
ReplogleWeissman2022_K562_gwps	SSRP1	viper	314	74615	11300848.0	0.4823421803047576	0.5176578196952424	0.004332480621488263	0.0041906337999973306	1.0338485365843761	0.13970932508227069	0.46812808149381757	False	-0.06274249073649285	1.9681912641790897
ReplogleWeissman2022_K562_gwps	HDAC3	viper	140	74615	4947642.0	0.47363532801715474	0.5263646719828452	0.002055183242071211	0.0018727844291351748	1.0973944518645242	0.14015829197969165	0.46812808149381757	False	-0.09698465742737616	1.9649828380862617
ReplogleWeissman2022_K562_gwps	NELFCD	viper	421	74615	15228069.0	0.4847709612431702	0.5152290387568298	0.005754505372434584	0.005610640226024841	1.025641484859861	0.14020658847230139	0.46812808149381757	False	-0.05401216686747484	1.9646383121027677
ReplogleWeissman2022_K562_gwps	STAT1	viper	126	74615	4441844.0	0.4724617055381647	0.5275382944618353	0.0019261425815068048	0.0016858217042854658	1.1425541482888897	0.14233237058273102	0.46812808149381757	False	-0.08152637635337096	1.9495903185002526
ReplogleWeissman2022_K562_gwps	ZBTB17	viper	315	74615	11342770.0	0.4825945674568606	0.5174054325431394	0.004510485570174208	0.004203923662084612	1.0729228056290585	0.14279284469385584	0.46812808149381757	False	-0.04607156456427686	1.9463603375179435
ReplogleWeissman2022_K562_gwps	RARA	viper	208	74615	7427950.0	0.47860749282212794	0.5213925071778721	0.002843443077070798	0.0027798938828969702	1.0228602949791745	0.14292406027908588	0.46812808149381757	False	-0.05783437796037111	1.9454418367770272
ReplogleWeissman2022_K562_gwps	CLOCK	viper	183	74615	6523071.0	0.4777215937989878	0.5222784062010122	0.0025856626691050204	0.002446589481002166	1.056843695758018	0.14854063990473115	0.47061822026527395	False	-0.06384625428150725	1.906896688787891
ReplogleWeissman2022_K562_gwps	ASF1B	viper	678	74615	24709120.0	0.48842899944394996	0.5115710005560501	0.009246569839021019	0.009004821165314173	1.0268465824327575	0.1494060661671211	0.47061822026527395	False	-0.03773816171721395	1.9010874035794674
ReplogleWeissman2022_K562_gwps	RUNX1	viper	179	74615	6378919.0	0.47760395355375473	0.5223960464462453	0.002927644501529587	0.0023932400994732196	1.2232974460748824	0.14993146840309612	0.47061822026527395	False	-0.10087480647291444	1.8975769665988131
ReplogleWeissman2022_K562_gwps	SUPT4H1	viper	142	74615	5034197.0	0.47513357299867015	0.5248664270013298	0.0021721280961759922	0.0018994876733951335	1.1435336625762582	0.15256593005613206	0.4723273998998061	False	-0.10183078230290765	1.880158448124665
ReplogleWeissman2022_K562_gwps	NELFA	viper	154	74615	5474474.0	0.4764260868127383	0.5235739131872617	0.0024880589309757093	0.0020596771389212107	1.2079849234423559	0.15568505837054708	0.47547058367221134	False	-0.1007671374994813	1.8599201689696072
ReplogleWeissman2022_K562_gwps	ELK1	viper	143	74615	5085610.0	0.4766294484179628	0.5233705515820373	0.002064035118315861	0.0019128387597314	1.0790429187066932	0.16672660842599424	0.4986541262635781	False	-0.0812832437153701	1.7913998833308482
ReplogleWeissman2022_K562_gwps	POLR2L	viper	77	74615	2690503.0	0.4682918636011178	0.5317081363988823	0.0013092770862495433	0.0010309002302790124	1.2700327808591025	0.1676889982125307	0.4986541262635781	False	-0.153031486044774	1.785644216285148
ReplogleWeissman2022_K562_gwps	NR1H4	viper	161	74615	5745392.0	0.47826394955804186	0.5217360504419581	0.0022679239332589517	0.0021530972504546914	1.0533309318842943	0.1699506191992971	0.4988161031044305	False	-0.07527331881247566	1.7722473594262484
ReplogleWeissman2022_K562_gwps	POLR2F	viper	176	74615	6304315.0	0.4800639494861501	0.51993605051385	0.00263520539168621	0.002353224318434036	1.1198275366454735	0.18006835312346509	0.5159435913305103	False	-0.06236874347968013	1.714418760599945
ReplogleWeissman2022_K562_gwps	VHL	viper	373	74615	13534514.0	0.48630383062006055	0.5136961693799394	0.0057662635125182715	0.004974129194004374	1.159250853288794	0.18035196334119608	0.5159435913305103	False	-0.028615989487059984	1.712844985408528
ReplogleWeissman2022_K562_gwps	POLR2H	viper	43	74615	1478686.0	0.4608731020790445	0.5391268979209555	0.0007522764627660372	0.0005759597096091511	1.3061268873764371	0.1871287264677366	0.5286386522713559	False	-0.155924662032491	1.6759585221173905
ReplogleWeissman2022_K562_gwps	POLR2E	viper	437	74615	15917968.0	0.4881800718900117	0.5118199281099882	0.005914190621087494	0.00582262964344721	1.0157250217250768	0.19670676809347648	0.5488361677669837	False	-0.0325044802177511	1.6260411459763449
ReplogleWeissman2022_K562_gwps	ACTL6A	viper	59	74615	2062271.0	0.4684546775140637	0.5315453224859362	0.0009481326196246857	0.0007901009722259421	1.2000144955568437	0.20072731989902876	0.5532240767948842	False	-0.13766974046103836	1.60580790937933
ReplogleWeissman2022_K562_gwps	GTF2H1	viper	201	74615	7252864.0	0.48360115925098757	0.5163988407490124	0.002818886388854031	0.0026865911035072712	1.0492428063109611	0.21061412762825837	0.5734794318552577	False	-0.05605143939856749	1.5577275987769463
ReplogleWeissman2022_K562_gwps	GATA1	viper	46	74615	1601759.0	0.4666735619659178	0.5333264380340822	0.0007029068660646199	0.0006161181875410188	1.1408636853750127	0.21688870091710055	0.5791400738775048	False	-0.07314767579583124	1.5283709560188987
ReplogleWeissman2022_K562_gwps	LEF1	viper	197	74615	7113580.0	0.4839448253998274	0.5160551746001726	0.002799965577786104	0.0026332673902582475	1.0633046944433198	0.21781816937870752	0.5791400738775048	False	-0.03244803909039599	1.5240946496546088
ReplogleWeissman2022_K562_gwps	NPAS2	viper	183	74615	6607796.0	0.4839264874809084	0.5160735125190916	0.0025871991842599494	0.002446589481002166	1.0574717190397578	0.22593528952003994	0.5937369236224306	False	-0.05594407793197903	1.4875066502673309
ReplogleWeissman2022_K562_gwps	RBMX	viper	88	74615	3138477.0	0.4779804511644624	0.5220195488355377	0.0013692128185814546	0.0011779982062300042	1.162321649846482	0.23726689248242455	0.603502272722088	False	-0.08497076441755264	1.4385696428363752
ReplogleWeissman2022_K562_gwps	CCNH	viper	87	74615	3105437.0	0.47838475053165636	0.5216152494683437	0.0013304130559802503	0.0011646274530802388	1.1423507598601914	0.2425898124544475	0.603502272722088	False	-0.0939100746905267	1.4163832765342739
ReplogleWeissman2022_K562_gwps	TCEA1	viper	115	74615	4130193.0	0.4813338033790851	0.518666196620915	0.0016445451922579492	0.001538873277131005	1.0686683671081438	0.24419309536888817	0.603502272722088	False	-0.06338968343780693	1.4097959921979413
ReplogleWeissman2022_K562_gwps	SMAD4	viper	158	74615	5707899.0	0.4841646188832632	0.5158353811167369	0.0023218210573777	0.002113062201596833	1.098794467869005	0.24547898495359183	0.603502272722088	False	-0.04726070074127898	1.4045439364152361
ReplogleWeissman2022_K562_gwps	GABPA	viper	193	74615	6994672.0	0.48571766848752784	0.5142823315124722	0.002799922169642755	0.0025799379745481766	1.0852672417960374	0.24621739780847263	0.603502272722088	False	-0.04581074801462237	1.4015404023812945
ReplogleWeissman2022_K562_gwps	POLR2K	viper	18	74615	610081.0	0.4542436358492111	0.5457563641507889	0.00028784050491733313	0.00024118017498961586	1.1934666890830734	0.25066855312668057	0.603502272722088	False	-0.20842143832276727	1.3836237179573934
ReplogleWeissman2022_K562_gwps	JUN	viper	212	74615	7700620.0	0.48681470542495503	0.5131852945750449	0.003240844783943335	0.0028332019190933752	1.1438806256987166	0.2533156643455029	0.603502272722088	False	-0.061760547380847616	1.3731188828068295
ReplogleWeissman2022_K562_gwps	ATF2	viper	187	74615	6781975.0	0.4860583795390312	0.5139416204609688	0.0026809143167416047	0.0024999331568674637	1.0723943995770346	0.25475699179203914	0.603502272722088	False	-0.0779189149256271	1.3674451615560699
ReplogleWeissman2022_K562_gwps	BCL6	viper	151	74615	5459478.0	0.4845605232688951	0.5154394767311049	0.0022771423902384832	0.002019634593264318	1.1275021718448373	0.2557348066595453	0.603502272722088	False	-0.05264097653346377	1.3636142829158673
ReplogleWeissman2022_K562_gwps	DDIT3	viper	262	74615	9548168.0	0.488419075426886	0.511580924573114	0.0038191567082695495	0.003499071811103543	1.0914770871950346	0.2584227481597657	0.603502272722088	False	-0.049353196603626664	1.353158476274499
ReplogleWeissman2022_K562_gwps	POLR2A	viper	223	74615	8111570.0	0.48749920744124775	0.5125007925587522	0.003354578993316366	0.002979769635746546	1.125784675792871	0.25923786250875536	0.603502272722088	False	-0.059754707253285355	1.3500092506782024
ReplogleWeissman2022_K562_gwps	NCOA1	viper	186	74615	6751504.0	0.4864760249567853	0.5135239750432147	0.002779034664687868	0.0024865977727570486	1.117605225555469	0.26169567578214437	0.603502272722088	False	-0.04434975213113743	1.340572993150973
ReplogleWeissman2022_K562_gwps	MYBL2	viper	62	74615	2206600.0	0.47698616338062266	0.5230138366193774	0.0010637859642204678	0.0008302422432609772	1.2812958782272883	0.26517691378538	0.6053533587423826	False	-0.13756987607226928	1.3273580765510102
ReplogleWeissman2022_K562_gwps	GATA2	viper	327	74615	11966161.0	0.49043442372168977	0.5095655762783102	0.0046469232622056355	0.004363374342825118	1.064983862740718	0.27495622860631563	0.6214010766502733	False	-0.023454685994538427	1.2911433626885551
ReplogleWeissman2022_K562_gwps	NCOA3	viper	85	74615	3057539.0	0.4820886826887828	0.5179113173112172	0.0012189210525360497	0.0011378848728246318	1.0712165014640342	0.283759328608856	0.6349466164911035	False	-0.06561169995305743	1.259628834572375
ReplogleWeissman2022_K562_gwps	HDAC5	viper	125	74615	4534858.0	0.4862140856396167	0.5137859143603833	0.001728139704499681	0.0016724645437516724	1.0332892921144494	0.29685280380826473	0.6518861534424408	False	-0.05753620280780447	1.2145188731078864
ReplogleWeissman2022_K562_gwps	NFKB1	viper	318	74615	11659548.0	0.49139241818694457	0.5086075818130554	0.004464282530598869	0.00424379112006726	1.0519562354256762	0.29785195790269936	0.6518861534424408	False	-0.0367262036394527	1.2111587014769747
ReplogleWeissman2022_K562_gwps	TCF7L2	viper	184	74615	6712956.0	0.48895606140506775	0.5110439385949322	0.0025821717906221566	0.002459925934838701	1.0496949335149277	0.30212317540992306	0.6518861534424408	False	-0.020847569942333492	1.196920479166058
ReplogleWeissman2022_K562_gwps	ELOB	viper	396	74615	14551935.0	0.4924922683918864	0.5075077316081136	0.005715570990068624	0.005279225713562011	1.0826532715556503	0.30286746067016057	0.6518861534424408	False	-0.02855820223798744	1.1944599927011716
ReplogleWeissman2022_K562_gwps	PARP1	viper	258	74615	9451830.0	0.490987066943644	0.509012933056356	0.0033831151312532937	0.00344583494717722	0.9817983690787903	0.3083173738565099	0.6573559102978419	False	-0.0028799779732198716	1.176625591942814
ReplogleWeissman2022_K562_gwps	HSF1	viper	234	74615	8568099.0	0.4907298491229336	0.5092701508770663	0.0033398192659257926	0.0031262942724685702	1.0682997104071779	0.3119051775214462	0.6587903749518396	False	-0.03275637204467812	1.1650560555656433
ReplogleWeissman2022_K562_gwps	RUNX3	viper	253	74615	9279563.0	0.4915648947866505	0.5084351052133494	0.0034437811272874487	0.003379280867660416	1.0190869780148486	0.321329958586543	0.6724126911162844	False	-0.022046895683048642	1.1352867754188871
ReplogleWeissman2022_K562_gwps	HES1	viper	239	74615	8772752.0	0.4919396276058102	0.5080603723941898	0.0033631168526169386	0.003192882143906805	1.0533169409447212	0.33324552702768234	0.6867203509620997	False	-0.02941900492617122	1.0988757422859197
ReplogleWeissman2022_K562_gwps	NFYA	viper	127	74615	4634017.0	0.48902128036783044	0.5109787196321696	0.0018651758520347604	0.001699178507398785	1.097692704982536	0.33424441860987153	0.6867203509620997	False	-0.008242109611294984	1.095882761389699
ReplogleWeissman2022_K562_gwps	AGO1	viper	164	74615	6002529.0	0.4905285342808531	0.5094714657191469	0.0023425259679094464	0.0021931290870431538	1.0681204228920762	0.33734905147371275	0.6868548255230548	False	-0.05449900475730997	1.0866371236105576
ReplogleWeissman2022_K562_gwps	NR4A1	viper	151	74615	5525651.0	0.4904337630742891	0.5095662369257109	0.002065769711752842	0.002019634593264318	1.0228432997941257	0.3420790379847367	0.6902666302192009	False	-0.009378055367328858	1.0727134634017008
ReplogleWeissman2022_K562_gwps	POLE3	viper	129	74615	4722185.0	0.49059954796378513	0.5094004520362149	0.0018673684732568529	0.001725891041421385	1.081973559419459	0.35586505420935793	0.7066456198921215	False	-0.01052298529294023	1.0332036812016363
ReplogleWeissman2022_K562_gwps	TNRC6C	viper	235	74615	8645570.0	0.49305983481160737	0.5069401651883927	0.003257712597396256	0.003139612558450234	1.037616118787701	0.35644956047655685	0.7066456198921215	False	-0.03594064768628977	1.0315625344770327
ReplogleWeissman2022_K562_gwps	APC	viper	357	74615	13173306.0	0.49453885688832927	0.5054611431116707	0.004915369482479384	0.004761777730352665	1.0322551284046062	0.3606999163181354	0.7088537485904226	False	-0.03674015194342059	1.0197089230711862
ReplogleWeissman2022_K562_gwps	RUVBL2	viper	5	74615	169721.0	0.45492461301346915	0.5450753869865308	8.39355426861308e-05	6.700616456714018e-05	1.252654039047816	0.36737347568312845	0.7157448750378191	False	0.06832631025187605	1.0013763034639713
ReplogleWeissman2022_K562_gwps	CDK7	viper	29	74615	1050567.0	0.48551160324146714	0.5144883967585329	0.0004228492778678599	0.00038851079792079737	1.0883848792127082	0.3934959231263665	0.7600861421073404	False	-0.036361226042961325	0.932684571721256
ReplogleWeissman2022_K562_gwps	NFATC2	viper	278	74615	10290641.0	0.4961025831884248	0.5038974168115753	0.003794596417404282	0.0037119623996902246	1.0222615449232335	0.41111163037496407	0.7843860927420261	False	-0.023096809119105055	0.8888904946126014
ReplogleWeissman2022_K562_gwps	GTF2H5	viper	97	74615	3573672.0	0.49376103171538294	0.506238968284617	0.0012950724820014632	0.0012983188778241783	0.9974995389205497	0.4157743795823172	0.7843860927420261	False	-0.015977056205625617	0.8776125226227843
ReplogleWeissman2022_K562_gwps	RBBP4	viper	141	74615	5206368.0	0.49486826703318165	0.5051317329668183	0.0019172696871830922	0.0018861362298678366	1.0165064732982925	0.41648819083647404	0.7843860927420261	False	0.0027064383702498605	0.8758971711109989
ReplogleWeissman2022_K562_gwps	NR1I2	viper	133	74615	4921039.0	0.4958827746844831	0.504117225315517	0.002076544620768104	0.0017793118210520683	1.1670493031065732	0.4347343000604732	0.810985357816867	False	-0.011283244844758622	0.8330202389691735
ReplogleWeissman2022_K562_gwps	SUPT16H	viper	100	74615	3697364.0	0.4955255645647658	0.5044744354352342	0.0013487274297744778	0.0013384193267750785	1.007701699156001	0.438453280634755	0.810985357816867	False	-0.018486878161825593	0.8245020164384199
ReplogleWeissman2022_K562_gwps	AKT1	viper	228	74615	8458070.0	0.4971761474986804	0.5028238525013197	0.0031734731102455154	0.0030463770826931044	1.0417203859215136	0.44137698677643644	0.810985357816867	False	0.004419940684969828	0.8178559234093954
ReplogleWeissman2022_K562_gwps	CDK12	viper	54	74615	1995329.0	0.4952159356300615	0.5047840643699385	0.00075357506867989	0.000723191685974099	1.0420129037640502	0.45155469221778016	0.8229948422678897	False	0.04387279395049326	0.7950587789811524
ReplogleWeissman2022_K562_gwps	TAF9	viper	152	74615	5643554.0	0.49760295834406093	0.5023970416559391	0.0020594848170718406	0.0020329824655262348	1.0130361928816467	0.4592724035517447	0.8247823973684612	False	-0.0049733121908429045	0.7781117731660371
ReplogleWeissman2022_K562_gwps	TP53BP2	viper	235	74615	8737813.0	0.49832048487198827	0.5016795151280118	0.0030954876422113363	0.003139612558450234	0.9859457447639085	0.4645225986148819	0.8247823973684612	False	0.0006275713059750165	0.766745070426475
ReplogleWeissman2022_K562_gwps	RB1	viper	433	74615	16114215.0	0.4987640171045857	0.5012359828954144	0.005780391752153301	0.0057696407632448566	1.001863372322404	0.46460667493915253	0.8247823973684612	False	-0.00504527884955569	0.7665640916824117
ReplogleWeissman2022_K562_gwps	XBP1	viper	269	74615	10008536.0	0.498645761999578	0.501354238000422	0.0036048701737094774	0.0035922226376796113	1.0035208107362843	0.4693907482319942	0.8247823973684612	False	-0.010268395324120633	0.7563197055336461
ReplogleWeissman2022_K562_gwps	YBX1	viper	154	74615	5729115.0	0.4985866843737245	0.5014133156262754	0.0021915054000846874	0.0020596771389212107	1.0640043328502078	0.47580254616391554	0.8247823973684612	False	-0.010720533078030364	0.7427523297952829
ReplogleWeissman2022_K562_gwps	CDC6	viper	116	74615	4318073.0	0.49889120473603576	0.5011087952639642	0.0016135584722111263	0.001552234012658736	1.0395072257483593	0.48351478802011805	0.8247823973684612	False	0.0022404103976846196	0.7266733791994928
ReplogleWeissman2022_K562_gwps	TRIM28	viper	57	74615	2120449.0	0.49857079205418225	0.5014292079458178	0.0009423218831015739	0.000763338332976216	1.234474730788785	0.4850985661269726	0.8247823973684612	False	-0.0035741916690666953	0.723403179565117
ReplogleWeissman2022_K562_gwps	POLR2D	viper	332	74615	12376714.0	0.4996215109045712	0.5003784890954288	0.0045607347525698505	0.004429797056586655	1.0295583960869052	0.4904919409876077	0.8247823973684612	False	-0.013281815950241693	0.7123464303102537
ReplogleWeissman2022_K562_gwps	GTF2F1	viper	80	74615	2980089.0	0.49924428734168735	0.5007557126583128	0.0010709772100985881	0.0010710221567708682	0.9999580338539255	0.4906657590580522	0.8247823973684612	False	-0.005384208203109475	0.7119921181089535
ReplogleWeissman2022_K562_gwps	FOSL2	viper	87	74615	3241487.0	0.4993429104652927	0.5006570895347072	0.0012393878039774296	0.0011646274530802388	1.0641925026749648	0.49153658913791176	0.8247823973684612	False	-0.0005948411921016528	0.7102188983449428
ReplogleWeissman2022_K562_gwps	MOV10	viper	142	74615	5292950.0	0.4995549926241089	0.500445007375891	0.0018161961686319113	0.0018994876733951335	0.9561505421015197	0.4926797506404525	0.8247823973684612	False	0.010637480179306137	0.7078959090378025
ReplogleWeissman2022_K562_gwps	E2F5	viper	52	74615	1942571.0	0.5006652096144826	0.4993347903855175	0.0007536499741314937	0.0006964254623863286	1.0821688965091585	0.5066278219920166	0.8261402458426447	False	0.09155434607196183	0.6799786238700185
ReplogleWeissman2022_K562_gwps	FOS	viper	400	74615	14930596.0	0.5002545064665281	0.4997454935334718	0.005717263005355912	0.005332266879957342	1.0722012108669343	0.5070157131752387	0.8261402458426447	False	-0.02482458591368918	0.6792132834151179
ReplogleWeissman2022_K562_gwps	RELA	viper	184	74615	6871948.0	0.500536667938898	0.49946333206110205	0.002530904690856345	0.002459925934838701	1.0288540215834985	0.5100475707716604	0.8261402458426447	False	-0.001518897037411232	0.6732512815908398
ReplogleWeissman2022_K562_gwps	STAT3	viper	170	74615	6351070.0	0.5006933631859231	0.49930663681407694	0.002267746178263469	0.0022731831249582137	0.9976082231849029	0.5124779346774622	0.8261402458426447	False	0.017100616864988333	0.6684976231843149
ReplogleWeissman2022_K562_gwps	ESR1	viper	175	74615	6542453.0	0.501044638668977	0.4989553613310231	0.0023089722179956643	0.0023398850113651557	0.9867887553365471	0.5190688568629	0.8261402458426447	False	-0.01562152455302928	0.6557187324335724
ReplogleWeissman2022_K562_gwps	TCF4	viper	159	74615	5946149.0	0.5012016822624483	0.49879831773755173	0.00220162530000592	0.002126407574825474	1.035373145802784	0.5209093249937436	0.8261402458426447	False	-0.006149402987436048	0.652179292694654
ReplogleWeissman2022_K562_gwps	FANCI	viper	20	74615	751845.0	0.5038162567848288	0.4961837432151712	0.00030152297841986247	0.00026797079118376095	1.125208374718322	0.523570966131873	0.8261402458426447	False	0.008047381605989778	0.647082696957713
ReplogleWeissman2022_K562_gwps	MDC1	viper	179	74615	6695771.0	0.5013273725047422	0.49867262749525776	0.002481188755348295	0.0023932400994732196	1.0367487808241362	0.5244982934586876	0.8261402458426447	False	0.004179303224473074	0.6453131048046769
ReplogleWeissman2022_K562_gwps	NELFB	viper	216	74615	8080118.0	0.5013462936903264	0.4986537063096736	0.0029710367130501413	0.0028865042562574335	1.029285408677107	0.5272839848870604	0.8261402458426447	False	0.016413155448965377	0.6400160048260456
ReplogleWeissman2022_K562_gwps	HEY1	viper	156	74615	5844193.0	0.5020810244726347	0.4979189755273652	0.0020217396162818743	0.002086370384239879	0.9690223900577694	0.5358350019441214	0.8261402458426447	False	0.01785764670458459	0.6239289974951939
ReplogleWeissman2022_K562_gwps	NFKBIA	viper	253	74615	9470788.0	0.5016946279438668	0.49830537205613323	0.003538874952281737	0.003379280867660416	1.0472272329147394	0.5371343274781577	0.8261402458426447	False	0.005189211491482826	0.621507071474513
ReplogleWeissman2022_K562_gwps	RXRA	viper	92	74615	3455960.0	0.5034481352100202	0.4965518647899798	0.0012395798375244241	0.001231477639310908	1.0065792491514909	0.5455794886833512	0.8261402458426447	False	0.010152576105399491	0.6059067672150004
ReplogleWeissman2022_K562_gwps	MYCN	viper	219	74615	8208192.0	0.502316273766981	0.49768372623301904	0.0030104048010520905	0.002926477269690248	1.0286786889585942	0.5471913530639771	0.8261402458426447	False	0.004900048960986392	0.6029567149478162
ReplogleWeissman2022_K562_gwps	E2F4	viper	155	74615	5814801.0	0.5027788670011435	0.4972211329988565	0.008506211657747634	0.002073023940082921	4.103286746127681	0.5476486965073045	0.8261402458426447	False	-0.004975414684748547	0.6021212623716926
ReplogleWeissman2022_K562_gwps	PPARD	viper	90	74615	3382502.0	0.5036970522757563	0.49630294772424366	0.0011756955723581338	0.0012047386386453383	0.9758926414779376	0.5483231720194545	0.8261402458426447	False	0.039257383869817856	0.6008904358939923
ReplogleWeissman2022_K562_gwps	EP300	viper	95	74615	3579798.0	0.5050202266370879	0.49497977336291205	0.0012610131912069301	0.0012715834560299826	0.9916873212112605	0.5672573381212512	0.8298497066840947	False	0.04399177575615221	0.5669422190969104
ReplogleWeissman2022_K562_gwps	FOXA2	viper	85	74615	3204831.0	0.5053125258680836	0.4946874741319163	0.0011089023507897628	0.0011378848728246318	0.9745294776940622	0.5673271360213771	0.8298497066840947	False	0.030615813729877095	0.5668191821581816
ReplogleWeissman2022_K562_gwps	KLF4	viper	458	74615	17165805.0	0.5023108434066345	0.49768915659336554	0.00613868929450289	0.0061007286241391715	1.0062223174808198	0.5678059378053039	0.8298497066840947	False	-0.009952840351100667	0.5659755774331279
ReplogleWeissman2022_K562_gwps	MTA1	viper	143	74615	5380017.0	0.5042216243851304	0.4957783756148696	0.002085926962031181	0.0019128387597314	1.0904876071855036	0.5693472912158265	0.8298497066840947	False	-0.0046037547381185175	0.5632646774151995
ReplogleWeissman2022_K562_gwps	CCND1	viper	310	74615	11632263.0	0.5028939091638152	0.4971060908361849	0.004332518357028278	0.004137470804137471	1.047141735162399	0.5699077690828562	0.8298497066840947	False	0.007664593093018868	0.5622807398725373
ReplogleWeissman2022_K562_gwps	CREB1	viper	196	74615	7367942.0	0.5038067522123773	0.49619324778762275	0.0026003774393729053	0.002619935570972183	0.9925348806986043	0.5731407882007877	0.8298497066840947	False	0.02780109957037452	0.5566238887813036
ReplogleWeissman2022_K562_gwps	NR3C1	viper	157	74615	5910628.0	0.5045542062844043	0.4954457937155957	0.002084451636552341	0.002099716471406409	0.9927300494795646	0.5782695458325182	0.8298497066840947	False	0.018840508696631175	0.5477151767427294
ReplogleWeissman2022_K562_gwps	TBL1X	viper	106	74615	4000484.0	0.5058019847797309	0.49419801522026907	0.0014126843510224693	0.001418610564633771	0.9958225225731125	0.5819101230675214	0.8298497066840947	False	0.002157390196657699	0.5414392708949225
ReplogleWeissman2022_K562_gwps	WT1	viper	281	74615	10559992.0	0.5036526530138221	0.49634734698617794	0.0037064427242448033	0.003751869258705405	0.9878922927937324	0.5838323157644737	0.8298497066840947	False	0.006622039958057713	0.5381414679240608
ReplogleWeissman2022_K562_gwps	FOXA1	viper	238	74615	8969654.0	0.5050944427895128	0.49490555721048723	0.003482860950596701	0.003179565281284651	1.0953890367017431	0.6071203519794327	0.8561110961687611	False	0.005494878436875905	0.49902823413399144
ReplogleWeissman2022_K562_gwps	NANOG	viper	254	74615	9574258.0	0.505178973850543	0.49482102614945694	0.00329869505811573	0.0033925923947161042	0.9723228358506558	0.6123458966205576	0.8561110961687611	False	0.014412351914608254	0.4904579655733708
ReplogleWeissman2022_K562_gwps	MLXIPL	viper	288	74615	10850369.0	0.5049238405295331	0.49507615947046696	0.004077024279665742	0.003844972831528777	1.060351908402094	0.6136725556607934	0.8561110961687611	False	-0.011504983902212884	0.48829379005779305
ReplogleWeissman2022_K562_gwps	FOXO1	viper	184	74615	6970783.0	0.5077355788700838	0.4922644211299162	0.0025444543506870916	0.002459925934838701	1.034362179223064	0.6417131822655198	0.8826360143585346	False	0.024453911149333117	0.4436138317134003
ReplogleWeissman2022_K562_gwps	MED1	viper	179	74615	6783081.0	0.507864467768811	0.492135532231189	0.0022814190274104734	0.0023932400994732196	0.9532762834421171	0.6420910080734012	0.8826360143585346	False	0.026408567086300377	0.44302522821508955
ReplogleWeissman2022_K562_gwps	RUNX2	viper	152	74615	5769163.0	0.5086781442986277	0.49132185570137227	0.002237687478666126	0.0020329824655262348	1.100691971825199	0.6444023998635319	0.8826360143585346	False	0.019740690740636557	0.4394319035032421
ReplogleWeissman2022_K562_gwps	MNAT1	viper	120	74615	4571144.0	0.5105255869016507	0.4894744130983493	0.001495747802250565	0.0016056733792734327	0.9315392666766331	0.6550889829474669	0.8908260148108718	False	0.06429642177941564	0.4229842007457154
ReplogleWeissman2022_K562_gwps	PPARG	viper	121	74615	4610892.0	0.5107089118078866	0.4892910881921134	0.0016718890976381233	0.0016190323271248128	1.0326471371990311	0.6582652410328124	0.8908260148108718	False	0.02751420480373526	0.41814732700697815
ReplogleWeissman2022_K562_gwps	ELL	viper	121	74615	4617448.0	0.5114350636296626	0.48856493637033743	0.003103981522541744	0.0016190323271248128	1.9171831658568574	0.6683569651225327	0.8945892256055361	False	0.009755189517087037	0.40293286924911687
ReplogleWeissman2022_K562_gwps	HDAC7	viper	48	74615	1856002.0	0.5182162880564677	0.48178371194353237	0.0007005921845333304	0.0006428887132850274	1.0897565473710844	0.668962739501485	0.8945892256055361	False	0.011885389031316168	0.40202691621740694
ReplogleWeissman2022_K562_gwps	FOXO3	viper	379	74615	14339708.0	0.5070782169932302	0.4929217830067698	0.005100385913835031	0.005053737632343921	1.0092304517734678	0.6830116773953088	0.9049869078206193	False	0.0020725525761673413	0.381243322346216
ReplogleWeissman2022_K562_gwps	CHD9	viper	183	74615	6967603.0	0.5102772007415846	0.48972279925841544	0.002584079062929959	0.002446589481002166	1.056196424858115	0.6847467311386102	0.9049869078206193	False	0.05597638133089278	0.378706244653031
ReplogleWeissman2022_K562_gwps	POLR2B	viper	166	74615	6337892.0	0.5116943280728624	0.4883056719271376	0.002272903745053458	0.002219815193698934	1.0239157527641123	0.6989412693580501	0.9109777113491266	False	0.030924810681354775	0.3581885612252798
ReplogleWeissman2022_K562_gwps	FOXO4	viper	293	74615	11129012.0	0.5090528192617438	0.49094718073825616	0.004024995879384154	0.003911464730068885	1.0290252263921782	0.7039314605221617	0.9109777113491266	False	0.01820046365320032	0.3510742847764542
ReplogleWeissman2022_K562_gwps	SOX2	viper	7	74615	293649.0	0.5622174782933343	0.43778252170666565	8.900754142896825e-05	9.380611615877355e-05	0.9488458223589241	0.7119570930764864	0.9109777113491266	False	0.21102375323070374	0.33973763191904544
ReplogleWeissman2022_K562_gwps	E2F2	viper	213	74615	8123097.0	0.5111117822663381	0.48888821773366187	0.00287835749823475	0.0028465280376329715	1.0111818538869008	0.7125926971811032	0.9109777113491266	False	0.03522370276180459	0.338845273994961
ReplogleWeissman2022_K562_gwps	CREB5	viper	363	74615	13780403.0	0.5087789680322257	0.4912210319677744	0.004889301433617591	0.00484142014991064	1.0098899253161977	0.7183696151075862	0.9109777113491266	False	0.0031218404824649437	0.33077105811747665
ReplogleWeissman2022_K562_gwps	TNRC6B	viper	85	74615	3288975.0	0.5185796894647425	0.48142031053525747	0.0011123608957809513	0.0011378848728246318	0.9775689284098479	0.723425667169968	0.9109777113491266	False	0.07716596535256419	0.3237574787969753
ReplogleWeissman2022_K562_gwps	HDAC1	viper	161	74615	6173652.0	0.5139136178553011	0.4860863821446989	0.002141629178861619	0.0021530972504546914	0.9946736862022139	0.7293689045129758	0.9109777113491266	False	0.024116860589085076	0.315575633113546
ReplogleWeissman2022_K562_gwps	FANCD2	viper	141	74615	5417523.0	0.5149386709933688	0.48506132900663124	0.0017817091172881935	0.0018861362298678366	0.9446343742694766	0.730360709864772	0.9109777113491266	False	0.0641837308599103	0.3142167437758933
ReplogleWeissman2022_K562_gwps	LIN37	viper	210	74615	8033057.0	0.5126670559666606	0.4873329440333394	0.0028019388456271823	0.00280654861343134	0.9983574958288282	0.7372810890399758	0.9109777113491266	False	0.06690093979715504	0.30478606325080904
ReplogleWeissman2022_K562_gwps	AGO2	viper	42	74615	1656444.0	0.5285685566862274	0.47143144331377257	0.0005622467423469376	0.0005625728330899983	0.999420358176079	0.7392975711854646	0.9109777113491266	False	0.12073862795909406	0.3020547717139902
ReplogleWeissman2022_K562_gwps	ZNF382	viper	186	74615	7128544.0	0.5136434413501855	0.48635655864981453	0.002423380025125805	0.0024865977727570486	0.9745766089216954	0.7401366966656233	0.9109777113491266	False	0.04501720755566743	0.3009203846197096
ReplogleWeissman2022_K562_gwps	KAT2B	viper	154	74615	5918387.0	0.515058425458479	0.484941574541521	0.002107348673911184	0.0020596771389212107	1.023145149348476	0.7410764907415951	0.9109777113491266	False	0.042142893160267425	0.29965143264160227
ReplogleWeissman2022_K562_gwps	GLI2	viper	226	74615	8646197.0	0.512732142994807	0.487267857005193	0.0029500020377280457	0.0030197351718977564	0.9769075332106402	0.746028921530034	0.9109777113491266	False	0.02597804279910862	0.29299091072285094
ReplogleWeissman2022_K562_gwps	NFYB	viper	89	74615	3455294.0	0.5203180069676022	0.4796819930323977	0.001121920376650782	0.0011913686014135788	0.9417071889586519	0.7465269191227766	0.9109777113491266	False	0.08594353967143507	0.2923236022072718
ReplogleWeissman2022_K562_gwps	SMAD3	viper	146	74615	5622401.0	0.5161106465243042	0.4838893534756957	0.0018642524496507139	0.0019528898757373498	0.9546121738927192	0.7497427181899892	0.9109777113491266	False	0.04643512169620191	0.28802517371763703
ReplogleWeissman2022_K562_gwps	ATM	viper	156	74615	6023441.0	0.5174804165657211	0.4825195834342788	0.0021267738256642394	0.002086370384239879	1.0193654212739798	0.7750332423357427	0.9366711912720741	False	0.06234042810971596	0.2548493572122408
ReplogleWeissman2022_K562_gwps	TP63	viper	149	74615	5764250.0	0.5184780755979127	0.4815219244020873	0.0020147125363092246	0.0019929377775399926	1.010925960165254	0.7824688955788648	0.9400998931130314	False	0.060122721188017425	0.24530110741684205
ReplogleWeissman2022_K562_gwps	IRF1	viper	273	74615	10470299.0	0.5140084914527051	0.4859915085472949	0.003725860212436893	0.003645443862835167	1.0220594124138243	0.7882396727299149	0.9400998931130314	False	0.030361382716623697	0.23795308215891692
ReplogleWeissman2022_K562_gwps	TP73	viper	194	74615	7483865.0	0.5170089621569417	0.4829910378430583	0.0025015237352835574	0.0025932708631314413	0.9646210779011735	0.7937787092331111	0.9400998931130314	False	0.06476325580400333	0.2309505603167413
ReplogleWeissman2022_K562_gwps	LMO2	viper	271	74615	10402391.0	0.5144435655306094	0.4855564344693906	0.0035378872181457354	0.003618833960953983	0.9776318163028102	0.7945092017017212	0.9400998931130314	False	0.059422260292115676	0.2300307113207399
ReplogleWeissman2022_K562_gwps	CDK9	viper	299	74615	11472911.0	0.5142523594361872	0.4857476405638129	0.0037891746855327375	0.0039912432923085136	0.9493720146889616	0.80289445198068	0.9450736778522587	False	0.06831285564691575	0.2195320157908616
ReplogleWeissman2022_K562_gwps	CCNT2	viper	306	74615	11748821.0	0.5145726713031032	0.48542732869689675	0.0038671760127908473	0.004084302131578596	0.9468388694585068	0.8109089688235454	0.9474521292841108	False	0.07608031571927676	0.20959947676038776
ReplogleWeissman2022_K562_gwps	EZH2	viper	196	74615	7581710.0	0.518423827347732	0.48157617265226804	0.0024537046685645636	0.002619935570972183	0.9365515304080795	0.813892656780179	0.9474521292841108	False	0.07827606494780523	0.20592679295279956
ReplogleWeissman2022_K562_gwps	GABPB1	viper	153	74615	5949640.0	0.5211624465283444	0.4788375534716556	0.002013104629436741	0.0020463299807404237	0.9837634440112827	0.8174918814619541	0.9474521292841108	False	0.05838736500511247	0.20151430719343016
ReplogleWeissman2022_K562_gwps	MECP2	viper	102	74615	4034046.0	0.5300471833845111	0.46995281661548893	0.001301834111764209	0.0013651511704163711	0.9536190130263372	0.8532557554505988	0.9816359340726347	False	0.14009118034605236	0.15869594589067634
ReplogleWeissman2022_K562_gwps	EGR1	viper	373	74615	14373894.0	0.5164632962163772	0.48353670378362273	0.0048034520931759415	0.004974129194004374	0.9656870390431033	0.8640491330166027	0.9816359340726347	False	0.05023707185940185	0.14612564487757906
ReplogleWeissman2022_K562_gwps	SP3	viper	145	74615	5708732.0	0.5276494741974319	0.4723505258025681	0.001871470796727883	0.0019395398608881755	0.9649045294025967	0.8753859337074086	0.9816359340726347	False	0.08916539977690163	0.13309042277183988
ReplogleWeissman2022_K562_gwps	KAT2A	viper	104	74615	4133957.0	0.5327291635523894	0.4672708364476106	0.0013594139364622383	0.001391881582997631	0.9766735569088653	0.8760395715409965	0.9816359340726347	False	0.14656300993950588	0.1323440160740093
ReplogleWeissman2022_K562_gwps	BRCA1	viper	195	74615	7623116.0	0.5239281989426062	0.4760718010573938	0.0025150960828022187	0.002606603395268012	0.9648940407919692	0.8761545606243266	0.9816359340726347	False	0.05251918044987408	0.13221276454042147
ReplogleWeissman2022_K562_gwps	STAT4	viper	112	74615	4442161.0	0.5315573515474675	0.46844264845253253	0.0013691989309243253	0.0014987889250204075	0.9135368617069827	0.876167349630419	0.9816359340726347	False	0.10973860250431432	0.13219816790036606
ReplogleWeissman2022_K562_gwps	USF1	viper	160	74615	6289418.0	0.5268225222810426	0.4731774777189573	0.002090651204610545	0.002139752591106653	0.9770527739047093	0.8798104818042973	0.9816359340726347	False	0.12267110439387804	0.1280487562895471
ReplogleWeissman2022_K562_gwps	NFYC	viper	27	74615	1139810.0	0.5657734394583553	0.4342265605416446	0.00032120170972927347	0.00036172664183703544	0.8879680747263864	0.8817349319324993	0.9816359340726347	False	0.18321917153321607	0.12586379883251939
ReplogleWeissman2022_K562_gwps	CCNK	viper	726	74615	27791076.0	0.5130298064499693	0.4869701935500307	0.009096147731550519	0.009636187467647097	0.9439571160368425	0.8869173911721173	0.9825653451220516	False	0.052454612253835076	0.12000343384833981
ReplogleWeissman2022_K562_gwps	TP53	viper	219	74615	8593476.0	0.5258944774958945	0.47410552250410554	0.002876101468558721	0.002926477269690248	0.9827861977083258	0.9074979748044971	0.9955498437384809	False	0.12254275041781842	0.09706394446601012
ReplogleWeissman2022_K562_gwps	ATF3	viper	306	74615	11924794.0	0.5222799039426353	0.4777200960573646	0.004000883515937697	0.004084302131578596	0.9795757970508766	0.9110627571389398	0.9955498437384809	False	0.052374713399260725	0.09314349590722122
ReplogleWeissman2022_K562_gwps	NFKB2	viper	253	74615	9907937.0	0.5248516561564118	0.4751483438435881	0.003106476572601779	0.003379280867660416	0.9192714942195651	0.9141874574978885	0.9955498437384809	False	0.10516175818564871	0.08971963282650969
ReplogleWeissman2022_K562_gwps	JUND	viper	135	74615	5395412.0	0.5356297636509391	0.46437023634906094	0.0015963447254505286	0.001806020066889632	0.8839019868698298	0.9240378069597749	0.9955498437384809	False	0.15244402324737852	0.07900229155438208
ReplogleWeissman2022_K562_gwps	MCM5	viper	168	74615	6676372.0	0.5326048317873018	0.4673951682126981	0.0021712064804165756	0.002246499872965781	0.9664841322916236	0.9281704932459871	0.9955498437384809	False	0.09780266700180222	0.07453984190035916
ReplogleWeissman2022_K562_gwps	SREBF1	viper	126	74615	5056452.0	0.5378351729353539	0.4621648270646461	0.0018841229730273182	0.0016858217042854658	1.117628850214562	0.9292125265363964	0.9955498437384809	False	0.12391253590361634	0.07341779718622508
ReplogleWeissman2022_K562_gwps	HDAC2	viper	97	74615	3938911.0	0.544224752354181	0.455775247645819	0.0011094962641891523	0.0012983188778241783	0.8545637617536076	0.9342032821360323	0.9955498437384809	False	0.1524759528509209	0.06806121760834183
ReplogleWeissman2022_K562_gwps	TNRC6A	viper	370	74615	14438110.0	0.5229768668353403	0.4770231331646596	0.004727424181568943	0.004934320197372808	0.9580700060944518	0.9366485952018864	0.9955498437384809	False	0.09325963818592829	0.06544709888734392
ReplogleWeissman2022_K562_gwps	PPARA	viper	283	74615	11126317.0	0.5269129233244199	0.47308707667558014	0.0034673774192830035	0.00377847205532858	0.917666551058157	0.9412532421753506	0.9955498437384809	False	0.09794704427495149	0.060543055331761034
ReplogleWeissman2022_K562_gwps	SIRT1	viper	179	74615	7133265.0	0.5340835282195344	0.46591647178046564	0.0022730588091386715	0.0023932400994732196	0.9497830199481442	0.94268879008865	0.9955498437384809	False	0.13281066097643068	0.05901907193253119
ReplogleWeissman2022_K562_gwps	PML	viper	161	74615	6459869.0	0.5377391936995001	0.4622608063004999	0.0019346870808036193	0.0021530972504546914	0.8985600071687667	0.9512414972921466	0.9999096669210471	False	0.16199940628184392	0.04998730830385428
ReplogleWeissman2022_K562_gwps	TGS1	viper	370	74615	14519119.0	0.525911172849456	0.47408882715054396	0.004600664855517385	0.004934320197372808	0.9323806870026247	0.9574899060841312	0.9999821392430099	False	0.08707295240360483	0.043440099931590766
ReplogleWeissman2022_K562_gwps	RAD51D	viper	362	74615	14249801.0	0.5275627040169	0.47243729598309997	0.004620940553598006	0.004828147298504875	0.9570835908483913	0.9650246194986188	0.9999821392430099	False	0.13040548676580488	0.035601665534785824
ReplogleWeissman2022_K562_gwps	GTF2H4	viper	146	74615	5950394.0	0.5462189008600312	0.4537810991399688	0.0016928297093544277	0.0019528898757373498	0.866833163705797	0.9733621187153272	0.9999821392430099	False	0.2085594734267056	0.026999098802625673
ReplogleWeissman2022_K562_gwps	TWIST2	viper	230	74615	9231938.0	0.5379462691089623	0.46205373089103774	0.002736066429472414	0.003073017569643931	0.8903517039733165	0.9767296744437299	0.9999821392430099	False	0.1246151858860954	0.023545354637695814
ReplogleWeissman2022_K562_gwps	CCNT1	viper	165	74615	6749906.0	0.5482613577983142	0.45173864220168586	0.0019071208990182802	0.002206472318801819	0.8643303080520424	0.9840280458855737	0.9999821392430099	False	0.21534934255554933	0.016100880419822102
ReplogleWeissman2022_K562_gwps	TWIST1	viper	191	74615	7789861.0	0.5466007178911081	0.45339928210889197	0.0022839496861766593	0.0025532711279843863	0.8945190587650846	0.9870643614414697	0.9999821392430099	False	0.14470141916357954	0.01302003251412342
ReplogleWeissman2022_K562_gwps	ARNTL	viper	265	74615	10750278.0	0.5436854089988987	0.4563145910011013	0.0032580717228887198	0.0035389957264957265	0.9206204173958767	0.9930358500343918	0.9999821392430099	False	0.151355775771147	0.006988512834985749
ReplogleWeissman2022_K562_gwps	ELOA	viper	202	74615	8373205.0	0.5555385633048328	0.44446143669516713	0.002278665539038099	0.0026999211409171713	0.843974849674324	0.996839835108224	0.9999821392430099	False	0.2370691262534052	0.0031651687576559773
ReplogleWeissman2022_K562_gwps	CBFB	viper	153	74615	6529381.0	0.5719452229505798	0.4280547770494202	0.0017320438738762647	0.0020463299807404237	0.8464147474639252	0.9989635207731024	0.9999821392430099	False	0.22471562547055898	0.0010370167429397809
ReplogleWeissman2022_K562_gwps	DNMT1	viper	495	74615	20227438.0	0.5476581265310073	0.4523418734689927	0.005903164536422201	0.006590334176541073	0.895730683496306	0.9998743500633226	0.9999821392430099	False	0.16193738826859988	0.0001256578312920134
ReplogleWeissman2022_K562_gwps	STAT5A	viper	470	74615	19470827.0	0.5552139849810588	0.44478601501894116	0.005607674192478135	0.0062595724845175464	0.8958557803025974	0.9999821392430099	0.9999821392430099	False	0.20652274941719223	1.7860916495281785e-05
ReplogleWeissman2022_K562_gwps	SREBF2	z-aggregate	188	74615	2922598.0	0.20834596317835813	0.7916540368216419	0.00826765708622851	0.0025132681844311057	3.2896040054316553	7.805666644924926e-44	1.7640806617530333e-41	True	-1.8835437674391988	99.25889412887162
ReplogleWeissman2022_K562_gwps	MAX	z-aggregate	209	74615	4182666.0	0.2682135761021409	0.7317864238978591	0.009760490411321042	0.0027932214262803377	3.494348969075051	2.274204944562075e-31	2.569851587355145e-29	True	-2.9751812120244483	70.55850736641086
ReplogleWeissman2022_K562_gwps	ESRRA	z-aggregate	204	74615	5888695.5	0.3868679811266462	0.6131320188733538	0.004053677658048434	0.0027265801467541667	1.4867260230270871	1.1367347861868656e-08	8.563402055941054e-07	True	-0.5017181947858691	18.292520813924078
ReplogleWeissman2022_K562_gwps	ATR	z-aggregate	74	74615	1754188.5	0.31770086443744555	0.6822991355625545	0.002613730155107423	0.0009907750806678359	2.6380661020921394	2.8132371058139924e-08	1.5894789647849057e-06	True	-1.112777670719413	17.386344928692136
ReplogleWeissman2022_K562_gwps	STAT5B	z-aggregate	126	74615	3450585.0	0.3670253332184579	0.632974666781542	0.002911433015395171	0.0016858217042854658	1.7270112301877023	1.1941918759007823e-07	5.397747279071536e-06	True	-0.6992829755791216	15.940625948814377
ReplogleWeissman2022_K562_gwps	RUVBL1	z-aggregate	63	74615	1502128.0	0.31955104988677324	0.6804489501132267	0.004457418125394207	0.0008436219502396958	5.283667789971247	3.53562653820346e-07	1.3317526627233032e-05	True	-3.8962611703964547	14.855205128784702
ReplogleWeissman2022_K562_gwps	TFDP1	z-aggregate	315	74615	9916972.0	0.4219319278114427	0.5780680721885574	0.00483983978728652	0.004203923662084612	1.1512672865440603	8.354649487593377e-07	2.6973582631372903e-05	True	-0.4586984284814978	13.995277442203513
ReplogleWeissman2022_K562_gwps	MYC	z-aggregate	98	74615	2657846.0	0.36347755211445965	0.6365224478855404	0.0020587073693035525	0.0013116860519588292	1.5695122824773091	1.4439229767895594e-06	4.079082409430505e-05	True	-1.2026534241625841	13.448146859089713
ReplogleWeissman2022_K562_gwps	TRRAP	z-aggregate	308	74615	9782320.0	0.4256621218358135	0.5743378781641866	0.00600882887572602	0.004110887177502236	1.4616866423896773	3.241053296623266e-06	8.13864494485398e-05	True	-0.696611730690007	12.639612189440454
ReplogleWeissman2022_K562_gwps	MYB	z-aggregate	181	74615	5495279.0	0.4068975066483085	0.5931024933516915	0.0055839667745387015	0.0024199155035028613	2.307504855626501	7.3301378572090426e-06	0.00016566111557292436	True	-0.7327286739849629	11.82351623498349
ReplogleWeissman2022_K562_gwps	NCOA6	z-aggregate	263	74615	8555379.5	0.4359707843737268	0.5640292156262732	0.004449109119428703	0.003512380138358396	1.2666935081543058	0.0001648930769349398	0.003387803217026945	True	-0.3167023354264162	8.710213312694604
ReplogleWeissman2022_K562_gwps	YY1	z-aggregate	176	74615	5555820.0	0.4230671995029028	0.5769328004970973	0.0028515112939541155	0.002353224318434036	1.2117464840120582	0.00020670295805869126	0.003892905710105352	True	-0.26528686582653016	8.48422778049994
ReplogleWeissman2022_K562_gwps	SP1	z-aggregate	197	74615	6427542.0	0.4372728908566513	0.5627271091433487	0.0035432086823999824	0.0026332673902582475	1.3455559794299872	0.0011602585396911819	0.0201706484592467	True	-0.5795238848975437	6.759112419653586
ReplogleWeissman2022_K562_gwps	CARM1	z-aggregate	155	74615	4973211.5	0.43001052715768906	0.5699894728423109	0.002835204275846264	0.002073023940082921	1.3676659593872589	0.0012834821761724532	0.020719069415355316	True	-0.31951782148232905	6.6581784446428
ReplogleWeissman2022_K562_gwps	POLR2I	z-aggregate	105	74615	3264414.5	0.41666771969124045	0.5833322803087595	0.00210158398110274	0.0014052462526766595	1.4955271911237784	0.001558660605763809	0.023483819793508054	True	-0.4919558166657281	6.463928412565644
ReplogleWeissman2022_K562_gwps	HIF1A	z-aggregate	162	74615	5260022.0	0.4351574295374693	0.5648425704625307	0.006048250899678407	0.002166441552883908	2.7917904785509395	0.002146141222837225	0.029299563353892447	True	-0.5536836802014011	6.144083829465769
ReplogleWeissman2022_K562_gwps	ARNT	z-aggregate	93	74615	2877766.0	0.41471179293851806	0.5852882070614819	0.001685887184031102	0.0012448466027734648	1.3542931155332856	0.0022039494558237682	0.029299563353892447	True	-0.5472949035268049	6.117504320883757
ReplogleWeissman2022_K562_gwps	ATF6	z-aggregate	127	74615	4055169.5	0.4279363198276085	0.5720636801723915	0.0024286705275110743	0.001699178507398785	1.4293204139152182	0.0024706033212901018	0.031019797256197943	True	-0.5195903216628996	6.003292898537158
ReplogleWeissman2022_K562_gwps	NELFE	z-aggregate	139	74615	4485216.5	0.4324565382874294	0.5675434617125705	0.0028412404771534444	0.001859432271182813	1.5280150404973278	0.0029246679173499796	0.03478815522742607	True	-0.35612272351427765	5.834574337273544
ReplogleWeissman2022_K562_gwps	LIN9	z-aggregate	56	74615	1661112.0	0.39754358085792785	0.6024564191420723	0.0009987276886011362	0.0007499564757402472	1.3317142006345615	0.003964757294583638	0.04463071995212282	True	-0.4434930907755379	5.530310637727584
ReplogleWeissman2022_K562_gwps	CTDP1	z-aggregate	113	74615	3610875.0	0.42826035003282337	0.5717396499671766	0.0022601756969110073	0.0015121507333261963	1.4946761900775731	0.004147102296436191	0.04463071995212282	True	-0.44982328562910906	5.48534543044649
ReplogleWeissman2022_K562_gwps	RBL1	z-aggregate	253	74615	8566630.0	0.4537988022308986	0.5462011977691014	0.003979227627992145	0.003379280867660416	1.177536814436822	0.005521103369128961	0.05671678915559751	True	-0.30127437524940115	5.199177552955852
ReplogleWeissman2022_K562_gwps	E2F3	z-aggregate	385	74615	13296343.5	0.4628554197260222	0.5371445802739778	0.005967216896491018	0.0051333333333333335	1.1624448499657827	0.005897275404508801	0.05728720923335768	True	-0.28380866163136675	5.1332648305769695
ReplogleWeissman2022_K562_gwps	TFAP2A	z-aggregate	282	74615	9612097.0	0.4568176687611061	0.5431823312388939	0.004611023421431591	0.0037651708346128684	1.2246518482090845	0.00608359744071055	0.05728720923335768	True	-0.21348304409829125	5.102159073652823
ReplogleWeissman2022_K562_gwps	SUPT5H	z-aggregate	129	74615	4211994.0	0.43759453567070655	0.5624054643292934	0.002802564898170163	0.001725891041421385	1.6238365174327958	0.0070774247908960124	0.06397992010969995	True	-0.34859777997975383	4.95084516754178
ReplogleWeissman2022_K562_gwps	E2F6	z-aggregate	304	74615	10469839.0	0.46157287232354155	0.5384271276764584	0.004856044087396536	0.004057715666252886	1.1967433124462536	0.01027318922225797	0.08929772170116543	True	-0.2713212523654557	4.578217765540835
ReplogleWeissman2022_K562_gwps	LIN52	z-aggregate	15	74615	371006.0	0.33148473273917217	0.6685152672608278	0.00041856246816743845	0.00020099155835454912	2.0824877999557287	0.011888738222817101	0.09951314216135795	True	-0.909336543909726	4.432163694783911
ReplogleWeissman2022_K562_gwps	USF2	z-aggregate	405	74615	14145598.5	0.46810163779003827	0.5318983622099618	0.006118868894735695	0.005398560383897627	1.1334260357606711	0.013286750782115348	0.10724305988421674	False	-0.18819168286565124	4.320987922069128
ReplogleWeissman2022_K562_gwps	FOXM1	z-aggregate	220	74615	7555071.0	0.46024568542761934	0.5397543145723807	0.003118404526064826	0.002939800895303	1.0607536486730058	0.020695396254151364	0.16128136391166234	False	-0.36468634557104845	3.877844006627162
ReplogleWeissman2022_K562_gwps	CREBBP	z-aggregate	147	74615	4959780.0	0.45218789787576225	0.5478121021242378	0.002332256187496184	0.0019662395334528234	1.1861505924461886	0.022421841783380962	0.1689112081014699	False	-0.25161899971030677	3.797719715587246
ReplogleWeissman2022_K562_gwps	CEBPA	z-aggregate	88	74615	2884367.0	0.4392802751091969	0.560719724890803	0.0015749038328211938	0.0011779982062300042	1.3369322843550187	0.024305875903009058	0.17376485158709745	False	-0.328891052523051	3.7170371511579727
ReplogleWeissman2022_K562_gwps	ATF4	z-aggregate	103	74615	3417054.0	0.4446194673108364	0.5553805326891637	0.001509591910358935	0.001378516555582323	1.0950843529922223	0.02584875316318774	0.17376485158709745	False	-0.452221160711753	3.6554929127233624
ReplogleWeissman2022_K562_gwps	TFDP2	z-aggregate	192	74615	6584333.0	0.4596046510978579	0.5403953489021421	0.0030341684700848767	0.0025666047295039235	1.1821720871960384	0.026404944704802952	0.17376485158709745	False	-0.24115112426276092	3.63420398694386
ReplogleWeissman2022_K562_gwps	ELK1	z-aggregate	143	74615	4836252.5	0.4532593654419025	0.5467406345580976	0.002211606019871434	0.0019128387597314	1.1561905093255151	0.026533086390298933	0.17376485158709745	False	-0.2514538550885357	3.6293627817415004
ReplogleWeissman2022_K562_gwps	AGO3	z-aggregate	186	74615	6372037.0	0.4591337323709739	0.5408662676290261	0.002830944248750311	0.0024865977727570486	1.1384809717783442	0.026910485865258453	0.17376485158709745	False	-0.19134095018274874	3.615239259212765
ReplogleWeissman2022_K562_gwps	GTF2F2	z-aggregate	61	74615	1956846.0	0.42993289047712685	0.5700671095228731	0.0014437663146614388	0.000816862177942043	1.7674539887484852	0.02905109616143967	0.18237632590237127	False	-0.5202496244591948	3.5386990627837305
ReplogleWeissman2022_K562_gwps	NRF1	z-aggregate	109	74615	3643177.0	0.4479480292412365	0.5520519707587636	0.0017688850552855977	0.0014587013543172207	1.212643732762945	0.02997657757329603	0.18310017652878116	False	-0.2597836406444158	3.5073389498188865
ReplogleWeissman2022_K562_gwps	EPAS1	z-aggregate	228	74615	7903449.5	0.464574846786604	0.5354251532133961	0.003482306759329005	0.0030463770826931044	1.1430977403002662	0.03214684303383653	0.18855231038493642	False	-0.1569644979414888	3.43744102802394
ReplogleWeissman2022_K562_gwps	LIN54	z-aggregate	673	74615	24072532.5	0.4793807319375668	0.5206192680624332	0.00952138557532877	0.008939007544362979	1.0651501889975519	0.03253778807527664	0.18855231038493642	False	-0.14862681483685292	3.425353155061718
ReplogleWeissman2022_K562_gwps	ERG	z-aggregate	440	74615	15605930.0	0.47534708473192694	0.5246529152680731	0.008582579992330572	0.005862367597095464	1.4640125939190252	0.037041568676437736	0.2092848630218732	False	-0.13201375599964632	3.2957145192251827
ReplogleWeissman2022_K562_gwps	ERCC3	z-aggregate	267	74615	9343059.0	0.46897715388432154	0.5310228461156784	0.003955538461632863	0.00356560989289816	1.1093581688539027	0.03980466056847037	0.2180026599776999	False	-0.1956453706941512	3.22377127383707
ReplogleWeissman2022_K562_gwps	SSRP1	z-aggregate	314	74615	11047228.5	0.4715172065861657	0.5284827934138343	0.005344910265948534	0.0041906337999973306	1.2754419787173812	0.04051376866842211	0.2180026599776999	False	-0.15093433832457667	3.206113395523838
ReplogleWeissman2022_K562_gwps	POLR2F	z-aggregate	176	74615	6088362.5	0.46361949674998326	0.5363805032500167	0.0033288971782097047	0.002353224318434036	1.4146110730425114	0.04746557289673126	0.24653093877473548	False	-0.2584021817378343	3.0477506118438056
ReplogleWeissman2022_K562_gwps	CTNNB1	z-aggregate	39	74615	1231021.0	0.4230334520624677	0.5769665479375323	0.0008963800598900145	0.0005224100517052	1.7158553074622858	0.04799717392074496	0.24653093877473548	False	-0.4463407533708423	3.036613146458691
ReplogleWeissman2022_K562_gwps	AR	z-aggregate	265	74615	9307926.5	0.4707398102713426	0.5292601897286575	0.0037014725830354523	0.0035389957264957265	1.0459104415762064	0.04976967828377779	0.24995438426963956	False	-0.1063337305667717	3.0003493501916827
ReplogleWeissman2022_K562_gwps	CEBPB	z-aggregate	167	74615	5784883.0	0.4642500564775428	0.5357499435224572	0.0025898083687764142	0.0022331577117488165	1.1597068828373522	0.05495657290004876	0.2700040320741526	False	-0.1580119645030888	2.901211989270486
ReplogleWeissman2022_K562_gwps	SPI1	z-aggregate	82	74615	2752811.5	0.4499212216205791	0.5500787783794209	0.0012710056418069825	0.0010977683173353683	1.1578086393421483	0.058203560562386895	0.2798724401510519	False	-0.17588772391785673	2.8438087480681604
ReplogleWeissman2022_K562_gwps	FOSL1	z-aggregate	189	74615	6596038.0	0.4677299732985587	0.5322700267014413	0.0029258406586609637	0.0025266028554622746	1.1580136752935173	0.06225131442444075	0.2930999387484085	False	-0.11511185759424666	2.7765756286081835
ReplogleWeissman2022_K562_gwps	NFE2L2	z-aggregate	139	74615	4800974.0	0.46290131066091306	0.537098689339087	0.002224628975618868	0.001859432271182813	1.1964022621828263	0.06504692052855504	0.3000123273357845	False	-0.31441062036965145	2.7326464152125305
ReplogleWeissman2022_K562_gwps	CHEK1	z-aggregate	196	74615	6862804.0	0.46926631538496255	0.5307336846150374	0.0029047614862985197	0.002619935570972183	1.1087148548544825	0.06827957282049193	0.30862366914862355	False	-0.14950090745715536	2.6841446373658613
ReplogleWeissman2022_K562_gwps	RAD51	z-aggregate	239	74615	8436301.0	0.4730728478715145	0.5269271521284855	0.0035056713357296135	0.003192882143906805	1.097964527885793	0.07474130187686272	0.3312065534151172	False	-0.15315955994577138	2.593722436333358
ReplogleWeissman2022_K562_gwps	RBL2	z-aggregate	558	74615	20104578.5	0.482874898793496	0.517125101206504	0.007603030982424611	0.0074228778949888925	1.0242699785695435	0.0813390026522185	0.3535118192192573	False	-0.14157231199411868	2.509129640045916
ReplogleWeissman2022_K562_gwps	PITX1	z-aggregate	212	74615	7485043.0	0.4731864451353426	0.5268135548646574	0.0031793157369011888	0.0028332019190933752	1.1221634841750248	0.08781095873986094	0.37443918255110514	False	-0.08460593490439129	2.4325689713249914
ReplogleWeissman2022_K562_gwps	SMARCD3	z-aggregate	561	74615	20264411.0	0.4841110331908192	0.5158889668091807	0.00791546880702448	0.007462488028094073	1.0607010392814122	0.09700847305815186	0.4015690623164969	False	-0.0614674231003622	2.332956953178673
ReplogleWeissman2022_K562_gwps	GTF2H3	z-aggregate	120	74615	4171199.5	0.46585801559114565	0.5341419844088543	0.001767663514174875	0.0016056733792734327	1.1008861060988275	0.09772698419206782	0.4015690623164969	False	-0.03463525352925929	2.3255775636763625
ReplogleWeissman2022_K562_gwps	GTF2H2	z-aggregate	370	74615	13285851.5	0.48123978766677955	0.5187602123332204	0.0056579312558699005	0.004934320197372808	1.1466485816794716	0.1062059029266017	0.42861667966807115	False	-0.06715606001300511	2.2423755886059724
ReplogleWeissman2022_K562_gwps	GATA1	z-aggregate	46	74615	1536474.0	0.4476527333063348	0.5523472666936652	0.004108634670218531	0.0006161181875410188	6.668582024199689	0.10944375340500367	0.4339348819215935	False	-0.4169051100751863	2.2123445292321575
ReplogleWeissman2022_K562_gwps	POLR2L	z-aggregate	77	74615	2648448.5	0.4609721244379155	0.5390278755620845	0.0012513618734401797	0.0010309002302790124	1.213853520142778	0.1178640440639851	0.4592633441113902	False	-0.22274186898409307	2.138223487722668
ReplogleWeissman2022_K562_gwps	POLR2G	z-aggregate	39	74615	1299720.0	0.44664147753338934	0.5533585224666107	0.0012725969918008786	0.0005224100517052	2.4360116878436613	0.12424642324520319	0.4683008447591899	False	-0.6143742851809179	2.0854884011786736
ReplogleWeissman2022_K562_gwps	NELFCD	z-aggregate	421	74615	15195177.0	0.48372387599176964	0.5162761240082303	0.007657977274737659	0.005610640226024841	1.3649025719411283	0.12432765790066991	0.4683008447591899	False	-0.11165154851911102	2.084834795959785
ReplogleWeissman2022_K562_gwps	ZBTB17	z-aggregate	315	74615	11316292.5	0.4814680438951698	0.5185319561048303	0.007938188517539635	0.004203923662084612	1.8882808432356981	0.12771416313237643	0.46928053182057783	False	-0.09339399657371573	2.0579606126780043
ReplogleWeissman2022_K562_gwps	GABPA	z-aggregate	193	74615	6862958.0	0.47657130437107376	0.5234286956289264	0.002810502827147616	0.0025799379745481766	1.089368370431393	0.13007465774954363	0.46928053182057783	False	-0.11726130890245634	2.039646702987062
ReplogleWeissman2022_K562_gwps	POLR2K	z-aggregate	18	74615	568940.0	0.42361157646287984	0.5763884235371203	0.0004148397276896266	0.00024118017498961586	1.7200407442588834	0.1308171394013115	0.46928053182057783	False	-0.6346837724879425	2.0339548133651753
ReplogleWeissman2022_K562_gwps	HIC1	z-aggregate	221	74615	7894136.5	0.47872511774621035	0.5212748822537896	0.0030993387694128955	0.0029531241648404513	1.0495118377727757	0.13696323488027756	0.48365142317098014	False	-0.04649559631452775	1.988042747706728
ReplogleWeissman2022_K562_gwps	ERCC2	z-aggregate	124	74615	4367624.5	0.4720602858112504	0.5279397141887495	0.0028312839518618866	0.0016591070257830584	1.7065107361145608	0.1407713823655169	0.489451267917028	False	-0.010755318059107732	1.9606181061612338
ReplogleWeissman2022_K562_gwps	HSF1	z-aggregate	234	74615	8380236.5	0.4799702003045835	0.5200297996954165	0.004219390241655012	0.0031262942724685702	1.3496458982804955	0.14463564178974075	0.49526750067396075	False	-0.159390298649005	1.9335375142237803
ReplogleWeissman2022_K562_gwps	RBMX	z-aggregate	88	74615	3072078.0	0.4678680864802958	0.5321319135197041	0.0014753802186177676	0.0011779982062300042	1.2524469144477623	0.14833723056798775	0.5003614046024661	False	-0.26825057717170253	1.9082670123370964
ReplogleWeissman2022_K562_gwps	ACTL6A	z-aggregate	59	74615	2030151.0	0.46115846656906584	0.5388415334309342	0.0008845798380048486	0.0007901009722259421	1.1195782173419333	0.15078143433097108	0.5011265317470509	False	-0.07227873705799334	1.8919239455036023
ReplogleWeissman2022_K562_gwps	TBL1XR1	z-aggregate	73	74615	2540386.0	0.4663915863992238	0.5336084136007764	0.0011440585142503954	0.0009773993144815767	1.1705129083881305	0.1600572208320662	0.5242453899716951	False	-0.17121320158999753	1.8322238974823337
ReplogleWeissman2022_K562_gwps	POLR2C	z-aggregate	77	74615	2692199.0	0.4685870585890689	0.531412941410931	0.0014282139171778083	0.0010309002302790124	1.3854045961278554	0.16994635407762454	0.5486839431649021	False	-0.25876307889604144	1.7722724559820175
ReplogleWeissman2022_K562_gwps	NELFA	z-aggregate	154	74615	5496671.5	0.47835786474465025	0.5216421352553497	0.002649024621461312	0.0020596771389212107	1.2861358566366288	0.17633016189023376	0.5612762899604624	False	-0.11907590034904056	1.735397121453308
ReplogleWeissman2022_K562_gwps	RUNX1	z-aggregate	179	74615	6413057.0	0.4801599420788352	0.5198400579211648	0.0034925732349922584	0.0023932400994732196	1.459349287921849	0.17920240891905193	0.5624964502181352	False	-0.21970603031039043	1.7192393359030202
ReplogleWeissman2022_K562_gwps	TCEA1	z-aggregate	115	74615	4084283.5	0.4759834978979049	0.524016502102095	0.001707828538251967	0.001538873277131005	1.1097915362049522	0.18632391442290658	0.572128429262222	False	-0.09129498859802002	1.680268644487053
ReplogleWeissman2022_K562_gwps	JUN	z-aggregate	212	74615	7631823.0	0.4824655242825119	0.5175344757174882	0.0033663974766373764	0.0028332019190933752	1.1881953961525706	0.18857921721007814	0.572128429262222	False	-0.20556319256963226	1.6682371099232172
ReplogleWeissman2022_K562_gwps	KAT5	z-aggregate	236	74615	8513452.0	0.4834677900226814	0.5165322099773186	0.0034654676025409055	0.003152930488570627	1.0991259132109716	0.18986562917994093	0.572128429262222	False	-0.15233730122065875	1.6614386718584515
ReplogleWeissman2022_K562_gwps	APC	z-aggregate	357	74615	12967669.5	0.4868190605331458	0.5131809394668543	0.00501683693653739	0.004761777730352665	1.0535638622019083	0.19471279757190707	0.5790143717269868	False	-0.07225639713315402	1.6362296390675926
ReplogleWeissman2022_K562_gwps	STAT3	z-aggregate	170	74615	6103901.0	0.4812075319975876	0.5187924680024124	0.002389567334786102	0.0022731831249582137	1.051198783129286	0.19827060447710565	0.5819370988548815	False	-0.01567247069336785	1.6181224920790347
ReplogleWeissman2022_K562_gwps	POLR2H	z-aggregate	43	74615	1486767.0	0.4633917676631515	0.5366082323368486	0.0008245824275735995	0.0005759597096091511	1.4316668576230183	0.20289152742784505	0.5878651948550383	False	-0.2664333826680033	1.595083790401014
ReplogleWeissman2022_K562_gwps	RBBP4	z-aggregate	141	74615	5064627.0	0.4813957036190031	0.5186042963809969	0.002047016861366313	0.0018861362298678366	1.0852964006262418	0.22226984665876387	0.6307470147232634	False	-0.02840300594152964	1.5038631097729367
ReplogleWeissman2022_K562_gwps	BCL6	z-aggregate	151	74615	5432978.5	0.4822085380449664	0.5177914619550336	0.002298277221577858	0.002019634593264318	1.1379668526390074	0.2246544733857756	0.6307470147232634	False	-0.05313782266970456	1.4931917309743696
ReplogleWeissman2022_K562_gwps	NFKBIA	z-aggregate	253	74615	9182343.5	0.48641490083879857	0.5135850991612014	0.0036772991441963443	0.003379280867660416	1.0881898510975965	0.22606419554240859	0.6307470147232634	False	-0.11308949657759436	1.4869362689721148
ReplogleWeissman2022_K562_gwps	GTF2H1	z-aggregate	201	74615	7273269.0	0.48496170891171697	0.515038291088283	0.003543015123273237	0.0026865911035072712	1.3187772112577638	0.2303783492040961	0.6349452063429966	False	-0.04354230922429476	1.4680323250442349
ReplogleWeissman2022_K562_gwps	SUPT4H1	z-aggregate	142	74615	5114448.0	0.48270775898438273	0.5172922410156172	0.002164988642765251	0.0018994876733951335	1.1397750420225483	0.2378710764444762	0.6433917562701827	False	-0.10813819923967992	1.4360264476921802
ReplogleWeissman2022_K562_gwps	ASF1B	z-aggregate	678	74615	24898677.0	0.49217600200201744	0.5078239979979826	0.00905697356402232	0.009004821165314173	1.005791608489576	0.23913675896767855	0.6433917562701827	False	-0.05031948411209407	1.430719677448319
ReplogleWeissman2022_K562_gwps	GTF2H5	z-aggregate	97	74615	3476473.0	0.4803314056831943	0.5196685943168057	0.0013856564961744193	0.0012983188778241783	1.0672697746616826	0.25122683461217343	0.6615223443166213	False	-0.15780954751053433	1.3813990244081469
ReplogleWeissman2022_K562_gwps	RUNX3	z-aggregate	253	74615	9209184.0	0.48783671860742855	0.5121632813925714	0.003591064100615224	0.003379280867660416	1.0626710951970775	0.2517297416426081	0.6615223443166213	False	-0.0770275458199123	1.3793992207599581
ReplogleWeissman2022_K562_gwps	SUPT16H	z-aggregate	100	74615	3591488.5	0.4813359914226362	0.5186640085773638	0.001650982032224449	0.0013384193267750785	1.2335312253764972	0.2590962418464042	0.6656555946236233	False	-0.1608500882839768	1.3505556961645608
ReplogleWeissman2022_K562_gwps	NR1H4	z-aggregate	161	74615	5830157.0	0.48532004663275624	0.5146799533672437	0.002452996222136885	0.0021530972504546914	1.1392872391708555	0.2591933288799949	0.6656555946236233	False	-0.10228937751147552	1.3501810521809272
ReplogleWeissman2022_K562_gwps	NR4A1	z-aggregate	151	74615	5467819.0	0.4853008356805553	0.5146991643194446	0.0021781584938208205	0.002019634593264318	1.0784913771457447	0.2659564475397863	0.6753500802695698	False	0.01571429837737867	1.324422714659265
ReplogleWeissman2022_K562_gwps	HEY1	z-aggregate	156	74615	5658274.5	0.4861085624152702	0.5138914375847298	0.0021719926499237426	0.002086370384239879	1.0410388617144113	0.2735784469059004	0.6834057540939562	False	-0.048366999759828624	1.2961668722654547
ReplogleWeissman2022_K562_gwps	NPM1	z-aggregate	90	74615	3236848.0	0.48200734138950313	0.5179926586104968	0.0015101765218954667	0.0012047386386453383	1.2535304118688984	0.2772815138742594	0.6834057540939562	False	-0.11650828137050923	1.2827219932985732
ReplogleWeissman2022_K562_gwps	ATF2	z-aggregate	187	74615	6803032.0	0.48756751681806176	0.5124324831819382	0.0026499545771556175	0.0024999331568674637	1.0600101726224305	0.27820057246302643	0.6834057540939562	False	-0.10537940055157774	1.27941294175578
ReplogleWeissman2022_K562_gwps	STAT1	z-aggregate	126	74615	4564334.5	0.4854905445838904	0.5145094554161096	0.0019601001459883245	0.0016858217042854658	1.1626971826294712	0.28647558138803497	0.6858545805559533	False	-0.0883582911638939	1.2501019772169852
ReplogleWeissman2022_K562_gwps	SMAD4	z-aggregate	158	74615	5746270.0	0.4874193857582849	0.5125806142417151	0.0021441528504194656	0.002113062201596833	1.0147135511671816	0.2921143964480896	0.6858545805559533	False	-0.04416002644465802	1.2306097847773174
ReplogleWeissman2022_K562_gwps	POLR2E	z-aggregate	437	74615	16057351.0	0.4924547382896581	0.507545261710342	0.0058480503851270505	0.00582262964344721	1.0043658524131702	0.29294542608529794	0.6858545805559533	False	0.01476600972589552	1.2277689464079955
ReplogleWeissman2022_K562_gwps	RB1	z-aggregate	433	74615	15910610.0	0.492462075142003	0.507537924857997	0.00599892166170564	0.0057696407632448566	1.039739198308741	0.29398368872001335	0.6858545805559533	False	-0.08617443516019554	1.22423099372673
ReplogleWeissman2022_K562_gwps	VHL	z-aggregate	373	74615	13690228.0	0.4918987352232973	0.5081012647767027	0.005348000368333617	0.004974129194004374	1.0751631410739981	0.2943712137784401	0.6858545805559533	False	-0.012196291876299557	1.2229136761933117
ReplogleWeissman2022_K562_gwps	AGO1	z-aggregate	164	74615	5978564.0	0.48857010703726284	0.5114298929627371	0.0023876838928565233	0.0021931290870431538	1.0887110599019387	0.3062549775439046	0.7062614788257392	False	-0.08243076459191587	1.1833372640506956
ReplogleWeissman2022_K562_gwps	TRIM28	z-aggregate	57	74615	2047680.5	0.48146109090994593	0.5185389090900541	0.0010566831490546698	0.000763338332976216	1.3842920018633387	0.3139540213540932	0.7108810378369613	False	-0.17987005263299313	1.1585087326042487
ReplogleWeissman2022_K562_gwps	NCOA1	z-aggregate	186	74615	6797132.0	0.489763726195906	0.510236273804094	0.0025178512866677128	0.0024865977727570486	1.0125687854517829	0.3145491317862661	0.7108810378369613	False	-0.02038053343045631	1.156614993147094
ReplogleWeissman2022_K562_gwps	NFKB1	z-aggregate	318	74615	11693981.0	0.4928435992391973	0.5071564007608027	0.004314953377251933	0.00424379112006726	1.0167685579170411	0.32955776023621275	0.7364066510260594	False	-0.025823404708498796	1.1100036437824667
ReplogleWeissman2022_K562_gwps	E2F4	z-aggregate	155	74615	5666317.0	0.48994014435392	0.51005985564608	0.002225574938913264	0.002073023940082921	1.0735886334357725	0.3323605239144162	0.7364066510260594	False	-0.150296562316272	1.1015349838404196
ReplogleWeissman2022_K562_gwps	NCOA2	z-aggregate	200	74615	7341911.0	0.4919862628157877	0.5080137371842123	0.0025916801876364223	0.0026732607097507185	0.9694827661900947	0.34750618905600883	0.7590365183523944	False	-0.005178266833736317	1.0569728039027717
ReplogleWeissman2022_K562_gwps	NPAS2	z-aggregate	183	74615	6714367.0	0.49173128800703353	0.5082687119929664	0.0024526007528311916	0.002446589481002166	1.0024570006025544	0.34929114118871246	0.7590365183523944	False	-0.02507011955901231	1.0518494891035801
ReplogleWeissman2022_K562_gwps	RARA	z-aggregate	208	74615	7646466.5	0.49268723678988036	0.5073127632101196	0.0027571122421370265	0.0027798938828969702	0.9918048523722054	0.35757047741077364	0.7696278847127128	False	-0.0834874821159456	1.0284227966669786
ReplogleWeissman2022_K562_gwps	CDC6	z-aggregate	116	74615	4246642.0	0.49063838046801167	0.5093616195319883	0.0016724401079165705	0.001552234012658736	1.0774407043509762	0.3635253323106159	0.7719967256735721	False	-0.08223661328240153	1.0119062944488582
ReplogleWeissman2022_K562_gwps	ESR1	z-aggregate	175	74615	6431778.0	0.4925687481452408	0.5074312518547592	0.0025284676463940463	0.0023398850113651557	1.0805948301360613	0.36687552520052635	0.7719967256735721	False	-0.06023475690235481	1.0027326568491106
ReplogleWeissman2022_K562_gwps	HDAC5	z-aggregate	125	74615	4582842.0	0.49135878844736314	0.5086412115526369	0.0017025971496959346	0.0016724645437516724	1.0180168877461933	0.36891878925993715	0.7719967256735721	False	-0.022060254106273436	0.9971787424698981
ReplogleWeissman2022_K562_gwps	NCOA3	z-aggregate	85	74615	3106644.5	0.4898312514042674	0.5101687485957326	0.0011946192043153453	0.0011378848728246318	1.049859465439486	0.3727516164120699	0.7728611496250257	False	-0.10301584969497686	0.9868429888957999
ReplogleWeissman2022_K562_gwps	CDK7	z-aggregate	29	74615	1045447.5	0.48314566498831935	0.5168543350116805	0.00045206836534391785	0.00038851079792079737	1.1635927952666	0.3766229728544813	0.7737890169555708	False	-0.15662251234253552	0.9765106639438168
ReplogleWeissman2022_K562_gwps	POLR2A	z-aggregate	223	74615	8222146.5	0.49414477126078293	0.5058552287392171	0.00346493507961429	0.002979769635746546	1.1628197824581805	0.3811588269520361	0.776053107127569	False	-0.060500322435962275	0.9645391220805128
ReplogleWeissman2022_K562_gwps	NFYA	z-aggregate	127	74615	4669835.0	0.4928011034069378	0.5071988965930623	0.001734829504560596	0.001699178507398785	1.0209813136210084	0.38943538794035426	0.7858249792367863	False	0.009160614966254758	0.9430573120521094
ReplogleWeissman2022_K562_gwps	E2F1	z-aggregate	224	74615	8271791.0	0.4949090450024411	0.5050909549975588	0.0036421204090458853	0.002993091837143735	1.2168421843418973	0.39606463148839793	0.7866076685626742	False	-0.31633379631747194	0.9261778702158072
ReplogleWeissman2022_K562_gwps	PARP1	z-aggregate	258	74615	9536542.0	0.4953875371610443	0.5046124628389557	0.0033926573848613822	0.00344583494717722	0.9845675828555283	0.3988982971160653	0.7866076685626742	False	0.007156182981641565	0.9190487890293358
ReplogleWeissman2022_K562_gwps	CDK12	z-aggregate	54	74615	1974600.0	0.4900712546628247	0.5099287453371754	0.0007465388596046075	0.000723191685974099	1.0322835205151193	0.40026496409162626	0.7866076685626742	False	0.009922567879503796	0.9156285409419076
ReplogleWeissman2022_K562_gwps	DDIT3	z-aggregate	262	74615	9691325.5	0.4957420355790769	0.5042579644209231	0.0036335661243514106	0.003499071811103543	1.0384371400498495	0.40581193944708865	0.7886027772090635	False	-0.0653987928198697	0.9018654300245013
ReplogleWeissman2022_K562_gwps	E2F5	z-aggregate	52	74615	1905034.0	0.49099067520966605	0.509009324790334	0.0008214070589242638	0.0006964254623863286	1.1794615551672694	0.4110011990512044	0.7886027772090635	False	0.16453264508378884	0.8891591470906339
ReplogleWeissman2022_K562_gwps	GATA2	z-aggregate	327	74615	12112781.5	0.496443681028464	0.503556318971536	0.004491260043860294	0.004363374342825118	1.0293088997155297	0.411936116813034	0.7886027772090635	False	0.031805586701218094	0.886886997934122
ReplogleWeissman2022_K562_gwps	RUNX2	z-aggregate	152	74615	5615402.5	0.49512078670508614	0.5048792132949139	0.002115081876918596	0.0020329824655262348	1.0403837282340307	0.41719593219714124	0.7886027772090635	False	0.02560882754684829	0.8741993061495991
ReplogleWeissman2022_K562_gwps	EP300	z-aggregate	95	74615	3503868.0	0.4943083971404085	0.5056916028595915	0.0013569953933801311	0.0012715834560299826	1.0671697456782063	0.4238535779061798	0.7886027772090635	False	-0.028378716180650996	0.8583672185190201
ReplogleWeissman2022_K562_gwps	TNRC6C	z-aggregate	235	74615	8703911.0	0.4963870421354442	0.5036129578645558	0.003136696440612416	0.003139612558450234	0.9990711854461247	0.42404444041347744	0.7886027772090635	False	-0.03370248146732975	0.8579170169466669
ReplogleWeissman2022_K562_gwps	HDAC3	z-aggregate	140	74615	5180792.0	0.4959546625056241	0.5040453374943759	0.0019432778115361727	0.0018727844291351748	1.0376409485813327	0.4342055197027067	0.7886027772090635	False	-0.033542876596332316	0.8342373092679713
ReplogleWeissman2022_K562_gwps	RELA	z-aggregate	184	74615	6817933.0	0.4966023412940049	0.5033976587059952	0.0027107743979550483	0.002459925934838701	1.1019739901773893	0.4366553837334356	0.7886027772090635	False	-0.0646983739303766	0.8286109905672683
ReplogleWeissman2022_K562_gwps	AKT1	z-aggregate	228	74615	8461403.0	0.4973720654917465	0.5026279345082535	0.0031112691611185268	0.0030463770826931044	1.0213013939719031	0.445415843678867	0.7886027772090635	False	0.07590136027186614	0.8087469529934463
ReplogleWeissman2022_K562_gwps	NFYC	z-aggregate	27	74615	992092.0	0.4924498847168552	0.5075501152831448	0.0004158180821009872	0.00036172664183703544	1.1495367883030327	0.44596118940097373	0.7886027772090635	False	-0.26199945055390444	0.8075233500287982
ReplogleWeissman2022_K562_gwps	CCNH	z-aggregate	87	74615	3219901.0	0.496017641517645	0.5039823584823551	0.00134628634852874	0.0011646274530802388	1.155980262158551	0.4488361861960264	0.7886027772090635	False	-0.026365287207358822	0.8010972992449509
ReplogleWeissman2022_K562_gwps	HES1	z-aggregate	239	74615	8877034.5	0.49778735865027646	0.5022126413497235	0.0033322569397913953	0.003192882143906805	1.0436517195445403	0.4528795027850334	0.7886027772090635	False	-0.026795312870142335	0.7921291871499513
ReplogleWeissman2022_K562_gwps	FOSL2	z-aggregate	87	74615	3222179.5	0.4963686387055082	0.5036313612944918	0.0013816651698242083	0.0011646274530802388	1.1863580634046897	0.45332538613409584	0.7886027772090635	False	-0.06437466614990486	0.7911451196603648
ReplogleWeissman2022_K562_gwps	NR1I2	z-aggregate	133	74615	4933593.5	0.4971478653075764	0.5028521346924236	0.0018053966568983796	0.0017793118210520683	1.0146600699987975	0.45463788617305945	0.7886027772090635	False	0.04407992418902715	0.7882540314562629
ReplogleWeissman2022_K562_gwps	MYBL2	z-aggregate	62	74615	2294492.5	0.4959853052119158	0.5040146947880842	0.0009234712100033337	0.0008302422432609772	1.1122912830551444	0.4564197379019781	0.7886027772090635	False	-0.1022086307631305	0.7843424149924888
ReplogleWeissman2022_K562_gwps	LEF1	z-aggregate	197	74615	7319779.0	0.4979727746254802	0.5020272253745197	0.002714548140041122	0.0026332673902582475	1.0308668804708447	0.4607940291201019	0.7886027772090635	False	0.07023550912350068	0.7748041273230742
ReplogleWeissman2022_K562_gwps	TAF9	z-aggregate	152	74615	5646475.0	0.4978605085050628	0.5021394914949372	0.0020125211473212582	0.0020329824655262348	0.989935319880056	0.4636355898190209	0.7886027772090635	False	0.04258325332733477	0.7686564020872813
ReplogleWeissman2022_K562_gwps	ETS1	z-aggregate	350	74615	13021217.0	0.4986058720479413	0.5013941279520586	0.005259254626097861	0.004668845461215234	1.1264572087012175	0.4640892449947144	0.7886027772090635	False	-0.0718318296602388	0.7676784068998533
ReplogleWeissman2022_K562_gwps	MTA1	z-aggregate	143	74615	5319108.0	0.49851316009595176	0.5014868399040482	0.002064782332677896	0.0019128387597314	1.0794335498345045	0.4754683528752317	0.8019093115656892	False	-0.044092018941834246	0.7434549546790467
ReplogleWeissman2022_K562_gwps	MLXIPL	z-aggregate	288	74615	10726488.5	0.4991590395511775	0.5008409604488224	0.004073740686092769	0.003844972831528777	1.0594979118416898	0.48032349478406755	0.8040971097866612	False	-0.07440635155027828	0.7332954546140018
ReplogleWeissman2022_K562_gwps	TP53BP2	z-aggregate	235	74615	8758477.0	0.49949895990909365	0.5005010400909063	0.0030825898032116527	0.003139612558450234	0.9818376458314562	0.4893892676011733	0.8060095249236381	False	0.0055743911781174355	0.7145970579214767
ReplogleWeissman2022_K562_gwps	NFATC2	z-aggregate	278	74615	10362493.0	0.4995665037359645	0.5004334962640354	0.0037034403929023015	0.0037119623996902246	0.9977041775022737	0.4900314626972124	0.8060095249236381	False	-0.015130466636106532	0.7132856803526642
ReplogleWeissman2022_K562_gwps	FOXO4	z-aggregate	293	74615	10923841.5	0.499668102859754	0.500331897140246	0.004240557812848796	0.003911464730068885	1.0841355107333706	0.4921651081392126	0.8060095249236381	False	-0.035519944043717486	0.7089410331372922
ReplogleWeissman2022_K562_gwps	WT1	z-aggregate	281	74615	10481718.0	0.49991942028391056	0.5000805797160894	0.0037422941986134544	0.003751869258705405	0.9974479227734993	0.4981373540247435	0.8088087859476941	False	-0.006740524668264896	0.6968794286917612
ReplogleWeissman2022_K562_gwps	POLR2D	z-aggregate	332	74615	12387107.0	0.5000410541179662	0.4999589458820338	0.0044196065519846225	0.004429797056586655	0.9976995549746731	0.5010319912950317	0.8088087859476941	False	0.02046002338962072	0.6910853250556055
ReplogleWeissman2022_K562_gwps	FOS	z-aggregate	400	74615	14937383.0	0.5004819071232326	0.49951809287676746	0.005441952361070873	0.005332266879957342	1.0205701409143288	0.5132820464001481	0.8227073935208048	False	-0.02802722008389265	0.6669297868439706
ReplogleWeissman2022_K562_gwps	FOXO1	z-aggregate	184	74615	6880169.0	0.5011354664087242	0.49886453359127575	0.0025826140028146136	0.002459925934838701	1.0498746999811428	0.5212497888084494	0.8289689877573613	False	0.04273814441396813	0.6515259110328542
ReplogleWeissman2022_K562_gwps	CDK9	z-aggregate	299	74615	11181316.5	0.5011821665598007	0.4988178334401993	0.00397759974529981	0.0039912432923085136	0.9965816298307356	0.52817046576522	0.8289689877573613	False	-0.008809287193246	0.6383361955532443
ReplogleWeissman2022_K562_gwps	ELOB	z-aggregate	396	74615	14807479.0	0.5011408394742844	0.4988591605257155	0.005457886298010411	0.005279225713562011	1.0338421946971186	0.5312610936771716	0.8289689877573613	False	0.03897442449769639	0.6325016767456886
ReplogleWeissman2022_K562_gwps	FANCI	z-aggregate	20	74615	754075.5	0.5053109294377806	0.49468907056221934	0.0002831358217815304	0.00026797079118376095	1.0565921029332261	0.5327876755654334	0.8289689877573613	False	-0.0606104220346248	0.6296322914697524
ReplogleWeissman2022_K562_gwps	CREB1	z-aggregate	196	74615	7339196.0	0.5018411519268299	0.4981588480731702	0.0025183339592594707	0.002619935570972183	0.9612198052355116	0.5355286381087379	0.8289689877573613	False	0.11548981888732	0.6245009113296396
ReplogleWeissman2022_K562_gwps	MDC1	z-aggregate	179	74615	6709199.5	0.5023327943779933	0.4976672056220068	0.0025173248768689633	0.0023932400994732196	1.0518480270421076	0.5430017826223945	0.8348190671609602	False	0.016372402942945452	0.61064267613942
ReplogleWeissman2022_K562_gwps	NFYB	z-aggregate	89	74615	3346482.0	0.5039324713303572	0.4960675286696427	0.001273143597808647	0.0011913686014135788	1.0686395430415412	0.5510993122777956	0.8392270941569527	False	0.1362750550244088	0.5958402460019177
ReplogleWeissman2022_K562_gwps	TCF4	z-aggregate	159	74615	5969372.0	0.5031591519907012	0.4968408480092989	0.002099024199150386	0.002126407574825474	0.9871222356432137	0.5548197145373066	0.8392270941569527	False	-0.0061816268398847615	0.5891120566787319
ReplogleWeissman2022_K562_gwps	SOX2	z-aggregate	7	74615	269324.0	0.5156450732809373	0.4843549267190626	9.755029621353001e-05	9.380611615877355e-05	1.0399140291494338	0.5570091332900129	0.8392270941569527	False	-0.016428477575102636	0.5851736419002155
ReplogleWeissman2022_K562_gwps	BRCA1	z-aggregate	195	74615	7334968.0	0.5041241106053811	0.4958758893946188	0.0026757288956926503	0.002606603395268012	1.0265193778808572	0.578961715783133	0.8534806015070802	False	-0.06526499729684003	0.546518924867904
ReplogleWeissman2022_K562_gwps	MOV10	z-aggregate	142	74615	5349071.5	0.5048518073528621	0.49514819264713794	0.0018195915241467815	0.0018994876733951335	0.9579380533143729	0.5792952917557433	0.8534806015070802	False	0.022607365138263898	0.5459429283841155
ReplogleWeissman2022_K562_gwps	TP73	z-aggregate	194	74615	7297931.0	0.504164055899321	0.495835944100679	0.0026268678034051625	0.0025932708631314413	1.0129554304378185	0.5795149042702861	0.8534806015070802	False	0.07521538688354114	0.5455638973436137
ReplogleWeissman2022_K562_gwps	FOXO3	z-aggregate	379	74615	14226112.0	0.5030612553411824	0.49693874465881765	0.004990955032955607	0.005053737632343921	0.9875769966793477	0.581575277133143	0.8534806015070802	False	-0.01299559533146453	0.5420148620343821
ReplogleWeissman2022_K562_gwps	POLE3	z-aggregate	129	74615	4870018.0	0.5059582861271842	0.49404171387281587	0.0016813640077905589	0.001725891041421385	0.9742005534751746	0.5926106880321591	0.8598056075062562	False	0.03787130381177345	0.5232176081764952
ReplogleWeissman2022_K562_gwps	YBX1	z-aggregate	154	74615	5808647.5	0.5055081452756183	0.4944918547243817	0.002266965160942205	0.0020596771389212107	1.1006410267434268	0.5934941361547609	0.8598056075062562	False	0.00562761496927032	0.5217279450911456
ReplogleWeissman2022_K562_gwps	TGS1	z-aggregate	370	74615	13910192.5	0.5038546520788697	0.49614534792113024	0.004730254431367173	0.004934320197372808	0.9586435906380201	0.6011069482032605	0.8604711934747354	False	0.02438835926356188	0.5089824098568291
ReplogleWeissman2022_K562_gwps	MED1	z-aggregate	179	74615	6755423.5	0.5057936887942837	0.49420631120571634	0.002841070537989991	0.0023932400994732196	1.187123071611304	0.6057256869428614	0.8604711934747354	False	-0.056776304025108845	0.5013280572055673
ReplogleWeissman2022_K562_gwps	LIN37	z-aggregate	210	74615	7921276.5	0.505533261217105	0.49446673878289504	0.0029662235258947484	0.00280654861343134	1.0568936920241645	0.6092587278372064	0.8604711934747354	False	0.03167109956368439	0.49551226103621177
ReplogleWeissman2022_K562_gwps	NELFB	z-aggregate	216	74615	8148251.0	0.5055737352979864	0.4944262647020136	0.0032492894722381867	0.0028865042562574335	1.1256832430419248	0.6115544558931846	0.8604711934747354	False	0.0725470439334511	0.4917512748465716
ReplogleWeissman2022_K562_gwps	TCF7L2	z-aggregate	184	74615	6948573.5	0.5061178906794006	0.49388210932059934	0.002487194926409908	0.002459925934838701	1.011085289676819	0.6129905404842142	0.8604711934747354	False	0.04784302400603295	0.4894057746752468
ReplogleWeissman2022_K562_gwps	PPARD	z-aggregate	90	74615	3419084.5	0.5091446462209713	0.49085535377902867	0.001166008990814843	0.0012047386386453383	0.9678522406535872	0.6180422713906691	0.8622071193474767	False	0.07995166139976329	0.4811984235551146
ReplogleWeissman2022_K562_gwps	CLOCK	z-aggregate	183	74615	6921179.0	0.5068773071530395	0.4931226928469605	0.002437271687154609	0.002446589481002166	0.9961915172447564	0.6262355848470591	0.8633938227040122	False	0.043675148535138764	0.4680286450562744
ReplogleWeissman2022_K562_gwps	ZNF382	z-aggregate	186	74615	7035948.0	0.5069714858856107	0.4930285141143893	0.0024848101291086683	0.0024865977727570486	0.9992810885347178	0.6289040222567113	0.8633938227040122	False	0.08099520190537296	0.46377662175157147
ReplogleWeissman2022_K562_gwps	TNRC6B	z-aggregate	85	74615	3237262.0	0.5104259906736935	0.48957400932630646	0.0011908413844355164	0.0011378848728246318	1.0465394284392127	0.6303538971069116	0.8633938227040122	False	0.014696864065839116	0.4614738758746773
ReplogleWeissman2022_K562_gwps	XBP1	z-aggregate	269	74615	10160036.0	0.5061938022866825	0.4938061977133174	0.0034547351920668832	0.0035922226376796113	0.9617263573335928	0.637307234376276	0.867659246801436	False	0.07688498716756867	0.45050342512381325
ReplogleWeissman2022_K562_gwps	ATM	z-aggregate	156	74615	5930895.0	0.5095296882973623	0.49047031170263766	0.0021796995837803732	0.002086370384239879	1.0447328049925786	0.659788574321435	0.879855710281378	False	0.01341395390629723	0.4158358372193242
ReplogleWeissman2022_K562_gwps	GTF2F1	z-aggregate	80	74615	3064826.5	0.5134400757220398	0.4865599242779602	0.0010380596010479757	0.0010710221567708682	0.9692232737534818	0.6613702412826912	0.879855710281378	False	0.05526232729055908	0.41344147297149286
ReplogleWeissman2022_K562_gwps	AGO2	z-aggregate	42	74615	1625679.0	0.5187514957735423	0.48124850422645776	0.0006028988166848878	0.0005625728330899983	1.0716813561248493	0.663068819405631	0.879855710281378	False	0.17128415775320432	0.41087649417462946
ReplogleWeissman2022_K562_gwps	RUVBL2	z-aggregate	5	74615	207143.0	0.5552315218119681	0.4447684781880319	6.823187690666554e-05	6.700616456714018e-05	1.0182925309550765	0.6656069864391176	0.879855710281378	False	0.524850473584117	0.40705589307722434
ReplogleWeissman2022_K562_gwps	FOXA2	z-aggregate	85	74615	3260514.0	0.5140921830100398	0.4859078169899602	0.0011584721206967816	0.0011378848728246318	1.0180925578358775	0.6735769682627177	0.879855710281378	False	0.07295184577193581	0.39515300864760966
ReplogleWeissman2022_K562_gwps	SMAD3	z-aggregate	146	74615	5566022.0	0.5109353126873201	0.48906468731268005	0.001937405568267192	0.0019528898757373498	0.9920710800631749	0.6762615239182989	0.879855710281378	False	-0.012875106555151146	0.39117540805233536
ReplogleWeissman2022_K562_gwps	HDAC1	z-aggregate	161	74615	6134522.0	0.5106563173358228	0.48934368266417716	0.0021239671165886433	0.0021530972504546914	0.9864705907455428	0.6800674832701524	0.879855710281378	False	0.011932657224158412	0.3855632456327926
ReplogleWeissman2022_K562_gwps	MNAT1	z-aggregate	120	74615	4587506.0	0.5123529674551587	0.4876470325448413	0.0015864652203917524	0.0016056733792734327	0.9880373187164802	0.6802538505002003	0.879855710281378	False	0.10242330968045699	0.38528924091554345
ReplogleWeissman2022_K562_gwps	TBL1X	z-aggregate	106	74615	4059197.0	0.5132253745326639	0.4867746254673361	0.0013611247299010172	0.001418610564633771	0.959477367386169	0.6813042004391201	0.879855710281378	False	0.04222380438842327	0.38374637589182675
ReplogleWeissman2022_K562_gwps	FANCD2	z-aggregate	141	74615	5387644.0	0.5120986548918015	0.4879013451081984	0.0017831216642844553	0.0018861362298678366	0.9453832846471542	0.690485059320393	0.8866455875364136	False	0.09569385945737832	0.3703609438464017
ReplogleWeissman2022_K562_gwps	E2F2	z-aggregate	213	74615	8110054.0	0.5102911062389436	0.4897088937610563	0.0028203565248230084	0.0028465280376329715	0.9908058123918126	0.6983091146852307	0.8910180394627939	False	0.06588528836421609	0.3590934165370704
ReplogleWeissman2022_K562_gwps	CREB5	z-aggregate	363	74615	13760416.5	0.5080410570404661	0.4919589429595339	0.004891357915957585	0.00484142014991064	1.0103146937263576	0.7017752700193687	0.8910180394627939	False	0.005031702328298172	0.35414205438582685
ReplogleWeissman2022_K562_gwps	CCND1	z-aggregate	310	74615	11780487.5	0.5093020516068506	0.4906979483931493	0.0041157388799297305	0.004137470804137471	0.9947475341249518	0.714378832200114	0.8981778257139823	False	0.03852436526948817	0.33634188003784193
ReplogleWeissman2022_K562_gwps	POLR2B	z-aggregate	166	74615	6351160.5	0.5127655700870897	0.4872344299129103	0.0023210855409813765	0.002219815193698934	1.0456210713260743	0.7153628700376851	0.8981778257139823	False	0.03275831739707454	0.3349653544858317
ReplogleWeissman2022_K562_gwps	GABPB1	z-aggregate	153	74615	5872100.5	0.5143703254046151	0.48562967459538486	0.00219130776212474	0.0020463299807404237	1.0708477043041997	0.730760935973434	0.9046582954203909	False	0.004650342470295846	0.31366890969265776
ReplogleWeissman2022_K562_gwps	HDAC7	z-aggregate	48	74615	1883806.0	0.5259794724027788	0.4740205275972213	0.0006641460377631192	0.0006428887132850274	1.0330653253647453	0.7335079324106141	0.9046582954203909	False	-0.0015843857699472785	0.309916866991845
ReplogleWeissman2022_K562_gwps	PPARG	z-aggregate	121	74615	4662352.5	0.5164087494870362	0.4835912505129638	0.0016000358531176235	0.0016190323271248128	0.988266772880981	0.7339321194139183	0.9046582954203909	False	0.11763851318578795	0.30933873500670295
ReplogleWeissman2022_K562_gwps	KLF4	z-aggregate	458	74615	17379384.0	0.5085606550306128	0.49143934496938724	0.005874165690951448	0.0061007286241391715	0.9628629714340569	0.7365359573334156	0.9046582954203909	False	-0.009551586435738758	0.30579722236568235
ReplogleWeissman2022_K562_gwps	LMO2	z-aggregate	271	74615	10343865.0	0.5115491997914016	0.4884508002085985	0.0037284586129024615	0.003618833960953983	1.0302928106487592	0.7445488757500899	0.9095570049703801	False	0.08495599492851051	0.29497677991940885
ReplogleWeissman2022_K562_gwps	PPARA	z-aggregate	283	74615	10805591.0	0.5117241888810145	0.48827581111898566	0.0036886850374362387	0.00377847205532858	0.9762372153141322	0.7523597795442036	0.9141575815967206	False	0.060154955971941315	0.28454063919860484
ReplogleWeissman2022_K562_gwps	FOXA1	z-aggregate	238	74615	9117085.0	0.513396499791366	0.4866035002086341	0.0032787801004882182	0.003179565281284651	1.0312038943774984	0.7626298058032328	0.9216809417728911	False	0.0193663233567907	0.27098254787027054
ReplogleWeissman2022_K562_gwps	RXRA	z-aggregate	92	74615	3591941.0	0.5232572131142764	0.4767427868857235	0.0013318003904475484	0.001231477639310908	1.0814653453170109	0.780024801355838	0.9333724408560737	False	0.14093813095216795	0.24842956319395246
ReplogleWeissman2022_K562_gwps	NANOG	z-aggregate	254	74615	9742290.5	0.5140450902559649	0.4859549097440351	0.0032833737216734576	0.0033925923947161042	0.9678067211337404	0.780563678415035	0.9333724408560737	False	-0.0008961674452819118	0.24773895566019208
ReplogleWeissman2022_K562_gwps	MYCN	z-aggregate	219	74615	8435804.0	0.516245432795504	0.48375456720449594	0.0028718104080054855	0.002926477269690248	0.9813199090076826	0.7971777509323665	0.9478530748557328	False	0.07136789034718555	0.2266776000490594
ReplogleWeissman2022_K562_gwps	IRF1	z-aggregate	273	74615	10486376.0	0.5147977444164538	0.48520225558354624	0.003542886904267282	0.003645443862835167	0.971867086032118	0.8010616694577211	0.9478530748557328	False	-0.0054656454795162165	0.2218173442934793
ReplogleWeissman2022_K562_gwps	CHD9	z-aggregate	183	74615	7080988.0	0.5185810292470383	0.4814189707529617	0.002409683306637304	0.002446589481002166	0.9849152566658855	0.8077582666585927	0.9507987930460519	False	0.14040545497718643	0.21349244015027247
ReplogleWeissman2022_K562_gwps	CCNT2	z-aggregate	306	74615	11789982.5	0.5163754550045353	0.4836245449954647	0.003881832752790879	0.004084302131578596	0.9504274237642009	0.8389913700839715	0.9741417727909523	False	0.1474083181115938	0.1755548585225736
ReplogleWeissman2022_K562_gwps	MECP2	z-aggregate	102	74615	4027202.5	0.5291479923739247	0.47085200762607526	0.0014663063366969322	0.0013651511704163711	1.074098142735144	0.8459134594836275	0.9741417727909523	False	0.11493950129590373	0.16733821836285412
ReplogleWeissman2022_K562_gwps	CCNK	z-aggregate	726	74615	27682186.5	0.5110196806416187	0.4889803193583812	0.009104906011701348	0.009636187467647097	0.9448660107818062	0.8469960804731227	0.9741417727909523	False	0.060549192636623894	0.1660592118813769
ReplogleWeissman2022_K562_gwps	ELL	z-aggregate	121	74615	4760049.0	0.5272297518445929	0.47277024815540714	0.0016108512311072544	0.0016190323271248128	0.9949469223804277	0.8500743930605725	0.9741417727909523	False	0.09491670259006839	0.16243141207980347
ReplogleWeissman2022_K562_gwps	NR3C1	z-aggregate	157	74615	6139494.0	0.5240910986375497	0.47590890136245034	0.001993077066245362	0.002099716471406409	0.9492124738681413	0.851889653909808	0.9741417727909523	False	0.1619648475703181	0.16029827473087452
ReplogleWeissman2022_K562_gwps	TP53	z-aggregate	219	74615	8505960.0	0.5205387656637406	0.4794612343362594	0.0031042597840311255	0.002926477269690248	1.0607496651971928	0.8534516416487105	0.9741417727909523	False	0.15008991208973663	0.1584663972295471
ReplogleWeissman2022_K562_gwps	GLI2	z-aggregate	226	74615	8803792.5	0.5220777869167923	0.4779222130832077	0.00284983755837522	0.0030197351718977564	0.9437375783467249	0.8748880091947877	0.9935914074272463	False	-0.006527798609739151	0.13365939030754775
ReplogleWeissman2022_K562_gwps	EZH2	z-aggregate	196	74615	7672899.0	0.5246591687670177	0.4753408312329823	0.0024797480079780066	0.002619935570972183	0.9464919807389932	0.883825972091805	0.9954610858195413	False	0.08765369007931631	0.12349509987432569
ReplogleWeissman2022_K562_gwps	ATF3	z-aggregate	306	74615	11875099.0	0.520103371599483	0.47989662840051706	0.0038382643733637432	0.004084302131578596	0.939760147440474	0.8882733447193938	0.9954610858195413	False	0.09758905914655354	0.11847576272706901
ReplogleWeissman2022_K562_gwps	KAT2B	z-aggregate	154	74615	6077587.0	0.5289130958835442	0.47108690411645576	0.002021951135917753	0.0020596771389212107	0.9816835355937302	0.8928426002891323	0.9954610858195413	False	0.13175065090641846	0.11334497311582062
ReplogleWeissman2022_K562_gwps	TP63	z-aggregate	149	74615	5891209.0	0.5298976805768493	0.47010231942315067	0.0018083650678930715	0.0019929377775399926	0.9073866170198496	0.8966962444206596	0.9954610858195413	False	0.22547987546474552	0.1090381092556563
ReplogleWeissman2022_K562_gwps	RAD51D	z-aggregate	362	74615	14028399.0	0.5193658570718269	0.48063414292817314	0.004608443376342889	0.004828147298504875	0.9544951906852509	0.8985577942795859	0.9954610858195413	False	0.17175425283887644	0.1069642517558379
ReplogleWeissman2022_K562_gwps	SP3	z-aggregate	145	74615	5769339.0	0.5332512876443907	0.4667487123556094	0.0018760803276019844	0.0019395398608881755	0.9672811399415473	0.9170758621037403	0.9984915547777272	False	0.14343604140577143	0.08656508157198471
ReplogleWeissman2022_K562_gwps	NFKB2	z-aggregate	253	74615	9929538.0	0.5259959226797694	0.4740040773202307	0.003067802659602871	0.003379280867660416	0.9078270731982124	0.9236468361862733	0.9984915547777272	False	0.14341243840481493	0.07942549232166354
ReplogleWeissman2022_K562_gwps	MCM5	z-aggregate	168	74615	6665620.0	0.5317470954072173	0.4682529045927827	0.002046106521946485	0.002246499872965781	0.9107975239924047	0.9248554257768289	0.9984915547777272	False	0.23025345813461742	0.07811785014275831
ReplogleWeissman2022_K562_gwps	PML	z-aggregate	161	74615	6400484.0	0.5327958052162592	0.46720419478374076	0.0019953791400413655	0.0021530972504546914	0.9267482644455475	0.9251697470236895	0.9984915547777272	False	0.2772927884052666	0.07777804800978601
ReplogleWeissman2022_K562_gwps	KAT2A	z-aggregate	104	74615	4218477.0	0.543620972273053	0.45637902772694705	0.001376658028701857	0.001391881582997631	0.9890626081401352	0.9382099671462272	0.9984915547777272	False	0.24589553188660812	0.0637815094539235
ReplogleWeissman2022_K562_gwps	JUND	z-aggregate	135	74615	5423794.0	0.5384473879494988	0.46155261205050124	0.0015692362518456076	0.001806020066889632	0.8688919246330309	0.938956352430929	0.9984915547777272	False	0.20131829094760254	0.06298628388839826
ReplogleWeissman2022_K562_gwps	SREBF1	z-aggregate	126	74615	5077714.0	0.5400967293482203	0.4599032706517797	0.001684323309735492	0.0016858217042854658	0.9991111785154001	0.9403615533932735	0.9984915547777272	False	0.4229467246318272	0.061490846400292114
ReplogleWeissman2022_K562_gwps	STAT4	z-aggregate	112	74615	4534626.0	0.5426218875944132	0.4573781124055868	0.0013651524725348033	0.0014987889250204075	0.9108370429920379	0.9407811197548602	0.9984915547777272	False	0.14601274716037263	0.061044770326921474
ReplogleWeissman2022_K562_gwps	USF1	z-aggregate	160	74615	6395698.0	0.5357248877571534	0.4642751122428466	0.0019637817423328024	0.002139752591106653	0.9177611236433456	0.9410561998568845	0.9984915547777272	False	0.2540910731256569	0.060752417634032725
ReplogleWeissman2022_K562_gwps	TWIST2	z-aggregate	230	74615	9133491.5	0.5322097783112733	0.4677902216887268	0.0027884742689616793	0.003073017569643931	0.9074058985236386	0.9544431703800316	0.99999988097155	False	0.13323061321988028	0.046627176216349805
ReplogleWeissman2022_K562_gwps	HDAC2	z-aggregate	97	74615	4025186.5	0.5561451188264708	0.4438548811735292	0.0011200840017148031	0.0012983188778241783	0.8627187209908904	0.9722075130440209	0.99999988097155	False	0.27786090241874906	0.02818600652158314
ReplogleWeissman2022_K562_gwps	ARNTL	z-aggregate	265	74615	10575831.5	0.5348629379241111	0.4651370620758889	0.0032432444017623315	0.0035389957264957265	0.9164307200149562	0.9752005231081475	0.99999988097155	False	0.19679527987680756	0.02511216440407525
ReplogleWeissman2022_K562_gwps	GTF2H4	z-aggregate	146	74615	5994130.0	0.5502336652349641	0.44976633476503586	0.0017527665021232614	0.0019528898757373498	0.8975244963372406	0.9821649081437204	0.99999988097155	False	0.3924541300809433	0.01799605382656743
ReplogleWeissman2022_K562_gwps	TNRC6A	z-aggregate	370	74615	14693056.5	0.5322115327147827	0.4677884672852173	0.004990117607614921	0.004934320197372808	1.0113080238027157	0.983865005452131	0.99999988097155	False	0.14678107850608474	0.016266580922402712
ReplogleWeissman2022_K562_gwps	CCNT1	z-aggregate	165	74615	6793706.0	0.5518190143748007	0.44818098562519937	0.001914199869425449	0.002206472318801819	0.8675385832462732	0.9893679056273335	0.99999988097155	False	0.3135340956238273	0.010689018932434157
ReplogleWeissman2022_K562_gwps	SIRT1	z-aggregate	179	74615	7361726.0	0.551188915015141	0.44881108498485894	0.0021351847752876327	0.0023932400994732196	0.8921732406863867	0.9910956905246349	0.99999988097155	False	0.3221418456406349	0.008944189753042371
ReplogleWeissman2022_K562_gwps	TWIST1	z-aggregate	191	74615	7845935.0	0.5505353309291361	0.449464669070864	0.0022922700920628147	0.0025532711279843863	0.8977777827583817	0.9921596911064784	0.99999988097155	False	0.205683219017883	0.007871205715000867
ReplogleWeissman2022_K562_gwps	CBFB	z-aggregate	153	74615	6366508.5	0.5576783041836986	0.4423216958163015	0.0017582811260588899	0.0020463299807404237	0.8592363610011181	0.9932239480000812	0.99999988097155	False	0.2984461982653412	0.006799113677395349
ReplogleWeissman2022_K562_gwps	EGR1	z-aggregate	373	74615	14980384.0	0.5382548736777297	0.4617451263222702	0.0044359254430235175	0.004974129194004374	0.8917994024703687	0.9946596187938312	0.99999988097155	False	0.19682630494922213	0.005354692014736994
ReplogleWeissman2022_K562_gwps	ELOA	z-aggregate	202	74615	8332760.0	0.55285515149384	0.4471448485061601	0.002300234187743436	0.0026999211409171713	0.8519634714079241	0.9953235728684715	0.99999988097155	False	0.2740726634790532	0.004687395826448096
ReplogleWeissman2022_K562_gwps	DNMT1	z-aggregate	495	74615	20282418.0	0.5491467106906361	0.45085328930936375	0.005988255856722836	0.006590334176541073	0.9086422169665702	0.9999200872030848	0.99999988097155	False	0.21193753939314736	7.991599011289058e-05
ReplogleWeissman2022_K562_gwps	STAT5A	z-aggregate	470	74615	19954872.0	0.5690166115135711	0.4309833884864289	0.005598532646980452	0.0062595724845175464	0.8943953697841005	0.99999988097155	0.99999988097155	False	0.37897675783731466	1.1902845706912328e-07
ReplogleWeissman2022_K562_gwps	SREBF2	zscore	188	74615	2592885.0	0.1848414057409596	0.8151585942590405	0.012784306552429119	0.0025132681844311057	5.0867259736242305	7.754834717698846e-51	1.7525926461999392e-48	True	-0.8975763832483281	115.38352325929317
ReplogleWeissman2022_K562_gwps	MAX	zscore	209	74615	4187806.0	0.2685431787481961	0.7314568212518039	0.009595163654263545	0.0027932214262803377	3.435160407974237	2.7565066696477385e-31	3.1148525367019447e-29	True	-0.9315614243131667	70.36617370416336
ReplogleWeissman2022_K562_gwps	ESRRA	zscore	204	74615	5765322.0	0.37876274680615396	0.621237253193846	0.0041945132460839045	0.0027265801467541667	1.5383788556801552	1.0475092433001708e-09	7.891236299527953e-08	True	-0.286483582702742	20.67685064001828
ReplogleWeissman2022_K562_gwps	TFDP1	zscore	315	74615	9712080.0	0.4132145011056758	0.5867854988943242	0.005147186345989427	0.004203923662084612	1.2243767393809137	5.062772589873503e-08	2.860466513278529e-06	True	-0.26839330873986134	16.79876646805601
ReplogleWeissman2022_K562_gwps	MYB	zscore	181	74615	5286277.0	0.39142196979485483	0.6085780302051451	0.003912260049278348	0.0024199155035028613	1.6166928322973662	2.1622736883063593e-07	8.6946031263407e-06	True	-0.2894485961767923	15.346935349417217
ReplogleWeissman2022_K562_gwps	MYC	zscore	98	74615	2580401.0	0.35288644976183864	0.6471135502381613	0.002183431524065083	0.0013116860519588292	1.6645991781374951	2.308301714957708e-07	8.6946031263407e-06	True	-0.45833133799945314	15.281583585138085
ReplogleWeissman2022_K562_gwps	RUVBL1	zscore	63	74615	1528886.0	0.32524333908774034	0.6747566609122597	0.0044779912398406315	0.0008436219502396958	5.30805444140982	7.817190402147008e-07	2.5238357584074626e-05	True	-1.0458767315148387	14.061770444571835
ReplogleWeissman2022_K562_gwps	STAT5B	zscore	126	74615	3642268.0	0.38741390992278885	0.6125860900772112	0.0028864064859305625	0.0016858217042854658	1.712165929880446	6.096038874838535e-06	0.0001722130982141886	True	-0.3084896338398634	12.007871362494203
ReplogleWeissman2022_K562_gwps	ATR	zscore	74	74615	2035678.0	0.36868139331451	0.6313186066854901	0.0022103988402429743	0.0009907750806678359	2.2309794456609127	4.5912033528372926e-05	0.0011529021752680313	True	-0.3119640748768	9.988783306883759
ReplogleWeissman2022_K562_gwps	TRRAP	zscore	308	74615	10036253.0	0.43671161312051215	0.5632883868794879	0.005802235504436188	0.004110887177502236	1.4114314633080276	6.160311097696983e-05	0.0012861465613137391	True	-0.24551922939809145	9.69479818582714
ReplogleWeissman2022_K562_gwps	HIF1A	zscore	162	74615	4991094.0	0.4129092303454027	0.5870907696545973	0.005474526497363082	0.002166441552883908	2.526967085761229	6.260005386925279e-05	0.0012861465613137391	True	-0.2559881891666542	9.678744419327398
ReplogleWeissman2022_K562_gwps	ATF6	zscore	127	74615	3850544.0	0.40634247932035367	0.5936575206796463	0.0026564815548507036	0.001699178507398785	1.5633916879736323	0.00012954177810194315	0.0024397034875865958	True	-0.26906587324602804	8.951507118026548
ReplogleWeissman2022_K562_gwps	CARM1	zscore	155	74615	4808630.0	0.4157799283634485	0.5842200716365515	0.0028499092784645148	0.002073023940082921	1.374759462908334	0.00014257694082061033	0.0024786452788813796	True	-0.18613844441169208	8.855628768385108
ReplogleWeissman2022_K562_gwps	NCOA6	zscore	263	74615	8648084.0	0.4406948826536423	0.5593051173463577	0.00474251707580386	0.003512380138358396	1.3502288730115644	0.00044085725618168655	0.00711669570693294	True	-0.13017808063786776	7.7267894170414895
ReplogleWeissman2022_K562_gwps	SP1	zscore	197	74615	6384387.0	0.43433700780759166	0.5656629921924083	0.003838218989308961	0.0026332673902582475	1.4575880153714822	0.0007153865952698095	0.010778491368731796	True	-0.1503032453292737	7.242687468706839
ReplogleWeissman2022_K562_gwps	ARNT	zscore	93	74615	2861516.0	0.4123700227475954	0.5876299772524046	0.001789380543396649	0.0012448466027734648	1.4374305552266327	0.0017191084034092407	0.024282406198155526	True	-0.24650150631721224	6.365949492667916
ReplogleWeissman2022_K562_gwps	LIN9	zscore	56	74615	1624639.0	0.38881472511272147	0.6111852748872785	0.001023594158370375	0.0007499564757402472	1.3648714178513264	0.0019811453853712723	0.026337579829053385	True	-0.29800441803492417	6.224080124069042
ReplogleWeissman2022_K562_gwps	YY1	zscore	176	74615	5761652.0	0.4387409916358519	0.5612590083641481	0.0029379631193719516	0.002353224318434036	1.248484088982657	0.002462377803958395	0.030916521316366515	True	-0.13613724658113924	6.006627808907292
ReplogleWeissman2022_K562_gwps	NELFE	zscore	139	74615	4482241.0	0.4321696459089513	0.5678303540910487	0.0025913100010837493	0.001859432271182813	1.3936027900792416	0.00282290522438848	0.03357771477430508	True	-0.14810726226592727	5.8699887029316455
ReplogleWeissman2022_K562_gwps	POLR2I	zscore	105	74615	3378042.0	0.4311710590555327	0.5688289409444673	0.001789320220203857	0.0014052462526766595	1.2733143509869733	0.0073142232740684675	0.07904163830547249	True	-0.15790071723478716	4.917934432776878
ReplogleWeissman2022_K562_gwps	AR	zscore	265	74615	9029424.0	0.4566548028306312	0.5433451971693687	0.004008556387874968	0.0035389957264957265	1.132681895562557	0.007344577010685497	0.07904163830547249	True	-0.10286953767093276	4.913793059757206
ReplogleWeissman2022_K562_gwps	USF2	zscore	405	74615	14060675.0	0.4652913763905745	0.5347086236094255	0.006409514080228142	0.005398560383897627	1.1872635711079387	0.00790854099023878	0.08124228471790747	True	-0.08402566357836594	4.839811965513054
ReplogleWeissman2022_K562_gwps	E2F3	zscore	385	74615	13365780.0	0.4652725549596152	0.5347274450403847	0.0059897338370328585	0.0051333333333333335	1.166831266954453	0.009277278338772408	0.09115934367663321	True	-0.11839648452082618	4.680187057659609
ReplogleWeissman2022_K562_gwps	LIN52	zscore	15	74615	367010.0	0.32791440505707076	0.6720855949429293	0.0003565251000423945	0.00020099155835454912	1.7738312144109267	0.010485198187577276	0.09873561626635269	True	-0.5187397347539822	4.557790712796663
ReplogleWeissman2022_K562_gwps	LIN54	zscore	673	74615	23861531.0	0.4751788452640344	0.5248211547359656	0.009661391970969177	0.008939007544362979	1.0808125983808727	0.013189564171327271	0.11388406596721305	False	-0.09101285382768465	4.328329355154604
ReplogleWeissman2022_K562_gwps	CTNNB1	zscore	39	74615	1156841.0	0.39754191172806735	0.6024580882719326	0.0009207787823397088	0.0005224100517052	1.762559467097144	0.013348841854110628	0.11388406596721305	False	-0.25670937232705526	4.316325650400171
ReplogleWeissman2022_K562_gwps	CTDP1	zscore	113	74615	3709691.0	0.43998021703149914	0.5600197829685009	0.002207593717445943	0.0015121507333261963	1.4599032151973488	0.013605618500507755	0.11388406596721305	False	-0.1547936272531286	4.297272446515448
ReplogleWeissman2022_K562_gwps	E2F6	zscore	304	74615	10528545.0	0.4641609825172729	0.5358390174827271	0.004897578155128451	0.004057715666252886	1.2069791375133831	0.015377927619851628	0.12412184436023099	False	-0.1315325752446217	4.174822069116765
ReplogleWeissman2022_K562_gwps	EPAS1	zscore	228	74615	7822657.0	0.4598257605415401	0.5401742394584599	0.0035524619344652775	0.0030463770826931044	1.166126791935021	0.017945215498835695	0.13984892078402988	False	-0.09307015507658112	4.020431745603421
ReplogleWeissman2022_K562_gwps	NRF1	zscore	109	74615	3600554.0	0.4427073042228393	0.5572926957771607	0.001706897932283783	0.0014587013543172207	1.1701490008437927	0.01920109203406614	0.1446482266566316	False	-0.1260730250060378	3.9527881247915455
ReplogleWeissman2022_K562_gwps	RAD51	zscore	239	74615	8235695.0	0.46182369356560327	0.5381763064343967	0.0037273720099303648	0.003192882143906805	1.1674004369511612	0.020615413473799343	0.15029301435737585	False	-0.077565950245844	3.8817162560853213
ReplogleWeissman2022_K562_gwps	APC	zscore	357	74615	12504901.0	0.4694462761315744	0.5305537238684256	0.00554097866169387	0.004761777730352665	1.1636365608529773	0.023019851602451596	0.1625777019423144	False	-0.09775056410484018	3.771398322170882
ReplogleWeissman2022_K562_gwps	GTF2F2	zscore	61	74615	1944607.0	0.42724389571384475	0.5727561042861552	0.0013194415814515256	0.000816862177942043	1.6152560579749857	0.024555175374207424	0.1671453572758115	False	-0.18293344687190388	3.706832637418799
ReplogleWeissman2022_K562_gwps	FOXM1	zscore	220	74615	7581345.0	0.46184626537437634	0.5381537346256237	0.003139285557819904	0.002939800895303	1.0678565214520568	0.02514576171406014	0.1671453572758115	False	-0.1649418804399543	3.683065916953233
ReplogleWeissman2022_K562_gwps	TFAP2A	zscore	282	74615	9857265.0	0.4684693483285119	0.531530651671488	0.004256283285622438	0.0037651708346128684	1.1304356356144103	0.033569967104880534	0.21186433653208303	False	-0.07330626933231921	3.3941234478869937
ReplogleWeissman2022_K562_gwps	TFDP2	zscore	192	74615	6616644.0	0.4618600482476714	0.5381399517523286	0.0029956040089438264	0.0025666047295039235	1.167146609880525	0.0337483013944911	0.21186433653208303	False	-0.09962232243405356	3.388825191982263
ReplogleWeissman2022_K562_gwps	ATF4	zscore	103	74615	3454639.0	0.4495099439257444	0.5504900560742556	0.0014808457192654622	0.001378516555582323	1.0742313636123961	0.038045610294089385	0.23238670071524867	False	-0.15085754415715424	3.2689695681079036
ReplogleWeissman2022_K562_gwps	CREBBP	zscore	147	74615	5049489.0	0.46036675341583394	0.5396332465841661	0.0023131090661218275	0.0019662395334528234	1.1764126530707488	0.048161620699202434	0.2820395702303878	False	-0.10029601574380886	3.0331928261557235
ReplogleWeissman2022_K562_gwps	PITX1	zscore	212	74615	7388503.0	0.4670834181502784	0.5329165818497216	0.0032173428636740166	0.0028332019190933752	1.1355854455666776	0.0486705453052439	0.2820395702303878	False	-0.052775159952738626	3.0226812510646743
ReplogleWeissman2022_K562_gwps	FOSL1	zscore	189	74615	6563715.0	0.4654379252650378	0.5345620747349622	0.0032053160805871825	0.0025266028554622746	1.2686267941388552	0.050101070529074226	0.2830710484892694	False	-0.06905938434785341	2.9937129032738143
ReplogleWeissman2022_K562_gwps	CEBPB	zscore	167	74615	5796625.0	0.46519237876187586	0.5348076212381242	0.0025104497821260875	0.0022331577117488165	1.1241703928560065	0.059800919997985695	0.3296343395010919	False	-0.0775809956561309	2.8167342335621917
ReplogleWeissman2022_K562_gwps	ERG	zscore	440	74615	15727960.0	0.4790640439102545	0.5209359560897455	0.006384398759897771	0.005862367597095464	1.0890478384639255	0.06465793729171714	0.3358163926839129	False	-0.049598966205796846	2.738644408033205
ReplogleWeissman2022_K562_gwps	E2F1	zscore	224	74615	7868066.0	0.4707537980681786	0.5292462019318215	0.004614235261727444	0.002993091837143735	1.5416283605018757	0.0650111649725932	0.3358163926839129	False	-0.11356460738798657	2.7331962550279467
ReplogleWeissman2022_K562_gwps	ERCC3	zscore	267	74615	9428300.0	0.4732558469305983	0.5267441530694017	0.0038548354494366915	0.00356560989289816	1.081115311328533	0.06538018264642552	0.3358163926839129	False	-0.06844386963020829	2.7275360840768585
ReplogleWeissman2022_K562_gwps	CEBPA	zscore	88	74615	2987031.0	0.4549156884126394	0.5450843115873606	0.0015133092480808037	0.0011779982062300042	1.284644781356594	0.07157084814660428	0.35944470402516815	False	-0.10291001194743976	2.6370674367135534
ReplogleWeissman2022_K562_gwps	ELK1	zscore	143	74615	4970252.0	0.4658179587617368	0.5341820412382632	0.0021145774535128183	0.0019128387597314	1.1054656032846941	0.07859112882470354	0.3844925617988603	False	-0.07736813617628391	2.5434964507423445
ReplogleWeissman2022_K562_gwps	ATF2	zscore	187	74615	6562042.0	0.4702959685028422	0.5297040314971578	0.0028229156568152286	0.0024999331568674637	1.1291964543373942	0.07996084249799307	0.3844925617988603	False	-0.08326026015902488	2.5262182329122864
ReplogleWeissman2022_K562_gwps	RBMX	zscore	88	74615	3002743.0	0.45730857797298863	0.5426914220270114	0.001414805942562838	0.0011779982062300042	1.2010255491735418	0.08280051320909826	0.38763211915717444	False	-0.11739612606507421	2.4913210194326165
ReplogleWeissman2022_K562_gwps	NFE2L2	zscore	139	74615	4837117.0	0.4663861539596307	0.5336138460403694	0.0020530993412565942	0.001859432271182813	1.1041538716280248	0.08510330340667266	0.38763211915717444	False	-0.07397412965577832	2.463889426216456
ReplogleWeissman2022_K562_gwps	GTF2H2	zscore	370	74615	13236567.0	0.4794546057147411	0.5205453942852589	0.005591918766421058	0.004934320197372808	1.1332703478380621	0.08602977881714907	0.38763211915717444	False	-0.044927995974733514	2.4530617773489416
ReplogleWeissman2022_K562_gwps	POLR2C	zscore	77	74615	2616175.0	0.4553548040112404	0.5446451959887596	0.0013968071013255763	0.0010309002302790124	1.3549391689897397	0.0874883443762805	0.38763211915717444	False	-0.10744298152773488	2.4362497016196487
ReplogleWeissman2022_K562_gwps	RBL1	zscore	253	74615	8976946.0	0.4755344099711854	0.5244655900288145	0.0037924906405725684	0.003379280867660416	1.1222774279778143	0.08918969113350916	0.38763211915717444	False	-0.09881071414289444	2.416989816327069
ReplogleWeissman2022_K562_gwps	STAT1	zscore	126	74615	4381555.0	0.4660489986161768	0.5339510013838232	0.0019299351516944949	0.0016858217042854658	1.144803834704748	0.09357758984839315	0.39902896803277077	False	-0.07459737323313043	2.3689643488619136
ReplogleWeissman2022_K562_gwps	AGO3	zscore	186	74615	6560104.0	0.4726847998939358	0.5273152001060641	0.0026895057238097457	0.0024865977727570486	1.081600632509101	0.09872254015693699	0.4131721125086622	False	-0.08497416416544201	2.3154419882308814
ReplogleWeissman2022_K562_gwps	NR1H4	zscore	161	74615	5663675.0	0.4714615772976226	0.5285384227023774	0.0022740497314322605	0.0021530972504546914	1.0561760417240913	0.10509714365253742	0.4242355999574035	False	-0.057805809491451976	2.252870178894449
ReplogleWeissman2022_K562_gwps	POLR2L	zscore	77	74615	2635744.0	0.4587608598598346	0.5412391401401654	0.001555362846321617	0.0010309002302790124	1.508742359966938	0.10512032565316193	0.4242355999574035	False	-0.11412263359307298	2.252649626332428
ReplogleWeissman2022_K562_gwps	GTF2H3	zscore	120	74615	4185688.0	0.46747615537537135	0.5325238446246287	0.001772989887358359	0.0016056733792734327	1.104203326931058	0.10875216182624142	0.43119278197772914	False	-0.04880866338057607	2.2186837303489355
ReplogleWeissman2022_K562_gwps	POLR2F	zscore	176	74615	6224530.0	0.47398844370800414	0.5260115562919958	0.002959254371372246	0.002353224318434036	1.2575317823255776	0.11624230184524686	0.45294414167285846	False	-0.06955952091713588	2.152078457393406
ReplogleWeissman2022_K562_gwps	SMARCD3	zscore	561	74615	20343593.0	0.4860026687202267	0.5139973312797733	0.008075810130101755	0.007462488028094073	1.0821873482005873	0.12627824006059368	0.48370986870668087	False	-0.03243030309145689	2.0692675521918584
ReplogleWeissman2022_K562_gwps	NFKB1	zscore	318	74615	11438621.0	0.4820814352249303	0.5179185647750697	0.004502793698801832	0.00424379112006726	1.0610309441267851	0.13467999986013413	0.5024802922847881	False	-0.03161893882795619	2.0048536857277686
ReplogleWeissman2022_K562_gwps	RBL2	zscore	558	74615	20255709.0	0.4865047746892831	0.5134952253107169	0.0075254980926844454	0.0074228778949888925	1.0138248532641	0.13562521163438968	0.5024802922847881	False	-0.07449954041801998	1.9978599942507342
ReplogleWeissman2022_K562_gwps	NPM1	zscore	90	74615	3137849.0	0.46726514626936794	0.532734853730632	0.0013364741625024592	0.0012047386386453383	1.1093478034416246	0.14116067845591668	0.5086786811997034	False	-0.08841373743904013	1.9578564738964743
ReplogleWeissman2022_K562_gwps	RBBP4	zscore	141	74615	4985845.0	0.4739074292954424	0.5260925707045576	0.0020267057358027314	0.0018861362298678366	1.07452775876361	0.14179980936097925	0.5086786811997034	False	-0.051084070537376736	1.9533390093068808
ReplogleWeissman2022_K562_gwps	POLR2G	zscore	39	74615	1325017.0	0.4553346494913204	0.5446653505086796	0.0016242942096172351	0.0005224100517052	3.109232305763207	0.16702292659154833	0.5837898132574535	False	-0.15707239625206215	1.7896241910087711
ReplogleWeissman2022_K562_gwps	CLOCK	zscore	183	74615	6546478.0	0.47943582155245745	0.5205641784475425	0.00257575744735947	0.002446589481002166	1.0527951122819323	0.16790414983068352	0.5837898132574535	False	-0.038963924061496735	1.7843619991190076
ReplogleWeissman2022_K562_gwps	NCOA1	zscore	186	74615	6664568.0	0.4802118977777682	0.5197881022222318	0.002641667457272688	0.0024865977727570486	1.0623621907067438	0.17522957791549154	0.5908814566976147	False	-0.03622259876619152	1.7416582910104073
ReplogleWeissman2022_K562_gwps	NELFCD	zscore	421	74615	15293401.0	0.4868507427597853	0.5131492572402148	0.005979255834350176	0.005610640226024841	1.0656993842904983	0.17567281266161694	0.5908814566976147	False	-0.03666718649578271	1.739132033032383
ReplogleWeissman2022_K562_gwps	GABPA	zscore	193	74615	6925773.0	0.4809332466245553	0.5190667533754447	0.0027841799344840096	0.0025799379745481766	1.0791654535693254	0.17973061314483396	0.5908814566976147	False	-0.03825833963704087	1.7162961427466081
ReplogleWeissman2022_K562_gwps	TBL1XR1	zscore	73	74615	2560690.0	0.4701192147085633	0.5298807852914367	0.0012479904266299558	0.0009773993144815767	1.276848068275865	0.1883617258666752	0.5908814566976147	False	-0.06366847550831137	1.6693910910522676
ReplogleWeissman2022_K562_gwps	NCOA2	zscore	200	74615	7193976.0	0.4820730416136166	0.5179269583863835	0.0026715569290382104	0.0026732607097507185	0.9993626582299685	0.19022815231097262	0.5908814566976147	False	-0.04486699966197952	1.6595311255706025
ReplogleWeissman2022_K562_gwps	LEF1	zscore	197	74615	7084186.0	0.48194511861396117	0.5180548813860388	0.0028197164506046308	0.0026332673902582475	1.0708052137189523	0.19032969077639755	0.5908814566976147	False	-0.024829103807587405	1.6589974959546119
ReplogleWeissman2022_K562_gwps	POLR2E	zscore	437	74615	15909195.0	0.48791101721100427	0.5120889827889957	0.006001989717076673	0.00582262964344721	1.0308039639497448	0.1913669556349049	0.5908814566976147	False	-0.018791045008189615	1.6535624604539065
ReplogleWeissman2022_K562_gwps	NFKBIA	zscore	253	74615	9139709.0	0.4841564298842093	0.5158435701157906	0.0037208597481881846	0.003379280867660416	1.1010803463531738	0.19174176837806528	0.5908814566976147	False	-0.03893926225644151	1.6516057685841958
ReplogleWeissman2022_K562_gwps	ASF1B	zscore	678	74615	24808814.0	0.49039966617229014	0.5096003338277099	0.009180097036662449	0.009004821165314173	1.0194646698841088	0.19433448659340236	0.5908814566976147	False	-0.019818753939260247	1.6381744468744692
ReplogleWeissman2022_K562_gwps	CHEK1	zscore	196	74615	7053898.0	0.4823329827809969	0.5176670172190031	0.002734550964689529	0.002619935570972183	1.0437474092825936	0.19608897899257127	0.5908814566976147	False	-0.03886407131572023	1.6291867483149507
ReplogleWeissman2022_K562_gwps	KAT5	zscore	236	74615	8525912.0	0.48417537710529873	0.5158246228947012	0.003474731930865192	0.003152930488570627	1.1020642362592816	0.20023114403751663	0.5954241914799836	False	-0.05946103300935501	1.6082828595769778
ReplogleWeissman2022_K562_gwps	HSF1	zscore	234	74615	8457192.0	0.4843777545245079	0.5156222454754922	0.0036771968748635074	0.0031262942724685702	1.1762158499429858	0.20425188256066473	0.5994925384248082	False	-0.029309387312842494	1.5884013283412215
ReplogleWeissman2022_K562_gwps	RARA	zscore	208	74615	7509434.0	0.4838577776174104	0.5161422223825896	0.0028333601260415366	0.0027798938828969702	1.0192331957250282	0.21031277403904897	0.6049978475876887	False	-0.0402684123561492	1.559159456135088
ReplogleWeissman2022_K562_gwps	NELFA	zscore	154	74615	5534289.0	0.4816315963069297	0.5183684036930704	0.0025698196738302616	0.0020596771389212107	1.2476808259260703	0.2151124111465052	0.6049978475876887	False	-0.04165278305082057	1.5365945449471279
ReplogleWeissman2022_K562_gwps	NFYA	zscore	127	74615	4549098.0	0.4800598980277234	0.5199401019722765	0.0017932069850584895	0.001699178507398785	1.0553376100570206	0.21835477372842976	0.6049978475876887	False	-0.010996458322916638	1.5216341365534425
ReplogleWeissman2022_K562_gwps	ETS1	zscore	350	74615	12743797.0	0.48798296014780634	0.5120170398521936	0.005108484084423737	0.004668845461215234	1.0941643125395013	0.2185892342767543	0.6049978475876887	False	-0.03268664424051004	1.5205609529576873
ReplogleWeissman2022_K562_gwps	VHL	zscore	373	74615	13592976.0	0.48840440804350627	0.5115955919564937	0.005910782318304225	0.004974129194004374	1.1883049449999925	0.2195124933725242	0.6049978475876887	False	-0.015413807681959213	1.5163461306719568
ReplogleWeissman2022_K562_gwps	TNRC6C	zscore	235	74615	8517591.0	0.48576114836301526	0.5142388516369847	0.0033226347384432775	0.003139612558450234	1.0582945113722524	0.22514224118187048	0.6107800845490591	False	-0.06376045840218891	1.491022893490695
ReplogleWeissman2022_K562_gwps	NCOA3	zscore	85	74615	3022369.0	0.4765433539226855	0.5234566460773146	0.0012395673855252723	0.0011378848728246318	1.0893609846910335	0.22701560664655296	0.6107800845490591	False	-0.06524293387062374	1.4827365121170981
ReplogleWeissman2022_K562_gwps	STAT3	zscore	170	74615	6139990.0	0.48405264672377024	0.5159473532762296	0.0023697922668600687	0.0022731831249582137	1.042499498100766	0.23592933554725998	0.6272944686315384	False	-0.015230945100547677	1.44422294444054
ReplogleWeissman2022_K562_gwps	TRIM28	zscore	57	74615	2011774.0	0.47301857135635444	0.5269814286436456	0.0010393082116007053	0.000763338332976216	1.361530224151717	0.24028728241966024	0.6283330678708288	False	-0.07880294739316174	1.4259200614036036
ReplogleWeissman2022_K562_gwps	TCEA1	zscore	115	74615	4128485.0	0.4811347525995764	0.5188652474004236	0.0016935615716236897	0.001538873277131005	1.1005204891081592	0.24188042878213317	0.6283330678708288	False	-0.03785781407342334	1.4193117708726717
ReplogleWeissman2022_K562_gwps	HDAC5	zscore	125	74615	4498494.0	0.4823152449239429	0.517684755076057	0.0017749517550776249	0.0016724645437516724	1.0612791533960135	0.24687773190138046	0.6330768254400193	False	-0.03699138945649727	1.3988620774583354
ReplogleWeissman2022_K562_gwps	SMAD4	zscore	158	74615	5711184.0	0.4844432644537317	0.5155567355462682	0.0023780156436590616	0.002113062201596833	1.12538837799569	0.2493090153281492	0.6330768254400193	False	-0.012636717716551837	1.3890621265386882
ReplogleWeissman2022_K562_gwps	SPI1	zscore	82	74615	2931418.0	0.47911277893185017	0.5208872210681498	0.001130601291944859	0.0010977683173353683	1.0299088378585992	0.25628543641075885	0.6386566418651929	False	-0.04073390333585203	1.3614634696582533
ReplogleWeissman2022_K562_gwps	BCL6	zscore	151	74615	5460649.0	0.4846644563505465	0.5153355436494536	0.002198502536106539	0.002019634593264318	1.0885645073810695	0.25715820535279893	0.6386566418651929	False	-0.016700526452116726	1.3580637984513142
ReplogleWeissman2022_K562_gwps	NR4A1	zscore	151	74615	5464988.0	0.48504956791441095	0.514950432085589	0.002112554593298588	0.002019634593264318	1.046008322665975	0.26246812698331906	0.6447586597633707	False	-0.022984086918810043	1.3376256253385144
ReplogleWeissman2022_K562_gwps	RUNX1	zscore	179	74615	6498296.0	0.48654197693410906	0.513458023065891	0.0032642277230216406	0.0023932400994732196	1.3639365827691654	0.2666488876376726	0.6479854688829463	False	-0.05482241551630018	1.3218225135636812
ReplogleWeissman2022_K562_gwps	NPAS2	zscore	183	74615	6649655.0	0.48699206015286484	0.5130079398471352	0.0025480563613497235	0.002446589481002166	1.0414727853346264	0.27132200302656084	0.6523273689787527	False	-0.0299120886603208	1.3044489604069591
ReplogleWeissman2022_K562_gwps	MYCN	zscore	219	74615	7980328.0	0.48837169310833667	0.5116283068916633	0.003076735821918501	0.002926477269690248	1.0513445136869821	0.27584308306343885	0.654056099094671	False	-0.03114516047844712	1.287923114570145
ReplogleWeissman2022_K562_gwps	ELOB	zscore	396	74615	14522829.0	0.4915072117678832	0.5084927882321167	0.005730461872850931	0.005279225713562011	1.085473928142478	0.2796452124509181	0.654056099094671	False	-0.01318654169796199	1.2742335776504001
ReplogleWeissman2022_K562_gwps	POLR2A	zscore	223	74615	8132708.0	0.4887695852160673	0.5112304147839327	0.0034605382406191617	0.002979769635746546	1.1613442190648289	0.28093083910713973	0.654056099094671	False	-0.02768792619770729	1.2696467641157965
ReplogleWeissman2022_K562_gwps	GATA1	zscore	46	74615	1632537.0	0.47564075296667824	0.5243592470333217	0.0009014446391381028	0.0006161181875410188	1.4631034391889108	0.2836172465100786	0.654056099094671	False	0.005409347735444658	1.260129673373193
ReplogleWeissman2022_K562_gwps	E2F5	zscore	52	74615	1853718.0	0.4777648338393497	0.5222351661606502	0.0012496220015578343	0.0006964254623863286	1.7943370382753618	0.2893673442964752	0.6550247151927598	False	-0.0828993322785534	1.2400583104865066
ReplogleWeissman2022_K562_gwps	HIC1	zscore	221	74615	8067340.0	0.4892287194930962	0.5107712805069038	0.003115466226428122	0.0029531241648404513	1.054972988782692	0.28983394477555746	0.6550247151927598	False	-0.028466936310610702	1.2384471242242385
ReplogleWeissman2022_K562_gwps	DDIT3	zscore	262	74615	9586265.0	0.4903678578023677	0.5096321421976323	0.0037221871323748594	0.003499071811103543	1.0637641446978334	0.29489624187492314	0.6598668382547785	False	-0.026268412310027633	1.2211317069690562
ReplogleWeissman2022_K562_gwps	CREB1	zscore	196	74615	7155524.0	0.48928198767277464	0.5107180123272254	0.0026695220205269674	0.002619935570972183	1.018926591212464	0.30184219701781256	0.6687876130002514	False	-0.004713126465803685	1.1978509246028617
ReplogleWeissman2022_K562_gwps	NFATC2	zscore	278	74615	10195048.0	0.49149413030053074	0.5085058696994692	0.0038065760344217457	0.0037119623996902246	1.0254888451293087	0.31193757597737864	0.6756608631282076	False	-0.021026125601713574	1.1649521881863083
ReplogleWeissman2022_K562_gwps	RELA	zscore	184	74615	6724578.0	0.48980258078425776	0.5101974192157422	0.0030882596904193145	0.002459925934838701	1.2554279162156212	0.31612029896554805	0.6756608631282076	False	-0.019086117725617857	1.1516324449114428
ReplogleWeissman2022_K562_gwps	SSRP1	zscore	314	74615	11532313.0	0.4922215568581137	0.5077784431418864	0.004483618446093557	0.0041906337999973306	1.069914160978803	0.31687112343654333	0.6756608631282076	False	-0.007188172232585666	1.1492601384423518
ReplogleWeissman2022_K562_gwps	NR1I2	zscore	133	74615	4845790.0	0.48830009084226345	0.5116999091577364	0.0020344416414845683	0.0017793118210520683	1.143386795621718	0.3202535700269234	0.6756608631282076	False	-0.016144916084796512	1.1386421906423743
ReplogleWeissman2022_K562_gwps	POLR2H	zscore	43	74615	1540519.0	0.48014505469160296	0.5198549453083972	0.0007611733121226777	0.0005759597096091511	1.3215738868942992	0.32603758797025223	0.6756608631282076	False	-0.059548227852233356	1.1207426037397776
ReplogleWeissman2022_K562_gwps	AGO1	zscore	164	74615	5994018.0	0.4898330127173147	0.5101669872826853	0.00231879476549807	0.0021931290870431538	1.0572997181047572	0.3261642729567601	0.6756608631282076	False	-0.03386320349169347	1.1203541197574687
ReplogleWeissman2022_K562_gwps	RUNX3	zscore	253	74615	9285912.0	0.49190121940851045	0.5080987805914895	0.0034104460510228033	0.003379280867660416	1.009222430624408	0.32798536512929133	0.6756608631282076	False	-0.026067693109617984	1.1147862901016867
ReplogleWeissman2022_K562_gwps	MYBL2	zscore	62	74615	2237889.0	0.4837497000732794	0.5162502999267206	0.0010402796808418556	0.0008302422432609772	1.2529833181649557	0.32886148205355237	0.6756608631282076	False	-0.08250140877531653	1.1121186440664492
ReplogleWeissman2022_K562_gwps	HEY1	zscore	156	74615	5710197.0	0.4905692812849551	0.509430718715045	0.0020538457054450126	0.002086370384239879	0.9844108797553143	0.3417819133382556	0.6958802920220339	False	-0.018666311871912256	1.0735824256215871
ReplogleWeissman2022_K562_gwps	POLR2K	zscore	18	74615	635367.0	0.47307065156693245	0.5269293484330675	0.0003205689503001966	0.00024118017498961586	1.329167914875254	0.34615464701833953	0.6984906270191494	False	-0.09998307551173402	1.0608696470794026
ReplogleWeissman2022_K562_gwps	GATA2	zscore	327	74615	12056396.0	0.49413271511393553	0.5058672848860644	0.004457682393334716	0.004363374342825118	1.021613559392325	0.3569098181532557	0.7126268853736865	False	0.004165972232743287	1.0302721393288026
ReplogleWeissman2022_K562_gwps	SUPT5H	zscore	129	74615	4725716.0	0.4909663923385524	0.5090336076614477	0.001836532121603408	0.001725891041421385	1.0641066426133732	0.36125258140781114	0.7126268853736865	False	0.0056423502925219415	1.0181778938154589
ReplogleWeissman2022_K562_gwps	JUN	zscore	212	74615	7798806.0	0.4930217885775914	0.5069782114224086	0.004311381018369188	0.0028332019190933752	1.5217344691580719	0.36261987530076967	0.7126268853736865	False	-0.036558124201659103	1.0144001688685729
ReplogleWeissman2022_K562_gwps	MLXIPL	zscore	288	74615	10626099.0	0.4944873964126963	0.5055126035873038	0.00414930275932942	0.003844972831528777	1.0791500853543456	0.3731785852871548	0.7270548299560085	False	-0.026404862464606133	0.9856981929866306
ReplogleWeissman2022_K562_gwps	CCNH	zscore	87	74615	3188739.0	0.4912172138818348	0.5087827861181651	0.0014127935802237934	0.0011646274530802388	1.2130862762054921	0.3883543216475087	0.7365895887037583	False	-0.017818430790172507	0.9458371559499743
ReplogleWeissman2022_K562_gwps	CDC6	zscore	116	74615	4262608.0	0.492483022041884	0.507516977958116	0.001626287515032425	0.001552234012658736	1.0477076921197255	0.3896493627580898	0.7365895887037583	False	-0.01684957981941121	0.942508014115206
ReplogleWeissman2022_K562_gwps	CDK12	zscore	54	74615	1970317.0	0.48900826712928835	0.5109917328707115	0.0007826846966778721	0.000723191685974099	1.0822645114118525	0.38985475463630465	0.7365895887037583	False	-0.01187771471813684	0.9419810332349648
ReplogleWeissman2022_K562_gwps	CCND1	zscore	310	74615	11460273.0	0.4954583204535973	0.5045416795464027	0.004372388384668583	0.004137470804137471	1.056778063617076	0.3911095161258894	0.7365895887037583	False	-0.010748128682737335	0.9387676658217436
ReplogleWeissman2022_K562_gwps	E2F4	zscore	155	74615	5711953.0	0.49388607756375197	0.506113922436248	0.002664123193024194	0.002073023940082921	1.2851386525317352	0.39612020288042	0.7398608748014456	False	-0.049367757317399175	0.9260375711600761
ReplogleWeissman2022_K562_gwps	POLR2D	zscore	332	74615	12297172.0	0.4964105702445243	0.5035894297554757	0.004552464967159131	0.004429797056586655	1.0276915418484198	0.41057899550909305	0.7574457107414296	False	-0.008759874975694783	0.890186931309564
ReplogleWeissman2022_K562_gwps	POLE3	zscore	129	74615	4761379.0	0.4946715101344525	0.5053284898655475	0.001753260430153245	0.001725891041421385	1.0158581208633655	0.4170433954835362	0.7574457107414296	False	0.001790651001069482	0.8745649966900559
ReplogleWeissman2022_K562_gwps	XBP1	zscore	269	74615	9961783.0	0.49631643178477275	0.5036835682152273	0.0036392910433841385	0.0035922226376796113	1.0131028642854194	0.41726132005868094	0.7574457107414296	False	-0.007995095724623313	0.8740425866495964
ReplogleWeissman2022_K562_gwps	MTA1	zscore	143	74615	5283633.0	0.49518840068997544	0.5048115993100245	0.002052633922702168	0.0019128387597314	1.0730825649885922	0.42108258912873275	0.7574457107414296	False	-0.016442600647889105	0.8649262908368471
ReplogleWeissman2022_K562_gwps	CDK7	zscore	29	74615	1059174.0	0.4894892632756194	0.5105107367243805	0.00043871709402817525	0.00038851079792079737	1.1292275436772108	0.4222927413868147	0.7574457107414296	False	-0.022816225456366912	0.8620565054759771
ReplogleWeissman2022_K562_gwps	BRCA1	zscore	195	74615	7224133.0	0.49650654556638607	0.5034934544336139	0.0026577357188096343	0.002606603395268012	1.0196164570469166	0.432989721045419	0.7647139733129406	False	-0.017091695270650575	0.8370412901865493
ReplogleWeissman2022_K562_gwps	AKT1	zscore	228	74615	8453072.0	0.4968823586809952	0.5031176413190048	0.0031476786026246152	0.0030463770826931044	1.0332531125273423	0.43532905790130616	0.7647139733129406	False	0.015121898251579835	0.8316530789157585
ReplogleWeissman2022_K562_gwps	IRF1	zscore	273	74615	10129148.0	0.49726068789259836	0.5027393121074016	0.0037133899180309534	0.003645443862835167	1.0186386233754654	0.437819561010336	0.7647139733129406	False	-0.004959828917915576	0.8259484146486197
ReplogleWeissman2022_K562_gwps	E2F2	zscore	213	74615	7902305.0	0.49721937243420766	0.5027806275657923	0.0029312085211507227	0.0028465280376329715	1.029748691176837	0.4441810034644989	0.7647139733129406	False	-0.007166873270481211	0.8115231341623165
ReplogleWeissman2022_K562_gwps	PPARG	zscore	121	74615	4481532.0	0.49638081545874885	0.5036191845412511	0.001783582375420695	0.0016190323271248128	1.1016348133011657	0.4452013217541216	0.7647139733129406	False	-0.011301676359580348	0.8092286906855103
ReplogleWeissman2022_K562_gwps	TAF9	zscore	152	74615	5635082.0	0.49685596588804987	0.5031440341119501	0.002019199539606269	0.0020329824655262348	0.9932203419588285	0.4466470994571157	0.7647139733129406	False	0.0040527737384830065	0.8059864828504143
ReplogleWeissman2022_K562_gwps	FOS	zscore	400	74615	14871441.0	0.49827249882731356	0.5017275011726865	0.005958218417682531	0.005332266879957342	1.1173893865061377	0.45249376123040413	0.7688991732185815	False	-0.01757009969629486	0.7929813032733259
ReplogleWeissman2022_K562_gwps	HDAC3	zscore	140	74615	5198002.0	0.4976021673160318	0.5023978326839682	0.001909745632864055	0.0018727844291351748	1.0197359627482316	0.4608918217278777	0.7773250127649279	False	-0.018967036185102426	0.7745919235487562
ReplogleWeissman2022_K562_gwps	SUPT4H1	zscore	142	74615	5274725.0	0.4978348951849541	0.5021651048150458	0.002128463305709356	0.0018994876733951335	1.1205459953867205	0.46442689152994343	0.7774850184130905	False	0.0010026191525564776	0.7669511248703225
ReplogleWeissman2022_K562_gwps	GTF2H1	zscore	201	74615	7478632.0	0.4986547527723575	0.5013452472276425	0.0029915333691639253	0.0026865911035072712	1.113505276355066	0.4736980468577247	0.7871746955135719	False	0.027166110299578633	0.7471851922238514
ReplogleWeissman2022_K562_gwps	LIN37	zscore	210	74615	7821929.0	0.49919293643879853	0.5008070635612014	0.0029537183458909215	0.00280654861343134	1.0524379772918486	0.4838649892414206	0.795582659495507	False	0.00198527200660914	0.7259493590269976
ReplogleWeissman2022_K562_gwps	FANCI	zscore	20	74615	743455.0	0.4981940628559941	0.5018059371440059	0.0003153152708292104	0.00026797079118376095	1.176677761916906	0.4888437044056389	0.795582659495507	False	-0.017251221652873766	0.7157124634899024
ReplogleWeissman2022_K562_gwps	FOSL2	zscore	87	74615	3242570.0	0.4995097438883587	0.5004902561116413	0.0013383212666114278	0.0011646274530802388	1.149141094924217	0.4936854703124345	0.795582659495507	False	-0.013743833957034018	0.7058566643459921
ReplogleWeissman2022_K562_gwps	TCF7L2	zscore	184	74615	6862104.0	0.4998196539336711	0.5001803460663289	0.002517416475956713	0.002459925934838701	1.023370842310251	0.4966241304658315	0.795582659495507	False	0.000265225314782791	0.69992181573573
ReplogleWeissman2022_K562_gwps	GTF2H5	zscore	97	74615	3617240.0	0.4997806610013879	0.5002193389986122	0.0012882669629186876	0.0012983188778241783	0.9922577457070204	0.4970175268425461	0.795582659495507	False	-0.016400864667478532	0.6991299882305609
ReplogleWeissman2022_K562_gwps	TP53BP2	zscore	235	74615	8767162.0	0.49999426845038575	0.5000057315496143	0.0030441129880929498	0.003139612558450234	0.9695823708883289	0.49987937012549555	0.795582659495507	False	-0.002497678223029598	0.6933884694167692
ReplogleWeissman2022_K562_gwps	ERCC2	zscore	124	74615	4629516.0	0.5003659646399906	0.4996340353600094	0.0019163439635783638	0.0016591070257830584	1.1550454152732528	0.505627777293735	0.7982484700557855	False	0.02513442122687215	0.6819544983909236
ReplogleWeissman2022_K562_gwps	PPARD	zscore	90	74615	3362092.0	0.500657746803964	0.49934225319603587	0.0011884023348373903	0.0012047386386453383	0.9864399602669693	0.5086184941948367	0.7982484700557855	False	0.009598510037400088	0.6760570637082484
ReplogleWeissman2022_K562_gwps	SUPT16H	zscore	100	74615	3756480.0	0.5034483682905582	0.4965516317094418	0.0014663124014862078	0.0013384193267750785	1.0955553107704201	0.5475114747846969	0.8476373001481424	False	0.01308415794130291	0.6023718590002458
ReplogleWeissman2022_K562_gwps	TBL1X	zscore	106	74615	3981130.0	0.5033549579666186	0.49664504203338145	0.0014614468192232577	0.001418610564633771	1.030195922445104	0.5475886983257912	0.8476373001481424	False	-0.0034084588374695413	0.6022308243385437
ReplogleWeissman2022_K562_gwps	RB1	zscore	433	74615	16222234.0	0.5021073999726695	0.49789260002733043	0.005722437333744956	0.0057696407632448566	0.9918186536325437	0.5601973370438857	0.85194737878731	False	-0.01992892540614344	0.5794661697484952
ReplogleWeissman2022_K562_gwps	HES1	zscore	239	74615	8968746.0	0.5029301600377054	0.49706983996229465	0.0032256038465243234	0.003192882143906805	1.010248327731095	0.5622478030396438	0.85194737878731	False	-0.0007585662509230762	0.5758125955942877
ReplogleWeissman2022_K562_gwps	HDAC7	zscore	48	74615	1815666.0	0.5069540306908799	0.49304596930912015	0.0007624920225237633	0.0006428887132850274	1.1860404557852444	0.5662541177643003	0.85194737878731	False	-0.0007614576957890584	0.5687123302213997
ReplogleWeissman2022_K562_gwps	ACTL6A	zscore	59	74615	2228760.0	0.5062734466305566	0.4937265533694434	0.0008013817376894576	0.0007901009722259421	1.014277625088518	0.5662604883253202	0.85194737878731	False	0.04714526478891834	0.5687010799276099
ReplogleWeissman2022_K562_gwps	TNRC6B	zscore	85	74615	3207305.0	0.5057026067144677	0.4942973932855324	0.0012057284772484943	0.0011378848728246318	1.0596225558877945	0.5722181729353116	0.85194737878731	False	0.010377534896646168	0.5582349391093399
ReplogleWeissman2022_K562_gwps	NFYC	zscore	27	74615	1027899.0	0.5102235922178293	0.48977640778217063	0.00040105095748672285	0.00036172664183703544	1.1087127988416285	0.572991157414474	0.85194737878731	False	-0.011571968922174505	0.5568849944729061
ReplogleWeissman2022_K562_gwps	PARP1	zscore	258	74615	9702354.0	0.5040008477627013	0.4959991522372988	0.0033313049995270507	0.00344583494717722	0.9667627877115849	0.5879326170719998	0.8569066927310038	False	0.01832063814430407	0.5311429344665538
ReplogleWeissman2022_K562_gwps	MDC1	zscore	179	74615	6743750.0	0.504919667702025	0.49508033229797505	0.002483777188446656	0.0023932400994732196	1.0378303409646883	0.5900745257092203	0.8569066927310038	False	0.017722789157037372	0.5275064352980194
ReplogleWeissman2022_K562_gwps	GTF2F1	zscore	80	74615	3028909.0	0.5074229377471018	0.49257706225289816	0.0010934791101026345	0.0010710221567708682	1.0209677766139535	0.5909032845469527	0.8569066927310038	False	0.02317222180938515	0.5261029220963668
ReplogleWeissman2022_K562_gwps	TCF4	zscore	159	74615	5996367.0	0.5054345640956912	0.4945654359043088	0.0021277180125751642	0.002126407574825474	1.000616268379216	0.5937232222432929	0.8569066927310038	False	0.006105136405552533	0.521342024030011
ReplogleWeissman2022_K562_gwps	SP3	zscore	145	74615	5472198.0	0.5057869939251376	0.4942130060748624	0.0020467428882950662	0.0019395398608881755	1.0552724022685458	0.5952847378706531	0.8569066927310038	False	0.014069737215702594	0.5187154368624253
ReplogleWeissman2022_K562_gwps	RUNX2	zscore	152	74615	5768188.0	0.5085921766824083	0.4914078233175917	0.0024009400374595683	0.0020329824655262348	1.1809939722417075	0.643035179123776	0.9146389272813372	False	0.01985820262796678	0.4415558453176594
ReplogleWeissman2022_K562_gwps	RXRA	zscore	92	74615	3508322.0	0.5110759871689163	0.4889240128310836	0.0012396518570141947	0.001231477639310908	1.006637731325646	0.643484909016516	0.9146389272813372	False	0.04257497911146001	0.4408567036327299
ReplogleWeissman2022_K562_gwps	FANCD2	zscore	141	74615	5359197.0	0.5093947512122513	0.4906052487877487	0.001790911525474301	0.0018861362298678366	0.949513347506077	0.6502804646305274	0.9185211562906199	False	0.02447027028894183	0.4303515251079615
ReplogleWeissman2022_K562_gwps	FOXO3	zscore	379	74615	14309657.0	0.5060155588485271	0.4939844411514729	0.00512032037771137	0.005053737632343921	1.0131749509395422	0.6571342632900447	0.9224369161711186	False	-0.0011790673164011611	0.41986692324788255
ReplogleWeissman2022_K562_gwps	SOX2	zscore	7	74615	286171.0	0.5479001732704072	0.45209982672959287	9.222533765763162e-05	9.380611615877355e-05	0.9831484495268268	0.6664241788985792	0.9297028668585117	False	0.11804659368441706	0.405828905926698
ReplogleWeissman2022_K562_gwps	CREB5	zscore	363	74615	13733737.0	0.5070560373369338	0.4929439626630662	0.004995765300229731	0.00484142014991064	1.0318801396160462	0.6788795353281066	0.9347977731237102	False	0.005394066849810253	0.38731158199673593
ReplogleWeissman2022_K562_gwps	ESR1	zscore	175	74615	6671293.0	0.5109116703841625	0.4890883296158375	0.00226047704502893	0.0023398850113651557	0.9660633039869354	0.6912683103385199	0.9347977731237102	False	0.01139871203705689	0.3692272377607602
ReplogleWeissman2022_K562_gwps	KAT2B	zscore	154	74615	5881796.0	0.511874026931321	0.4881259730686789	0.002096957692751723	0.0020596771389212107	1.0181001930477507	0.6949453977945321	0.9347977731237102	False	0.02715001144001994	0.36392200082809734
ReplogleWeissman2022_K562_gwps	RUVBL2	zscore	5	74615	211829.0	0.5677919989278295	0.4322080010721705	6.717028822258422e-05	6.700616456714018e-05	1.0024493814338469	0.6951295403982402	0.9347977731237102	False	0.27929834115051566	0.363657061723412
ReplogleWeissman2022_K562_gwps	FOXO1	zscore	184	74615	7016196.0	0.5110433558935871	0.48895664410641293	0.0026021807033810708	0.002459925934838701	1.0578288827836995	0.6978684782808984	0.9347977731237102	False	0.0353168509435795	0.359724620505938
ReplogleWeissman2022_K562_gwps	HDAC1	zscore	161	74615	6151119.0	0.5120379022252116	0.4879620977747884	0.002843554055474556	0.0021530972504546914	1.3206807332432633	0.7014406877766414	0.9347977731237102	False	0.015108247867976488	0.35461893358208907
ReplogleWeissman2022_K562_gwps	FOXA2	zscore	85	74615	3277592.0	0.5167849076238415	0.4832150923761584	0.001075711245213299	0.0011378848728246318	0.9453603531462756	0.7039380658241531	0.9347977731237102	False	0.047474588075556934	0.3510649013756947
ReplogleWeissman2022_K562_gwps	FOXO4	zscore	293	74615	11138745.0	0.5094980170106432	0.49050198298935677	0.004048686901190951	0.003911464730068885	1.0350820423017466	0.7129720475572768	0.9347977731237102	False	0.02007999133378957	0.3383130633233265
ReplogleWeissman2022_K562_gwps	ZBTB17	zscore	315	74615	11967645.0	0.5091807787914469	0.49081922120855315	0.0044944911422151205	0.004203923662084612	1.0691181628132667	0.7133709974281732	0.9347977731237102	False	0.027116606297481916	0.3377536608952744
ReplogleWeissman2022_K562_gwps	ZNF382	zscore	186	74615	7107209.0	0.5121061592879289	0.4878938407120711	0.00253319120894672	0.0024865977727570486	1.018737825916256	0.716078230276394	0.9347977731237102	False	0.039506539458930234	0.33396585782738686
ReplogleWeissman2022_K562_gwps	NR3C1	zscore	157	74615	6011617.0	0.5131750203059356	0.48682497969406435	0.0020472164836045697	0.002099716471406409	0.974996630013254	0.7160882953065816	0.9347977731237102	False	0.035249368876429266	0.3339518021571726
ReplogleWeissman2022_K562_gwps	CDK9	zscore	299	74615	11378645.0	0.5100270575128469	0.4899729424871531	0.003874624171326991	0.0039912432923085136	0.9707812547518068	0.7255527245549832	0.9347977731237102	False	0.025066946147859332	0.320821535893953
ReplogleWeissman2022_K562_gwps	POLR2B	zscore	166	74615	6360513.0	0.5135206509883264	0.4864793490116735	0.002674734494732007	0.002219815193698934	1.2049356641599651	0.7266721342126456	0.9347977731237102	False	0.033979327779263976	0.31927988774957566
ReplogleWeissman2022_K562_gwps	CCNK	zscore	726	74615	27458851.0	0.5068968547266233	0.4931031452733767	0.009193197618753961	0.009636187467647097	0.9540285148685155	0.7391174032689526	0.9347977731237102	False	0.014277772003785189	0.30229850289977633
ReplogleWeissman2022_K562_gwps	KLF4	zscore	458	74615	17383146.0	0.5086707397829967	0.4913292602170033	0.005941134879338779	0.0061007286241391715	0.9738402157131006	0.7391861660425736	0.9347977731237102	False	0.006414452932872461	0.3022054735990318
ReplogleWeissman2022_K562_gwps	CHD9	zscore	183	74615	7016174.0	0.5138343313526742	0.4861656686473258	0.0025151556464783472	0.002446589481002166	1.0280252024332646	0.7413462338841548	0.9347977731237102	False	0.04629808837159423	0.29928751060903247
ReplogleWeissman2022_K562_gwps	TP73	zscore	194	74615	7435807.0	0.5136889641741696	0.48631103582583035	0.0025168129732810467	0.0025932708631314413	0.9705168129803187	0.7452524091127707	0.9347977731237102	False	0.0629674980762045	0.2940323138055371
ReplogleWeissman2022_K562_gwps	MED1	zscore	179	74615	6870472.0	0.5144076276843101	0.4855923723156898	0.002345555631243646	0.0023932400994732196	0.9800753513030015	0.7475951466246661	0.9347977731237102	False	0.025636691156458613	0.29089369536312615
ReplogleWeissman2022_K562_gwps	MOV10	zscore	142	74615	5469876.0	0.516253481486655	0.48374651851334505	0.0017603275243424637	0.0018994876733951335	0.9267380615300673	0.7486654731654493	0.9347977731237102	False	0.02841789434714892	0.2894630265221637
ReplogleWeissman2022_K562_gwps	NELFB	zscore	216	74615	8288795.0	0.5142940551621782	0.4857059448378218	0.0030491930146195577	0.0028865042562574335	1.0563618633194265	0.7662890384212566	0.9515457290285934	False	0.044173995150617346	0.26619584566080173
ReplogleWeissman2022_K562_gwps	NANOG	zscore	254	74615	9732458.0	0.513526285325036	0.48647371467496403	0.0032709816253829035	0.0033925923947161042	0.964154028782648	0.7720144041583771	0.9534166958458645	False	0.008747845274859278	0.25875207089518387
ReplogleWeissman2022_K562_gwps	GLI2	zscore	226	74615	8681047.0	0.5147987990267444	0.48520120097325564	0.002950645765255715	0.0030197351718977564	0.977120706714615	0.7792037992191292	0.9570655359974086	False	0.010818084306066122	0.24948265087112803
ReplogleWeissman2022_K562_gwps	ATM	zscore	156	74615	6034397.0	0.5184216585308858	0.48157834146911405	0.0020765038231043264	0.002086370384239879	0.9952709445982921	0.787044265345604	0.9614702917194946	False	0.03908158674992501	0.2394707864722515
ReplogleWeissman2022_K562_gwps	ELL	zscore	121	74615	4708050.0	0.5214702691446949	0.47852973085530515	0.0019145403499158675	0.0016190323271248128	1.1825213850521674	0.793167548370878	0.96185825193633	False	0.04246826270904713	0.2317207954643017
ReplogleWeissman2022_K562_gwps	FOXA1	zscore	238	74615	9159266.0	0.5157717740986363	0.4842282259013637	0.003297967171833378	0.003179565281284651	1.0372383895514448	0.799972497053903	0.96185825193633	False	0.026051950491003728	0.2231779305877914
ReplogleWeissman2022_K562_gwps	KAT2A	zscore	104	74615	4065313.0	0.5238832416661942	0.47611675833380585	0.0014296657815344763	0.001391881582997631	1.0271461301007168	0.8004231249983909	0.96185825193633	False	0.0775472949291185	0.22261478488783126
ReplogleWeissman2022_K562_gwps	MNAT1	zscore	120	74615	4679368.0	0.5226125220576738	0.4773874779423262	0.0014870833312170253	0.0016056733792734327	0.9261431063208699	0.8043858832564883	0.96185825193633	False	0.05941473537067185	0.2176761706452803
ReplogleWeissman2022_K562_gwps	NFYB	zscore	89	74615	3502481.0	0.5274236963227715	0.4725763036772286	0.0012053038247829997	0.0011913686014135788	1.0116968193998788	0.8147871441109755	0.9691678661530552	False	0.09294568920103698	0.2048283727228165
ReplogleWeissman2022_K562_gwps	AGO2	zscore	42	74615	1696298.0	0.5412859025537441	0.45871409744625585	0.0005218979259965227	0.0005625728330899983	0.9276984157410095	0.822933609346536	0.9705182213284497	False	0.17526752610835672	0.1948797506397507
ReplogleWeissman2022_K562_gwps	ATF3	zscore	306	74615	11768948.0	0.5154541898959321	0.484545810104068	0.0038907065376094243	0.004084302131578596	0.9526000800792016	0.8249921153231085	0.9705182213284497	False	0.03447020493788444	0.1923814498772372
ReplogleWeissman2022_K562_gwps	CCNT2	zscore	306	74615	11781624.0	0.516009370980182	0.4839906290198181	0.003809790801791782	0.004084302131578596	0.9327886818988305	0.8335107828163077	0.9705182213284497	False	0.05288312872515841	0.18210864008275707
ReplogleWeissman2022_K562_gwps	WT1	zscore	281	74615	10834861.0	0.5167623694872111	0.48323763051278895	0.0035869610502183838	0.003751869258705405	0.9560463872496657	0.8343602693637155	0.9705182213284497	False	0.050670783899553484	0.18108999224454106
ReplogleWeissman2022_K562_gwps	SMAD3	zscore	146	74615	5711800.0	0.5243170650434789	0.47568293495652114	0.0018384168971971176	0.0019528898757373498	0.9413827784339295	0.8453846798489041	0.9705182213284497	False	0.03723637395105417	0.167963512791619
ReplogleWeissman2022_K562_gwps	RAD51D	zscore	362	74615	13923171.0	0.5154700575292024	0.4845299424707976	0.004694048512389864	0.004828147298504875	0.9722256224128587	0.8454581252173767	0.9705182213284497	False	0.054079868211594655	0.16787663852004417
ReplogleWeissman2022_K562_gwps	EP300	zscore	95	74615	3758354.0	0.5302100254993175	0.46978997450068244	0.0011740587721856964	0.0012715834560299826	0.9233045354736145	0.8459826973526752	0.9705182213284497	False	0.07643868715666774	0.16725637188686734
ReplogleWeissman2022_K562_gwps	TP63	zscore	149	74615	5835646.0	0.5248999449972949	0.47510005500270514	0.001887345647041991	0.0019929377775399926	0.9470168453385732	0.853561934385372	0.9709911448951148	False	0.06032437142611302	0.15833717419539733
ReplogleWeissman2022_K562_gwps	GABPB1	zscore	153	74615	5997170.0	0.5253258666820835	0.4746741333179165	0.0023461200445891763	0.0020463299807404237	1.146501330025121	0.8608311071983323	0.9709911448951148	False	0.0452586651475435	0.14985695268303137
ReplogleWeissman2022_K562_gwps	TGS1	zscore	370	74615	14261426.0	0.5165770233142746	0.4834229766857255	0.004649724875554949	0.004934320197372808	0.9423232967391563	0.8647360093201564	0.9709911448951148	False	0.0326583512665939	0.145331010168064
ReplogleWeissman2022_K562_gwps	MCM5	zscore	168	74615	6579684.0	0.5248915863336556	0.4751084136663444	0.0020979381011890334	0.002246499872965781	0.933869672745354	0.8678676124360698	0.9709911448951148	False	0.052246697112558804	0.14171609618912334
ReplogleWeissman2022_K562_gwps	YBX1	zscore	154	74615	6048973.0	0.5264229103336522	0.4735770896663479	0.002015461430574384	0.0020596771389212107	0.9785326993676371	0.8717498515323636	0.9709911448951148	False	0.09728759613013871	0.1372527637362693
ReplogleWeissman2022_K562_gwps	NFKB2	zscore	253	74615	9828909.0	0.5206653178013407	0.4793346821986593	0.003144611491298618	0.003379280867660416	0.9305564155357506	0.8721734620075589	0.9709911448951148	False	0.05127907133832302	0.1367669505353816
ReplogleWeissman2022_K562_gwps	TWIST1	zscore	191	74615	7470980.0	0.524225404195288	0.47577459580471204	0.002663974233425407	0.0025532711279843863	1.0433573639037748	0.8766291100823502	0.9711675435226037	False	0.055409317078769504	0.1316712836063514
ReplogleWeissman2022_K562_gwps	EGR1	zscore	373	74615	14426621.0	0.5183578113853079	0.48164218861469216	0.004729346624851038	0.004974129194004374	0.9507888597971303	0.8897360723488015	0.9808797675650202	False	0.03861916427622991	0.11683040815767654
ReplogleWeissman2022_K562_gwps	EZH2	zscore	196	74615	7712952.0	0.527397921575653	0.47260207842434704	0.0024365317961191897	0.002619935570972183	0.9299968377524118	0.9077422903344469	0.9958726097843932	False	0.05536071921498076	0.09679476188327771
ReplogleWeissman2022_K562_gwps	TWIST2	zscore	230	74615	9033197.0	0.5263656043049976	0.47363439569500254	0.0028975284945400312	0.003073017569643931	0.9428935659732549	0.9166672471552395	0.9999960724235399	False	0.05572881495059967	0.08701074372956899
ReplogleWeissman2022_K562_gwps	JUND	zscore	135	74615	5417937.0	0.537865934016842	0.462134065983158	0.0015783537598197664	0.001806020066889632	0.8739403225668707	0.9360817818226225	0.9999960724235399	False	0.10595031139792252	0.06605243257929005
ReplogleWeissman2022_K562_gwps	PPARA	zscore	283	74615	11120557.0	0.5266401449703294	0.4733598550296706	0.003532857187381985	0.00377847205532858	0.9349962460089608	0.9393710534092419	0.9999960724235399	False	0.06243156929404026	0.0625447197779438
ReplogleWeissman2022_K562_gwps	PML	zscore	161	74615	6439926.0	0.536079077567122	0.463920922432878	0.001945114935530116	0.0021530972504546914	0.9034031951503103	0.9434169852718867	0.9999960724235399	False	0.10153105326575204	0.05824690397786891
ReplogleWeissman2022_K562_gwps	TP53	zscore	219	74615	8677700.0	0.5310487289853516	0.4689512710146484	0.002863401654235837	0.002926477269690248	0.9784465725711627	0.944008508693839	0.9999960724235399	False	0.17948559559405286	0.057620099430393874
ReplogleWeissman2022_K562_gwps	MECP2	zscore	102	74615	4152316.0	0.5455870856015126	0.4544129143984874	0.0012553307841757508	0.0013651511704163711	0.919554413737839	0.9445094962002747	0.9999960724235399	False	0.11524446268509525	0.057089537882249235
ReplogleWeissman2022_K562_gwps	USF1	zscore	160	74615	6409959.0	0.536919436440394	0.463080563559606	0.001984783742376775	0.002139752591106653	0.927576277101396	0.9469515443192564	0.9999960724235399	False	0.08876771011624096	0.054507354666666376
ReplogleWeissman2022_K562_gwps	STAT4	zscore	112	74615	4551049.0	0.544587094705201	0.455412905294799	0.0014784707035143572	0.0014987889250204075	0.986443573763548	0.9488029003435183	0.9999960724235399	False	0.1042500160821227	0.052554193888881176
ReplogleWeissman2022_K562_gwps	SREBF1	zscore	126	74615	5130065.0	0.5456651020210627	0.45433489797893745	0.0017872977040906137	0.0016858217042854658	1.0601937912812425	0.9619812384042852	0.9999960724235399	False	0.1519052480309494	0.03876033120485891
ReplogleWeissman2022_K562_gwps	LMO2	zscore	271	74615	10762848.0	0.5322697349468971	0.4677302650531029	0.0036431339295035755	0.003618833960953983	1.0067148614199437	0.9668862153801484	0.9999960724235399	False	0.08733240761515249	0.033674458104604184
ReplogleWeissman2022_K562_gwps	CCNT1	zscore	165	74615	6770832.0	0.5499610729015004	0.4500389270984996	0.0019052471607299757	0.002206472318801819	0.8634811071478035	0.9868130131600957	0.9999960724235399	False	0.13622577166489339	0.013274707182333973
ReplogleWeissman2022_K562_gwps	ARNTL	zscore	265	74615	10755119.0	0.5439302381154075	0.4560697618845925	0.00321244463589507	0.0035389957264957265	0.9077277522106523	0.9932987116488384	0.9999960724235399	False	0.08385577776023934	0.006723842803006471
ReplogleWeissman2022_K562_gwps	ELOA	zscore	202	74615	8311097.0	0.5514178724714259	0.44858212752857407	0.0022954588305448085	0.0026999211409171713	0.8501947689350047	0.9942655799172436	0.9999960724235399	False	0.12459472113524492	0.005750924997252716
ReplogleWeissman2022_K562_gwps	SIRT1	zscore	179	74615	7411043.0	0.5548813892693855	0.44511861073061454	0.002143387391477958	0.0023932400994732196	0.895600651163142	0.9944653064731598	0.9999960724235399	False	0.1492350054190026	0.0055500666931408435
ReplogleWeissman2022_K562_gwps	GTF2H4	zscore	146	74615	6110295.0	0.5608970798959775	0.43910292010402263	0.0016683116194727656	0.0019528898757373498	0.8542783902972837	0.9945588796735976	0.9999960724235399	False	0.17801398650413172	0.005455977137912157
ReplogleWeissman2022_K562_gwps	HDAC2	zscore	97	74615	4172197.0	0.5764570154283397	0.4235429845716603	0.0010587075266716467	0.0012983188778241783	0.8154449147700212	0.9954304835184894	0.9999960724235399	False	0.199800348876916	0.0045799886359137705
ReplogleWeissman2022_K562_gwps	CBFB	zscore	153	74615	6480668.0	0.5676781771700393	0.4323218228299607	0.001692403796789683	0.0020463299807404237	0.8270434449566733	0.9981158131084943	0.9999960724235399	False	0.12819350609387548	0.0018859642045042369
ReplogleWeissman2022_K562_gwps	TNRC6A	zscore	370	74615	15188778.0	0.550167544747723	0.44983245525227705	0.004330063185896518	0.004934320197372808	0.8775399675525687	0.9995728150493806	0.9999960724235399	False	0.17541327472353974	0.00042727622010401827
ReplogleWeissman2022_K562_gwps	DNMT1	zscore	495	74615	20248228.0	0.5482210160304377	0.4517789839695623	0.005969505746822808	0.006590334176541073	0.9057971245330528	0.9998939583242273	0.9999960724235399	False	0.11948673462706427	0.00010604729858866696
ReplogleWeissman2022_K562_gwps	STAT5A	zscore	470	74615	19628012.0	0.5596961423249275	0.4403038576750724	0.005666255079228592	0.0062595724845175464	0.9052143885614443	0.9999960724235399	0.9999960724235399	False	0.16692317609816348	3.927584173009653e-06
ReplogleWeissman2022_rpe1	RUVBL1	ulm	111	11413	144649.0	0.11418068379428233	0.8858193162057177	0.10609520785963168	0.009632072197153766	11.014785363733294	6.537680699197099e-45	5.818535822285418e-43	True	-1.6618658069079246	101.73874671531044
ReplogleWeissman2022_rpe1	ELL	ulm	164	11413	425848.0	0.22751547764316687	0.7724845223568331	0.053139204062112456	0.014166018830439666	3.7511741794333893	1.743662117751922e-33	7.759296423996053e-32	True	-0.7864084790033968	75.42932050190785
ReplogleWeissman2022_rpe1	CLOCK	ulm	715	11413	3063687.0	0.37543826540584624	0.6245617345941538	0.09254973061623806	0.05895448548812665	1.5698505355436856	2.226218444230585e-29	6.6044480512174025e-28	True	-0.26283837545162336	65.97466331571117
ReplogleWeissman2022_rpe1	MYC	ulm	86	11413	159234.0	0.162232378825452	0.837767621174548	0.03971589824188073	0.0074789112096704065	5.310385045155657	1.5506944671932634e-27	3.4502951895050113e-26	True	-1.5283398844065155	61.73109463689904
ReplogleWeissman2022_rpe1	RUVBL2	ulm	60	11413	84266.0	0.12305557989427261	0.8769444201057275	0.05452942439540107	0.005229669659199861	10.426934768140608	3.1361255155832333e-24	5.582303417738156e-23	True	-1.5523777378846018	54.119054106068084
ReplogleWeissman2022_rpe1	SRF	ulm	95	11413	228392.0	0.21064806061416574	0.7893519393858341	0.0393009560068121	0.008255126868265555	4.760793702383091	1.1362975824493937e-22	1.6855080806332675e-21	True	-1.0451827387247263	50.52909680349312
ReplogleWeissman2022_rpe1	ATR	ulm	155	11413	498632.0	0.28186985412786214	0.7181301458721379	0.035322139847206085	0.013399031811894882	2.636171056467613	4.646806683696387e-21	5.908082783556835e-20	True	-0.4487710360255269	46.818106703874925
ReplogleWeissman2022_rpe1	MAX	ulm	87	11413	241865.0	0.2435869159085576	0.7564130840914425	0.018727377142654024	0.007565217391304348	2.475457898166911	7.711271920877538e-17	8.578790011976262e-16	True	-0.9540874113747995	37.10126343664721
ReplogleWeissman2022_rpe1	MNAT1	ulm	73	11413	206911.0	0.24834813460737515	0.7516518653926249	0.01505541688186121	0.0063555632944454115	2.368856415137779	5.674567395756657e-14	5.611516646914917e-13	True	-0.5131487407284012	30.50019697127743
ReplogleWeissman2022_rpe1	CCNH	ulm	62	11413	173553.0	0.2452678467960984	0.7547321532039016	0.015413403870589574	0.0054030501089324615	2.852722732500248	2.1183866391117112e-12	1.885364108809423e-11	True	-0.5099208435600282	26.880366336253733
ReplogleWeissman2022_rpe1	NELFE	ulm	82	11413	261159.0	0.2790559759623707	0.7209440240376294	0.01415252033354975	0.0071335363201391905	1.9839417223677365	2.4985002450251533e-12	2.0215138346112605e-11	True	-0.44945063836954735	26.715330466057527
ReplogleWeissman2022_rpe1	NELFB	ulm	145	11413	582424.0	0.35194227997715855	0.6480577200228413	0.022328948712173266	0.012545423083578474	1.779848201484818	4.2090400518604953e-10	3.1217047051298676e-09	True	-0.31118333790937225	21.588616324430966
ReplogleWeissman2022_rpe1	POLR2I	ulm	142	11413	577613.0	0.3564091109347754	0.6435908890652247	0.019148656562583286	0.012289052358286456	1.5581882153566893	1.924397335273e-09	1.3174720218407463e-08	True	-0.3013424372913911	20.06865299080957
ReplogleWeissman2022_rpe1	GTF2H4	ulm	56	11413	176649.0	0.27639064475347663	0.7236093552465234	0.013903155743536517	0.0048827273519923275	2.847415950403934	3.6870309537176753e-09	2.3386545893093762e-08	True	-0.4701813276056839	19.418444322362767
ReplogleWeissman2022_rpe1	TRRAP	ulm	16	11413	15194.0	0.08320555506878122	0.9167944449312189	0.011788571920445138	0.0013999475019686762	8.420724279922968	3.941552678611308e-09	2.3386545893093762e-08	True	-1.3881611487207421	19.351691110400225
ReplogleWeissman2022_rpe1	GTF2F2	ulm	61	11413	202206.0	0.2904453219150437	0.7095546780849563	0.017157998492332703	0.005316367439428272	3.2273913885414007	7.826431511872307e-09	4.3534525284789705e-08	True	-0.43688838291046195	18.665759176437472
ReplogleWeissman2022_rpe1	POLR2E	ulm	82	11413	305841.0	0.3267999905969444	0.6732000094030555	0.011861891382488304	0.0071335363201391905	1.662834651728086	3.0918419759845573e-08	1.6186702109566213e-07	True	-0.35635018003293006	17.291913721912078
ReplogleWeissman2022_rpe1	HDAC3	ulm	59	11413	213239.0	0.3166757503708973	0.6833242496291028	0.013282745837404129	0.005142956764295677	2.582706105876274	5.718513751847634e-07	2.827487355080219e-06	True	-0.401317684782621	14.37438671292228
ReplogleWeissman2022_rpe1	TFDP1	ulm	167	11413	745965.0	0.3913831847389074	0.6086168152610927	0.020140362807392176	0.014421416234887737	1.3965592892790504	6.932400814182669e-07	3.247282486643461e-06	True	-0.2972257753645543	14.18188945991924
ReplogleWeissman2022_rpe1	POLR2K	ulm	20	11413	44969.0	0.19700779812494523	0.8029922018750548	0.007098794029287697	0.0017493221376716523	4.058025606842311	1.368774292908395e-06	6.091045603442358e-06	True	-0.6228563414898678	13.501594895295522
ReplogleWeissman2022_rpe1	NELFA	ulm	52	11413	188945.0	0.3183700773072542	0.6816299226927458	0.007695225217938533	0.00453554295682512	1.6966491754551014	2.9970860749886447e-06	1.2701936222570924e-05	True	-0.36795180456975896	12.717870049658906
ReplogleWeissman2022_rpe1	CHEK1	ulm	55	11413	203781.0	0.3246393665915264	0.6753606334084734	0.02733188192760936	0.004795953958841995	5.698945853560439	3.4938340254322502e-06	1.4134146739248648e-05	True	-0.3496163302345995	12.564510850119037
ReplogleWeissman2022_rpe1	GTF2H2	ulm	46	11413	167579.0	0.31919931123547135	0.6808006887645287	0.007209357806280513	0.004014311894580679	1.7959137196123565	1.1220264546169379e-05	4.3417545417785854e-05	True	-0.36748699585039113	11.39778908005772
ReplogleWeissman2022_rpe1	NELFCD	ulm	104	11413	450902.0	0.3798822530312936	0.6201177469687065	0.014747167191893498	0.009030129373968916	1.6331069668176674	1.1999990378238707e-05	4.449996431930187e-05	True	-0.2593003335427724	11.330604709990036
ReplogleWeissman2022_rpe1	NFYB	ulm	79	11413	340700.0	0.3778724461445809	0.6221275538554192	0.013029958414750516	0.006874347372084928	1.8954466088900372	8.943377600219788e-05	0.00031838424256782445	True	-0.23800674865751337	9.322012139505288
ReplogleWeissman2022_rpe1	SUPT4H1	ulm	16	11413	42742.0	0.23406422500657145	0.7659357749934286	0.012625264445011625	0.0013999475019686762	9.018384208877366	0.00011564446020960378	0.00038604920099839747	True	-0.5574759450773219	9.064990071777808
ReplogleWeissman2022_rpe1	CDK12	ulm	64	11413	267974.0	0.36687056426881626	0.6331294357311837	0.014129316588571202	0.005576370131567482	2.5337838513598703	0.00011711604974108688	0.00038604920099839747	True	-0.29903600098910155	9.052345236623646
ReplogleWeissman2022_rpe1	POLR2C	ulm	18	11413	53134.0	0.25864267842713473	0.7413573215728653	0.005929666185625032	0.0015746653836059838	3.7656674537710964	0.00019688153873482917	0.000625802033835707	True	-0.5005771181192564	8.532908336314549
ReplogleWeissman2022_rpe1	NF1	ulm	63	11413	271962.0	0.37824035248025434	0.6217596475197456	0.019124354825438096	0.0054897176716626	3.483668190106787	0.0004212051717141878	0.0012926641476745764	True	-0.3636350726692328	7.7723904992561215
ReplogleWeissman2022_rpe1	YY1	ulm	86	11413	391067.0	0.3984307980087986	0.6015692019912013	0.012525490186013028	0.0074789112096704065	1.6747745540577186	0.0005760033240993322	0.0017088098614946854	True	-0.24371169001223908	7.45939712627925
ReplogleWeissman2022_rpe1	ERCC3	ulm	23	11413	80405.0	0.3063059287844906	0.6936940712155094	0.004551317778959742	0.0020111927247289264	2.2629943530514613	0.0006534098433043804	0.0018759185823899952	True	-0.38002974176240345	7.33330599416578
ReplogleWeissman2022_rpe1	POLR2F	ulm	77	11413	348861.0	0.3969738313907244	0.6030261686092756	0.016867349054610674	0.0067014795474325504	2.516958969317878	0.0009010062395926909	0.0025059236038671717	True	-0.21608675518251164	7.011998375193799
ReplogleWeissman2022_rpe1	POLR2B	ulm	23	11413	82978.0	0.31610787088712716	0.6838921291128728	0.004348654166317726	0.0020111927247289264	2.1622264802612827	0.0011373424116233293	0.0030673780192265548	True	-0.3828723087234862	6.779060955968853
ReplogleWeissman2022_rpe1	ELOB	ulm	132	11413	638774.0	0.4240074449922868	0.5759925550077132	0.014307485806849757	0.011433521004763967	1.2513630578793973	0.0013192756665946447	0.003453398068438923	True	-0.16095354139483942	6.6306724304236395
ReplogleWeissman2022_rpe1	GTF2H3	ulm	66	11413	296155.0	0.393165422736964	0.606834577263036	0.012486130574828207	0.005749629758689781	2.171640801037167	0.0013597407664549944	0.0034576265204141286	True	-0.22369976658034763	6.600461210303863
ReplogleWeissman2022_rpe1	NFYC	ulm	116	11413	560019.0	0.42300446858845175	0.5769955314115482	0.020092526744694243	0.010061583832075635	1.996954662410172	0.0021313350176914575	0.00519249957126178	True	-0.15381051607352192	6.151006726729148
ReplogleWeissman2022_rpe1	MYBL2	ulm	888	11413	4776463.0	0.4712958709169171	0.5287041290830828	0.07719684905749041	0.07218925290626778	1.0693676129011145	0.0021586795970414143	0.00519249957126178	True	-0.1263148976599414	6.138258541870672
ReplogleWeissman2022_rpe1	NRF1	ulm	53	11413	236395.0	0.3908072390141001	0.6091927609858999	0.006876439840473123	0.004622361765218908	1.4876464002049967	0.003005100743167218	0.007006238870952915	True	-0.22494552504117415	5.807444186376483
ReplogleWeissman2022_rpe1	SUPT16H	ulm	29	11413	116807.0	0.35291576151817194	0.6470842384818281	0.00516353320154234	0.0025345219367243488	2.037280927311981	0.003070149617608581	0.007006238870952915	True	-0.3118108773153876	5.786028983193173
ReplogleWeissman2022_rpe1	CTDP1	ulm	21	11413	79872.0	0.3332540586549173	0.6667459413450827	0.004325909133083586	0.0018366276018891028	2.3553545251275105	0.004091441993637558	0.009103458435843566	True	-0.34815940297157777	5.498857805382547
ReplogleWeissman2022_rpe1	CDK9	ulm	27	11413	113382.0	0.3679429889891644	0.6320570110108357	0.005272981770581273	0.00236013986013986	2.2341819057573984	0.008796213064135961	0.019094218602636596	True	-0.27424788128558464	4.733433983738975
ReplogleWeissman2022_rpe1	CDK7	ulm	3	11413	4798.0	0.14013259733052952	0.8598674026694705	0.0012952034265956995	0.0002627890679747723	4.928680772672168	0.012403713730076532	0.02628406004706694	True	-0.7056653875076118	4.389759356849619
ReplogleWeissman2022_rpe1	GTF2H1	ulm	19	11413	77857.0	0.3590411672746222	0.6409588327253777	0.0043540637767379075	0.001662001399580126	2.6197714260877767	0.016729392326449547	0.034625951559395574	True	-0.3049273384302156	4.090588087031032
ReplogleWeissman2022_rpe1	POLR2H	ulm	15	11413	60149.0	0.35134787815064694	0.6486521218493531	0.0029250412725237763	0.001312565628281414	2.2284914441601145	0.023133908101054024	0.04679358684076837	True	-0.2619448627544435	3.766455854579253
ReplogleWeissman2022_rpe1	SUPT5H	ulm	7	11413	23256.0	0.29109661914358315	0.7089033808564169	0.0012354676363093852	0.0006129597197898424	2.0155772009504545	0.027190433979805882	0.05377663609339386	True	-0.42166579301065577	3.6048900594571935
ReplogleWeissman2022_rpe1	GABPB1	ulm	48	11413	230239.0	0.420279140745933	0.579720859254067	0.005163260493250831	0.004188116220225111	1.2328360106905787	0.02811913413530491	0.05440441169656819	True	-0.14252562513148362	3.5713050042881123
ReplogleWeissman2022_rpe1	GABPA	ulm	67	11413	333780.0	0.4365014496430491	0.563498550356951	0.007364514535236912	0.0058362369337979095	1.2618601024555187	0.036315998501844096	0.06876859290774734	True	-0.12386178987764482	3.3154969047259564
ReplogleWeissman2022_rpe1	HSF1	ulm	19	11413	85042.0	0.392175128085701	0.6078248719142989	0.009352301763393942	0.001662001399580126	5.627132303111555	0.0519046218319316	0.09623981964670651	True	-0.442853435638233	2.9583474401368712
ReplogleWeissman2022_rpe1	CDC6	ulm	84	11413	432996.0	0.45165287704497376	0.5483471229550263	0.008238258963763468	0.007306253805340524	1.127562658409388	0.06309841109998789	0.11460731812038616	False	-0.09544414830218295	2.76305969041781
ReplogleWeissman2022_rpe1	KAT5	ulm	33	11413	160092.0	0.4250655154010976	0.5749344845989024	0.006513834682838643	0.0028831032675170364	2.259313690296094	0.06825226477845764	0.11963240494047302	False	-0.2939761979201876	2.6845446619004854
ReplogleWeissman2022_rpe1	DNMT1	ulm	112	11413	587036.0	0.4592475998548022	0.5407524001451979	0.01526524681914197	0.009718004338394794	1.5708211570590285	0.06855340058386655	0.11963240494047302	False	-0.1107469985324509	2.6801422668538666
ReplogleWeissman2022_rpe1	VHL	ulm	62	11413	317505.0	0.44870309183359103	0.551296908166409	0.006524650394715513	0.0054030501089324615	1.2075865045058147	0.08145847395431682	0.13941931119104226	False	-0.09802624963541604	2.5076619106187032
ReplogleWeissman2022_rpe1	STAT5A	ulm	95	11413	498143.0	0.45944191065590023	0.5405580893440998	0.008883396154782635	0.008255126868265555	1.0761065573604058	0.0863373057184057	0.1449815133761907	False	-0.056029508853435994	2.449493494826932
ReplogleWeissman2022_rpe1	ACTL6A	ulm	15	11413	68615.0	0.4008002570168521	0.5991997429831479	0.002841207693840567	0.001312565628281414	2.1646214350140003	0.09177015219675055	0.15125080639834812	False	-0.3835542127371454	2.388468173693938
ReplogleWeissman2022_rpe1	RBBP4	ulm	54	11413	276440.0	0.4485463295592096	0.5514536704407903	0.005090518782111834	0.004709165431237464	1.0809810902680816	0.09566896783509726	0.15480978431497558	False	-0.11757358960453212	2.3468612981545123
ReplogleWeissman2022_rpe1	POLR2A	ulm	10	11413	45640.0	0.3998948567423114	0.6001051432576886	0.0017605609515719996	0.0008754267705506435	2.011088774980695	0.13653482330539862	0.21699284418179424	False	-0.17162401720335385	1.9911755811031562
ReplogleWeissman2022_rpe1	RAD51	ulm	22	11413	109784.0	0.43723664401838414	0.5627633559816159	0.0033366231730948353	0.0019239177962396153	1.7342857265608835	0.15416665180052075	0.24071635105695344	False	-0.11437335871258525	1.869721107126826
ReplogleWeissman2022_rpe1	GTF2F1	ulm	39	11413	202471.0	0.45488163520232217	0.5451183647976778	0.0053789787641749	0.003405518686692281	1.579488841213614	0.16494654142791104	0.2531076239152428	False	-0.11864288225272701	1.8021338489240855
ReplogleWeissman2022_rpe1	ZBTB17	ulm	279	11413	1543311.0	0.4846736743328915	0.5153263256671086	0.028196331774505454	0.02386247006500171	1.1816183193817842	0.19048258478903185	0.2854801427309648	False	-0.043336353488058865	1.6581945070245798
ReplogleWeissman2022_rpe1	ERCC2	ulm	94	11413	509096.0	0.47453911273258753	0.5254608872674125	0.010389367774879824	0.00816894064482489	1.2718133509100227	0.19722652725368445	0.2854801427309648	False	-0.058708293549115	1.623402326318534
ReplogleWeissman2022_rpe1	CCND1	ulm	60	11413	320722.0	0.468357720727825	0.531642279272175	0.006135720643499495	0.005229669659199861	1.1732520490478284	0.19856111831067003	0.2854801427309648	False	-0.08439404803789086	1.6166583254371976
ReplogleWeissman2022_rpe1	RAD51D	ulm	123	11413	670832.0	0.4778689826677466	0.5221310173322534	0.011314727765118101	0.010662274618585299	1.0611926788488	0.1988738072957283	0.2854801427309648	False	-0.04094378758813377	1.6150847895980929
ReplogleWeissman2022_rpe1	LIN52	ulm	27	11413	141627.0	0.4596025974278844	0.5403974025721157	0.0024112343620359845	0.00236013986013986	1.0216489296922837	0.23384774707079597	0.3303563411000134	False	-0.0672913387287288	1.4530850289349224
ReplogleWeissman2022_rpe1	MYB	ulm	66	11413	361013.0	0.47926872333251025	0.5207312766674898	0.006398532297225859	0.005749629758689781	1.112859882422055	0.28038229524742475	0.38990662932845005	False	-0.04681817262593446	1.271601266872869
ReplogleWeissman2022_rpe1	POLR2G	ulm	8	11413	41016.0	0.44922456847454656	0.5507754315254534	0.0018615225844492642	0.0007004640574380527	2.6575561796243807	0.31257532113902536	0.4279877474057424	False	-0.019397057404454854	1.1629098112032958
ReplogleWeissman2022_rpe1	SP1	ulm	190	11413	1064436.0	0.49086959930273416	0.5091304006972658	0.016418418917940217	0.0163750754115315	1.002646919499265	0.3327410380458989	0.44869624827401516	False	-0.009758804128172205	1.1003907550646603
ReplogleWeissman2022_rpe1	POLR2D	ulm	74	11413	412679.0	0.4886307932395727	0.5113692067604273	0.006406155243462411	0.0064420649429790195	0.994425747049361	0.3678061622523242	0.4885783349321919	False	-0.005074754949374594	1.0001992125957595
ReplogleWeissman2022_rpe1	NANOG	ulm	72	11413	402540.0	0.48986535821723765	0.5101346417827624	0.006675195312324082	0.006269046582498911	1.0647863633616956	0.3832598132364988	0.5016194614418882	False	-0.036443143078764006	0.9590421562442631
ReplogleWeissman2022_rpe1	E2F6	ulm	156	11413	884194.0	0.49661879053800545	0.5033812094619946	0.014615099964333815	0.01348431152217132	1.083859560816525	0.44224274684995424	0.5632438640503203	False	-0.038903324877922474	0.8158963466421277
ReplogleWeissman2022_rpe1	STAT5B	ulm	171	11413	969588.0	0.4968111156714181	0.5031888843285819	0.014639296926125738	0.014761740331491713	0.9917053543405879	0.44300079194969016	0.5632438640503203	False	0.010070477840303904	0.8141837212417818
ReplogleWeissman2022_rpe1	RBMX	ulm	27	11413	153568.0	0.4983530801457727	0.5016469198542273	0.004427285249770032	0.00236013986013986	1.8758571576803396	0.48820137116002726	0.6103212121700164	False	-0.05419764564415915	0.7170273124241341
ReplogleWeissman2022_rpe1	MED1	ulm	52	11413	296364.0	0.49936981444911	0.50063018555089	0.004293510137897337	0.00453554295682512	0.9466364179037109	0.4937430031038335	0.6103212121700164	False	0.00181479933065741	0.7057401337961587
ReplogleWeissman2022_rpe1	CCNK	ulm	346	11413	1978216.0	0.5009539370224301	0.4990460629775699	0.030258881575355893	0.029424270771324094	1.0283647064873118	0.5241460954072551	0.6390274313869274	False	0.011517465882824207	0.6459848254917179
ReplogleWeissman2022_rpe1	POLR2L	ulm	15	11413	86967.0	0.5079996495224743	0.49200035047752566	0.001437703502123031	0.001312565628281414	1.0953383748174665	0.5427207656389288	0.6497271581846101	False	0.03628764100050175	0.6111603350757497
ReplogleWeissman2022_rpe1	TNRC6A	ulm	111	11413	637586.0	0.5032873055303617	0.49671269446963834	0.010266301089243634	0.009632072197153766	1.065845529301294	0.5475228861106265	0.6497271581846101	False	0.011280720389561405	0.6023510170498239
ReplogleWeissman2022_rpe1	BTF3	ulm	109	11413	628292.0	0.5050509759914856	0.49494902400851437	0.011327621838672787	0.009460163166116994	1.1974023745430078	0.5723063200182921	0.6702008221266842	False	0.013750389080431441	0.5580809064369114
ReplogleWeissman2022_rpe1	GATA1	ulm	64	11413	371143.0	0.5081143761500044	0.4918856238499956	0.005843765583483048	0.005576370131567482	1.047951525025546	0.5887199617502564	0.6804685272178288	False	0.024328892951235775	0.5298046553348236
ReplogleWeissman2022_rpe1	TGS1	ulm	63	11413	371326.0	0.5164341971491713	0.4835658028508287	0.006053951203014224	0.0054897176716626	1.1027800635839877	0.6738694050684569	0.7689022698858035	False	0.028694531938193213	0.39471894786995104
ReplogleWeissman2022_rpe1	SSRP1	ulm	8	11413	52120.0	0.5708402698676948	0.42915973013230524	0.0006704363782995312	0.0007004640574380527	0.9571317345698682	0.7526078219297493	0.8478746348322492	False	0.10402415757612726	0.2842110076669377
ReplogleWeissman2022_rpe1	ATF4	ulm	49	11413	296582.0	0.530333293397969	0.4696667066020309	0.0039045183441373003	0.004274995637759554	0.9133385563367701	0.7685131323966399	0.8549708597912619	False	0.07330135973620944	0.26329762779992677
ReplogleWeissman2022_rpe1	FOXO1	ulm	65	11413	406832.0	0.5484056642560103	0.45159433574398966	0.0050337698318238516	0.005663007492594529	0.8888863096872949	0.911174562851838	0.9999999999999951	False	0.12393845862049992	0.09302078333645791
ReplogleWeissman2022_rpe1	USF2	ulm	104	11413	648239.0	0.5461375017692375	0.45386249823076247	0.018437689165888355	0.009030129373968916	2.0417967896493865	0.947648635794601	0.9999999999999951	False	0.10823235325965608	0.053771482777580655
ReplogleWeissman2022_rpe1	BRCA1	ulm	14	11413	101783.0	0.6370116784118361	0.36298832158816385	0.0010453306474375761	0.0012251684606633412	0.853213807733513	0.9620303293073739	0.9999999999999951	False	0.3408274378431304	0.038709301466864424
ReplogleWeissman2022_rpe1	LIN54	ulm	161	11413	1006039.0	0.5475063034253735	0.45249369657462635	0.01207062092441361	0.013910489027129774	0.8677351961438703	0.9809354844998265	0.9999999999999951	False	0.1525069936573279	0.019248586615243514
ReplogleWeissman2022_rpe1	YBX1	ulm	29	11413	203648.0	0.6152935098209241	0.3847064901790759	0.0019604206953297825	0.0025345219367243488	0.7734873653780473	0.9841423080421312	0.9999999999999951	False	0.4371174629856177	0.015984770392600253
ReplogleWeissman2022_rpe1	ETV4	ulm	71	11413	482125.0	0.5949787924074721	0.4050212075925279	0.004806635630661606	0.006182514803204459	0.7774563884861674	0.9971420944144213	0.9999999999999951	False	0.1956895701829775	0.002861997195228934
ReplogleWeissman2022_rpe1	HMGA1	ulm	69	11413	501860.0	0.6372849674347966	0.36271503256520343	0.004649456518877043	0.006009406026824595	0.7736965181122638	0.9999589750927912	0.9999999999999951	False	0.24312734386523527	4.102574875333071e-05
ReplogleWeissman2022_rpe1	NPM1	ulm	43	11413	356663.0	0.7267579402517326	0.2732420597482675	0.0024020633612337125	0.003753491620111732	0.6399543689835677	0.9999998634129468	0.9999999999999951	False	0.4844126839934092	1.3658706255129287e-07
ReplogleWeissman2022_rpe1	HDAC7	ulm	95	11413	791816.0	0.7302992432452374	0.26970075675476257	0.005259331320017332	0.008255126868265555	0.6370987876922047	0.9999999999999951	0.9999999999999951	False	0.8683148945141226	4.884981308350701e-15
ReplogleWeissman2022_rpe1	RUVBL1	viper	111	11413	170853.0	0.13486517271674547	0.8651348272832544	0.0684011793465423	0.009632072197153766	7.101398115221203	1.941933198487444e-40	1.7283205466538254e-38	True	-1.9444850991675393	91.43971974879152
ReplogleWeissman2022_rpe1	ELL	viper	164	11413	468476.0	0.25029010563478105	0.749709894365219	0.05721098367589741	0.014166018830439666	4.038607061072343	1.9440641671435954e-28	8.651085543788999e-27	True	-1.0337437415797281	63.80760189054986
ReplogleWeissman2022_rpe1	CLOCK	viper	715	11413	3091351.0	0.3788283389264726	0.6211716610735273	0.08934312933002406	0.05895448548812665	1.5154594021182262	6.6042231768765975e-28	1.9592528758067238e-26	True	-0.38388152100267375	62.58467328414947
ReplogleWeissman2022_rpe1	MYC	viper	86	11413	194688.0	0.1983539782255649	0.8016460217744352	0.030155816473936465	0.0074789112096704065	4.0321131817883185	2.373806828956584e-22	5.2817201944284e-21	True	-1.5779869697407833	49.792377122429194
ReplogleWeissman2022_rpe1	RUVBL2	viper	60	11413	101076.0	0.14760360991851398	0.852396390081486	0.03219233110729369	0.005229669659199861	6.1557102465663425	2.038765539507386e-21	3.629002660323147e-20	True	-1.8084013339498257	47.64194245587495
ReplogleWeissman2022_rpe1	ATR	viper	155	11413	509768.0	0.28816488271721835	0.7118351172827816	0.02928172450814303	0.013399031811894882	2.1853612200657975	5.728527031641368e-20	8.497315096934697e-19	True	-0.7541335736334327	44.306243424741275
ReplogleWeissman2022_rpe1	SRF	viper	95	11413	278383.0	0.2567552237291731	0.7432447762708267	0.022522318674618597	0.008255126868265555	2.7282825611316928	1.4364157337131175e-16	1.8263000042923923e-15	True	-0.9645722841517391	36.47921055102133
ReplogleWeissman2022_rpe1	MAX	viper	87	11413	256413.0	0.25823848787075837	0.7417615121292416	0.016890966894605945	0.007565217391304348	2.232714014804234	3.580795522848414e-15	3.983635019168861e-14	True	-1.1139558397947606	33.2631914060976
ReplogleWeissman2022_rpe1	MNAT1	viper	73	11413	213763.0	0.2565723538046616	0.7434276461953384	0.014164747502268014	0.0063555632944454115	2.2287162987815123	3.4465686741489084e-13	3.408273466658365e-12	True	-0.8604266290841884	28.69622706001259
ReplogleWeissman2022_rpe1	CCNH	viper	62	11413	178898.0	0.2528214854028937	0.7471785145971064	0.015519012146142173	0.0054030501089324615	2.8722687802738944	8.865646792051974e-12	7.890425644926257e-11	True	-0.8784036019029727	25.448837218877493
ReplogleWeissman2022_rpe1	NELFE	viper	82	11413	267908.0	0.2862674784637972	0.7137325215362028	0.013408539276246773	0.0071335363201391905	1.8796482802494714	1.1925636672506054e-11	9.648924216845808e-11	True	-0.7492490813880678	25.152330690851354
ReplogleWeissman2022_rpe1	NELFB	viper	145	11413	598580.0	0.3617048918807047	0.6382951081192952	0.02445878131451292	0.012545423083578474	1.949617892642347	4.957224585900817e-09	3.676608234543106e-08	True	-0.5039093665151618	19.122419812115492
ReplogleWeissman2022_rpe1	GTF2H4	viper	56	11413	179786.0	0.2812988947440888	0.7187011052559112	0.013770176473511907	0.0048827273519923275	2.8201813209769293	7.780712836423095e-09	5.326795711089657e-08	True	-0.8179245235748972	18.67161787873445
ReplogleWeissman2022_rpe1	POLR2I	viper	142	11413	597749.0	0.3688337860334706	0.6311662139665294	0.01838595235264467	0.012289052358286456	1.4961245030620365	3.7064889595448316e-08	2.3562679814249286e-07	True	-0.48555164329695893	17.11059568751616
ReplogleWeissman2022_rpe1	TRRAP	viper	16	11413	21029.0	0.11515924822570753	0.8848407517742923	0.008514549653978675	0.0013999475019686762	6.082049249707642	4.951225417158529e-08	2.937727080847394e-07	True	-1.6654931394199846	16.82104563898752
ReplogleWeissman2022_rpe1	GTF2F2	viper	61	11413	211194.0	0.30335553503123414	0.6966444649687659	0.011469386096870128	0.005316367439428272	2.157372722548981	5.605852368219123e-08	3.118255379821887e-07	True	-0.7055832192244442	16.6968696261589
ReplogleWeissman2022_rpe1	POLR2E	viper	82	11413	319847.0	0.3417658083529052	0.6582341916470946	0.011188029180900994	0.0071335363201391905	1.5683706760299627	3.794606095943928e-07	1.9865878972882917e-06	True	-0.5599056822543187	14.784515041033053
ReplogleWeissman2022_rpe1	POLR2K	viper	20	11413	46702.0	0.20460001752387627	0.7953999824761238	0.006178720006802326	0.0017493221376716523	3.532065291888549	2.4145494921579563e-06	1.1938605822336561e-05	True	-1.0552113229585929	12.933997833951837
ReplogleWeissman2022_rpe1	HDAC3	viper	59	11413	223236.0	0.3315220377594982	0.6684779622405018	0.01190527816252698	0.005142956764295677	2.3148703572967713	3.8900075256969075e-06	1.8221614199317095e-05	True	-0.5609039139495808	12.457099465709335
ReplogleWeissman2022_rpe1	CHEK1	viper	55	11413	208010.0	0.3313765004819066	0.6686234995180933	0.009433340447754188	0.004795953958841995	1.9669372409971824	7.751878337221456e-06	3.388600709806127e-05	True	-0.5686056281150857	11.767575377871845
ReplogleWeissman2022_rpe1	NELFCD	viper	104	11413	447845.0	0.3773067487143541	0.622693251285646	0.01295104777082867	0.009030129373968916	1.4342040113137864	7.995574708531311e-06	3.388600709806127e-05	True	-0.42142525074519077	11.736622330768254
ReplogleWeissman2022_rpe1	NELFA	viper	52	11413	194718.0	0.32809751363155376	0.6719024863684463	0.0073637007812001375	0.00453554295682512	1.6235544126242225	9.171306902864614e-06	3.71021051979523e-05	True	-0.5886942932566157	11.599430762454466
ReplogleWeissman2022_rpe1	TFDP1	viper	167	11413	775793.0	0.4070329506587456	0.5929670493412544	0.01939428388189782	0.014421416234887737	1.344825193726807	1.8023316842120062e-05	6.974239995429067e-05	True	-0.34276613575739534	10.923844258231302
ReplogleWeissman2022_rpe1	GTF2H2	viper	46	11413	171868.0	0.3273688661671092	0.6726311338328909	0.007948431071575194	0.004014311894580679	1.9800232967213076	2.5876571494730833e-05	9.59589526262935e-05	True	-0.617121250891622	10.562172574127104
ReplogleWeissman2022_rpe1	SUPT4H1	viper	16	11413	45454.0	0.24891571015508632	0.7510842898449137	0.009116039135067996	0.0013999475019686762	6.511700704668258	0.0002540022804419814	0.0009042481183734537	True	-0.9301051728513267	8.278167312868003
ReplogleWeissman2022_rpe1	POLR2C	viper	18	11413	55144.0	0.2684268426842684	0.7315731573157315	0.010425919055375422	0.0015746653836059838	6.621037817888691	0.00033625060044939297	0.0011510116707690759	True	-0.8523223748180799	7.997653841326718
ReplogleWeissman2022_rpe1	NFYB	viper	79	11413	351804.0	0.3901879602097098	0.6098120397902902	0.011688116397235432	0.006874347372084928	1.7002510586965771	0.00037684497491745106	0.0012421926950982646	True	-0.3579368520677759	7.883676662200608
ReplogleWeissman2022_rpe1	CDK12	viper	64	11413	276735.0	0.37886483615175676	0.6211351638482433	0.009416675936184771	0.005576370131567482	1.6886748393686348	0.0004077811733441306	0.0012961615867009867	True	-0.4745656494173909	7.804779867284592
ReplogleWeissman2022_rpe1	MYBL2	viper	888	11413	4747929.0	0.46848040759588994	0.5315195924041101	0.08005704398642446	0.07218925290626778	1.1089883987353686	0.0008624147687699945	0.0026467211869148108	True	-0.16243516639392153	7.055774232759058
ReplogleWeissman2022_rpe1	ERCC3	viper	23	11413	82278.0	0.3134411940616917	0.6865588059383083	0.004160199959891723	0.0020111927247289264	2.0685237713618148	0.0009805453606243771	0.002854918721172028	True	-0.6635538098165874	6.9274016506499985
ReplogleWeissman2022_rpe1	POLR2F	viper	77	11413	349707.0	0.397936506672159	0.602063493327841	0.012694200848925133	0.0067014795474325504	1.8942385422616852	0.0009944098916441896	0.002854918721172028	True	-0.3484090128165097	6.913361070467901
ReplogleWeissman2022_rpe1	NRF1	viper	53	11413	230175.0	0.380524360667825	0.619475639332175	0.007456257998230709	0.004622361765218908	1.613084041654968	0.0013238178945815208	0.0036225190022895664	True	-0.42608941527333144	6.627235372783927
ReplogleWeissman2022_rpe1	ELOB	viper	132	11413	638982.0	0.4241455118963224	0.5758544881036777	0.013663504754434211	0.011433521004763967	1.1950391090147194	0.0013431812030961314	0.0036225190022895664	True	-0.2764890915166356	6.612714446420265
ReplogleWeissman2022_rpe1	GTF2H3	viper	66	11413	297715.0	0.395236426297497	0.604763573702503	0.012454546041655891	0.005749629758689781	2.166147485032848	0.001642790926894308	0.004300246838046865	True	-0.4084270098521021	6.411358698849211
ReplogleWeissman2022_rpe1	NF1	viper	63	11413	284942.0	0.3962927266177945	0.6037072733822054	0.010295552251126357	0.0054897176716626	1.8754247243480329	0.0022310648156653504	0.005524898502879356	True	-0.3737640080054236	6.105276311660901
ReplogleWeissman2022_rpe1	YY1	viper	86	11413	403566.0	0.41116515438331236	0.5888348456166875	0.011123908352047815	0.0074789112096704065	1.487370024886021	0.0022347904056590653	0.005524898502879356	True	-0.34026717230830633	6.1036078335426645
ReplogleWeissman2022_rpe1	POLR2B	viper	23	11413	86986.0	0.3313765004819066	0.6686234995180934	0.004346718798923224	0.0020111927247289264	2.161264181934173	0.0025677317883178222	0.0061764359232509775	True	-0.5943491121659021	5.964732342410527
ReplogleWeissman2022_rpe1	NFYC	viper	116	11413	570628.0	0.4310178652897331	0.5689821347102668	0.019861747580164534	0.010061583832075635	1.9740179987216977	0.005224811292061832	0.012237058026144818	True	-0.23656701548727527	5.254336598135276
ReplogleWeissman2022_rpe1	SUPT16H	viper	29	11413	122530.0	0.37020699323517947	0.6297930067648205	0.004098750491465736	0.0025345219367243488	1.6171690732189985	0.007801901406631104	0.017804339107440212	True	-0.4919106151366592	4.853387804912779
ReplogleWeissman2022_rpe1	CDK9	viper	27	11413	113803.0	0.36930920230666137	0.6306907976933386	0.005773592742555806	0.00236013986013986	2.4462926286977194	0.009398695350984455	0.020912097155940414	True	-0.5005776265976778	4.667184391787204
ReplogleWeissman2022_rpe1	ERCC2	viper	94	11413	461498.0	0.4301720136238817	0.5698279863761182	0.009826433948103362	0.00816894064482489	1.2029018663917594	0.009758478357821648	0.021183038386490896	True	-0.252949113919954	4.62961879667263
ReplogleWeissman2022_rpe1	CTDP1	viper	21	11413	85168.0	0.3553508321755058	0.6446491678244942	0.0038528189062981603	0.0018366276018891028	2.097768160695865	0.010895498639648563	0.023088080450683862	True	-0.5150604270366747	4.519405543881735
ReplogleWeissman2022_rpe1	GABPB1	viper	48	11413	224220.0	0.4092920353982301	0.5907079646017699	0.005714479858070543	0.004188116220225111	1.364451117778052	0.014916106640807437	0.030872871884461903	True	-0.2965124594714093	4.205313667267183
ReplogleWeissman2022_rpe1	CDK7	viper	3	11413	5648.0	0.1649580887292269	0.8350419112707731	0.0010192761427249744	0.0002627890679747723	3.8786854817827687	0.020226100008308733	0.040911884107715395	True	-1.0977525986908132	3.9007814289722718
ReplogleWeissman2022_rpe1	POLR2H	viper	15	11413	60370.0	0.3526388037033792	0.6473611962966208	0.0037871528142504533	0.001312565628281414	2.885305490750279	0.02409810078971514	0.04766068822854772	True	-0.4940237728567759	3.7256222469968474
ReplogleWeissman2022_rpe1	GTF2H1	viper	19	11413	81001.0	0.3735398691243135	0.6264601308756865	0.0031314842224643724	0.001662001399580126	1.8841646121690898	0.028208508632417383	0.05457733191924232	True	-0.45065121033030475	3.5681316219939605
ReplogleWeissman2022_rpe1	KAT5	viper	33	11413	158901.0	0.4219032522721299	0.5780967477278701	0.004551062450988233	0.0028831032675170364	1.5785291155761003	0.060358686970862635	0.11429623702993139	False	-0.35280152660782627	2.8074503986182564
ReplogleWeissman2022_rpe1	SUPT5H	viper	7	11413	26453.0	0.3311136423376851	0.668886357662315	0.001064502239073045	0.0006129597197898424	1.7366593671734534	0.06179239023846511	0.11457339023382072	False	-0.600941994327917	2.7839750574001827
ReplogleWeissman2022_rpe1	GABPA	viper	67	11413	342834.0	0.4483418359006684	0.5516581640993317	0.006766226128638234	0.0058362369337979095	1.159347402339805	0.0720902154429583	0.1309393709065977	False	-0.1538923944839376	2.6298369520424654
ReplogleWeissman2022_rpe1	STAT5A	viper	95	11413	498135.0	0.45943453218167646	0.5405654678183235	0.008953384904228525	0.008255126868265555	1.0845847734511775	0.08629825432457228	0.15361089269773864	False	-0.10144557888251446	2.449945909086077
ReplogleWeissman2022_rpe1	VHL	viper	62	11413	319666.0	0.4517570512403795	0.5482429487596205	0.006555759309219953	0.0054030501089324615	1.213344162472564	0.09471687424960912	0.16529023153363162	False	-0.1599187567844867	2.3568631082895024
ReplogleWeissman2022_rpe1	HSF1	viper	19	11413	90420.0	0.4169760245703192	0.5830239754296809	0.00603598879843847	0.001662001399580126	3.6317591549341364	0.10519336051531769	0.17879744999657676	False	-0.4510104907476593	2.2519550936425
ReplogleWeissman2022_rpe1	DNMT1	viper	112	11413	595486.0	0.46585816925561074	0.5341418307443893	0.01305416226244456	0.009718004338394794	1.3432966078095854	0.10647488595301763	0.17879744999657676	False	-0.14652878570403183	2.239846134288553
ReplogleWeissman2022_rpe1	RBBP4	viper	54	11413	278421.0	0.45176066279194294	0.5482393372080571	0.004972956733846871	0.004709165431237464	1.05601657161152	0.11028680850310557	0.18176899919956288	False	-0.10463053097049468	2.20467095640161
ReplogleWeissman2022_rpe1	POLR2A	viper	10	11413	44661.0	0.39131691930254975	0.6086830806974503	0.002171159828892745	0.0008754267705506435	2.4801158725441823	0.11703455444601657	0.1893831881035541	False	-0.3744179492683122	2.14528605064237
ReplogleWeissman2022_rpe1	CDC6	viper	84	11413	446917.0	0.46617370333746394	0.5338262966625361	0.007989186667873384	0.007306253805340524	1.0934723704826226	0.14231907963275386	0.22618568013062668	False	-0.11730713446380267	1.9496837025316829
ReplogleWeissman2022_rpe1	GTF2F1	viper	39	11413	201969.0	0.4537538164980555	0.5462461835019445	0.00668866115481191	0.003405518686692281	1.9640653216642563	0.15897363971879375	0.24822199885916918	False	-0.24161052169087527	1.8390168784383587
ReplogleWeissman2022_rpe1	ACTL6A	viper	15	11413	73317.0	0.42826601244195217	0.5717339875580478	0.00428687422498236	0.001312565628281414	3.2660265762065612	0.16810031736589165	0.25794703871662683	False	-0.48870455627364867	1.783194350610446
ReplogleWeissman2022_rpe1	RAD51	viper	22	11413	112544.0	0.44822889368582874	0.5517711063141713	0.0038195883960979835	0.0019239177962396153	1.985317877699111	0.20036946319426907	0.30225224108966015	False	-0.1536899989171047	1.6075923006524422
ReplogleWeissman2022_rpe1	RAD51D	viper	123	11413	680481.0	0.48474247381569585	0.5152575261843042	0.011360257720508832	0.010662274618585299	1.0654628704373161	0.27994571396780754	0.41340334202110296	False	-0.04055113833448612	1.2731595732961911
ReplogleWeissman2022_rpe1	CCND1	viper	60	11413	327729.0	0.47859020415315867	0.5214097958468413	0.005893458483874622	0.005229669659199861	1.1269274864248922	0.28334386363244135	0.41340334202110296	False	-0.09227370504149357	1.2610940530949566
ReplogleWeissman2022_rpe1	TNRC6A	viper	111	11413	614664.0	0.4851935085878834	0.5148064914121165	0.012323994527287179	0.009632072197153766	1.2794748912834004	0.29537836820801355	0.4240108833953743	False	-0.06396167674901926	1.2194981403813383
ReplogleWeissman2022_rpe1	TGS1	viper	63	11413	345803.0	0.48093722140861367	0.5190627785913864	0.006042275147370066	0.0054897176716626	1.1006531681145855	0.3006063975369069	0.42466618064737643	False	-0.05916648060749091	1.2019535193318263
ReplogleWeissman2022_rpe1	POLR2G	viper	8	11413	41103.0	0.4501774292473495	0.5498225707526504	0.0013215263314486183	0.0007004640574380527	1.8866440289343336	0.31583850983002626	0.4392129277323803	False	0.07371100760956885	1.1525242408648355
ReplogleWeissman2022_rpe1	STAT5B	viper	171	11413	960485.0	0.4921467926951056	0.5078532073048945	0.014822160794285756	0.014761740331491713	1.0040930446842466	0.3620141284431973	0.48969862353382637	False	-0.002904925469394304	1.0160720390693603
ReplogleWeissman2022_rpe1	NANOG	viper	72	11413	401050.0	0.48805212379645047	0.5119478762035494	0.00701059726426826	0.006269046582498911	1.1182876330572358	0.36314729385654543	0.48969862353382637	False	-0.0708011972391171	1.0129467588190897
ReplogleWeissman2022_rpe1	ZBTB17	viper	279	11413	1581442.0	0.4966486371731664	0.5033513628268336	0.026894737773186992	0.02386247006500171	1.1270726668247395	0.4240389588739859	0.5632756319370857	False	-0.01395283590058851	0.8579299438345088
ReplogleWeissman2022_rpe1	SP1	viper	190	11413	1078861.0	0.4975217549700941	0.5024782450299059	0.01618347185351897	0.0163750754115315	0.9882990732441085	0.45329304229628703	0.5932805994760227	False	-0.011137750759536519	0.7912164701575713
ReplogleWeissman2022_rpe1	MYB	viper	66	11413	375628.0	0.49867110604865794	0.5013288939513421	0.006239847680632256	0.005749629758689781	1.0852607806966315	0.48513467443400304	0.6257534206467575	False	-0.0028341722070330255	0.723328747345033
ReplogleWeissman2022_rpe1	BTF3	viper	109	11413	621429.0	0.4995341703529775	0.5004658296470225	0.013933170390301522	0.009460163166116994	1.4728255893307718	0.4933171301823016	0.6272174940889264	False	-0.010357812675115319	0.7066030456565336
ReplogleWeissman2022_rpe1	GATA1	viper	64	11413	367926.0	0.5037101331814597	0.49628986681854026	0.005743455837470465	0.005576370131567482	1.0299631663538833	0.5408381898282493	0.6680756756391409	False	0.01980924475343332	0.614635139460702
ReplogleWeissman2022_rpe1	SSRP1	viper	8	11413	46697.0	0.5114452816963112	0.4885547183036888	0.0007417961226388462	0.0007004640574380527	1.0590066895822827	0.5438102729178514	0.6680756756391409	False	-0.050397481476938955	0.6091548559768158
ReplogleWeissman2022_rpe1	POLR2D	viper	74	11413	425708.0	0.5040577245957076	0.4959422754042924	0.006145015609014743	0.0064420649429790195	0.9538891121723292	0.5479721833894078	0.6680756756391409	False	0.017696155206608	0.601530753560773
ReplogleWeissman2022_rpe1	POLR2L	viper	15	11413	87458.0	0.5108677239405357	0.4891322760594643	0.0014494100149535804	0.001312565628281414	1.104257176725968	0.5579378145442951	0.6710333174924631	False	0.042500410684932335	0.583507766280116
ReplogleWeissman2022_rpe1	RBMX	viper	27	11413	157545.0	0.511259090510821	0.48874090948917903	0.00276571304862567	0.00236013986013986	1.171842862084358	0.5802154391943268	0.6885223211772679	False	-0.0030367306404472383	0.544355797524218
ReplogleWeissman2022_rpe1	CCNK	viper	346	11413	1989921.0	0.5039180551130974	0.4960819448869026	0.0298981145100598	0.029424270771324094	1.0161038396641422	0.5982110426120938	0.7005366156904783	False	0.022530145403175564	0.5138116732239805
ReplogleWeissman2022_rpe1	ATF4	viper	49	11413	286422.0	0.512165682885789	0.487834317114211	0.004092328895831561	0.004274995637759554	0.9572708939596193	0.6157661049120773	0.7081759006144605	False	0.050795596629819154	0.4848880873709021
ReplogleWeissman2022_rpe1	LIN52	viper	27	11413	159415.0	0.517327543963836	0.4826724560361641	0.0021464171888473573	0.00236013986013986	0.9094449126079173	0.6223060975291169	0.7081759006144605	False	0.14053037485910694	0.4743231890793991
ReplogleWeissman2022_rpe1	E2F6	viper	156	11413	903810.0	0.5076363660872554	0.4923636339127446	0.015037292466530067	0.01348431152217132	1.1151694650338868	0.6286055747027233	0.7081759006144605	False	-0.012837009325741777	0.46425128621586365
ReplogleWeissman2022_rpe1	MED1	viper	52	11413	307765.0	0.5185803638226314	0.4814196361773686	0.004218904753140223	0.00453554295682512	0.9301873652837048	0.6783480601677765	0.7546622169366514	False	0.04381872110455645	0.3880947596881706
ReplogleWeissman2022_rpe1	FOXO1	viper	65	11413	405563.0	0.5466950643328458	0.45330493566715424	0.004915015312350074	0.005663007492594529	0.867916088540833	0.9032657206610049	0.9899569824621623	False	0.15715831657620039	0.10173850455449714
ReplogleWeissman2022_rpe1	BRCA1	viper	14	11413	96590.0	0.6045111464370204	0.3954888535629796	0.0010460470930783105	0.0012251684606633412	0.8537985809004182	0.9120951973246889	0.9899569824621623	False	0.3782645674796708	0.09201091132387806
ReplogleWeissman2022_rpe1	USF2	viper	104	11413	648481.0	0.5463413853298196	0.4536586146701804	0.008542060553000658	0.009030129373968916	0.9459510710471978	0.9484111769365308	0.9999993961427562	False	0.16268333249025735	0.05296713981548498
ReplogleWeissman2022_rpe1	YBX1	viper	29	11413	196795.0	0.5945881435870166	0.4054118564129834	0.0020840573736371918	0.0025345219367243488	0.8222684299709224	0.960984992984883	0.9999993961427562	False	0.43533097825027045	0.039796486174480616
ReplogleWeissman2022_rpe1	LIN54	viper	161	11413	997744.0	0.5429920005137434	0.45700799948625653	0.012403152023433384	0.013910489027129774	0.8916402578833416	0.9697021687502138	0.9999993961427562	False	0.18192780026577465	0.03076629715746867
ReplogleWeissman2022_rpe1	ETV4	viper	71	11413	459267.0	0.5667702878975421	0.43322971210245786	0.005117155816559109	0.006182514803204459	0.8276819351741522	0.97398345154521	0.9999993961427562	False	0.23746076977421515	0.02636096568392672
ReplogleWeissman2022_rpe1	HMGA1	viper	69	11413	489149.0	0.6211439535642675	0.3788560464357325	0.004705978505982854	0.006009406026824595	0.7831021044303642	0.9997448520817767	0.9999993961427562	False	0.3376678365693875	0.00025518047399123735
ReplogleWeissman2022_rpe1	NPM1	viper	43	11413	336317.0	0.6852997092259133	0.3147002907740867	0.002522752952057567	0.003753491620111732	0.6721083213667788	0.99998672087362	0.9999993961427562	False	0.6526582382088572	1.3279214548429486e-05
ReplogleWeissman2022_rpe1	HDAC7	viper	95	11413	698656.0	0.6443769109095353	0.3556230890904647	0.005952261794217776	0.008255126868265555	0.7210381971353491	0.9999993961427562	0.9999993961427562	False	0.6054376522407228	6.038574260857422e-07
ReplogleWeissman2022_rpe1	RUVBL1	z-aggregate	111	11413	179424.0	0.14163080981621243	0.8583691901837877	0.08780550526597389	0.009632072197153766	9.11595173590165	4.992583867410388e-39	4.4433996419952455e-37	True	-3.188666342296772	88.19286504192095
ReplogleWeissman2022_rpe1	ELL	z-aggregate	164	11413	497635.5	0.26586899192833163	0.7341310080716683	0.039103072636429315	0.014166018830439666	2.7603431214142815	3.1008446771787557e-25	1.3798758813445464e-23	True	-1.3761156895108837	56.432952773965745
ReplogleWeissman2022_rpe1	ATR	z-aggregate	155	11413	463170.0	0.26182367023456554	0.7381763297654345	0.031372569951563414	0.013399031811894882	2.341405736772165	8.553553366466268e-25	2.537554165384993e-23	True	-1.4190144220772276	55.41828052982247
ReplogleWeissman2022_rpe1	MYC	z-aggregate	86	11413	186499.0	0.1900107792215731	0.8099892207784268	0.03404253739638387	0.0074789112096704065	4.551803924663001	1.6940435844430214e-23	3.7692469753857225e-22	True	-3.685917751813438	52.43233881424928
ReplogleWeissman2022_rpe1	RUVBL2	z-aggregate	60	11413	109861.0	0.1604325476795467	0.8395674523204533	0.04932217067444195	0.005229669659199861	9.431221069131208	5.0774329901368656e-20	9.037830722443622e-19	True	-2.93890465449973	44.426896042908325
ReplogleWeissman2022_rpe1	NELFE	z-aggregate	82	11413	220701.5	0.23582596226382838	0.7641740377361717	0.019342214878345317	0.0071335363201391905	2.711448293007066	7.21292120781311e-17	1.0699166458256112e-15	True	-1.6208713675888746	37.16807255107296
ReplogleWeissman2022_rpe1	NELFB	z-aggregate	145	11413	510961.0	0.30875921891853514	0.6912407810814649	0.02728766536330148	0.012545423083578474	2.175109215648541	1.0867783967749648e-15	1.3817611044710267e-14	True	-1.2346303437424986	34.45555867436764
ReplogleWeissman2022_rpe1	MAX	z-aggregate	87	11413	253336.0	0.25513958170305895	0.744860418296941	0.01799272149491687	0.007565217391304348	2.3783482435809655	1.6194463982871287e-15	1.801634118094431e-14	True	-1.9456215466142712	34.0566920335216
ReplogleWeissman2022_rpe1	SRF	z-aggregate	95	11413	303645.0	0.2800546007092558	0.7199453992907442	0.030235707326026078	0.008255126868265555	3.6626581042937696	7.061963084986018e-14	6.675141594529073e-13	True	-1.1585423958399144	30.281468231698813
ReplogleWeissman2022_rpe1	POLR2I	z-aggregate	142	11413	518644.5	0.32002331169175746	0.6799766883082425	0.024971653331951907	0.012289052358286456	2.0320243257091852	7.500159094976486e-14	6.675141594529073e-13	True	-1.1423586348960522	30.221267068935827
ReplogleWeissman2022_rpe1	MNAT1	z-aggregate	73	11413	219477.5	0.2634312709971446	0.7365687290028554	0.012660390867007395	0.0063555632944454115	1.9920171164170815	1.4475917953635704e-12	1.1712333617032525e-11	True	-1.4078333219870345	27.261119770988216
ReplogleWeissman2022_rpe1	NELFCD	z-aggregate	104	11413	379385.0	0.31962960591498224	0.6803703940850176	0.023898270710272087	0.009030129373968916	2.6465036900981116	1.1279293751972301e-10	8.365476199379457e-10	True	-0.9979618465481027	22.90546738946547
ReplogleWeissman2022_rpe1	CLOCK	z-aggregate	715	11413	3512181.0	0.43039877847553304	0.5696012215244669	0.07196420751932135	0.05895448548812665	1.2206739983137473	2.002244803582798e-10	1.3707675962989926e-09	True	-0.3599137430873725	22.33158197701107
ReplogleWeissman2022_rpe1	CCNH	z-aggregate	62	11413	199643.5	0.28213935438648063	0.7178606456135194	0.01167342854963083	0.0054030501089324615	2.1605256872099	1.5229844182059543e-09	9.681829515737853e-09	True	-1.2820823990669845	20.302593994073277
ReplogleWeissman2022_rpe1	GTF2F2	z-aggregate	61	11413	195771.5	0.2812029135598893	0.7187970864401108	0.013530130498862918	0.005316367439428272	2.5449953662943137	1.7451487416719197e-09	1.0354549200586723e-08	True	-1.358965239817104	20.16642604614417
ReplogleWeissman2022_rpe1	GTF2H4	z-aggregate	56	11413	176935.0	0.2768381294513775	0.7231618705486225	0.011697911376016855	0.0048827273519923275	2.395774028063166	3.880491565881821e-09	2.158523433521763e-08	True	-1.3990998651955318	19.36730399909843
ReplogleWeissman2022_rpe1	NELFA	z-aggregate	52	11413	163397.5	0.27532284372072335	0.7246771562792765	0.010515324959625509	0.00453554295682512	2.3184269358097396	1.0577315438324964e-08	5.537535729476011e-08	True	-1.3183433241027904	18.364554182002273
ReplogleWeissman2022_rpe1	TRRAP	z-aggregate	16	11413	21129.0	0.11570686935950232	0.8842931306404976	0.008656571877722483	0.0013999475019686762	6.183497499405641	5.162118542499564e-08	2.552380834902562e-07	True	-2.2044028991342435	16.779333678467943
ReplogleWeissman2022_rpe1	POLR2K	z-aggregate	20	11413	43979.5	0.19267282922982565	0.8073271707701744	0.006062931201778459	0.0017493221376716523	3.4658746214966563	9.723212859771336e-07	4.554557602734995e-06	True	-1.8840016014096002	13.843579545973917
ReplogleWeissman2022_rpe1	POLR2E	z-aggregate	82	11413	326098.0	0.3484451833916394	0.6515548166083606	0.010901056416795262	0.0071335363201391905	1.528141994037336	1.0725084184616748e-06	4.772662462154453e-06	True	-0.9454807001811389	13.745510336793531
ReplogleWeissman2022_rpe1	NRF1	z-aggregate	53	11413	195213.0	0.3227253264648555	0.6772746735351445	0.009149306529721951	0.004622361765218908	1.9793575220715451	4.095357927157935e-06	1.735651692938363e-05	True	-0.8289377342937418	12.405656438579541
ReplogleWeissman2022_rpe1	GTF2H2	z-aggregate	46	11413	169054.5	0.3220097981325643	0.6779902018674356	0.007346554546511708	0.004014311894580679	1.8300906206190797	1.4982369693052763e-05	6.061049557644073e-05	True	-0.9518006805711172	11.10863640192853
ReplogleWeissman2022_rpe1	CHEK1	z-aggregate	55	11413	215162.0	0.34277020622416227	0.6572297937758377	0.026410171758782287	0.004795953958841995	5.506760904176641	2.7704004118677117e-05	0.0001072024507200984	True	-0.9664286523806468	10.493933602196927
ReplogleWeissman2022_rpe1	SUPT4H1	z-aggregate	16	11413	39783.0	0.21786011565758345	0.7821398843424165	0.0054076999147316335	0.0013999475019686762	3.86278764534174	4.6440378399673875e-05	0.00017221640323212395	True	-1.8052979180431445	9.977341253026653
ReplogleWeissman2022_rpe1	HDAC3	z-aggregate	59	11413	239366.0	0.355476285591661	0.644523714408339	0.010568259736277136	0.005142956764295677	2.054899588043581	6.267045648496695e-05	0.0002162634180681417	True	-0.7298866756977223	9.677620409807083
ReplogleWeissman2022_rpe1	TFDP1	z-aggregate	167	11413	788574.0	0.4137387190046438	0.5862612809953561	0.017770464670715143	0.014421416234887737	1.2322274304603673	6.317807718844589e-05	0.0002162634180681417	True	-0.6168842625278519	9.669553196917875
ReplogleWeissman2022_rpe1	POLR2C	z-aggregate	18	11413	51154.0	0.24900454647234635	0.7509954535276536	0.004273194736479318	0.0015746653836059838	2.7137160573719488	0.00011318256581664575	0.00037308327250672115	True	-1.5487247392732795	9.086508416276736
ReplogleWeissman2022_rpe1	SUPT16H	z-aggregate	29	11413	100430.5	0.3034364925659487	0.6965635074340514	0.005229565816987263	0.0025345219367243488	2.0633342095851126	0.00012422490261965478	0.0003948577261839027	True	-1.202132421695893	8.993416904379156
ReplogleWeissman2022_rpe1	GTF2H3	z-aggregate	66	11413	280918.0	0.37293729372937295	0.6270627062706271	0.010876339066397542	0.005749629758689781	1.8916590324723848	0.00018039450994147594	0.0005536245305100468	True	-0.8094700647541824	8.620364383495753
ReplogleWeissman2022_rpe1	ELOB	z-aggregate	132	11413	621957.5	0.41284493493597146	0.5871550650640286	0.015422173813337318	0.011433521004763967	1.3488560354165102	0.00027984834707933274	0.0008302167630020204	True	-0.5929539768779282	8.181262719096617
ReplogleWeissman2022_rpe1	ERCC2	z-aggregate	94	11413	429636.0	0.4004727718111672	0.5995272281888328	0.0135281924833436	0.00816894064482489	1.6560522436790936	0.0004360245761672652	0.0012518124928673096	True	-0.5835092526137047	7.737811948847707
ReplogleWeissman2022_rpe1	NF1	z-aggregate	63	11413	272536.5	0.3790393577916578	0.6209606422083422	0.029193658036335834	0.0054897176716626	5.317879676587143	0.0004540648006018341	0.001262867726673851	True	-0.5636975762485645	7.697270637505096
ReplogleWeissman2022_rpe1	MYBL2	z-aggregate	888	11413	4739400.0	0.467638847118388	0.5323611528816119	0.07761155760333222	0.07218925290626778	1.0751123536921054	0.0006461668400010301	0.0017426923866694446	True	-0.2783916377048956	7.344452821271196
ReplogleWeissman2022_rpe1	ERCC3	z-aggregate	23	11413	81084.5	0.3088945100743241	0.6911054899256761	0.00476496074672395	0.0020111927247289264	2.3692213521536996	0.0007540631378660289	0.0019738711550022522	True	-1.1952558321603801	7.190034456239234
ReplogleWeissman2022_rpe1	CDK12	z-aggregate	64	11413	282356.5	0.3865609666608254	0.6134390333391746	0.007437644768207002	0.005576370131567482	1.3337788906986214	0.0008553201836607963	0.002174957038451739	True	-0.8443839098115362	7.06403467531528
ReplogleWeissman2022_rpe1	POLR2B	z-aggregate	23	11413	82002.0	0.3123897614848057	0.6876102385151943	0.005076608515652661	0.0020111927247289264	2.5241780428262532	0.0009194508722118743	0.002243288294923568	True	-1.2552457613912313	6.991733944154365
ReplogleWeissman2022_rpe1	POLR2F	z-aggregate	77	11413	349167.0	0.3973220330882646	0.6026779669117355	0.010642182220126683	0.0067014795474325504	1.5880347234968257	0.0009326029990131689	0.002243288294923568	True	-0.5934359582438524	6.977530957840164
ReplogleWeissman2022_rpe1	YY1	z-aggregate	86	11413	396604.0	0.40407205980939725	0.5959279401906027	0.011883178417432923	0.0074789112096704065	1.5888914956053626	0.0010704135664871947	0.002507021247825272	True	-0.5562190117157406	6.839710194448659
ReplogleWeissman2022_rpe1	GTF2H1	z-aggregate	19	11413	66382.0	0.306123672451083	0.693876327548917	0.004024168969606745	0.001662001399580126	2.4212789295023325	0.0017148663677005959	0.00391341299295777	True	-1.1687333732579464	6.368420121108239
ReplogleWeissman2022_rpe1	SUPT5H	z-aggregate	7	11413	16025.5	0.2005920566772227	0.7994079433227772	0.0022989838473915646	0.0006129597197898424	3.7506279338873814	0.003030405890842321	0.006742653107124164	True	-1.8710876857650527	5.799058711058644
ReplogleWeissman2022_rpe1	CTDP1	z-aggregate	21	11413	79912.0	0.3334209527147405	0.6665790472852595	0.004498657386661158	0.0018366276018891028	2.4494118361468415	0.004107335379238166	0.008915923140297483	True	-1.1436541626893444	5.494980786947742
ReplogleWeissman2022_rpe1	POLR2H	z-aggregate	15	11413	52659.0	0.3075966003680014	0.6924033996319986	0.002905745233934207	0.001312565628281414	2.213790435560008	0.004928480524619825	0.0104436849212182	True	-0.9388052497079487	5.312724548450269
ReplogleWeissman2022_rpe1	GABPA	z-aggregate	67	11413	314774.5	0.4116469697425429	0.5883530302574571	0.008093425028343775	0.0058362369337979095	1.3867540197818886	0.006248385963258544	0.012932705830930473	True	-0.46119033491019235	5.075432094463669
ReplogleWeissman2022_rpe1	CDC6	z-aggregate	84	11413	411568.5	0.4293021116270919	0.570697888372908	0.008904224602247303	0.007306253805340524	1.2187127410956815	0.012657501121942945	0.025602672723930048	True	-0.3536111199255281	4.369505265481624
ReplogleWeissman2022_rpe1	CDK7	z-aggregate	3	11413	5297.5	0.15472122433482285	0.8452787756651772	0.0009986049549116042	0.0002627890679747723	3.8000247217569574	0.01912087335282214	0.037108751215820725	True	-1.9471422791953545	3.956974694953208
ReplogleWeissman2022_rpe1	CDK9	z-aggregate	27	11413	118595.0	0.38486001992529634	0.6151399800747037	0.0038960805820210842	0.00236013986013986	1.6507837725304149	0.01917980399918824	0.037108751215820725	True	-0.6870074395038454	3.953897428599485
ReplogleWeissman2022_rpe1	DNMT1	z-aggregate	112	11413	578273.0	0.45239216557559675	0.5476078344244032	0.015415421879559597	0.009718004338394794	1.5862744389457533	0.04121643562900699	0.07804814406343877	True	-0.28290969298635593	3.1889181791411447
ReplogleWeissman2022_rpe1	TGS1	z-aggregate	63	11413	314293.0	0.43711362286671146	0.5628863771332886	0.008062710103069422	0.0054897176716626	1.4686930340130901	0.0423320218033869	0.07849062376044655	True	-0.3513800300889044	3.162211462693934
ReplogleWeissman2022_rpe1	KAT5	z-aggregate	33	11413	156797.0	0.4163168529242305	0.5836831470757695	0.00707570843258435	0.0028831032675170364	2.4541987490715296	0.04817901409819268	0.08750882152528874	True	-0.7064467853532728	3.032831744889946
ReplogleWeissman2022_rpe1	GABPB1	z-aggregate	48	11413	236615.0	0.4319179152428517	0.5680820847571483	0.004953220328455785	0.004188116220225111	1.1826845455089947	0.05150250462124774	0.09140724274073256	True	-0.38671366471020385	2.966124839072727
ReplogleWeissman2022_rpe1	HSF1	z-aggregate	19	11413	85106.0	0.39247026705465143	0.6075297329453485	0.009012326005520849	0.001662001399580126	5.4225742576375975	0.05237943123345348	0.09140724274073256	True	-0.8593087625281821	2.949241298429385
ReplogleWeissman2022_rpe1	STAT5A	z-aggregate	95	11413	493489.0	0.455149483276227	0.544850516723773	0.008913918898661452	0.008255126868265555	1.0798039861662736	0.06577940384193114	0.11258397965253598	False	-0.044158205165060097	2.72144850117
ReplogleWeissman2022_rpe1	ACTL6A	z-aggregate	15	11413	68619.0	0.4008236221852274	0.5991763778147726	0.002611862728154003	0.001312565628281414	1.9898911504895966	0.09182177342773434	0.1541912799069501	False	-0.6178566528955565	2.3879058261705532
ReplogleWeissman2022_rpe1	VHL	z-aggregate	62	11413	319803.0	0.4519506618089728	0.5480493381910272	0.006912114407077441	0.0054030501089324615	1.2792985938905426	0.09560812239722832	0.15757634987691332	False	-0.1322793636180738	2.3474975002197707
ReplogleWeissman2022_rpe1	NFYC	z-aggregate	116	11413	617938.5	0.4667533544626968	0.5332466455373032	0.013093270573762597	0.010061583832075635	1.3013130728009397	0.10858418750910598	0.1757089579692806	False	-0.15227952632456634	2.220229485130361
ReplogleWeissman2022_rpe1	POLR2A	z-aggregate	10	11413	45165.0	0.39573293612547095	0.604267063874529	0.0016654459386645551	0.0008754267705506435	1.9024388957365213	0.12669381508130306	0.20135267039707094	False	-0.5279911231767872	2.0659820083058857
ReplogleWeissman2022_rpe1	GTF2F1	z-aggregate	39	11413	201154.5	0.4519239194171289	0.5480760805828709	0.003959705668372248	0.003405518686692281	1.1627320336974099	0.14946801331174664	0.23337988043413072	False	-0.30340818692204036	1.9006728668245862
ReplogleWeissman2022_rpe1	RAD51	z-aggregate	22	11413	110439.5	0.43984730331440225	0.5601526966855978	0.002373961762338342	0.0019239177962396153	1.23392057965177	0.16188073008969334	0.2484031892755639	False	-0.26193251582720817	1.82089544891735
ReplogleWeissman2022_rpe1	NFYB	z-aggregate	79	11413	424253.0	0.4705415875966447	0.5294584124033552	0.00936664953022832	0.006874347372084928	1.3625510936884033	0.18304179136250898	0.27611388866547965	False	-0.1819322903792945	1.6980407841115996
ReplogleWeissman2022_rpe1	CCND1	z-aggregate	60	11413	321916.0	0.47010134641782764	0.5298986535821724	0.00662382093828834	0.005229669659199861	1.2665849604163688	0.21181961458568815	0.3141990949687708	False	-0.2635218998149289	1.5520202411051962
ReplogleWeissman2022_rpe1	POLR2G	z-aggregate	8	11413	39184.0	0.42915973013230524	0.5708402698676946	0.0013224496178633992	0.0007004640574380527	1.8879621357022351	0.24380691087662654	0.35571827980360265	False	0.4921541388289079	1.4113787158370217
ReplogleWeissman2022_rpe1	STAT5B	z-aggregate	171	11413	952589.0	0.48810092932907634	0.5118990706709236	0.015031410065389059	0.014761740331491713	1.0182681532015605	0.29632898374937855	0.425375476672495	False	-0.0006907630447378355	1.2162850102551612
ReplogleWeissman2022_rpe1	SSRP1	z-aggregate	8	11413	42307.0	0.4633641461491282	0.5366358538508718	0.0010154166574580803	0.0007004640574380527	1.4496342056035918	0.35988102182979387	0.5084033482992326	False	-0.5055107405904217	1.0219817970747018
ReplogleWeissman2022_rpe1	ZBTB17	z-aggregate	279	11413	1574891.0	0.4945913089738891	0.5054086910261109	0.02672850275051068	0.02386247006500171	1.1201062873081393	0.378592890936275	0.5264807389582574	False	-0.040194725867410325	0.971293817624955
ReplogleWeissman2022_rpe1	RBBP4	z-aggregate	54	11413	303210.0	0.4919828266012442	0.5080171733987557	0.004528260649400535	0.004709165431237464	0.961584534568073	0.41933273057272324	0.570194355333847	False	0.2203823702998644	0.8690905678168322
ReplogleWeissman2022_rpe1	RAD51D	z-aggregate	123	11413	694920.0	0.49502813436966403	0.5049718656303359	0.010752234530132597	0.010662274618585299	1.008437215769184	0.4246124049826292	0.570194355333847	False	-0.017092901575675667	0.8565785144482082
ReplogleWeissman2022_rpe1	MYB	z-aggregate	66	11413	372514.0	0.4945370643259016	0.5054629356740984	0.006216909921764083	0.005749629758689781	1.0812713483625744	0.4390916057143635	0.570194355333847	False	0.008133958725176305	0.8230472186221045
ReplogleWeissman2022_rpe1	POLR2L	z-aggregate	15	11413	83723.0	0.489050497970151	0.5109495020298491	0.0015278712230036354	0.001312565628281414	1.164034155765703	0.44163150296150466	0.570194355333847	False	-0.05235505328494938	0.8172794483356569
ReplogleWeissman2022_rpe1	NANOG	z-aggregate	72	11413	406780.0	0.4950251662334375	0.5049748337665626	0.006345164871046637	0.006269046582498911	1.0121419242218144	0.44206079233747686	0.570194355333847	False	-0.026073335016529406	0.8163078671370302
ReplogleWeissman2022_rpe1	LIN52	z-aggregate	27	11413	152300.0	0.4942382143819102	0.5057617856180898	0.0022395053902387265	0.00236013986013986	0.9488867283085567	0.45875175790949385	0.5832700921992136	False	0.3393087769817318	0.779246047665399
ReplogleWeissman2022_rpe1	BTF3	z-aggregate	109	11413	619061.0	0.4976306593880952	0.5023693406119049	0.013863415225879248	0.009460163166116994	1.4654520204823915	0.4660206978419694	0.5841667902526096	False	-0.0015481753229320844	0.7635252298729597
ReplogleWeissman2022_rpe1	ATF4	z-aggregate	49	11413	278336.0	0.4977066968029655	0.5022933031970345	0.00419291204485034	0.004274995637759554	0.9807991399607059	0.4778833687404365	0.5853600833535333	False	0.07454341642339338	0.7383885747141158
ReplogleWeissman2022_rpe1	POLR2D	z-aggregate	74	11413	421095.0	0.49859572180609596	0.501404278193904	0.00646819315783836	0.0064420649429790195	1.0040558757309357	0.4833638026445429	0.5853600833535333	False	0.05325624090814851	0.7269856942683345
ReplogleWeissman2022_rpe1	FOXO1	z-aggregate	65	11413	370034.0	0.4988023104556882	0.5011976895443119	0.005687670341392486	0.005663007492594529	1.0043550796692762	0.48670388952990407	0.5853600833535333	False	0.009582797280804634	0.7200993705372994
ReplogleWeissman2022_rpe1	SP1	z-aggregate	190	11413	1085994.0	0.5008111710099747	0.4991888289900252	0.01637861697857559	0.0163750754115315	1.0002162779074346	0.5153250724833781	0.6115190860136087	False	0.06846284213145665	0.6629573687412373
ReplogleWeissman2022_rpe1	GATA1	z-aggregate	64	11413	371928.5	0.5091897671514939	0.4908102328485061	0.0055900076353813215	0.005576370131567482	1.002445587988616	0.6003283031027726	0.7030160391598259	False	0.07994901297674963	0.5102786015719616
ReplogleWeissman2022_rpe1	E2F6	z-aggregate	156	11413	901766.0	0.506488327525741	0.493511672474259	0.014132301071324922	0.01348431152217132	1.0480550711163974	0.6098119177483029	0.7048475412934929	False	-0.054009396405350296	0.4946047009188879
ReplogleWeissman2022_rpe1	RBMX	z-aggregate	27	11413	161753.0	0.5249147333612417	0.4750852666387583	0.020884087300008576	0.00236013986013986	8.848665137485115	0.6729156640265039	0.7678140269020365	False	-0.9461898516564254	0.3961352706719632
ReplogleWeissman2022_rpe1	TNRC6A	z-aggregate	111	11413	658051.0	0.5194416356249354	0.4805583643750646	0.010042286903218773	0.009632072197153766	1.0425884168711095	0.7599405419221269	0.8561355472287253	False	0.10212326980814854	0.2745150830752147
ReplogleWeissman2022_rpe1	CCNK	z-aggregate	346	11413	2039471.0	0.5164658595891816	0.4835341404108184	0.028307075282113167	0.029424270771324094	0.9620314978103142	0.8521601806710369	0.9480282009965286	False	0.19831434324215091	0.15998076434119954
ReplogleWeissman2022_rpe1	USF2	z-aggregate	104	11413	636145.0	0.5359483787044463	0.4640516212955536	0.018603469198310824	0.009030129373968916	2.060155334201401	0.8969142288677499	0.9854983502374042	False	0.09682140710197529	0.108795041486584
ReplogleWeissman2022_rpe1	MED1	z-aggregate	52	11413	330963.0	0.557668717858852	0.4423312821411481	0.0037747390176518176	0.00453554295682512	0.8322573622572709	0.9246767770431688	0.9960643397298505	False	0.21867968132141358	0.0783110327582795
ReplogleWeissman2022_rpe1	BRCA1	z-aggregate	14	11413	97996.0	0.6133106357411974	0.3866893642588026	0.0010177173450735479	0.0012251684606633412	0.8306754358682451	0.9289139348042426	0.9960643397298505	False	0.5386201965374228	0.07373918729710978
ReplogleWeissman2022_rpe1	YBX1	z-aggregate	29	11413	205824.0	0.6218679847844412	0.3781320152155588	0.002053450635906987	0.0025345219367243488	0.8101924888292326	0.9884102733923815	0.9999999441825801	False	0.7385741471384313	0.011657410959354176
ReplogleWeissman2022_rpe1	LIN54	z-aggregate	161	11413	1015615.0	0.552717751849939	0.44728224815006096	0.012430590702129322	0.013910489027129774	0.8936127750710855	0.9893172449435749	0.9999999441825801	False	0.2907102133339647	0.010740225344687302
ReplogleWeissman2022_rpe1	ETV4	z-aggregate	71	11413	475713.0	0.5870658984133488	0.4129341015866512	0.004869745472440383	0.006182514803204459	0.7876641831761317	0.9943520524284938	0.9999999441825801	False	0.4241080078281442	0.005663957538151332
ReplogleWeissman2022_rpe1	HMGA1	z-aggregate	69	11413	473511.5	0.6012867350605781	0.39871326493942194	0.004852696451866968	0.006009406026824595	0.8075168211642976	0.998167523936921	0.9999999441825801	False	0.3350566976189213	0.0018341571012953318
ReplogleWeissman2022_rpe1	NPM1	z-aggregate	43	11413	331691.0	0.6758734939145283	0.32412650608547167	0.0025688313940298094	0.003753491620111732	0.6843844755815232	0.9999666024352925	0.9999999441825801	False	0.685759970297075	3.339812241863076e-05
ReplogleWeissman2022_rpe1	HDAC7	z-aggregate	95	11413	713242.0	0.6578297140380084	0.3421702859619916	0.006099418061172402	0.008255126868265555	0.7388642426102315	0.9999999441825801	0.9999999441825801	False	0.853168090020387	5.581742146613612e-08
ReplogleWeissman2022_rpe1	RUVBL1	zscore	111	11413	144513.0	0.11407333031796363	0.8859266696820364	0.10668089901846191	0.009632072197153766	11.07559171431311	6.188331201607916e-45	5.507614769431046e-43	True	-1.619766084562281	101.79366373024607
ReplogleWeissman2022_rpe1	CLOCK	zscore	715	11413	2983547.0	0.36561754201288066	0.6343824579871193	0.097379993344639	0.05895448548812665	1.6517826003968974	7.191441079005271e-34	3.200191280157346e-32	True	-0.28430264555496576	76.31500158191326
ReplogleWeissman2022_rpe1	ELL	zscore	164	11413	431942.0	0.23077128563277222	0.7692287143672278	0.056801419413973556	0.014166018830439666	4.0096953204608035	9.763053324656016e-33	2.896372486314618e-31	True	-0.7963735883647551	73.70670287666195
ReplogleWeissman2022_rpe1	MYC	zscore	86	11413	172748.0	0.17600084766657362	0.8239991523334265	0.03778193854046527	0.0074789112096704065	5.051796642753606	1.7167016268961253e-25	3.819661119843879e-24	True	-1.3510924252336918	57.024222533868766
ReplogleWeissman2022_rpe1	RUVBL2	zscore	60	11413	84266.0	0.12305557989427261	0.8769444201057275	0.05452942439540107	0.005229669659199861	10.426934768140608	3.1361255155832333e-24	5.582303417738156e-23	True	-1.548246548834769	54.119054106068084
ReplogleWeissman2022_rpe1	SRF	zscore	95	11413	232495.0	0.2144322955816774	0.7855677044183226	0.03740085864601924	0.008255126868265555	4.530621908404099	3.9370651717702707e-22	5.839980004792568e-21	True	-1.005521899934331	49.28643648038166
ReplogleWeissman2022_rpe1	ATR	zscore	155	11413	498632.0	0.28186985412786214	0.7181301458721379	0.035322139847206085	0.013399031811894882	2.636171056467613	4.646806683696387e-21	5.908082783556835e-20	True	-0.44855890129232445	46.818106703874925
ReplogleWeissman2022_rpe1	MAX	zscore	87	11413	253526.0	0.2553309343750976	0.7446690656249024	0.018185164347433263	0.007565217391304348	2.4037860919020977	1.7012541658840202e-15	1.8926452595459726e-14	True	-0.864621494379125	34.007410671210664
ReplogleWeissman2022_rpe1	MNAT1	zscore	73	11413	206911.0	0.24834813460737515	0.7516518653926249	0.01505541688186121	0.0063555632944454115	2.368856415137779	5.674567395756657e-14	5.611516646914917e-13	True	-0.5128736064627497	30.50019697127743
ReplogleWeissman2022_rpe1	CCNH	zscore	62	11413	173553.0	0.2452678467960984	0.7547321532039016	0.015413403870589574	0.0054030501089324615	2.852722732500248	2.1183866391117112e-12	1.885364108809423e-11	True	-0.5096324614606309	26.880366336253733
ReplogleWeissman2022_rpe1	NELFE	zscore	82	11413	261159.0	0.2790559759623707	0.7209440240376294	0.01415252033354975	0.0071335363201391905	1.9839417223677365	2.4985002450251533e-12	2.0215138346112605e-11	True	-0.449211152167998	26.715330466057527
ReplogleWeissman2022_rpe1	NELFB	zscore	145	11413	582424.0	0.35194227997715855	0.6480577200228413	0.022328948712173266	0.012545423083578474	1.779848201484818	4.2090400518604953e-10	3.1217047051298676e-09	True	-0.31102296865192436	21.588616324430966
ReplogleWeissman2022_rpe1	TFDP1	zscore	167	11413	690448.0	0.36225524942404685	0.637744750575953	0.022493332585658422	0.014421416234887737	1.5597173134246978	4.638161603151762e-10	3.1753567898500525e-09	True	-0.3657499547744747	21.49153284843001
ReplogleWeissman2022_rpe1	POLR2I	zscore	142	11413	577613.0	0.3564091109347754	0.6435908890652247	0.019148656562583286	0.012289052358286456	1.5581882153566893	1.924397335273e-09	1.22336687742355e-08	True	-0.3011838632513175	20.06865299080957
ReplogleWeissman2022_rpe1	TRRAP	zscore	16	11413	14666.0	0.0803141154823447	0.9196858845176553	0.01269600017579293	0.0013999475019686762	9.068911625571086	3.105519344774104e-09	1.8426081445659683e-08	True	-1.3917110193644597	19.590084874750683
ReplogleWeissman2022_rpe1	GTF2H4	zscore	56	11413	176649.0	0.27639064475347663	0.7236093552465234	0.013903155743536517	0.0048827273519923275	2.847415950403934	3.6870309537176753e-09	2.050910968005457e-08	True	-0.46991775609232245	19.418444322362767
ReplogleWeissman2022_rpe1	GTF2F2	zscore	61	11413	202206.0	0.2904453219150437	0.7095546780849563	0.017157998492332703	0.005316367439428272	3.2273913885414007	7.826431511872307e-09	4.097367085627267e-08	True	-0.436643293136844	18.665759176437472
ReplogleWeissman2022_rpe1	POLR2E	zscore	82	11413	305841.0	0.3267999905969444	0.6732000094030555	0.011861891382488304	0.0071335363201391905	1.662834651728086	3.0918419759845573e-08	1.528744088125698e-07	True	-0.35616522234800874	17.291913721912078
ReplogleWeissman2022_rpe1	POLR2K	zscore	20	11413	44969.0	0.19700779812494523	0.8029922018750548	0.007098794029287697	0.0017493221376716523	4.058025606842311	1.368774292908395e-06	6.4116269509919555e-06	True	-0.6225078309963057	13.501594895295522
ReplogleWeissman2022_rpe1	CHEK1	zscore	55	11413	202402.0	0.32244250973769945	0.6775574902623005	0.027434756737466023	0.004795953958841995	5.720396186641097	2.677658170493226e-06	1.1915578858694856e-05	True	-0.3484960132793943	12.830567962422254
ReplogleWeissman2022_rpe1	NELFA	zscore	52	11413	188945.0	0.3183700773072542	0.6816299226927458	0.007695225217938533	0.00453554295682512	1.6966491754551014	2.9970860749886447e-06	1.2701936222570924e-05	True	-0.36776061110192626	12.717870049658906
ReplogleWeissman2022_rpe1	GTF2H2	zscore	46	11413	170287.0	0.3243574261235281	0.675642573876472	0.0073177911670080946	0.004014311894580679	1.822925412668386	1.909440678463305e-05	7.72455547196519e-05	True	-0.3563258835847165	10.866115104298144
ReplogleWeissman2022_rpe1	NFYB	zscore	79	11413	340700.0	0.3778724461445809	0.6221275538554192	0.013029958414750516	0.006874347372084928	1.8954466088900372	8.943377600219788e-05	0.00034606982887807003	True	-0.23772827652098172	9.322012139505288
ReplogleWeissman2022_rpe1	SUPT4H1	zscore	16	11413	42742.0	0.23406422500657145	0.7659357749934286	0.012625264445011625	0.0013999475019686762	9.018384208877366	0.00011564446020960378	0.0004169331370782693	True	-0.5571526515332437	9.064990071777808
ReplogleWeissman2022_rpe1	CDK12	zscore	64	11413	267974.0	0.36687056426881626	0.6331294357311837	0.014129316588571202	0.005576370131567482	2.5337838513598703	0.00011711604974108688	0.0004169331370782693	True	-0.29888414924417295	9.052345236623646
ReplogleWeissman2022_rpe1	POLR2C	zscore	18	11413	53134.0	0.25864267842713473	0.7413573215728653	0.005929666185625032	0.0015746653836059838	3.7656674537710964	0.00019688153873482917	0.0006739406518230691	True	-0.5003008827415099	8.532908336314549
ReplogleWeissman2022_rpe1	NELFCD	zscore	104	11413	477250.0	0.4020802863131786	0.5979197136868214	0.013336246691599532	0.009030129373968916	1.4768610879533828	0.00028722907973390184	0.0009467921517154541	True	-0.20345696833203109	8.15523047336053
ReplogleWeissman2022_rpe1	ERCC3	zscore	23	11413	80405.0	0.3063059287844906	0.6936940712155094	0.004551317778959742	0.0020111927247289264	2.2629943530514613	0.0006534098433043804	0.002076909859074638	True	-0.379814046092813	7.33330599416578
ReplogleWeissman2022_rpe1	NF1	zscore	63	11413	276924.0	0.3851414218539427	0.6148585781460574	0.018225598785702516	0.0054897176716626	3.3199519311860644	0.00081844471714414	0.0025117786146837398	True	-0.3482293399510321	7.108104705102861
ReplogleWeissman2022_rpe1	MYBL2	zscore	888	11413	4747751.0	0.4684628442514187	0.5315371557485813	0.07772306477304988	0.07218925290626778	1.0766570042491967	0.0008572964749725342	0.0025433128757518515	True	-0.13435481033860974	7.0617267540662345
ReplogleWeissman2022_rpe1	POLR2F	zscore	77	11413	348861.0	0.3969738313907244	0.6030261686092756	0.016867349054610674	0.0067014795474325504	2.516958969317878	0.0009010062395926909	0.0025867598491532092	True	-0.2159471377188804	7.011998375193799
ReplogleWeissman2022_rpe1	POLR2B	zscore	23	11413	82978.0	0.31610787088712716	0.6838921291128728	0.004348654166317726	0.0020111927247289264	2.1622264802612827	0.0011373424116233293	0.0031632335823273848	True	-0.38265986113468586	6.779060955968853
ReplogleWeissman2022_rpe1	ELOB	zscore	132	11413	638774.0	0.4240074449922868	0.5759925550077132	0.014307485806849757	0.011433521004763967	1.2513630578793973	0.0013192756665946447	0.0035580464947552537	True	-0.16086951036227093	6.6306724304236395
ReplogleWeissman2022_rpe1	GTF2H3	zscore	66	11413	296155.0	0.393165422736964	0.606834577263036	0.012486130574828207	0.005749629758689781	2.171640801037167	0.0013597407664549944	0.003559321418073368	True	-0.2235617263726387	6.600461210303863
ReplogleWeissman2022_rpe1	NFYC	zscore	116	11413	560019.0	0.42300446858845175	0.5769955314115482	0.020092526744694243	0.010061583832075635	1.996954662410172	0.0021313350176914575	0.005419680473558277	True	-0.15362530077125858	6.151006726729148
ReplogleWeissman2022_rpe1	NRF1	zscore	53	11413	236395.0	0.3908072390141001	0.6091927609858999	0.006876439840473123	0.004622361765218908	1.4876464002049967	0.003005100743167218	0.0073849544855990185	True	-0.2247295382113884	5.807444186376483
ReplogleWeissman2022_rpe1	SUPT16H	zscore	29	11413	116807.0	0.35291576151817194	0.6470842384818281	0.00516353320154234	0.0025345219367243488	2.037280927311981	0.003070149617608581	0.0073849544855990185	True	-0.3116435862640734	5.786028983193173
ReplogleWeissman2022_rpe1	CTDP1	zscore	21	11413	79872.0	0.3332540586549173	0.6667459413450827	0.004325909133083586	0.0018366276018891028	2.3553545251275105	0.004091441993637558	0.009582587827203755	True	-0.34796401506929886	5.498857805382547
ReplogleWeissman2022_rpe1	YY1	zscore	86	11413	415548.0	0.42337277563936676	0.5766272243606332	0.01063862082918365	0.0074789112096704065	1.422482568776544	0.007097597612765648	0.016197081731695966	True	-0.18184228866350094	4.947998916592222
ReplogleWeissman2022_rpe1	CDK9	zscore	27	11413	113382.0	0.3679429889891644	0.6320570110108357	0.005272981770581273	0.00236013986013986	2.2341819057573984	0.008796213064135961	0.019571574067702515	True	-0.27409835222258483	4.733433983738975
ReplogleWeissman2022_rpe1	CDK7	zscore	3	11413	4798.0	0.14013259733052952	0.8598674026694705	0.0012952034265956995	0.0002627890679747723	4.928680772672168	0.012403713730076532	0.026925134682361254	True	-0.7052753312444515	4.389759356849619
ReplogleWeissman2022_rpe1	GTF2H1	zscore	19	11413	77857.0	0.3590411672746222	0.6409588327253777	0.0043540637767379075	0.001662001399580126	2.6197714260877767	0.016729392326449547	0.035450378977476424	True	-0.30475048549739725	4.090588087031032
ReplogleWeissman2022_rpe1	HDAC3	zscore	59	11413	284136.0	0.4219630602628284	0.5780369397371716	0.007986643972527002	0.005142956764295677	1.5529284686920297	0.019180726210208127	0.03969964262112845	True	-0.2004402843208304	3.953849347354777
ReplogleWeissman2022_rpe1	POLR2H	zscore	15	11413	60149.0	0.35134787815064694	0.6486521218493531	0.0029250412725237763	0.001312565628281414	2.2284914441601145	0.023133908101054024	0.04679358684076837	True	-0.2617913352980924	3.766455854579253
ReplogleWeissman2022_rpe1	SUPT5H	zscore	7	11413	23256.0	0.29109661914358315	0.7089033808564169	0.0012354676363093852	0.0006129597197898424	2.0155772009504545	0.027190433979805882	0.05377663609339386	True	-0.42145904471445905	3.6048900594571935
ReplogleWeissman2022_rpe1	GABPB1	zscore	48	11413	230239.0	0.420279140745933	0.579720859254067	0.005163260493250831	0.004188116220225111	1.2328360106905787	0.02811913413530491	0.05440441169656819	True	-0.14247322743332913	3.5713050042881123
ReplogleWeissman2022_rpe1	GABPA	zscore	67	11413	333780.0	0.4365014496430491	0.563498550356951	0.007364514535236912	0.0058362369337979095	1.2618601024555187	0.036315998501844096	0.06876859290774734	True	-0.12381357037612842	3.3154969047259564
ReplogleWeissman2022_rpe1	CDC6	zscore	84	11413	432996.0	0.45165287704497376	0.5483471229550263	0.008238258963763468	0.007306253805340524	1.127562658409388	0.06309841109998789	0.11699497058122754	False	-0.09541922686284218	2.76305969041781
ReplogleWeissman2022_rpe1	KAT5	zscore	33	11413	160234.0	0.42544254425442546	0.5745574557455745	0.00603019772221422	0.0028831032675170364	2.091564943286787	0.06924425433840828	0.125770176247313	False	-0.27133075743159774	2.6701151071993565
ReplogleWeissman2022_rpe1	LIN52	zscore	27	11413	129425.0	0.42000512735639345	0.5799948726436065	0.0026496909254294723	0.00236013986013986	1.1226838587745616	0.07520064459841314	0.13385714738517537	False	-0.20094988299018235	2.5875954762756717
ReplogleWeissman2022_rpe1	ACTL6A	zscore	15	11413	68615.0	0.4008002570168521	0.5991997429831479	0.002841207693840567	0.001312565628281414	2.1646214350140003	0.09177015219675055	0.1601479126570745	False	-0.38227558952482354	2.388468173693938
ReplogleWeissman2022_rpe1	VHL	zscore	62	11413	323371.0	0.45699301588737234	0.5430069841126277	0.00654594926071039	0.0054030501089324615	1.2115285123653503	0.12103458298383069	0.20715534395309484	False	-0.0852755927021176	2.1116789644375067
ReplogleWeissman2022_rpe1	HSF1	zscore	19	11413	92596.0	0.42701074951463475	0.5729892504853653	0.009383329373855406	0.001662001399580126	5.645801126416579	0.13542345055349514	0.22502961618852735	False	-0.35962595484416715	1.999348738866041
ReplogleWeissman2022_rpe1	POLR2A	zscore	10	11413	45640.0	0.3998948567423114	0.6001051432576886	0.0017605609515719996	0.0008754267705506435	2.011088774980695	0.13653482330539862	0.22502961618852735	False	-0.17151457172688755	1.9911755811031562
ReplogleWeissman2022_rpe1	STAT5A	zscore	95	11413	507277.0	0.4678662836008799	0.53213371639912	0.008678830206811261	0.008255126868265555	1.051326084420884	0.13998000629178275	0.2265131010903394	False	-0.025789286532647004	1.9662556787730179
ReplogleWeissman2022_rpe1	RAD51	zscore	22	11413	109784.0	0.43723664401838414	0.5627633559816159	0.0033366231730948353	0.0019239177962396153	1.7342857265608835	0.15416665180052075	0.24501485732582762	False	-0.11433402348883392	1.869721107126826
ReplogleWeissman2022_rpe1	GTF2F1	zscore	39	11413	202471.0	0.45488163520232217	0.5451183647976778	0.0053789787641749	0.003405518686692281	1.579488841213614	0.16494654142791104	0.2575481085453348	False	-0.11857561982718234	1.8021338489240855
ReplogleWeissman2022_rpe1	CCND1	zscore	60	11413	319280.0	0.4662519349280061	0.5337480650719939	0.00602133252457087	0.005229669659199861	1.1513791342400266	0.18322958477671997	0.28116263870910474	False	-0.08800666259089551	1.69701535082415
ReplogleWeissman2022_rpe1	RAD51D	zscore	123	11413	670832.0	0.4778689826677466	0.5221310173322534	0.011314727765118101	0.010662274618585299	1.0611926788488	0.1988738072957283	0.29999608219186136	False	-0.04092631087542864	1.6150847895980929
ReplogleWeissman2022_rpe1	ERCC2	zscore	94	11413	514483.0	0.47956044898408123	0.5204395510159188	0.009207793492634838	0.00816894064482489	1.1271710608483945	0.24710696921517672	0.361681499774015	False	-0.048310267135719176	1.3979339623578737
ReplogleWeissman2022_rpe1	DNMT1	zscore	112	11413	615261.0	0.4813284662853137	0.5186715337146862	0.012401592767227796	0.009718004338394794	1.2761460414491104	0.2478940616428642	0.361681499774015	False	-0.05822131041651568	1.3947537948754922
ReplogleWeissman2022_rpe1	NANOG	zscore	72	11413	392374.0	0.4774939883368868	0.5225060116631133	0.007075858221491025	0.006269046582498911	1.1286976621364504	0.2548144857264094	0.36578208434920056	False	-0.050677107321039916	1.3672195055405716
ReplogleWeissman2022_rpe1	MYB	zscore	66	11413	360895.0	0.47911207049908533	0.5208879295009147	0.006520467561603207	0.005749629758689781	1.134067380903685	0.27890351171507843	0.3940065482959045	False	-0.04898351442256721	1.2768893931225551
ReplogleWeissman2022_rpe1	SP1	zscore	190	11413	1058781.0	0.4882617698192735	0.5117382301807265	0.01652865777483945	0.0163750754115315	1.0093790324287484	0.2891567214511317	0.40210856576798004	False	-0.013995061490768013	1.2407864490968759
ReplogleWeissman2022_rpe1	POLR2G	zscore	8	11413	41016.0	0.44922456847454656	0.5507754315254534	0.0018615225844492642	0.0007004640574380527	2.6575561796243807	0.31257532113902536	0.4279877474057424	False	-0.01935619072650141	1.1629098112032958
ReplogleWeissman2022_rpe1	POLR2D	zscore	74	11413	412679.0	0.4886307932395727	0.5113692067604273	0.006406155243462411	0.0064420649429790195	0.994425747049361	0.3678061622523242	0.495981036976619	False	-0.005079897884532447	1.0001992125957595
ReplogleWeissman2022_rpe1	ZBTB17	zscore	279	11413	1581097.0	0.49654029062626504	0.503459709373735	0.02655286981767085	0.02386247006500171	1.1127460713555828	0.42161444218229854	0.5562261335400799	False	-0.017824433603990997	0.8636640266910827
ReplogleWeissman2022_rpe1	STAT5B	zscore	171	11413	967600.0	0.49579247631330436	0.5042075236866956	0.014658586462281518	0.014761740331491713	0.9930120794097608	0.4249817649519711	0.5562261335400799	False	0.008841591044719738	0.8557090169735709
ReplogleWeissman2022_rpe1	RBBP4	zscore	54	11413	304678.0	0.4943647757106094	0.5056352242893906	0.004568051477086552	0.004709165431237464	0.9700341905139165	0.44311176777972355	0.5715499613390637	False	0.014252215131053347	0.8139332432874969
ReplogleWeissman2022_rpe1	MED1	zscore	52	11413	296364.0	0.49936981444911	0.50063018555089	0.004293510137897337	0.00453554295682512	0.9466364179037109	0.4937430031038335	0.6277589610891597	False	0.0018108876165070405	0.7057401337961587
ReplogleWeissman2022_rpe1	CCNK	zscore	346	11413	1978216.0	0.5009539370224301	0.4990460629775699	0.030258881575355893	0.029424270771324094	1.0283647064873118	0.5241460954072551	0.6570282041020522	False	0.011513732542351995	0.6459848254917179
ReplogleWeissman2022_rpe1	E2F6	zscore	156	11413	894055.0	0.5021573464358008	0.4978426535641991	0.014717032847638563	0.01348431152217132	1.0914189295790417	0.5369360760032718	0.6616732622173241	False	-0.021291870250952805	0.621876230659041
ReplogleWeissman2022_rpe1	POLR2L	zscore	15	11413	86967.0	0.5079996495224743	0.49200035047752566	0.001437703502123031	0.001312565628281414	1.0953383748174665	0.5427207656389288	0.6616732622173241	False	0.03627101870271732	0.6111603350757497
ReplogleWeissman2022_rpe1	GATA1	zscore	64	11413	375349.0	0.5138726123718567	0.48612738762814334	0.005710607630311502	0.005576370131567482	1.0240725589544548	0.6492802113026613	0.7808910649450926	False	0.03333455306707056	0.43189089690323357
ReplogleWeissman2022_rpe1	RBMX	zscore	27	11413	161134.0	0.5229059779134255	0.4770940220865744	0.0035872654538835302	0.00236013986013986	1.5199376589787994	0.6597686940858356	0.7829255169818583	False	0.007131096535620607	0.41586596889466243
ReplogleWeissman2022_rpe1	TGS1	zscore	63	11413	371326.0	0.5164341971491713	0.4835658028508287	0.006053951203014224	0.0054897176716626	1.1027800635839877	0.6738694050684569	0.7891365401459561	False	0.028662258740420415	0.39471894786995104
ReplogleWeissman2022_rpe1	BTF3	zscore	109	11413	644706.0	0.5182453294448549	0.48175467055514515	0.010184868204787517	0.009460163166116994	1.07660597665653	0.7443205027435342	0.8587448224583036	False	0.04128056476507935	0.2952835536520753
ReplogleWeissman2022_rpe1	SSRP1	zscore	8	11413	52120.0	0.5708402698676948	0.42915973013230524	0.0006704363782995312	0.0007004640574380527	0.9571317345698682	0.7526078219297493	0.8587448224583036	False	0.10394646762981263	0.2842110076669377
ReplogleWeissman2022_rpe1	ATF4	zscore	49	11413	302873.0	0.5415825490802647	0.4584174509197353	0.0038023672384141574	0.004274995637759554	0.889443536463328	0.8428266969443354	0.9495136206081755	False	0.10103150219411217	0.17099392106549696
ReplogleWeissman2022_rpe1	BRCA1	zscore	14	11413	97518.0	0.6103190597188669	0.38968094028113304	0.0011637152560551307	0.0012251684606633412	0.9498410164958556	0.9234979188669361	0.999999999999992	False	0.33466853262881013	0.07958673287333384
ReplogleWeissman2022_rpe1	USF2	zscore	104	11413	648239.0	0.5461375017692375	0.45386249823076247	0.018437689165888355	0.009030129373968916	2.0417967896493865	0.947648635794601	0.999999999999992	False	0.10805603423364474	0.053771482777580655
ReplogleWeissman2022_rpe1	FOXO1	zscore	65	11413	414333.0	0.5585169408703975	0.4414830591296025	0.004929397374178161	0.005663007492594529	0.8704557393971836	0.9484072782127209	0.999999999999992	False	0.1476342230295533	0.052971250618813914
ReplogleWeissman2022_rpe1	TNRC6A	zscore	111	11413	691021.0	0.5454669599942534	0.45453304000574657	0.008775018556213163	0.009632072197153766	0.9110208454216261	0.9506633749208544	0.999999999999992	False	0.16454197430994189	0.05059524868777606
ReplogleWeissman2022_rpe1	LIN54	zscore	161	11413	1008680.0	0.5489435878123073	0.45105641218769266	0.012171678796145816	0.013910489027129774	0.8750000645129917	0.9836682971531255	0.999999999999992	False	0.16816273535468573	0.016466535148743227
ReplogleWeissman2022_rpe1	YBX1	zscore	29	11413	207805.0	0.6278532949419446	0.37214670505805536	0.0019308329057616455	0.0025345219367243488	0.7618134519905085	0.9913898948182832	0.999999999999992	False	0.520594702296532	0.008647386287752893
ReplogleWeissman2022_rpe1	ETV4	zscore	71	11413	488516.0	0.6028657708099115	0.39713422919008845	0.004734232871933282	0.006182514803204459	0.7657454972011523	0.9986194054735773	0.999999999999992	False	0.20381011469118038	0.0013815484251118468
ReplogleWeissman2022_rpe1	HMGA1	zscore	69	11413	498780.0	0.6333738414241578	0.3666261585758422	0.005115013334270169	0.006009406026824595	0.8511678710737692	0.9999349141491789	0.999999999999992	False	0.2509148868454223	6.508796899699843e-05
ReplogleWeissman2022_rpe1	NPM1	zscore	43	11413	338841.0	0.6904427631485108	0.30955723685148917	0.002510123360540121	0.003753491620111732	0.6687435632173867	0.9999921181146121	0.999999999999992	False	0.45193292112156236	7.881916450138863e-06
ReplogleWeissman2022_rpe1	HDAC7	zscore	95	11413	789743.0	0.7283872961120053	0.27161270388799474	0.005301076113177665	0.008255126868265555	0.642155620109985	0.999999999999992	0.999999999999992	False	0.9034211348123549	7.993605777301159e-15
SunshineHein2023	IRF9	ulm	164	3072	108747.0	0.21585008574695122	0.7841499142530488	0.1616562544486315	0.05067985166872682	3.1897538987547045	5.801030711098919e-35	1.1021958351087946e-33	True	-0.9746418450817113	78.83244264421741
SunshineHein2023	ATF4	ulm	146	3072	154970.0	0.3455202982305936	0.6544797017694064	0.07396271352466684	0.045369794903666875	1.6302192611121773	1.3366406527881482e-10	1.2698086201487408e-09	True	-0.8585065520302941	22.735691439233975
SunshineHein2023	STAT1	ulm	201	3072	238342.0	0.3859964500414594	0.6140035499585407	0.08232431518140693	0.0614115490375802	1.3405347442226114	2.9230666025146087e-08	1.851275514925919e-07	True	-0.36422965719252187	17.348047472412436
SunshineHein2023	SREBF2	ulm	70	3072	70216.0	0.32652529761904764	0.6734747023809524	0.04865210223996076	0.022278803309993635	2.183784360542239	3.337385427292469e-07	1.5852580779639228e-06	True	-0.704583190738761	14.912907956722336
SunshineHein2023	RELA	ulm	147	3072	188469.0	0.41735092474489793	0.5826490752551021	0.058084405868805186	0.045666356011183594	1.2719299489230198	0.00034882237686850254	0.0013255250321003097	True	-0.503813689562826	7.960947714121101
SunshineHein2023	SREBF1	ulm	37	3072	44605.0	0.3924285613738739	0.6075714386261262	0.021359771256109883	0.011900932775812159	1.79479807662826	0.012139403018976036	0.03844144289342412	True	-0.4238467239514007	4.411298669273571
SunshineHein2023	ATF6	ulm	141	3072	195302.0	0.4508856013593381	0.5491143986406619	0.058195271876095744	0.04388422035480859	1.3261092804106074	0.024129075506163493	0.0654932049453009	True	-0.325126236015429	3.724337713126674
SunshineHein2023	JAK1	ulm	175	3072	247190.0	0.4598028273809524	0.5401971726190475	0.05700729407093426	0.053895903911302744	1.0577296219904202	0.03661286748824423	0.08695556028458006	True	-0.16685042787712234	3.3073555296442643
SunshineHein2023	HDAC2	ulm	92	3072	130221.0	0.4607570482336957	0.5392429517663044	0.03355601456625848	0.029077117572692796	1.1540351096482806	0.09947512164670125	0.21000303458748043	False	-0.17377387054776516	2.307847699782722
SunshineHein2023	MOV10	ulm	101	3072	150339.0	0.4845393719059406	0.5154606280940595	0.03708470958749964	0.03183107469271983	1.1650473615954093	0.29824016466083125	0.5666563128555794	False	-0.05709006346523626	1.2098561953765892
SunshineHein2023	SMAD3	ulm	124	3072	188357.0	0.49446877100134407	0.505531228998656	0.046574975179603295	0.03879849812265332	1.2004324247904203	0.4171840937335274	0.7205907073579109	False	0.011187122247513115	0.8742276828202928
SunshineHein2023	BCL2	ulm	114	3072	174436.0	0.4980925621345029	0.5019074378654971	0.0392121524262686	0.035781544256120526	1.0958764704394013	0.4724100278111352	0.7479825440342974	False	-0.038504567495827424	0.7499079675109521
SunshineHein2023	NFKBIA	ulm	172	3072	268490.0	0.5081342357073644	0.4918657642926356	0.049618375676558954	0.0530209617755857	0.93582564357417	0.6404286205206681	0.8775056108097334	False	0.0335729184515392	0.4456176072269443
SunshineHein2023	SIRT1	ulm	169	3072	265777.0	0.5119287013067061	0.4880712986932939	0.05269251363237114	0.0521443998765813	1.0105114596598512	0.6994980460044185	0.8775056108097334	False	0.023953827822836643	0.3573922782980604
SunshineHein2023	POLR2B	ulm	5	3072	9010.0	0.5865885416666666	0.41341145833333337	0.001636358282294184	0.0016249593760155996	1.007014886923841	0.743041447949412	0.8775056108097334	False	0.23488247364404505	0.2970034512315696
SunshineHein2023	IRF3	ulm	113	3072	182609.0	0.5260445473820059	0.4739554526179941	0.03289024335867546	0.035478806907378334	0.9270391601538172	0.8268523166106172	0.8775056108097334	False	-0.024194426123148406	0.1901291771596549
SunshineHein2023	TYK2	ulm	131	3072	211028.0	0.5243817589058524	0.4756182410941475	0.037814769354141284	0.04089915704027474	0.9245855438268286	0.8280849475693	0.8775056108097334	False	0.10899404253570755	0.18863953617651988
SunshineHein2023	BTF3	ulm	80	3072	130589.0	0.5313680013020833	0.46863199869791666	0.02426180884164572	0.025380710659898477	0.9559152683608414	0.8313211049776421	0.8775056108097334	False	0.0646486698914064	0.18473915084766782
SunshineHein2023	XBP1	ulm	153	3072	250045.0	0.5319925279139434	0.4680074720860567	0.04393071946438441	0.04744186046511628	0.9259906553767302	0.9095124338372764	0.9095124338372764	False	0.08759753289336225	0.09484661004838531
SunshineHein2023	IRF9	viper	164	3072	110814.0	0.21995283917682926	0.7800471608231707	0.2046732941310273	0.05067985166872682	4.0385535354146604	5.111127310428793e-34	9.711141889814708e-33	True	-1.2842794449461732	76.65647317321798
SunshineHein2023	ATF4	viper	146	3072	146865.0	0.3274494327910959	0.672550567208904	0.07508097258410087	0.045369794903666875	1.6548669162714835	8.596088231737516e-13	8.16628382015064e-12	True	-1.1140219105601545	27.782298965916564
SunshineHein2023	STAT1	viper	201	3072	231701.0	0.3752413064883914	0.6247586935116087	0.09368167525969942	0.0614115490375802	1.5254732493780907	1.4683471289381574e-09	9.299531816608331e-09	True	-0.47532062017102256	20.339128470852927
SunshineHein2023	RELA	viper	147	3072	184524.0	0.4086150085034014	0.5913849914965986	0.07029864531773287	0.045666356011183594	1.5393968658352526	8.881291573787546e-05	0.00042186134975490846	True	-0.4140233683762844	9.328978471044014
SunshineHein2023	SREBF2	viper	70	3072	80598.0	0.3748046875	0.6251953125	0.05453248578270064	0.022278803309993635	2.4477295761320774	0.00016711090383045117	0.0006350214345557145	True	-0.7219723453901168	8.696852871167767
SunshineHein2023	ATF6	viper	141	3072	194698.0	0.44949117169030733	0.5505088283096926	0.060749096612323396	0.04388422035480859	1.3843038823786886	0.021119126704277957	0.06687723456354687	True	-0.3524663652440074	3.8575761702282425
SunshineHein2023	JAK1	viper	175	3072	251807.0	0.46839099702380954	0.5316090029761904	0.05758930311177552	0.053895903911302744	1.0685283840224864	0.07946590715219254	0.2156931765559512	False	-0.1906539650435436	2.5324271901533106
SunshineHein2023	MOV10	viper	101	3072	148806.0	0.4795985457920792	0.5204014542079208	0.03644264400295441	0.03183107469271983	1.1448763309046963	0.2423725172760411	0.5756347285305976	False	-0.09711816583188573	1.4172794087887886
SunshineHein2023	SMAD3	viper	124	3072	185726.0	0.48756195396505375	0.5124380460349462	0.04252435115150165	0.03879849812265332	1.0960308570983812	0.3190811394919998	0.6336776643510489	False	-0.03669676399972077	1.142309852765944
SunshineHein2023	HDAC2	viper	92	3072	137597.0	0.4868553272192029	0.5131446727807971	0.031777416097448156	0.029077117572692796	1.0928667883948473	0.33351456018476255	0.6336776643510489	False	-0.06117378461573403	1.0980687558545479
SunshineHein2023	SREBF1	viper	37	3072	56982.0	0.5013196790540541	0.498680320945946	0.012179518364109677	0.011900932775812159	1.0234087187572158	0.5110608849347149	0.8214738472741585	False	-0.057778388661590796	0.6712665472758385
SunshineHein2023	POLR2B	viper	5	3072	7816.0	0.5088541666666667	0.49114583333333334	0.0019092193474763539	0.0016249593760155996	1.1749335864369481	0.5265697021913254	0.8214738472741585	False	-0.09370557342466956	0.6413715683428235
SunshineHein2023	BCL2	viper	114	3072	176808.0	0.5048656798245614	0.4951343201754387	0.03664845157879365	0.035781544256120526	1.0242277783336542	0.5701434845950804	0.8214738472741585	False	0.018230060784229424	0.5618672224717669
SunshineHein2023	TYK2	viper	131	3072	203984.0	0.5068781806615776	0.49312181933842236	0.04208714132684434	0.04089915704027474	1.0290466692357436	0.6052965190441167	0.8214738472741585	False	0.01586624210444678	0.5020368268954858
SunshineHein2023	SIRT1	viper	169	3072	266544.0	0.5134060650887574	0.4865939349112426	0.0556186276320826	0.0521443998765813	1.0666270541750278	0.7216399335152481	0.9140772491193143	False	0.06358241504080853	0.3262289715276203
SunshineHein2023	BTF3	viper	80	3072	129802.0	0.5281656901041667	0.47183430989583336	0.025290394608850485	0.025380710659898477	0.9964415475887091	0.8055081125833954	0.9464153169232016	False	0.09370149073091735	0.21628200492805924
SunshineHein2023	XBP1	viper	153	3072	247366.0	0.5262927219498911	0.473707278050109	0.04683903410395861	0.04744186046511628	0.9872933659167745	0.8642098893812485	0.9464153169232016	False	0.15694820650147367	0.1459396121556015
SunshineHein2023	IRF3	viper	113	3072	188838.0	0.5439885232300885	0.4560114767699115	0.03177701257061688	0.035478806907378334	0.8956618144903962	0.9441543895027935	0.9464153169232016	False	0.12898949992804506	0.05746557800707378
SunshineHein2023	NFKBIA	viper	172	3072	283449.0	0.5364450853924418	0.46355491460755816	0.048405581269189285	0.0530209617755857	0.912951776960756	0.9464153169232016	0.9464153169232016	False	0.11131319299055131	0.05507378204148576
SunshineHein2023	IRF9	z-aggregate	164	3072	130660.0	0.25934482977642276	0.7406551702235772	0.10711810380627482	0.05067985166872682	2.1136230726652765	1.1853764286408511e-25	2.2522152144176173e-24	True	-0.794750592618978	57.39456693940742
SunshineHein2023	ATF4	z-aggregate	146	3072	151139.5	0.3369798355450913	0.6630201644549086	0.07523301615577324	0.045369794903666875	1.6582181232142348	1.3156714614669502e-11	1.2498878883936028e-10	True	-1.1512686343463467	25.054088870540184
SunshineHein2023	STAT1	z-aggregate	201	3072	238868.0	0.3868483105306799	0.6131516894693201	0.08282321470793366	0.0614115490375802	1.3486586156172482	3.664373633842275e-08	2.3207699681001078e-07	True	-0.5548255969487476	17.122023328037578
SunshineHein2023	SREBF2	z-aggregate	70	3072	76909.0	0.35764973958333335	0.6423502604166667	0.037676492357403564	0.022278803309993635	1.6911362712423144	2.2627037942245593e-05	0.00010747843022566658	True	-1.441989044246367	10.696364997639389
SunshineHein2023	RELA	z-aggregate	147	3072	203227.0	0.4500314448696145	0.5499685551303855	0.051992198610692875	0.045666356011183594	1.138523043046397	0.020190215744811116	0.0705273465286965	True	-0.8895617949935241	3.9025571609883256
SunshineHein2023	SREBF1	z-aggregate	37	3072	45928.0	0.40406813063063063	0.5959318693693694	0.02685855622154109	0.011900932775812159	2.256844629534358	0.022271793640640997	0.0705273465286965	True	-1.2628503641572686	3.804434260289674
SunshineHein2023	JAK1	z-aggregate	175	3072	245471.0	0.45660528273809525	0.5433947172619047	0.057688828311356036	0.053895903911302744	1.0703750030112744	0.026531994242130045	0.0720154129429244	True	-0.2967337584388735	3.6294039443349053
SunshineHein2023	ATF6	z-aggregate	141	3072	197195.5	0.4552570460254137	0.5447429539745864	0.05150413384236023	0.04388422035480859	1.173636752024847	0.035985631289290436	0.08546587431206479	True	-0.3312867411138377	3.32463555105299
SunshineHein2023	MOV10	z-aggregate	101	3072	143884.5	0.4637366568688119	0.5362633431311882	0.04160154069244117	0.03183107469271983	1.3069474120506517	0.10712400762929425	0.22615068277295453	False	-0.4628535827428292	2.2337681657776334
SunshineHein2023	HDAC2	z-aggregate	92	3072	132935.0	0.470359912817029	0.529640087182971	0.0305962455576375	0.029077117572692796	1.052244792873533	0.1659711349921208	0.31534515648502953	False	-0.08916899101283887	1.7959413913350795
SunshineHein2023	SMAD3	z-aggregate	124	3072	187709.0	0.49276766213037637	0.5072323378696236	0.04190610613275171	0.03879849812265332	1.080096090324794	0.3922619503834804	0.6775433688441934	False	0.05997784513802798	0.9358254215909392
SunshineHein2023	BCL2	z-aggregate	114	3072	178128.5	0.5086362961440059	0.49136370385599415	0.03698311200554676	0.035781544256120526	1.0335806565760701	0.6231399139353179	0.9369211363221422	False	0.08151874230447745	0.47298420445364525
SunshineHein2023	POLR2B	z-aggregate	5	3072	8391.5	0.5463216145833333	0.4536783854166666	0.0016684218116549306	0.0016249593760155996	1.0267467828924444	0.6410513037993605	0.9369211363221422	False	-0.2089275331990793	0.4446457881357796
SunshineHein2023	TYK2	z-aggregate	131	3072	208040.5	0.5169581444815522	0.4830418555184479	0.037670063299370615	0.04089915704027474	0.9210474255563671	0.7448875426531093	0.9580959476207855	False	0.1817554730762866	0.29452202145550743
SunshineHein2023	SIRT1	z-aggregate	169	3072	269241.0	0.5186009153106509	0.48139908468934905	0.05096012127533531	0.0521443998765813	0.9772884796056908	0.792591374792067	0.9580959476207855	False	0.08423126729131845	0.23244748045500233
SunshineHein2023	BTF3	z-aggregate	80	3072	129798.0	0.5281494140625	0.47185058593749996	0.0255474406191864	0.025380710659898477	1.0065691603959441	0.8068176401017141	0.9580959476207855	False	0.0517688530744401	0.21465760886034407
SunshineHein2023	XBP1	z-aggregate	153	3072	247080.0	0.5256842320261438	0.4743157679738562	0.0440876599891028	0.04744186046511628	0.9292987154565786	0.858585961296805	0.9595960743905467	False	0.17311270510568755	0.15246847401623717
SunshineHein2023	NFKBIA	z-aggregate	172	3072	281826.0	0.5333734556686046	0.4666265443313954	0.047221063234426444	0.0530209617755857	0.890611215886508	0.9299300887469446	0.9680896040210911	False	0.32095889461797933	0.0726458690508785
SunshineHein2023	IRF3	z-aggregate	113	3072	191167.0	0.5506977092551623	0.44930229074483774	0.03187148317462703	0.035478806907378334	0.8983245478866114	0.9680896040210911	0.9680896040210911	False	0.16425851752473622	0.032430629852049746
SunshineHein2023	IRF9	zscore	164	3072	103778.0	0.20598720147357724	0.7940127985264227	0.19261251430647883	0.05067985166872682	3.800573757901009	2.7303461690955854e-37	5.187657721281612e-36	True	-0.9716863329557854	84.19122003775499
SunshineHein2023	ATF4	zscore	146	3072	156104.0	0.3480486586757991	0.651951341324201	0.073784479211253	0.045369794903666875	1.6262907815192613	2.5950617279259216e-10	2.465308641529626e-09	True	-0.8423109764671852	22.072240626350826
SunshineHein2023	SREBF2	zscore	70	3072	67798.0	0.3152808779761905	0.6847191220238096	0.06448652829877267	0.022278803309993635	2.8945238844963392	6.023297902126643e-08	3.677551336246972e-07	True	-0.7087380646540073	16.625045810359044
SunshineHein2023	STAT1	zscore	201	3072	240636.0	0.3897115982587065	0.6102884017412935	0.08577791278836921	0.0614115490375802	1.396771684359863	7.742213339467309e-08	3.677551336246972e-07	True	-0.3509900800179739	16.373993136058345
SunshineHein2023	RELA	zscore	147	3072	186600.0	0.4132121598639456	0.5867878401360545	0.059759540560125356	0.045666356011183594	1.3086119800207043	0.00018522316141885583	0.0007038480133916522	True	-0.5079306642677173	8.593949181914864
SunshineHein2023	SREBF1	zscore	37	3072	45504.0	0.40033783783783783	0.5996621621621622	0.019445730600762687	0.011900932775812159	1.6339669307505729	0.018441768890602107	0.05839893482024001	True	-0.3781170703979845	3.993137138632133
SunshineHein2023	ATF6	zscore	141	3072	195186.0	0.4506177969858156	0.5493822030141844	0.058362482538853226	0.04388422035480859	1.3299195489172726	0.023524555177904843	0.06385236405431315	True	-0.3209659643368843	3.7497105021738464
SunshineHein2023	JAK1	zscore	175	3072	247190.0	0.4598028273809524	0.5401971726190475	0.05700729407093426	0.053895903911302744	1.0577296219904202	0.03661286748824423	0.08688588843622802	True	-0.16670294021031795	3.3073555296442643
SunshineHein2023	HDAC2	zscore	92	3072	126311.0	0.446922412817029	0.5530775871829711	0.034649036194496136	0.029077117572692796	1.1916255491237584	0.04115647346979222	0.08688588843622802	True	-0.35782473972236684	3.190374050263384
SunshineHein2023	SIRT1	zscore	169	3072	244542.0	0.4710267196745562	0.5289732803254438	0.062499816638836636	0.0521443998765813	1.1985911581447901	0.10203315549111996	0.19386299543312793	False	-0.12461322693962895	2.2824574646819085
SunshineHein2023	SMAD3	zscore	124	3072	186992.0	0.4908854166666667	0.5091145833333333	0.04644128383925063	0.03879849812265332	1.1969866383084273	0.36519762654266874	0.6289881636518541	False	0.02032127570889497	1.0073166293441382
SunshineHein2023	MOV10	zscore	101	3072	152776.0	0.4923937706270627	0.5076062293729373	0.03342790255018854	0.03183107469271983	1.0501656910074082	0.39725568230643415	0.6289881636518541	False	0.002548041339409224	0.9231751695607947
SunshineHein2023	BCL2	zscore	114	3072	174436.0	0.4980925621345029	0.5019074378654971	0.0392121524262686	0.035781544256120526	1.0958764704394013	0.4724100278111352	0.6904454252624284	False	-0.03847665219516849	0.7499079675109521
SunshineHein2023	NFKBIA	zscore	172	3072	268403.0	0.5079695827277132	0.49203041727228686	0.049868621872063805	0.0530209617755857	0.9405454032149708	0.637703273099196	0.8654544420631947	False	0.006539462955954534	0.4498821930110817
SunshineHein2023	POLR2B	zscore	5	3072	9010.0	0.5865885416666666	0.41341145833333337	0.001636358282294184	0.0016249593760155996	1.007014886923841	0.743041447949412	0.9279698012073511	False	0.23481702949516153	0.2970034512315696
SunshineHein2023	IRF3	zscore	113	3072	181727.0	0.5235037564528023	0.47649624354719766	0.03297953990291063	0.035478806907378334	0.9295560583254014	0.8023170712671388	0.9279698012073511	False	-0.022530639453837153	0.2202513985389658
SunshineHein2023	TYK2	zscore	131	3072	211118.0	0.524605399173028	0.475394600826972	0.038055212643978084	0.04089915704027474	0.9304644740355863	0.8302887695013141	0.9279698012073511	False	0.11222890256020479	0.1859817236380802
SunshineHein2023	XBP1	zscore	153	3072	249892.0	0.53166700708061	0.46833299291938996	0.04402001024269802	0.04744186046511628	0.9278727649196151	0.907272971591309	0.9431457709382992	False	0.08360443748130053	0.09731191318601622
SunshineHein2023	BTF3	zscore	80	3072	135590.0	0.5517171223958334	0.44828287760416663	0.023442557622319934	0.025380710659898477	0.9236367703194054	0.9431457709382992	0.9431457709382992	False	0.1170565793316487	0.05853442617617701
TianKampmann2021_CRISPRa	PPARGC1A	ulm	142	401	33100.0	0.5812932457588423	0.5812932457588423	0.3360068590429836	0.26151012891344383	1.2848712990164797	0.0019832538769526302	0.015866031015621042	True	0.1484856740645348	6.223016410935904
TianKampmann2021_CRISPRa	BCL2	ulm	190	401	42064.0	0.5520934505840661	0.5520934505840661	0.37640147294192194	0.32148900169204736	1.1708066868877678	0.020331512528064626	0.06164758953734961	True	0.13207343838642588	3.8955832552866796
TianKampmann2021_CRISPRa	SPI1	ulm	35	401	8443.0	0.6015675097969362	0.6015675097969363	0.1446625938259397	0.08027522935779817	1.802082597374563	0.023117846076506104	0.06164758953734961	True	0.19869098381169367	3.7671504022987596
TianKampmann2021_CRISPRa	HDAC9	ulm	262	401	53859.0	0.5126401553368487	0.5126401553368487	0.39192369582872905	0.3951734539969834	0.9917763753223182	0.29096174568417177	0.5819234913683435	False	0.04276050335055248	1.2345634785820156
TianKampmann2021_CRISPRa	TP53	ulm	108	401	21620.0	0.49921492564884085	0.49921492564884085	0.2230239632916578	0.21218074656188604	1.0511036788467947	0.5101438735420821	0.7200019498409456	False	0.0031757671002885512	0.67306248806342
TianKampmann2021_CRISPRa	MEF2C	ulm	144	401	28524.0	0.49397339983374894	0.493973399833749	0.26723339525720324	0.26422018348623855	1.0114041695498317	0.5851173426786236	0.7200019498409456	False	-0.013975982743683352	0.5359428660894925
TianKampmann2021_CRISPRa	POU4F1	ulm	130	401	25561.0	0.49033186265106465	0.49033186265106465	0.24947363251106774	0.2448210922787194	1.019003837410592	0.6300017061108274	0.7200019498409456	False	-0.00804302254139344	0.46203275148780115
TianKampmann2021_CRISPRa	ATM	ulm	164	401	29974.0	0.4557812785110395	0.45578127851103944	0.2885507502644445	0.2902654867256637	0.9940925237768972	0.9506735103425388	0.9506735103425388	False	-0.06132893788467045	0.05058458732443427
TianKampmann2021_CRISPRa	PPARGC1A	viper	142	401	32588.0	0.5723016402655333	0.5723016402655333	0.32610571552309586	0.26151012891344383	1.2470098840073314	0.0052014618585004445	0.041611694868003556	True	0.21565838882529526	5.258815566268742
TianKampmann2021_CRISPRa	SPI1	viper	35	401	8382.0	0.597221232632704	0.597221232632704	0.1221099110092331	0.08027522935779817	1.521140605715018	0.02820137309050243	0.11280549236200972	False	0.31250920265716675	3.5683846110708766
TianKampmann2021_CRISPRa	BCL2	viper	190	401	41411.0	0.5435227720173251	0.5435227720173251	0.34973227007031726	0.32148900169204736	1.0878514295345132	0.04362066721615388	0.11632177924307702	False	0.13566688361162	3.1322242222194054
TianKampmann2021_CRISPRa	HDAC9	viper	262	401	54233.0	0.5161999581199672	0.5161999581199672	0.38535532120231775	0.3951734539969834	0.9751548776989949	0.2401895904671718	0.4803791809343436	False	0.04756148194930551	1.4263267072146608
TianKampmann2021_CRISPRa	TP53	viper	108	401	22069.0	0.5095825251685601	0.5095825251685601	0.20878893388171094	0.21218074656188604	0.9840145124610266	0.3799833662676342	0.6079733860282147	False	0.02406258623103552	0.9676278001996805
TianKampmann2021_CRISPRa	POU4F1	viper	130	401	25602.0	0.4911183579512757	0.4911183579512757	0.2529879446303617	0.2448210922787194	1.0333584507594007	0.6197743661988779	0.7521997792768772	False	-0.057869532996060125	0.4783997926656308
TianKampmann2021_CRISPRa	MEF2C	viper	144	401	28212.0	0.48857024106400665	0.4885702410640067	0.2614743201081926	0.26422018348623855	0.9896076698539233	0.6581748068672676	0.7521997792768772	False	-0.04792385827464549	0.4182847190072159
TianKampmann2021_CRISPRa	ATM	viper	164	401	29406.0	0.4471443342862356	0.4471443342862356	0.2695424803651951	0.2902654867256637	0.928606715892288	0.9758048340470531	0.9758048340470531	False	-0.1366760189297942	0.02449267768045828
TianKampmann2021_CRISPRa	PPARGC1A	z-aggregate	142	401	33256.0	0.5840328755575849	0.584032875557585	0.3331250336362228	0.26151012891344383	1.2738513610173872	0.00145096433761501	0.007405293215155963	True	0.3753498874300938	6.5355268831801885
TianKampmann2021_CRISPRa	SPI1	z-aggregate	35	401	9093.0	0.6478802992518703	0.6478802992518703	0.19646479878674716	0.08027522935779817	2.447390064886336	0.0018513233037889907	0.007405293215155963	True	2.552622001536932	6.2918545962511505
TianKampmann2021_CRISPRa	HDAC9	z-aggregate	262	401	54099.0	0.5149245207591707	0.5149245207591708	0.40770728887101765	0.3951734539969834	1.0317172997003232	0.257801351106272	0.6874702696167253	False	0.3185925114934204	1.355565947582048
TianKampmann2021_CRISPRa	POU4F1	z-aggregate	130	401	26626.0	0.5107615576443507	0.5107615576443507	0.2679236919296155	0.2448210922787194	1.0943652339586603	0.35617775529821105	0.7123555105964221	False	0.1094386051978751	1.0323253601097566
TianKampmann2021_CRISPRa	TP53	z-aggregate	108	401	21213.0	0.4898171238570241	0.4898171238570241	0.2118938964252668	0.21218074656188604	0.9986480859301926	0.6275706402099195	0.8743943174399442	False	0.013720794197145364	0.4658990402724675
TianKampmann2021_CRISPRa	BCL2	z-aggregate	190	401	37319.0	0.48981493634335216	0.4898149363433522	0.33461071920608	0.32148900169204736	1.040815447635754	0.6557957380799582	0.8743943174399442	False	0.01340873861392644	0.4219059134033833
TianKampmann2021_CRISPRa	MEF2C	z-aggregate	144	401	27121.0	0.46967650318647824	0.46967650318647824	0.2665065871359401	0.26422018348623855	1.0086534027019955	0.864238467245906	0.898495306320028	False	0.03437397262954228	0.14590654450327561
TianKampmann2021_CRISPRa	ATM	z-aggregate	164	401	30641.0	0.4659236056200961	0.4659236056200961	0.2931434669491655	0.2902654867256637	1.0099149928431617	0.898495306320028	0.898495306320028	False	-0.08972295147665826	0.1070337966786476
TianKampmann2021_CRISPRa	PPARGC1A	zscore	142	401	32969.0	0.5789926591970778	0.5789926591970778	0.33290798228426055	0.26151012891344383	1.2730213688757288	0.002560853330093509	0.020486826640748072	True	0.1435311298500157	5.96741474396568
TianKampmann2021_CRISPRa	TP53	zscore	108	401	24973.0	0.5766371109263877	0.5766371109263877	0.2798246748599298	0.21218074656188604	1.3188033287380025	0.007221778304265935	0.02888711321706374	True	0.25419697968223876	4.930654053874982
TianKampmann2021_CRISPRa	BCL2	zscore	190	401	42064.0	0.5520934505840661	0.5520934505840661	0.37640147294192194	0.32148900169204736	1.1708066868877678	0.020331512528064626	0.05003496110294567	True	0.13204006273892444	3.8955832552866796
TianKampmann2021_CRISPRa	SPI1	zscore	35	401	8419.0	0.5998574991093695	0.5998574991093695	0.13663966436263095	0.08027522935779817	1.7021398189173453	0.025017480551472834	0.05003496110294567	True	0.214274144475888	3.688180476396874
TianKampmann2021_CRISPRa	HDAC9	zscore	262	401	56576.0	0.5385010755553863	0.5385010755553864	0.42606502571098037	0.3951734539969834	1.0781721833831297	0.04672763416366434	0.07476421466186295	True	0.13566785087252198	3.0634195513352034
TianKampmann2021_CRISPRa	POU4F1	zscore	130	401	25901.0	0.49685401879915597	0.496854018799156	0.25937587074048524	0.2448210922787194	1.0594506720245973	0.5430844010723175	0.6725498981982759	False	0.005671980120614872	0.6104905363712825
TianKampmann2021_CRISPRa	MEF2C	zscore	144	401	28510.0	0.49373095040177334	0.49373095040177334	0.27148627319939733	0.26422018348623855	1.0275001312060523	0.5884811609234915	0.6725498981982759	False	-0.007128227436623558	0.5302103648188549
TianKampmann2021_CRISPRa	ATM	zscore	164	401	31759.0	0.48292378809074876	0.48292378809074876	0.3070554130385108	0.2902654867256637	1.0578433436997476	0.7382348048852174	0.7382348048852174	False	-0.006286078431065212	0.30349334118392596
TianKampmann2021_CRISPRi	PARP1	ulm	207	415	38148.0	0.44407193993364763	0.5559280600663523	0.3884314521139737	0.3327974276527331	1.167170836786916	0.011459411868127236	0.06875647120876342	True	-0.17141646708334446	4.468943889420227
TianKampmann2021_CRISPRi	APEX1	ulm	155	415	29334.0	0.45602798289933927	0.5439720171006608	0.3016013461477443	0.2719298245614035	1.1091146277691242	0.05299860773015267	0.15899582319045802	False	-0.06961501634700518	2.93748963501746
TianKampmann2021_CRISPRi	CREBBP	ulm	314	415	62167.0	0.4770700636942675	0.5229299363057325	0.45720205183717283	0.43072702331961593	1.0614659101570032	0.14432671433678756	0.28865342867357513	False	-0.05233896712283925	1.935675699797787
TianKampmann2021_CRISPRi	POU4F1	ulm	157	415	32661.0	0.5012815593584529	0.498718440641547	0.2844771743051797	0.2744755244755245	1.0364391318634574	0.5189917354912447	0.778487603236867	False	0.007583775110333146	0.655867319852005
TianKampmann2021_CRISPRi	GTF2H3	ulm	197	415	42627.0	0.5213993027949361	0.478600697205064	0.31506866540836587	0.32189542483660133	0.9787919960909639	0.8040924262425527	0.9649109114910632	False	0.00990925725450631	0.21804105839721144
TianKampmann2021_CRISPRi	MTA1	ulm	146	415	33794.0	0.5577488034329097	0.44225119656709033	0.2612108032055409	0.26024955436720143	1.0036935657418387	0.9811194053515183	0.9811194053515183	False	0.08053132569214516	0.01906110883041511
TianKampmann2021_CRISPRi	PARP1	viper	207	415	38733.0	0.4508817880216518	0.5491182119783482	0.3911249395063654	0.3327974276527331	1.1752643109804797	0.022870447137786482	0.1372226828267189	False	-0.15748035977914118	3.7779097198580076
TianKampmann2021_CRISPRi	APEX1	viper	155	415	29444.0	0.45773804897007386	0.5422619510299261	0.301374950186334	0.2719298245614035	1.1082820748787765	0.06014295597883302	0.18042886793649907	False	-0.1406444292497025	2.811030951002901
TianKampmann2021_CRISPRi	CREBBP	viper	314	415	64105.0	0.49194229145882895	0.508057708541171	0.4485776985461527	0.43072702331961593	1.041443128153329	0.35466562693420245	0.5378590012344153	False	-0.04455146412426714	1.036579829329451
TianKampmann2021_CRISPRi	POU4F1	viper	157	415	31938.0	0.4901849435960402	0.5098150564039597	0.2993850304622996	0.2744755244755245	1.090753104614238	0.3585726674896102	0.5378590012344153	False	-0.015208894742458623	1.0256239407672825
TianKampmann2021_CRISPRi	GTF2H3	viper	197	415	41983.0	0.5135221087395266	0.4864778912604734	0.31638837178661694	0.32189542483660133	0.9828917945858353	0.7058153731729763	0.8469784478075715	False	0.016534926484434276	0.34840158677531763
TianKampmann2021_CRISPRi	MTA1	viper	146	415	33792.0	0.5577157946855917	0.4422842053144083	0.2531628001153208	0.26024955436720143	0.972769389484212	0.9810645972063428	0.9810645972063428	False	0.16097742421008854	0.019116973260171304
TianKampmann2021_CRISPRi	PARP1	z-aggregate	207	415	39224.5	0.4566032244921716	0.5433967755078284	0.3658137491597363	0.3327974276527331	1.0992084636587245	0.03871825256664221	0.13824618725622764	False	-0.14795399266651388	3.2514441475858944
TianKampmann2021_CRISPRi	APEX1	z-aggregate	155	415	29489.0	0.45843762145355615	0.5415623785464438	0.29412422985750813	0.2719298245614035	1.0816181356050298	0.04608206241874254	0.13824618725622764	False	-0.6085362972472016	3.077331506244898
TianKampmann2021_CRISPRi	CREBBP	z-aggregate	314	415	64032.0	0.4913820888650142	0.5086179111349858	0.4567586657693578	0.43072702331961593	1.060436520209751	0.34506375205590195	0.530492865497909	False	-0.010500633798484874	1.06402609045425
TianKampmann2021_CRISPRi	GTF2H3	z-aggregate	197	415	40529.0	0.49573726377591587	0.5042627362240841	0.3281166511069157	0.32189542483660133	1.019326855215393	0.43164974375505366	0.530492865497909	False	0.24376440117191728	0.8401407979413383
TianKampmann2021_CRISPRi	POU4F1	z-aggregate	157	415	32320.0	0.496047885810759	0.503952114189241	0.288225080599215	0.2744755244755245	1.0500939242213436	0.4420773879149241	0.530492865497909	False	0.03854845191112284	0.816270326449794
TianKampmann2021_CRISPRi	MTA1	z-aggregate	146	415	32015.5	0.5283957748803433	0.4716042251196567	0.2742442856667264	0.26024955436720143	1.0537742757468047	0.8465289789212366	0.8465289789212366	False	-0.02647931446219741	0.1666108441836447
TianKampmann2021_CRISPRi	PARP1	zscore	207	415	38230.0	0.44502648274256446	0.5549735172574355	0.3995095149976602	0.3327974276527331	1.200458542649974	0.012677308486557072	0.07606385091934244	True	-0.14848257858111302	4.367941616971455
TianKampmann2021_CRISPRi	APEX1	zscore	155	415	29334.0	0.45602798289933927	0.5439720171006608	0.3016013461477443	0.2719298245614035	1.1091146277691242	0.05299860773015267	0.15899582319045802	False	-0.06960551172434148	2.93748963501746
TianKampmann2021_CRISPRi	CREBBP	zscore	314	415	62360.0	0.4785511472642161	0.5214488527357839	0.4567226710022014	0.43072702331961593	1.0603529527407796	0.16046908502992174	0.3209381700598435	False	-0.04912840651543138	1.8296539716010347
TianKampmann2021_CRISPRi	POU4F1	zscore	157	415	32880.0	0.5046427749213415	0.4953572250786586	0.2828349008068498	0.2744755244755245	1.0304558169523446	0.5681962273519945	0.8522943410279917	False	0.009679142452385214	0.565288449232113
TianKampmann2021_CRISPRi	GTF2H3	zscore	197	415	42627.0	0.5213993027949361	0.478600697205064	0.31506866540836587	0.32189542483660133	0.9787919960909639	0.8040924262425527	0.9649109114910632	False	0.009905722385994853	0.21804105839721144
TianKampmann2021_CRISPRi	MTA1	zscore	146	415	34030.0	0.5616438356164384	0.4383561643835617	0.26172489355936795	0.26024955436720143	1.0056689403205852	0.9867067659291427	0.9867067659291427	False	0.10518214450460683	0.013382380013568188
WesselsSatija2023	EP300	ulm	102	422	16411.0	0.3812610352197751	0.6187389647802248	0.29167239925707966	0.1946564885496183	1.4983954628500955	9.801754321751068e-05	0.0007841403457400854	True	-0.2745403280854744	9.230364082890937
WesselsSatija2023	HDAC3	ulm	94	422	15717.0	0.39621357265302004	0.60378642734698	0.2668762172868072	0.1821705426356589	1.4649800863828992	0.0008195441672391262	0.0028497258434097127	True	-0.20199064353194707	7.106762265882934
WesselsSatija2023	SUPT16H	ulm	131	422	22843.0	0.4132086393401107	0.5867913606598893	0.2794887797270025	0.23688969258589512	1.1798266808323081	0.0013365553017634804	0.0028497258434097127	True	-0.26997006632267795	6.6176596451916065
WesselsSatija2023	SUPT5H	ulm	78	422	12960.0	0.3937294932555596	0.6062705067444404	0.2094139664945019	0.156	1.342397221118602	0.0014248629217048564	0.0028497258434097127	True	-0.2931921232957474	6.553679665183425
WesselsSatija2023	GATA2	ulm	47	422	8750.0	0.4411616416254916	0.5588383583745085	0.19877851654881812	0.10021321961620469	1.9835558353488447	0.09283592660940776	0.12647416146480683	False	-0.14337715824192615	2.3769215739218255
WesselsSatija2023	MYB	ulm	13	422	2157.0	0.3931826467371491	0.6068173532628509	0.05384651979102978	0.029885057471264367	1.801787393007535	0.09485562109860513	0.12647416146480683	False	-0.35203022203885403	2.355399321324888
WesselsSatija2023	SSRP1	ulm	31	422	6174.0	0.47194618559853235	0.5280538144014677	0.08149568897611548	0.0684326710816777	1.1908886163283972	0.30119931368450875	0.34422778706801	False	-0.05912587291554289	1.1999830616628833
WesselsSatija2023	FLI1	ulm	216	422	48772.0	0.5350623134983324	0.4649376865016675	0.32674575684063734	0.3385579937304075	0.9651101521496603	0.9265935040992358	0.9265935040992358	False	0.03982445279336799	0.07624031649336627
WesselsSatija2023	SUPT5H	viper	78	422	12764.0	0.38777494227731196	0.6122250577226881	0.2027412449745651	0.156	1.2996233652215712	0.0008144129763323597	0.004529796649756975	True	-0.5161726099542551	7.113042978684493
WesselsSatija2023	SUPT16H	viper	131	422	22763.0	0.41176151369342645	0.5882384863065736	0.280059425019007	0.23688969258589512	1.1822355880573348	0.0011324491624392437	0.004529796649756975	True	-0.44747541388189493	6.783372591293029
WesselsSatija2023	HDAC3	viper	94	422	16096.0	0.405767873348795	0.594232126651205	0.2877704846423177	0.1821705426356589	1.5796762773982547	0.0021252359063736103	0.005667295750329628	True	-0.29748283056507324	6.153872468003388
WesselsSatija2023	EP300	viper	102	422	18068.0	0.4197565282036985	0.5802434717963014	0.24203024001798545	0.1946564885496183	1.243371036955141	0.005924670464836634	0.011849340929673269	True	-0.23586609597348257	5.128630211256758
WesselsSatija2023	GATA2	viper	47	422	8592.0	0.4331955228395684	0.5668044771604315	0.19429826434885078	0.10021321961620469	1.9388486378640641	0.06645097392135456	0.1063215582741673	False	-0.2608867774848513	2.7112908374764944
WesselsSatija2023	MYB	viper	13	422	2270.0	0.41378053226394457	0.5862194677360555	0.043268818564511945	0.029885057471264367	1.447841236581746	0.14495240882778138	0.19326987843704183	False	-0.32689965420952743	1.9313498054167062
WesselsSatija2023	SSRP1	viper	31	422	5949.0	0.4547469805840086	0.5452530194159915	0.079308090406949	0.0684326710816777	1.1589214501402547	0.20023668107347387	0.22884192122682728	False	-0.2451125560385945	1.60825520673892
WesselsSatija2023	FLI1	viper	216	422	47666.0	0.5229287344216255	0.4770712655783746	0.3248861989275771	0.3385579937304075	0.9596175690546027	0.8286569378355577	0.8286569378355577	False	0.02638957126230068	0.18794903599176166
WesselsSatija2023	SUPT16H	z-aggregate	131	422	22187.0	0.40134220903729967	0.5986577909627003	0.2942502610396144	0.23688969258589512	1.2421404149229522	0.0003124738028281158	0.0024251605944117	True	-0.6115014174905153	8.070989923251858
WesselsSatija2023	HDAC3	z-aggregate	94	422	15755.0	0.397171523646264	0.6028284763537359	0.24618509689718515	0.1821705426356589	1.351399042541995	0.00090282713142648	0.0024251605944117	True	-0.5145386046216824	7.009979460939808
WesselsSatija2023	SUPT5H	z-aggregate	78	422	12892.0	0.3916636286304533	0.6083363713695467	0.21300229236907184	0.156	1.3653993100581527	0.0011499907573121748	0.0024251605944117	True	-0.4635020470318134	6.768001373759124
WesselsSatija2023	EP300	z-aggregate	102	422	17360.0	0.40330824272837096	0.596691757271629	0.2876681717263256	0.1946564885496183	1.4778247253391628	0.00121258029720585	0.0024251605944117	True	-0.551962468851933	6.715004712845711
WesselsSatija2023	MYB	z-aggregate	13	422	2023.0	0.36875683558148015	0.6312431644185199	0.05133643538456305	0.029885057471264367	1.7177961070988406	0.053527326893899996	0.08564372303024	True	-0.6065732511164232	2.9275629724218897
WesselsSatija2023	GATA2	z-aggregate	47	422	8752.5	0.44128768780881317	0.5587123121911868	0.19677977763634968	0.10021321961620469	1.963610972584	0.0933008323649655	0.124401109819954	False	-0.32652529941745545	2.3719262497863673
WesselsSatija2023	FLI1	z-aggregate	216	422	43490.5	0.4771206336668422	0.5228793663331578	0.3557175362665638	0.3385579937304075	1.050684204342906	0.16842704294738597	0.19248804908272682	False	-0.36500858841295014	1.7812526024931639
WesselsSatija2023	SSRP1	z-aggregate	31	422	5951.0	0.4548998624063599	0.5451001375936401	0.082024046448264	0.0684326710816777	1.198609452937535	0.2009026577964217	0.2009026577964217	False	-0.10933712624613601	1.6049347777991714
WesselsSatija2023	EP300	zscore	102	422	17065.0	0.3964547904469845	0.6035452095530155	0.2809850277645086	0.1946564885496183	1.443491711260809	0.0005821273290802276	0.003799634457879617	True	-0.23507625196923032	7.4488213556729965
WesselsSatija2023	SUPT16H	zscore	131	422	22843.0	0.4132086393401107	0.5867913606598893	0.2794887797270025	0.23688969258589512	1.1798266808323081	0.0013365553017634804	0.003799634457879617	True	-0.2698905074837144	6.6176596451916065
WesselsSatija2023	SUPT5H	zscore	78	422	12960.0	0.3937294932555596	0.6062705067444404	0.2094139664945019	0.156	1.342397221118602	0.0014248629217048564	0.003799634457879617	True	-0.29312249204041213	6.553679665183425
WesselsSatija2023	HDAC3	zscore	94	422	16929.0	0.4267671674901684	0.5732328325098316	0.24866592882181	0.1821705426356589	1.3650172262984464	0.01314986211571846	0.02629972423143692	True	-0.16132590191739782	4.331344005910032
WesselsSatija2023	GATA2	zscore	47	422	8959.0	0.45169910255117474	0.5483008974488253	0.19081791321578515	0.10021321961620469	1.9041191765575156	0.1386590150147622	0.1960049229919961	False	-0.11257761588450432	1.9757374890934691
WesselsSatija2023	MYB	zscore	13	422	2274.0	0.41450966095515857	0.5854903390448415	0.05212562656554397	0.029885057471264367	1.7442036581547404	0.14700369224399706	0.1960049229919961	False	-0.2779474323276001	1.9172975752127326
WesselsSatija2023	SSRP1	zscore	31	422	6174.0	0.47194618559853235	0.5280538144014677	0.08149568897611548	0.0684326710816777	1.1908886163283972	0.30119931368450875	0.34422778706801	False	-0.05910740277348558	1.1999830616628833
WesselsSatija2023	FLI1	zscore	216	422	49635.0	0.5445300157977883	0.45546998420221174	0.3201392535671305	0.3385579937304075	0.9455964989621726	0.9673058403508017	0.9673058403508017	False	0.06662295542000884	0.033240556025445546
