Dataset	TF	Prior	N_Pert	N_Control	U_Stat	MWU_AUC_Effect	ROC_AUC	PR_AUC	AP_Baseline	AP_Lift	P_Value	Adjusted_P_Value	Significant_FDR_BH	Mean_Diff	Score
FrangiehIzar2021_RNA	STAT1	causalpath	707	56261	14179943.0	0.3564902234928655	0.6435097765071346	0.019510249878404058	0.012410476056733604	1.5720790877976272	1.0225882040774073e-39	2.249694048970296e-38	True	-0.7511339368196103	89.77848175839702
FrangiehIzar2021_RNA	JAK2	causalpath	1087	56261	25603113.5	0.41865452557027916	0.5813454744297208	0.02339250774559532	0.018954453511892306	1.234143085735419	1.7561420535372653e-20	1.9317562588909917e-19	True	-0.3125177852456399	45.48858247184806
FrangiehIzar2021_RNA	MYC	causalpath	185	56261	3966298.0	0.3810712331570475	0.6189287668429526	0.005243858910496113	0.0032774687311767	1.599972216550614	1.1075052361885025e-08	8.121705065382352e-08	True	-1.3366544552759527	18.318570793090945
FrangiehIzar2021_RNA	JAK1	causalpath	990	56261	25212092.5	0.45265388281420704	0.547346117185793	0.01974278587681478	0.017292274370753348	1.1417113477106293	1.5237709088172313e-07	8.380739998494772e-07	True	-0.23082568226757247	15.696907527291799
FrangiehIzar2021_RNA	SMAD4	causalpath	628	56261	16017769.5	0.4533513870804826	0.5466486129195174	0.01274278039103741	0.011039040939373166	1.15433763322568	2.8231819351093274e-05	0.0001242200051448104	True	-0.1820128061816657	10.475060870340409
FrangiehIzar2021_RNA	TP53	causalpath	548	56261	13967234.0	0.4530252445685561	0.5469747554314439	0.01194686565269922	0.009646358851590417	1.2384844723799089	7.506628065037195e-05	0.00027524302905136385	True	-0.31495708685324936	9.497139092693056
FrangiehIzar2021_RNA	CDKN2A	causalpath	865	56261	22675949.0	0.46595279042669935	0.5340472095733007	0.016698153839527816	0.015141966880229668	1.1027731054761456	0.00028826979552638306	0.000905990785940061	True	-0.18746889096332947	8.151613726320095
FrangiehIzar2021_RNA	SMAD3	causalpath	711	56261	18983627.0	0.4745720361832789	0.5254279638167211	0.013324610989413127	0.012479814645790914	1.067693020096828	0.009797138162677695	0.02694212994736366	True	-0.06111074122540247	4.625664960169547
FrangiehIzar2021_RNA	KLF4	causalpath	717	56261	19472898.0	0.48272966275902235	0.5172703372409777	0.01341996335602869	0.01258380427533434	1.066447241422319	0.05571131601475929	0.13618321692496713	False	-0.06340715613410286	2.8875719926335686
FrangiehIzar2021_RNA	STAT3	causalpath	528	56261	14358856.0	0.4833686395603176	0.5166313604396824	0.009753805656414389	0.00929757523464051	1.0490698284509787	0.0938090767359242	0.20637996881903325	False	-0.07195986246201082	2.366493660744066
FrangiehIzar2021_RNA	RB1	causalpath	775	56261	21234246.0	0.4869985797759406	0.5130014202240594	0.014403729447573906	0.013587909390560348	1.0600401455120325	0.10651954620317633	0.21303909240635266	False	-0.1253633508904458	2.239426778248481
FrangiehIzar2021_RNA	CDKN1A	causalpath	1036	56261	28815749.0	0.49438206815875185	0.5056179318412481	0.018259532773219376	0.01808122589315322	1.0098614375551647	0.2673991811407138	0.4902318320913087	False	-0.009152350926278327	1.3190126766199786
FrangiehIzar2021_RNA	CCND1	causalpath	631	56261	17587367.0	0.49540914569803723	0.5045908543019628	0.01091796564738946	0.011091190325529073	0.9843817775139162	0.3455863323698012	0.5809318272557525	False	-0.06525357340834481	1.0625127903753457
FrangiehIzar2021_RNA	DNMT1	causalpath	331	56261	9215668.5	0.4948703149880163	0.5051296850119837	0.005901120839588424	0.005848883234379418	1.0089312101328944	0.37359717444040397	0.5809318272557525	False	0.11878837799266587	0.9845771357170668
FrangiehIzar2021_RNA	IRF3	causalpath	791	56261	22131705.5	0.49731430522781767	0.5026856947721823	0.013983861943397142	0.01386454462595527	1.0086059312195874	0.3960898822198312	0.5809318272557525	False	-0.07391625890238518	0.9261141181800493
FrangiehIzar2021_RNA	TSC22D3	causalpath	671	56261	18793791.0	0.4978338529778088	0.5021661470221912	0.011853675120245816	0.01178599030422258	1.005742819591408	0.42339197458944045	0.5821639650604806	False	-0.09840176485233443	0.8594568751387649
FrangiehIzar2021_RNA	TFAP2A	causalpath	604	56261	17015001.0	0.500711531201963	0.49928846879803696	0.010955228147102584	0.010621647762243912	1.0314057095777953	0.5240235256390723	0.6781480920035053	False	0.011471151723631237	0.6462186994111302
FrangiehIzar2021_RNA	TIMP3	causalpath	496	56261	14068507.5	0.504148991509044	0.49585100849095604	0.008861793344734996	0.008739010166146907	1.0140500098127503	0.6266051490824947	0.7658507377674935	False	-0.04500115836592938	0.4674386830026054
FrangiehIzar2021_RNA	FOS	causalpath	708	56261	20242499.0	0.5081868484827122	0.4918131515172877	0.011788225126700792	0.012427811616844248	0.9485358718121715	0.7733435368042292	0.8954504110364759	False	0.009825865761079744	0.2570319089335332
FrangiehIzar2021_RNA	FOXM1	causalpath	258	56261	7499086.0	0.516631855214119	0.48336814478588097	0.0042939233527420516	0.004564836603620021	0.9406521471846048	0.822075600416857	0.9042831604585427	False	0.03216620695685548	0.19592291684501376
FrangiehIzar2021_RNA	RUVBL2	causalpath	65	56261	2072284.0	0.5666677148947282	0.4333322851052718	0.0009693982946184722	0.0011539963782267514	0.8400358206566164	0.9686166554036693	0.9963376581906388	False	0.4702622432069452	0.03188635382358721
FrangiehIzar2021_RNA	E2F1	causalpath	583	56261	17457155.0	0.5322276904538553	0.4677723095461446	0.00912176850456422	0.010256139610161143	0.8893958985822445	0.9963376581906388	0.9963376581906388	False	0.24190045348466543	0.0036690646022551426
FrangiehIzar2021_RNA	STAT1	collectri	707	56261	10166419.0	0.25558840267779037	0.7444115973222096	0.02927388717261276	0.012410476056733604	2.35880453246026	3.680382801803118e-111	6.256650763065301e-110	True	-2.9185662099510203	254.28392855333905
FrangiehIzar2021_RNA	MYC	collectri	185	56261	3939491.0	0.3784956887710127	0.6215043112289872	0.00497830767646832	0.0032774687311767	1.5189489465185448	5.470338464051187e-09	4.649787694443509e-08	True	-2.8251076053415707	19.023925346000613
FrangiehIzar2021_RNA	SMAD3	collectri	711	56261	17989114.0	0.44971018763238074	0.5502898123676193	0.013730653070155486	0.012479814645790914	1.1002289264597727	1.9551628351640003e-06	1.1079256065929335e-05	True	-0.2396669796371029	13.145037076351512
FrangiehIzar2021_RNA	SMAD4	collectri	628	56261	16421077.0	0.4647662107577094	0.5352337892422906	0.012392173800667844	0.011039040939373166	1.1225770308060397	0.0011762584511540413	0.0049990984174046755	True	-0.2009078972472498	6.745416682262405
FrangiehIzar2021_RNA	RB1	collectri	775	56261	21230820.0	0.4869200058941879	0.5130799941058122	0.013979094952900426	0.013587909390560348	1.0287892383659725	0.10514329148230983	0.35748719103985344	False	-0.08127290352635907	2.252431178371225
FrangiehIzar2021_RNA	TP53	collectri	548	56261	15084398.0	0.4892602997214365	0.5107397002785635	0.009479086590559665	0.009646358851590417	0.9826595440202628	0.19305596976247918	0.5420629660390358	False	0.18893400765664126	1.6447751333494447
FrangiehIzar2021_RNA	STAT3	collectri	528	56261	14567413.0	0.4903893878261113	0.5096106121738887	0.009260823371367088	0.00929757523464051	0.9960471561298591	0.22320239778077944	0.5420629660390358	False	0.08843527909160227	1.4996763057872564
FrangiehIzar2021_RNA	KLF4	collectri	717	56261	20062048.0	0.49733458601258623	0.5026654139874138	0.012588666743283308	0.01258380427533434	1.000386406832352	0.4029673070383012	0.8308527690616879	False	-0.005839916135921219	0.9088998443006204
FrangiehIzar2021_RNA	IRF4	collectri	673	56261	18867691.0	0.49830614600234163	0.5016938539976584	0.012178282577363647	0.011820704675589279	1.0302501341153372	0.43986323067971717	0.8308527690616879	False	-0.09308321719687077	0.8212914397546781
FrangiehIzar2021_RNA	DNMT1	collectri	331	56261	9373614.0	0.5033517983807773	0.4966482016192228	0.005749826482592201	0.005848883234379418	0.9830639888303861	0.5834097520503181	0.9915694900809894	False	0.1652042782126799	0.5388655057980671
FrangiehIzar2021_RNA	NONO	collectri	601	56261	17122306.5	0.5063844346090678	0.4936155653909322	0.010128222090705703	0.010569448841053779	0.9582545166750543	0.705165800311177	0.9915694900809894	False	-0.021068893693926696	0.34932232607346914
FrangiehIzar2021_RNA	FOS	collectri	708	56261	20159750.0	0.50610943928906	0.49389056071093995	0.011714528743775859	0.012427811616844248	0.9426059152601228	0.7121293004707961	0.9915694900809894	False	0.1724930662205047	0.3394957822729433
FrangiehIzar2021_RNA	SOX4	collectri	658	56261	18916545.5	0.5109853964930816	0.4890146035069184	0.011143917810354793	0.011560287425991321	0.9639827626862986	0.8340989177964164	0.9915694900809894	False	0.09786260123692901	0.1814032771860583
FrangiehIzar2021_RNA	IRF3	collectri	791	56261	22824785.0	0.5128882676596846	0.48711173234031535	0.013272289824240436	0.01386454462595527	0.9572827800917387	0.8937864155515133	0.9915694900809894	False	0.09015326358562312	0.11228844113093943
FrangiehIzar2021_RNA	FOXM1	collectri	258	56261	7602010.0	0.5237225616103462	0.47627743838965375	0.004217448476214625	0.004564836603620021	0.9238991101828467	0.9060703000172705	0.9915694900809894	False	0.12057861726420407	0.09863838211135693
FrangiehIzar2021_RNA	TFAP2A	collectri	604	56261	17592908.0	0.5177179773880275	0.4822820226119725	0.009607016616174942	0.010621647762243912	0.9044751653622318	0.9332418730174018	0.9915694900809894	False	0.258841036850021	0.06909086948423926
FrangiehIzar2021_RNA	E2F1	collectri	583	56261	17698258.0	0.5395783551441498	0.46042164485585024	0.008738734165295673	0.010256139610161143	0.8520490649949695	0.9995050277487012	0.9995050277487012	False	0.5597745003402377	0.0004950947905009136
FrangiehIzar2021_RNA	STAT1	dorothea	707	56261	13970802.0	0.35123232352588246	0.6487676764741175	0.02026904952789752	0.012410476056733604	1.6332209526241388	1.5786313873489937e-42	2.0522208035536917e-41	True	-2.570946849283196	96.2520156446268
FrangiehIzar2021_RNA	MYC	dorothea	185	56261	4006791.0	0.3849616915755093	0.6150383084244907	0.004785881570040543	0.0032774687311767	1.4602371410946404	3.128339653154259e-08	2.0334207745502685e-07	True	-2.089183302265323	17.280178342396216
FrangiehIzar2021_RNA	SMAD3	dorothea	711	56261	18315169.0	0.45786124249970084	0.5421387575002992	0.01339602121583304	0.012479814645790914	1.0734150783522363	5.488640258782514e-05	0.0002378410778805756	True	-0.27992689715733726	9.810244916121453
FrangiehIzar2021_RNA	SMAD4	dorothea	628	56261	16573164.0	0.46907073345713457	0.5309292665428654	0.012527257188532166	0.011039040939373166	1.1348139079592456	0.0037915650710303784	0.012322586480848729	True	-0.2378243360894974	5.574976397625737
FrangiehIzar2021_RNA	TP53	dorothea	548	56261	14698452.0	0.47674219620571845	0.5232578037942816	0.00994502130092213	0.009646358851590417	1.0309611589125642	0.030266049584329616	0.07869172891925699	True	-0.06684812060653426	3.497728670433783
FrangiehIzar2021_RNA	KLF4	dorothea	717	56261	19625100.0	0.48650272314948134	0.5134972768505186	0.012914771312165493	0.01258380427533434	1.0263010318334247	0.10673824322815578	0.209691927491365	False	-0.05423196835629389	2.237375766632655
FrangiehIzar2021_RNA	STAT3	dorothea	528	56261	14398775.0	0.48471245084462944	0.5152875491553706	0.009525660042772582	0.00929757523464051	1.0245316442594927	0.11291103787996576	0.209691927491365	False	-0.12421057429957866	2.181155045732354
FrangiehIzar2021_RNA	IRF3	dorothea	791	56261	22403857.0	0.5034297324432759	0.496570267556724	0.013455332165237699	0.01386454462595527	0.9704849692681936	0.6299881164123623	0.9599715182529684	False	0.13099409337313356	0.4620543226119844
FrangiehIzar2021_RNA	TFAP2A	dorothea	604	56261	17161385.0	0.5050192686380918	0.4949807313619082	0.010155446151282149	0.010621647762243912	0.9561083532991048	0.6645956664828243	0.9599715182529684	False	0.02716449996368708	0.4085764435721819
FrangiehIzar2021_RNA	FOXM1	dorothea	258	56261	7494839.0	0.516339268158964	0.4836607318410361	0.004385070541894527	0.004564836603620021	0.960619387431538	0.8178128096720387	0.9999911615781433	False	-0.00692975841657123	0.20112180759877396
FrangiehIzar2021_RNA	IRF4	dorothea	673	56261	19468112.0	0.5141635964179156	0.48583640358208435	0.011173556909149661	0.011820704675589279	0.9452530298150473	0.8971142647678504	0.9999911615781433	False	0.027083640598159014	0.10857203956477601
FrangiehIzar2021_RNA	FOS	dorothea	708	56261	20659162.0	0.5186471506840044	0.4813528493159957	0.011556254918241186	0.012427811616844248	0.9298704610696076	0.9561864887505493	0.9999911615781433	False	0.7942853035378074	0.04480231303998717
FrangiehIzar2021_RNA	E2F1	dorothea	583	56261	18092047.0	0.5515840576767865	0.44841594232321347	0.008525848553817553	0.010256139610161143	0.8312921701427187	0.9999911615781433	0.9999911615781433	False	1.2139497939795416	8.838460915807836e-06
FrangiehIzar2021_RNA	STAT1	ensemble	707	56261	14032718.0	0.3527889199577429	0.6472110800422571	0.02030670106761679	0.012410476056733604	1.6362548039886753	1.0990687247053205e-41	2.747671811763301e-40	True	-2.7035470089580156	94.31152560543575
FrangiehIzar2021_RNA	JAK2	ensemble	1087	56261	25603113.5	0.41865452557027916	0.5813454744297208	0.02339250774559532	0.018954453511892306	1.234143085735419	1.7561420535372653e-20	2.1951775669215817e-19	True	-0.3125177852456399	45.48858247184806
FrangiehIzar2021_RNA	MYC	ensemble	185	56261	3956777.0	0.3801564811109611	0.6198435188890389	0.005107421711105002	0.0032774687311767	1.5583433832704483	8.634893742701245e-09	7.195744785584371e-08	True	-3.20219738194466	18.567454430843142
FrangiehIzar2021_RNA	JAK1	ensemble	990	56261	25212092.5	0.45265388281420704	0.547346117185793	0.01974278587681478	0.017292274370753348	1.1417113477106293	1.5237709088172313e-07	9.523568180107695e-07	True	-0.23082568226757247	15.696907527291799
FrangiehIzar2021_RNA	SMAD3	ensemble	711	56261	18117144.0	0.45291081192786153	0.5470891880721386	0.013413572564872675	0.012479814645790914	1.0748214573360424	7.720279037443975e-06	3.860139518721987e-05	True	-0.2887638283684907	11.771660049834166
FrangiehIzar2021_RNA	CDKN2A	ensemble	865	56261	22675949.0	0.46595279042669935	0.5340472095733007	0.016698153839527816	0.015141966880229668	1.1027731054761456	0.00028826979552638306	0.0012011241480265962	True	-0.18746889096332947	8.151613726320095
FrangiehIzar2021_RNA	SMAD4	ensemble	628	56261	16872548.0	0.47754420734934555	0.5224557926506544	0.011645058503173048	0.011039040939373166	1.054897664310528	0.026276090064106583	0.09384317880038065	True	-0.21970958180331576	3.639095876339175
FrangiehIzar2021_RNA	TP53	ensemble	548	56261	14886301.0	0.48283505175370733	0.5171649482462927	0.009753323687572282	0.009646358851590417	1.0110886229330178	0.0829947651286761	0.2593586410271128	False	0.12409841516243891	2.488977743913424
FrangiehIzar2021_RNA	STAT3	ensemble	528	56261	14548905.0	0.4897663446824944	0.5102336553175055	0.009280241895504922	0.00929757523464051	0.9981357140224035	0.20874471487555613	0.5798464302098781	False	0.07798370772055728	1.5666432335330849
FrangiehIzar2021_RNA	RB1	ensemble	775	56261	21515690.0	0.4934533805862194	0.5065466194137807	0.013833801283143496	0.013587909390560348	1.018096374174674	0.26532220986775473	0.6077254116834405	False	-0.055098405872608495	1.3268103052936053
FrangiehIzar2021_RNA	CDKN1A	ensemble	1036	56261	28815749.0	0.49438206815875185	0.5056179318412481	0.018259532773219376	0.01808122589315322	1.0098614375551647	0.2673991811407138	0.6077254116834405	False	-0.009152350926278327	1.3190126766199786
FrangiehIzar2021_RNA	CCND1	ensemble	631	56261	17567306.0	0.49484405810579857	0.5051559418942014	0.010929806723872974	0.011091190325529073	0.9854493884858656	0.3277395781596695	0.6827907878326448	False	-0.11627737856251656	1.1155359549837331
FrangiehIzar2021_RNA	TSC22D3	ensemble	671	56261	18793791.0	0.4978338529778088	0.5021661470221912	0.011853675120245816	0.01178599030422258	1.005742819591408	0.42339197458944045	0.7850966006762234	False	-0.09840176485233443	0.8594568751387649
FrangiehIzar2021_RNA	KLF4	ensemble	717	56261	20103112.0	0.4983525552368659	0.5016474447631342	0.012698102860075899	0.01258380427533434	1.00908299129903	0.4396540963786852	0.7850966006762234	False	-0.0017248827708201617	0.8217670058374362
FrangiehIzar2021_RNA	TIMP3	ensemble	496	56261	14068507.5	0.504148991509044	0.49585100849095604	0.008861793344734996	0.008739010166146907	1.0140500098127503	0.6266051490824947	0.9999951502018279	False	-0.04500115836592938	0.4674386830026054
FrangiehIzar2021_RNA	NONO	ensemble	601	56261	17122306.5	0.5063844346090678	0.4936155653909322	0.010128222090705703	0.010569448841053779	0.9582545166750543	0.705165800311177	0.9999951502018279	False	-0.021068893693926696	0.34932232607346914
FrangiehIzar2021_RNA	DNMT1	ensemble	331	56261	9486192.0	0.5093971015859349	0.4906028984140651	0.005674051364314985	0.005848883234379418	0.9701085039556302	0.7225732804607792	0.9999951502018279	False	0.17934352202821982	0.3249364378955505
FrangiehIzar2021_RNA	IRF4	ensemble	673	56261	19193841.0	0.5069199477398549	0.4930800522601452	0.01147108363683728	0.011820704675589279	0.9704229952149982	0.7317720805081235	0.9999951502018279	False	0.0023467194532593577	0.31228617893116506
FrangiehIzar2021_RNA	SOX4	ensemble	658	56261	18916545.5	0.5109853964930816	0.4890146035069184	0.011143917810354793	0.011560287425991321	0.9639827626862986	0.8340989177964164	0.9999951502018279	False	0.09786260123692901	0.1814032771860583
FrangiehIzar2021_RNA	TFAP2A	ensemble	604	56261	17419171.0	0.5126053053819292	0.48739469461807083	0.00977232613025416	0.010621647762243912	0.9200386182067927	0.8571116729887585	0.9999951502018279	False	0.21766731619165997	0.15418706200219673
FrangiehIzar2021_RNA	IRF3	ensemble	791	56261	22753232.0	0.5112804236332961	0.48871957636670393	0.0133184197087367	0.01386454462595527	0.9606099636192745	0.8624433856814103	0.9999951502018279	False	0.15023095563026032	0.1479857720206767
FrangiehIzar2021_RNA	FOXM1	ensemble	258	56261	7627291.0	0.5254642365200176	0.4745357634799824	0.004235687840893692	0.004564836603620021	0.927894732866165	0.9212640546483601	0.9999951502018279	False	0.2447337889574267	0.08200857953161438
FrangiehIzar2021_RNA	FOS	ensemble	708	56261	20551092.0	0.515934059147454	0.4840659408525459	0.011656224150077218	0.012427811616844248	0.9379144542454083	0.9277910975797621	0.9999951502018279	False	0.7989539146920851	0.07494868190371386
FrangiehIzar2021_RNA	RUVBL2	ensemble	65	56261	2072284.0	0.5666677148947282	0.4333322851052718	0.0009693982946184722	0.0011539963782267514	0.8400358206566164	0.9686166554036693	0.9999951502018279	False	0.4702622432069452	0.03188635382358721
FrangiehIzar2021_RNA	E2F1	ensemble	583	56261	18143836.0	0.5531629827571284	0.4468370172428716	0.008494455499171175	0.010256139610161143	0.8282312665435442	0.9999951502018279	0.9999951502018279	False	1.3125263889238208	4.8498099323666185e-06
GasperiniShendure2019_lowMOI	BTF3	causalpath	15	369	1774.0	0.3205058717253839	0.6794941282746161	0.07364206135786247	0.0390625	1.8852367707612792	0.009017835607650604	0.08184343795999875	True	-0.9248842683701104	4.708550928507285
GasperiniShendure2019_lowMOI	MAX	causalpath	9	369	935.0	0.28154170430593195	0.718458295694068	0.08795813741050819	0.023809523809523808	3.694241771241344	0.012591298147692116	0.08184343795999875	True	-2.1390677995847796	4.374749326813801
GasperiniShendure2019_lowMOI	RBBP4	causalpath	6	369	660.0	0.2981029810298103	0.7018970189701896	0.0939485705177187	0.016	5.871785657357418	0.04501531019534032	0.19506634417980806	False	-1.599230143932824	3.100752620512632
GasperiniShendure2019_lowMOI	CEBPB	causalpath	16	369	2448.0	0.4146341463414634	0.5853658536585367	0.08884018146311709	0.04155844155844156	2.137716866456255	0.12396803274099216	0.4028961064082245	False	-0.5435172368702826	2.087731547089225
GasperiniShendure2019_lowMOI	H3F3B	causalpath	15	369	2362.0	0.4267389340560072	0.5732610659439927	0.05463355094546998	0.0390625	1.3986189042040316	0.1682157388355694	0.4373609209724804	False	-0.32271310888180704	1.7825079636712502
GasperiniShendure2019_lowMOI	TAF12	causalpath	2	369	259.0	0.3509485094850949	0.6490514905149051	0.011610688564313118	0.005390835579514825	2.1537827286800835	0.23454994508543137	0.5081915476851012	False	-0.5257758621614765	1.4500867283350418
GasperiniShendure2019_lowMOI	NPM1	causalpath	31	369	5348.0	0.4675233849112685	0.5324766150887315	0.08766709441465306	0.0775	1.1311883150277815	0.2742314400258431	0.5092869600479943	False	-0.22130450682003813	1.2937828575012256
GasperiniShendure2019_lowMOI	MYC	causalpath	20	369	3486.0	0.47235772357723577	0.5276422764227643	0.06507765575194571	0.05141388174807198	1.265760404375344	0.3388797213178549	0.5382768544546106	False	-0.40704711203171035	1.0821100389317597
GasperiniShendure2019_lowMOI	LMO2	causalpath	25	369	4433.0	0.4805420054200542	0.5194579945799458	0.07379896656217788	0.06345177664974619	1.1630717130199235	0.37265320693011506	0.5382768544546106	False	-0.04982807032525917	0.9871070319485007
GasperiniShendure2019_lowMOI	GATA2	causalpath	15	369	2690.0	0.4859981933152665	0.5140018066847335	0.04209570358493069	0.0390625	1.0776500117742258	0.4275041760070989	0.5557554288092286	False	-0.30687107051963225	0.8497912222153748
GasperiniShendure2019_lowMOI	APEX1	causalpath	13	369	2504.5	0.5220971440483636	0.4779028559516365	0.037400909682736516	0.034031413612565446	1.09901134606195	0.607268110681119	0.7176804944413224	False	0.21000260696206313	0.4987848874505229
GasperiniShendure2019_lowMOI	POLR2K	causalpath	10	369	2159.0	0.5850948509485094	0.4149051490514905	0.023085855901962448	0.026385224274406333	0.8749539386843768	0.821224953086573	0.8896603658437873	False	0.2463073019748242	0.19695820817312715
GasperiniShendure2019_lowMOI	RBMX	causalpath	4	369	1133.0	0.7676151761517616	0.23238482384823847	0.009409015660938484	0.010723860589812333	0.8773907103825136	0.9689894000510133	0.9689894000510133	False	1.0451146652914955	0.031501606211044565
GasperiniShendure2019_lowMOI	CEBPB	collectri	16	369	2047.0	0.3467140921409214	0.6532859078590787	0.1087970738463775	0.04155844155844156	2.6179295894284587	0.018967979121090422	0.360391603300718	False	-1.2230823362265322	3.965003030963501
GasperiniShendure2019_lowMOI	HHEX	collectri	14	369	1933.5	0.37427409988385596	0.625725900116144	0.06543159772327001	0.03655352480417755	1.7900215662866008	0.055219845778261424	0.5245885348934836	False	-0.7858824491864158	2.8964328653441984
GasperiniShendure2019_lowMOI	NR2F2	collectri	14	369	2162.0	0.41850561362756483	0.5814943863724351	0.09243730646406517	0.03655352480417755	2.528820598266926	0.15051617451223787	0.7337223026399716	False	-0.5893449709819664	1.8936847287257792
GasperiniShendure2019_lowMOI	CTCFL	collectri	16	369	2539.0	0.43004742547425473	0.5699525745257453	0.05171346758395392	0.04155844155844156	1.2443553137388912	0.17192964609675288	0.7337223026399716	False	0.21152558394253007	1.7606699201672449
GasperiniShendure2019_lowMOI	LMO2	collectri	25	369	4149.0	0.4497560975609756	0.5502439024390244	0.0782067476046529	0.06345177664974619	1.23253834224933	0.20039422397394113	0.7337223026399716	False	-0.20163968291872614	1.6074687326721269
GasperiniShendure2019_lowMOI	MYC	collectri	20	369	3360.0	0.45528455284552843	0.5447154471544715	0.07728011578073155	0.05141388174807198	1.5030982519352285	0.25053747847130853	0.7337223026399716	False	-1.6279222925463972	1.3841467549924518
GasperiniShendure2019_lowMOI	PARK7	collectri	17	369	2920.0	0.46548700781125457	0.5345129921887454	0.05665050445771089	0.04404145077720207	1.2862996894515533	0.31553115772074614	0.7337223026399716	False	-0.23019698986817747	1.153497845234367
GasperiniShendure2019_lowMOI	ID3	collectri	16	369	2778.0	0.47052845528455284	0.5294715447154472	0.05878976919843797	0.04155844155844156	1.4146288213374136	0.3452677309676726	0.7337223026399716	False	-0.11914853000461662	1.0634351311174004
GasperiniShendure2019_lowMOI	ID2	collectri	9	369	1579.0	0.4754591990364348	0.5245408009635653	0.045890033895197926	0.023809523809523808	1.927381423598313	0.4012532472550778	0.7337223026399716	False	-0.020957448407070565	0.9131625117231124
GasperiniShendure2019_lowMOI	EWSR1	collectri	31	369	5619.0	0.4912142669813795	0.5087857330186205	0.08510987699083811	0.0775	1.0981919611721047	0.4357542800833202	0.7337223026399716	False	0.01001700786202589	0.8306767722933088
GasperiniShendure2019_lowMOI	GTF3A	collectri	20	369	3618.0	0.4902439024390244	0.5097560975609756	0.057457526489008814	0.05141388174807198	1.1175488902112214	0.4419629068884214	0.7337223026399716	False	0.0259843685130422	0.8165293214929287
GasperiniShendure2019_lowMOI	APEX1	collectri	13	369	2400.0	0.5003126954346466	0.4996873045653534	0.03602188605833709	0.034031413612565446	1.0584892672526744	0.5020391282774714	0.7337223026399716	False	0.11611578795635327	0.6890772175521045
GasperiniShendure2019_lowMOI	SMARCC1	collectri	12	369	2233.0	0.5042908762420958	0.4957091237579042	0.033336891248085754	0.031496062992125984	1.0584462971267228	0.5207111678378679	0.7337223026399716	False	-0.10238967402823342	0.6525597713039556
GasperiniShendure2019_lowMOI	GATA2	collectri	15	369	2810.0	0.5076784101174345	0.4923215898825655	0.042275078665157215	0.0390625	1.0822420138280247	0.5406374861557686	0.7337223026399716	False	-0.024676829574799303	0.6150063057832403
GasperiniShendure2019_lowMOI	NPM1	collectri	31	369	5966.0	0.5215490864586065	0.4784509135413935	0.13729174538583097	0.0775	1.7715063920752383	0.6552391387507825	0.7883317689416166	False	-0.2871039253691373	0.4227550126492585
GasperiniShendure2019_lowMOI	MAX	collectri	9	369	1797.0	0.5411020776874436	0.4588979223125565	0.1317378910730309	0.023809523809523808	5.532991425067299	0.6638583317403087	0.7883317689416166	False	-1.0231764664444447	0.40968650808208057
GasperiniShendure2019_lowMOI	HOXB2	collectri	9	369	1924.0	0.5793435712134899	0.4206564287865101	0.02949843663102325	0.023809523809523808	1.2389343385029765	0.7925083704421865	0.8857446493177378	False	0.22539009673833715	0.23255221121432007
GasperiniShendure2019_lowMOI	ID1	collectri	5	369	1222.0	0.662330623306233	0.33766937669376695	0.018537065724090265	0.013368983957219251	1.386572516161952	0.890599909027837	0.9400776817516058	False	0.5722351730911648	0.11585998824159054
GasperiniShendure2019_lowMOI	ARID1A	collectri	11	369	2573.0	0.63389997536339	0.36610002463661	0.02271081278154665	0.02894736842105263	0.784555350635248	0.9811139812891571	0.9811139812891571	False	0.6032746028933901	0.0190666372883429
GasperiniShendure2019_lowMOI	CEBPB	dorothea	16	369	2385.0	0.40396341463414637	0.5960365853658536	0.12870570128858472	0.04155844155844156	3.09698093725657	0.09681056037141855	0.39068897672309233	False	-0.6188886441179221	2.3349991959039453
GasperiniShendure2019_lowMOI	NR2F2	dorothea	14	369	2056.0	0.3979868370112273	0.6020131629887728	0.049606789218522546	0.03655352480417755	1.3571000193352953	0.09767224418077308	0.39068897672309233	False	-0.4464596928702134	2.3261378526107928
GasperiniShendure2019_lowMOI	GATA2	dorothea	15	369	2433.0	0.43956639566395667	0.5604336043360434	0.0763799527833525	0.0390625	1.955326791253824	0.21400872798862935	0.48237299251849153	False	-0.9491617993336001	1.5417384797983757
GasperiniShendure2019_lowMOI	ZC3H8	dorothea	4	369	587.0	0.3976964769647697	0.6023035230352304	0.01766031482160281	0.010723860589812333	1.646824357114462	0.24118649625924576	0.48237299251849153	False	-0.39498599392325107	1.4221848013545473
GasperiniShendure2019_lowMOI	MAX	dorothea	9	369	1622.0	0.48840710629328515	0.5115928937067149	0.04267999951533871	0.023809523809523808	1.792559979644226	0.45329808750369593	0.7252769400059135	False	-0.337451230255839	0.7912053400963053
GasperiniShendure2019_lowMOI	MYC	dorothea	20	369	3966.0	0.5373983739837398	0.4626016260162602	0.057958050022374474	0.05141388174807198	1.1272840729351834	0.7138201688848849	0.9141420315297644	False	-0.22242781882343554	0.33712421267257786
GasperiniShendure2019_lowMOI	CTCFL	dorothea	16	369	3490.0	0.5911246612466124	0.40887533875338755	0.034652689988799924	0.04155844155844156	0.8338303528554982	0.8917130770560681	0.9141420315297644	False	0.5685276147212003	0.11461086063980115
GasperiniShendure2019_lowMOI	HHEX	dorothea	14	369	3130.0	0.6058846302748742	0.3941153697251258	0.031930855130864126	0.03655352480417755	0.8735369653657828	0.9141420315297644	0.9141420315297644	False	0.0957654405392562	0.08976932405383621
GasperiniShendure2019_lowMOI	BTF3	ensemble	15	369	1774.0	0.3205058717253839	0.6794941282746161	0.07364206135786247	0.0390625	1.8852367707612792	0.009017835607650604	0.23446372579891567	False	-0.9248842683701104	4.708550928507285
GasperiniShendure2019_lowMOI	CEBPB	ensemble	16	369	2052.0	0.3475609756097561	0.6524390243902438	0.12461120918799035	0.04155844155844156	2.9984572210860176	0.019505417784898907	0.2535704312036858	False	-1.449318387630713	3.9370630168784455
GasperiniShendure2019_lowMOI	RBBP4	ensemble	6	369	660.0	0.2981029810298103	0.7018970189701896	0.0939485705177187	0.016	5.871785657357418	0.04501531019534032	0.3901326883596161	False	-1.599230143932824	3.100752620512632
GasperiniShendure2019_lowMOI	NR2F2	ensemble	14	369	2079.0	0.4024390243902439	0.5975609756097562	0.048045772578844154	0.03655352480417755	1.3143950641212363	0.1077911075406236	0.4821925290972303	False	-0.4390529986361206	2.227560114256476
GasperiniShendure2019_lowMOI	LMO2	ensemble	25	369	3938.0	0.42688346883468836	0.5731165311653117	0.08696949093311979	0.06345177664974619	1.3706391771059678	0.11064233849485267	0.4821925290972303	False	-0.2453528654133558	2.2014524557783846
GasperiniShendure2019_lowMOI	MAX	ensemble	9	369	1266.0	0.38121047877145436	0.6187895212285457	0.08313675726234	0.023809523809523808	3.49174380501828	0.11188622444223195	0.4821925290972303	False	-1.7560282925546302	2.190272777209962
GasperiniShendure2019_lowMOI	TAF12	ensemble	2	369	198.0	0.2682926829268293	0.7317073170731708	0.015425531914893617	0.005390835579514825	2.8614361702127655	0.1298210655261774	0.4821925290972303	False	-0.7963621934023122	2.041598195690752
GasperiniShendure2019_lowMOI	H3F3B	ensemble	15	369	2362.0	0.4267389340560072	0.5732610659439927	0.05463355094546998	0.0390625	1.3986189042040316	0.1682157388355694	0.4895322904254263	False	-0.32271310888180704	1.7825079636712502
GasperiniShendure2019_lowMOI	GATA2	ensemble	15	369	2364.0	0.42710027100271003	0.57289972899729	0.07302695289845558	0.0390625	1.8694899942004628	0.16945348514726294	0.4895322904254263	False	-0.8881096083096377	1.7751768137327166
GasperiniShendure2019_lowMOI	HHEX	ensemble	14	369	2260.5	0.4375725900116144	0.5624274099883855	0.05214590436305906	0.03655352480417755	1.4265629550751158	0.21419164560947357	0.5568982785846313	False	-0.5327003159278081	1.5408841244860088
GasperiniShendure2019_lowMOI	ZC3H8	ensemble	4	369	593.0	0.40176151761517614	0.5982384823848239	0.01737675861304974	0.010723860589812333	1.620382740666888	0.2500161937458095	0.5909473670355498	False	-0.20719357787360618	1.386229588234461
GasperiniShendure2019_lowMOI	NPM1	ensemble	31	369	5389.0	0.4711076143019495	0.5288923856980505	0.10257926210401444	0.0775	1.323603381987283	0.2967570605217422	0.6031998181873203	False	-0.26466708011957907	1.2148414529472926
GasperiniShendure2019_lowMOI	PARK7	ensemble	17	369	2920.0	0.46548700781125457	0.5345129921887454	0.05665050445771089	0.04404145077720207	1.2862996894515533	0.31553115772074614	0.6031998181873203	False	-0.23019698986817747	1.153497845234367
GasperiniShendure2019_lowMOI	MYC	ensemble	20	369	3467.0	0.4697831978319783	0.5302168021680217	0.06866823344561483	0.05141388174807198	1.3355971405172085	0.32479990210086473	0.6031998181873203	False	-1.5396352610903923	1.1245459721082534
GasperiniShendure2019_lowMOI	ID3	ensemble	16	369	2804.0	0.4749322493224932	0.5250677506775068	0.06402806227081076	0.04155844155844156	1.540675248391384	0.3675057970082103	0.6047913462683662	False	-0.11451236744942539	1.0010161862816558
GasperiniShendure2019_lowMOI	ID2	ensemble	9	369	1566.0	0.4715447154471545	0.5284552845528455	0.04954766829059382	0.023809523809523808	2.0810020682049406	0.3858144861015046	0.6047913462683662	False	-0.14698705397442122	0.9523986310000164
GasperiniShendure2019_lowMOI	SMARCC1	ensemble	12	369	2121.0	0.47899728997289975	0.5210027100271002	0.034813229378960184	0.031496062992125984	1.1053200327819859	0.40269592779451074	0.6047913462683662	False	-0.16962164360312562	0.9095735234318529
GasperiniShendure2019_lowMOI	EWSR1	ensemble	31	369	5619.0	0.4912142669813795	0.5087857330186205	0.08510987699083811	0.0775	1.0981919611721047	0.4357542800833202	0.6047913462683662	False	0.01001700786202589	0.8306767722933088
GasperiniShendure2019_lowMOI	GTF3A	ensemble	20	369	3618.0	0.4902439024390244	0.5097560975609756	0.057457526489008814	0.05141388174807198	1.1175488902112214	0.4419629068884214	0.6047913462683662	False	0.0248292773919669	0.8165293214929287
GasperiniShendure2019_lowMOI	APEX1	ensemble	13	369	2431.0	0.5067750677506775	0.4932249322493225	0.038005676902002905	0.034031413612565446	1.116782198197316	0.5336059196676802	0.6936876955679843	False	0.07866201947234042	0.6280976906122737
GasperiniShendure2019_lowMOI	HOXB2	ensemble	9	369	1924.0	0.5793435712134899	0.4206564287865101	0.02949843663102325	0.023809523809523808	1.2389343385029765	0.7925083704421865	0.9483800745559201	False	0.22539009673833715	0.23255221121432007
GasperiniShendure2019_lowMOI	POLR2K	ensemble	10	369	2159.0	0.5850948509485094	0.4149051490514905	0.023085855901962448	0.026385224274406333	0.8749539386843768	0.821224953086573	0.9483800745559201	False	0.2463073019748242	0.19695820817312715
GasperiniShendure2019_lowMOI	CTCFL	ensemble	16	369	3383.0	0.5730013550135501	0.42699864498644985	0.03671782319453201	0.04155844155844156	0.8835226206184266	0.8389516044148524	0.9483800745559201	False	0.5305048427633305	0.17560225664006737
GasperiniShendure2019_lowMOI	ID1	ensemble	5	369	1222.0	0.662330623306233	0.33766937669376695	0.018537065724090265	0.013368983957219251	1.386572516161952	0.890599909027837	0.96481656811349	False	0.5722351730911648	0.11585998824159054
GasperiniShendure2019_lowMOI	RBMX	ensemble	4	369	1133.0	0.7676151761517616	0.23238482384823847	0.009409015660938484	0.010723860589812333	0.8773907103825136	0.9689894000510133	0.9811139812891571	False	1.0451146652914955	0.031501606211044565
GasperiniShendure2019_lowMOI	ARID1A	ensemble	11	369	2573.0	0.63389997536339	0.36610002463661	0.02271081278154665	0.02894736842105263	0.784555350635248	0.9811139812891571	0.9811139812891571	False	0.6032746028933901	0.0190666372883429
NadigOConner2024_hepg2	MYC	causalpath	52	4923	41957.0	0.16389709214206472	0.8361029078579352	0.05801843497709474	0.010452261306532663	5.550802192520122	3.3853138649212394e-17	3.0467824784291154e-15	True	-4.25294780789856	37.92449995655197
NadigOConner2024_hepg2	RUVBL1	causalpath	45	4923	33380.0	0.15067596542307085	0.8493240345769291	0.23014637443707556	0.009057971014492754	25.40815973785314	3.242491236882005e-16	1.459121056596902e-14	True	-5.02639423067048	35.66501955328064
NadigOConner2024_hepg2	RUVBL2	causalpath	29	4923	11659.0	0.08166453031863105	0.9183354696813689	0.16749254687713142	0.0058562197092084005	28.600796280536372	3.620156770221561e-15	1.0860470310664683e-13	True	-5.698714815428638	33.25225906331968
NadigOConner2024_hepg2	POLR2I	causalpath	133	4923	199710.0	0.30501298951217165	0.6949870104878284	0.052924681794018234	0.026305379746835444	2.0119337680492944	7.313876989756482e-15	1.6456223226952084e-13	True	-1.2228457143518918	32.54900289378863
NadigOConner2024_hepg2	POLR2E	causalpath	131	4923	210657.0	0.3266440589660931	0.673355941033907	0.060199443508896895	0.0259200633161852	2.3225037213279762	5.70074996942193e-12	1.0261349944959474e-10	True	-1.1541862219211882	25.890423376160292
NadigOConner2024_hepg2	POLR2F	causalpath	79	4923	116203.0	0.2987861163178776	0.7012138836821223	0.03398123872031421	0.015793682526989206	2.1515715959368564	3.9799648269566577e-10	5.969947240434987e-09	True	-1.252442723792603	21.644577948131236
NadigOConner2024_hepg2	POLR2K	causalpath	91	4923	143814.0	0.3210184087697799	0.6789815912302201	0.04037525631880876	0.01814918228958915	2.2246322547528257	2.262921982395521e-09	2.9094711202228124e-08	True	-1.1909918827911603	19.906608946189554
NadigOConner2024_hepg2	POLR2C	causalpath	58	4923	81116.0	0.28408525779767035	0.7159147422023296	0.024056431672875384	0.011644248142943184	2.065949761424005	7.3211610479316215e-09	8.236306178923073e-08	True	-1.3541863957668516	18.73249690844551
NadigOConner2024_hepg2	ATR	causalpath	100	4923	170618.5	0.3465742433475523	0.6534257566524477	0.03710578724033949	0.019908421262193908	1.8638236930822527	6.946884341895036e-08	6.059863723615837e-07	True	-0.9649937417370206	16.482387481020627
NadigOConner2024_hepg2	POLR2B	causalpath	117	4923	206263.0	0.3581010814405086	0.6418989185594912	0.038226166846201164	0.023214285714285715	1.6466656487594347	7.299175359925801e-08	6.059863723615837e-07	True	-0.9998002770464827	16.432919366572705
NadigOConner2024_hepg2	MAX	causalpath	45	4923	60437.0	0.27281016543661274	0.7271898345633871	0.02390619787581867	0.009057971014492754	2.639244245490381	7.406500106641577e-08	6.059863723615837e-07	True	-2.058774318101257	16.418322736514018
NadigOConner2024_hepg2	POLR2A	causalpath	22	4923	23210.0	0.21430022344099126	0.7856997765590088	0.013395477534013335	0.004448938321536906	3.0109380184407244	1.7941870702284302e-06	1.3456403026713227e-05	True	-1.7630062420058357	13.230958524274332
NadigOConner2024_hepg2	POLR2G	causalpath	32	4923	41619.5	0.2641904072719886	0.7358095927280114	0.013809785908687757	0.006458123107971746	2.13835903679837	2.0318541298258177e-06	1.4066682437255663e-05	True	-1.4066815523951153	13.106561817327856
NadigOConner2024_hepg2	GTF2H1	causalpath	42	4923	61371.0	0.29681378950117526	0.7031862104988248	0.02178555666728444	0.008459214501510574	2.5753640203111248	2.7547115581707134e-06	1.770886001681173e-05	True	-1.1995664764442409	12.802197818419259
NadigOConner2024_hepg2	POLR2H	causalpath	33	4923	45340.0	0.27908580010956613	0.7209141998904339	0.013955577182292315	0.006658595641646489	2.095873955013355	5.838829550409857e-06	3.503297730245915e-05	True	-1.305169896799912	12.050980200661167
NadigOConner2024_hepg2	MYBL2	causalpath	136	4923	265556.0	0.39663165692846303	0.603368343071537	0.03388665912754815	0.02688278315872702	1.2605338862225448	1.9031341265334115e-05	0.0001070512946175044	True	-0.9336942808525869	10.869423397514385
NadigOConner2024_hepg2	NELFA	causalpath	40	4923	64260.0	0.3263254113345521	0.6736745886654478	0.015577004469534948	0.008059641345960105	1.9327168295575485	7.489291644376618e-05	0.00039649191058464453	True	-1.0262233667492293	9.499451245427927
NadigOConner2024_hepg2	TRRAP	causalpath	17	4923	20950.0	0.25032560251400987	0.7496743974859902	0.01439837131828286	0.0034412955465587046	4.183997312489255	0.00018579702552074285	0.0009289851276037142	True	-1.5707792223818817	8.590855740750664
NadigOConner2024_hepg2	SUPT5H	causalpath	17	4923	21131.0	0.25248832013000205	0.7475116798699979	0.008613298456037683	0.0034412955465587046	2.5029231984015383	0.00020724685860264196	0.0009816956460125146	True	-1.58083941806902	8.481599921590202
NadigOConner2024_hepg2	NRF1	causalpath	30	4923	48566.0	0.32883742975150654	0.6711625702484936	0.010174117926046352	0.0060569351907934586	1.6797468695902527	0.0006032468731393233	0.002714610929126955	True	-0.6859228390761317	7.413184036830506
NadigOConner2024_hepg2	POLR2D	causalpath	82	4923	160528.0	0.3976556036127089	0.602344396387291	0.023599130816460062	0.016383616383616385	1.4404103626388123	0.0007224327293871028	0.003096140268801869	True	-0.6777468398967208	7.232886250427253
NadigOConner2024_hepg2	NELFB	causalpath	107	4923	219703.0	0.41708288958370116	0.5829171104162988	0.027807655828608824	0.021272365805168985	1.307219708578527	0.0016369982338701062	0.006696810956741343	True	-0.41424694686219443	6.4148910594757576
NadigOConner2024_hepg2	GTF2F2	causalpath	75	4923	150133.0	0.40661656171711014	0.5933834382828899	0.0213164921090812	0.015006002400960384	1.420531034149171	0.002703689168059998	0.010579653266321733	True	-0.5069485655190427	5.913138080049514
NadigOConner2024_hepg2	NFYC	causalpath	106	4923	220556.0	0.42265224073371427	0.5773477592662858	0.028670725335351463	0.021077749055478226	1.3602365821837972	0.0031755301462152337	0.011908238048307127	True	-0.7805099920100131	5.752280685390386
NadigOConner2024_hepg2	ELL	causalpath	226	4923	501268.5	0.45053873905939074	0.5494612609406092	0.05939170621949101	0.043892017867547095	1.3531322801953949	0.005895177966387613	0.021222640678995406	True	-0.2794455082827879	5.133620556069763
NadigOConner2024_hepg2	SRF	causalpath	43	4923	82719.0	0.39075719569746187	0.6092428043025381	0.012129028220391615	0.008658880386629078	1.4007617242433663	0.006747140273650446	0.02335548556263616	True	-0.5220046444542851	4.99863652703119
NadigOConner2024_hepg2	ZBTB17	causalpath	127	4923	273167.0	0.4369127076665691	0.5630872923334309	0.030953569922537453	0.02514851485148515	1.2308309299906623	0.007520452295942779	0.025068174319809264	True	-0.22943751469395582	4.890128997091999
NadigOConner2024_hepg2	NFYB	causalpath	104	4923	223806.0	0.43712792387381055	0.5628720761261895	0.027339099988882107	0.02068828327034016	1.3214774581164457	0.013983942493490829	0.04494838658622052	True	-0.5744364423201398	4.269845572384991
NadigOConner2024_hepg2	KAT5	causalpath	6	4923	7394.0	0.25032161960863974	0.7496783803913603	0.005775876550748698	0.0012172854534388314	4.744882586440055	0.01588206642014152	0.049289171648715054	True	-1.2975250608782223	4.142564704416016
NadigOConner2024_hepg2	NELFE	causalpath	54	4923	111421.0	0.419124893733872	0.580875106266128	0.013875321882931745	0.0108499095840868	1.2788421668768757	0.020258119140812856	0.06077435742243857	True	-0.5053176378430596	3.899199620561321
NadigOConner2024_hepg2	CDK9	causalpath	63	4923	133512.5	0.4304785764261694	0.5695214235738306	0.019463201136943137	0.01263537906137184	1.5403733471237855	0.02869629535578222	0.08258454355760486	True	-0.2710379708877267	3.550987246228381
NadigOConner2024_hepg2	SUPT4H1	causalpath	7	4923	10121.0	0.2936943211166246	0.7063056788833754	0.0038451138653480643	0.0014198782961460446	2.7080587651665655	0.029363393264926176	0.08258454355760486	True	-1.4652323753607377	3.528006507495564
NadigOConner2024_hepg2	SP1	causalpath	77	4923	166818.0	0.4400705936354931	0.5599294063645069	0.023985185191413023	0.0154	1.5574795578839624	0.035350415896146375	0.0964102251713083	True	-0.48802597435236916	3.342445121612685
NadigOConner2024_hepg2	CDC6	causalpath	71	4923	153494.0	0.4391402242420601	0.5608597757579398	0.016710744009385093	0.014217060472567081	1.175400782857312	0.038903965628769153	0.10298108548791834	False	-0.37108193465447686	3.2466590893693947
NadigOConner2024_hepg2	NANOG	causalpath	28	4923	55944.0	0.40585009140767825	0.5941499085923219	0.007801174166934465	0.005655423146839022	1.3794147607318763	0.042655425222420974	0.10968537914336822	False	-0.37407273943096475	3.1546008097948115
NadigOConner2024_hepg2	CCNH	causalpath	96	4923	212829.0	0.45032881373146455	0.5496711862685355	0.02428445811212851	0.019127316198445904	1.2696218256747187	0.04741363752183867	0.11853409380459667	False	-0.20644752087324852	3.0488453802309077
NadigOConner2024_hepg2	GTF2H4	causalpath	49	4923	104943.0	0.43503836635202525	0.5649616336479748	0.013147641952227822	0.009855189058728881	1.3340831793158516	0.05842314101562626	0.1421103430109828	False	-0.42372097985651036	2.8400432173667873
NadigOConner2024_hepg2	TGS1	causalpath	54	4923	116662.0	0.43883961149855927	0.5611603885014407	0.02042280513320936	0.0108499095840868	1.8823018731107959	0.06078502020375284	0.14396452153520412	False	-0.6104604908290575	2.800411898593867
NadigOConner2024_hepg2	ATF4	causalpath	22	4923	43990.0	0.40616401676730746	0.5938359832326926	0.006001247195747597	0.004448938321536906	1.348916699225994	0.06412611613681836	0.14798334493111928	False	-0.02254640401322483	2.7469035700002884
NadigOConner2024_hepg2	NELFCD	causalpath	49	4923	105723.0	0.4382718352423236	0.5617281647576765	0.011481997420196595	0.009855189058728881	1.1650712484330097	0.06821279422389766	0.14975706885365453	False	-0.3319437926974277	2.685123133136261
NadigOConner2024_hepg2	SUPT16H	causalpath	58	4923	126562.0	0.4432466886605448	0.5567533113394553	0.013781142082560838	0.011644248142943184	1.1835149778144056	0.06822266469999817	0.14975706885365453	False	-0.32137006769605103	2.684978442361655
NadigOConner2024_hepg2	MCM5	causalpath	44	4923	94408.0	0.43583919635107937	0.5641608036489206	0.01071727987432158	0.008858465874773505	1.2098347530853475	0.07066958835200125	0.15143483218285983	False	-0.3274105672855776	2.6497399492291076
NadigOConner2024_hepg2	MNAT1	causalpath	68	4923	152539.0	0.45566130169313307	0.5443386983068669	0.01620726902343589	0.013624524143458225	1.18956587788189	0.10411263178558977	0.21791015955123438	False	-0.33946214982228295	2.2622819679216017
NadigOConner2024_hepg2	SSRP1	causalpath	7	4923	12750.0	0.36998345956298423	0.6300165404370157	0.0024357677350327713	0.0014198782961460446	1.7154764191016518	0.11692020881550086	0.23915497257716087	False	-0.8264983479887464	2.1462635527716407
NadigOConner2024_hepg2	MED1	causalpath	11	4923	21564.0	0.398205085590826	0.6017949144091741	0.0034117750420948403	0.0022294284556141062	1.5303361870632675	0.12140221615830832	0.24280443231661664	False	-0.49461403808005155	2.108646145512583
NadigOConner2024_hepg2	ELOB	causalpath	64	4923	144414.0	0.45835237659963435	0.5416476234003657	0.015228265661126339	0.012833366753559254	1.186615013313079	0.12564152793365274	0.24582038073975537	False	-0.3485062128561262	2.0743224431817797
NadigOConner2024_hepg2	DNMT1	causalpath	82	4923	187549.0	0.4645912912511209	0.535408708748879	0.019912440854340255	0.016383616383616385	1.2153873960484507	0.13535199654537938	0.25918467423583286	False	-0.25123315048602723	1.999876512048875
NadigOConner2024_hepg2	RBBP4	causalpath	39	4923	87667.0	0.45660609280353337	0.5433939071964666	0.009187902925236002	0.007859733978234583	1.1689839567954114	0.1749166611669254	0.3279687396879851	False	-0.2254202474062404	1.7434456403915704
NadigOConner2024_hepg2	ACTL6A	causalpath	9	4923	18303.0	0.4130949962759835	0.5869050037240164	0.004994157644111984	0.0018248175182481751	2.7367983889733676	0.1834991496004067	0.33703925436809395	False	-0.7360444775183391	1.6955452458284594
NadigOConner2024_hepg2	GTF2F1	causalpath	18	4923	39005.0	0.44016746789446365	0.5598325321055364	0.004307746436520736	0.0036429872495446266	1.1824763968249419	0.18995160417992313	0.3419128875238616	False	-0.5882439635582584	1.660985954109496
NadigOConner2024_hepg2	LIN52	causalpath	32	4923	71807.0	0.45581327442616293	0.5441867255738371	0.007370741039968532	0.006458123107971746	1.1413131829076273	0.1940776291423129	0.3424899337805522	False	-0.11069541069033073	1.6394970497394488
NadigOConner2024_hepg2	CCNK	causalpath	93	4923	217709.0	0.47551431835208446	0.5244856816479155	0.022706775802177583	0.01854066985645933	1.2247009400400297	0.2087615188277498	0.36131801335572084	False	-0.1000810886719477	1.5665627367603605
NadigOConner2024_hepg2	GABPA	causalpath	82	4923	191550.5	0.4745036984190683	0.5254963015809317	0.01746350775658748	0.016383616383616385	1.065912881972199	0.2138622843506049	0.3631623696519706	False	-0.06944310848233937	1.542423002187224
NadigOConner2024_hepg2	VHL	causalpath	25	4923	56675.0	0.46049157018078407	0.539508429819216	0.005589609429456193	0.0050525464834276475	1.1062954982779698	0.24748061894808288	0.4124676982468048	False	-0.0768152729186184	1.3964230073200405
NadigOConner2024_hepg2	GATA1	causalpath	20	4923	45377.0	0.46086735730245787	0.5391326426975421	0.005233739086595692	0.004046125834513453	1.2935186152521252	0.2726317256983648	0.44308363828450004	False	-0.0660767911986894	1.2996333846193382
NadigOConner2024_hepg2	ERCC2	causalpath	56	4923	131472.0	0.4768869156437712	0.5231130843562288	0.014160822958473217	0.011247238401285399	1.2590488841113956	0.2756964860436889	0.44308363828450004	False	0.03210792357615855	1.2884547066132674
NadigOConner2024_hepg2	LIN54	causalpath	137	4923	327678.0	0.48584404204308396	0.5141559579569162	0.02931390426282491	0.02707509881422925	1.0826887267875478	0.28566728181044276	0.45105360285859386	False	-0.05801574818771976	1.2529274956926755
NadigOConner2024_hepg2	STAT5A	causalpath	29	4923	67466.0	0.472560185477036	0.527439814522964	0.011107274327428671	0.0058562197092084005	1.8966628437733373	0.3049327726104898	0.4731715437059324	False	-0.3025011002995735	1.1876639443407957
NadigOConner2024_hepg2	RBMX	causalpath	13	4923	29486.0	0.46072594884295065	0.5392740511570494	0.0030718130836539332	0.002633711507293355	1.1663437985319858	0.3121576484122235	0.476172684018646	False	0.1068544912886296	1.1642469354128016
NadigOConner2024_hepg2	HMGA1	causalpath	47	4923	111193.0	0.4805623625103185	0.5194376374896815	0.010873973861809055	0.009456740442655936	1.1498648955998085	0.32297483915203395	0.48446225872805093	False	-0.07998067600037506	1.1301808561557616
NadigOConner2024_hepg2	STAT5B	causalpath	91	4923	218695.0	0.4881661097383218	0.5118338902616781	0.019299030481256745	0.01814918228958915	1.063355371791443	0.34922419905478375	0.5152488182775498	False	0.004888887896810454	1.0520411588645058
NadigOConner2024_hepg2	CDK12	causalpath	17	4923	39899.0	0.4767418240910014	0.5232581759089987	0.003984396762333791	0.0034412955465587046	1.1578188238781721	0.3700619600786381	0.5371867162431844	False	-0.318763941062836	0.9940848276916777
NadigOConner2024_hepg2	MYB	causalpath	39	4923	93828.0	0.4886951358614978	0.5113048641385023	0.007894036496752495	0.007859733978234583	1.0043643358175867	0.4038020866582992	0.5768601237975703	False	0.18758377949116073	0.9068304055627665
NadigOConner2024_hepg2	RAD51	causalpath	46	4923	111622.5	0.4929059693188141	0.507094030681186	0.009999411514950998	0.009257395854296638	1.0801538221259024	0.43414429709910174	0.6105154177956118	False	0.0787243434087441	0.8343783183463906
NadigOConner2024_hepg2	TFDP1	causalpath	148	4923	362057.0	0.49691876520030087	0.5030812347996991	0.028569226390962675	0.029185564977322026	0.9788820745173765	0.44911355556936033	0.6218495384806528	False	-0.15741797607931118	0.8004795154887903
NadigOConner2024_hepg2	CTDP1	causalpath	82	4923	200562.0	0.49682674157637374	0.5031732584236263	0.016330314633007152	0.016383616383616385	0.9967466431487901	0.46067655287925824	0.6281952993808068	False	-0.06824414513298233	0.7750591028888166
NadigOConner2024_hepg2	YBX1	causalpath	35	4923	85492.0	0.49616668117582197	0.5038333188241781	0.010963724836438819	0.0070592981040742235	1.5530899354018188	0.46882862153675675	0.6297697901240016	False	-0.2919983277839524	0.7575179898168591
NadigOConner2024_hepg2	CHEK1	causalpath	63	4923	155060.0	0.49995324827744086	0.5000467517225592	0.01195526268154672	0.01263537906137184	0.9461736465109833	0.4995078856788817	0.6611133781044023	False	0.02869954737054231	0.6941318938732361
NadigOConner2024_hepg2	ERCC3	causalpath	38	4923	94482.0	0.5050514769556432	0.49494852304435677	0.007834477437044272	0.007659746018947792	1.0228116464520167	0.542828691321932	0.7026563463205611	False	0.25516474398110744	0.61096149441922
NadigOConner2024_hepg2	CDK7	causalpath	18	4923	45012.0	0.5079558534768772	0.4920441465231228	0.0036306130269567563	0.0036429872495446266	0.9966032758996296	0.5465104915826586	0.7026563463205611	False	0.21389767347424893	0.6042017737773417
NadigOConner2024_hepg2	HDAC3	causalpath	42	4923	105056.0	0.5080912722594624	0.49190872774053757	0.00815765077931896	0.008459214501510574	0.9643508599837771	0.5717826638404512	0.7247949259949381	False	0.17104477903815857	0.5589963181256814
NadigOConner2024_hepg2	CCND1	causalpath	39	4923	98032.5	0.5105939155299302	0.48940608447006984	0.009921058916790187	0.007859733978234583	1.2622639575669976	0.5902982065722258	0.7378727582152822	False	-0.13053285939415282	0.5271274349033718
NadigOConner2024_hepg2	NPM1	causalpath	47	4923	118707.0	0.5130369390745134	0.4869630609254865	0.013311344312782324	0.009456740442655936	1.4076038560537902	0.6210207695769897	0.7644125203619232	False	-0.03333878751614511	0.47639075223436794
NadigOConner2024_hepg2	GTF2H3	causalpath	34	4923	86416.0	0.5162801257004935	0.4837198742995065	0.008350280704639074	0.00685898729070002	1.2174218074381145	0.6285169611864702	0.7644125203619232	False	0.4567071345331678	0.46439226454354465
NadigOConner2024_hepg2	TBP	causalpath	75	4923	189125.0	0.5122215451283093	0.4877784548716907	0.014869717459731091	0.015006002400960384	0.99091797151648	0.6420295991375238	0.7704355189650285	False	0.12637938723414818	0.4431208717793769
NadigOConner2024_hepg2	RAD51D	causalpath	37	4923	95078.0	0.5219735274579882	0.47802647254201186	0.0073311619956025155	0.007459677419354839	0.9827719864375264	0.677830423783299	0.8026939229012752	False	-0.01149494116513805	0.3888581347390808
NadigOConner2024_hepg2	TNRC6A	causalpath	87	4923	222554.0	0.51962054723197	0.48037945276803007	0.017771273819553086	0.017365269461077845	1.023380250988057	0.7351308664264677	0.8559114593157392	False	0.09806058529847272	0.30770674605842196
NadigOConner2024_hepg2	POLR2L	causalpath	24	4923	63602.0	0.5383065881237727	0.4616934118762272	0.004608956026287105	0.004851425106124924	0.9500210609184295	0.741789931406974	0.8559114593157392	False	0.2813137165081363	0.29868918720968524
NadigOConner2024_hepg2	YY1	causalpath	50	4923	131235.0	0.5331505179768434	0.46684948202315657	0.010273105969176037	0.010054293183189221	1.0217631196942487	0.7904243036813126	0.894939402962677	False	0.07386534861102076	0.23518538443655046
NadigOConner2024_hepg2	E2F6	causalpath	56	4923	146675.0	0.5320325875627521	0.46796741243724793	0.012224775918895071	0.011247238401285399	1.08691355893176	0.7955016915223796	0.894939402962677	False	0.21764358498563474	0.2287823048427855
NadigOConner2024_hepg2	FOXO1	causalpath	44	4923	117657.0	0.5431693534984211	0.45683064650157884	0.009358971514909612	0.008858465874773505	1.0565002616944557	0.8383027389318238	0.9314474877020265	False	0.2938823675804338	0.1763759800982568
NadigOConner2024_hepg2	CLOCK	causalpath	225	4923	582835.0	0.5261787076534182	0.47382129234658177	0.04259735960282461	0.043706293706293704	0.9746275877126271	0.9082627631691357	0.9966961233902358	False	0.11474620030888266	0.09622155549496346
NadigOConner2024_hepg2	GTF2H2	causalpath	30	4923	85654.0	0.5799580201773986	0.42004197982260144	0.0049135802581292244	0.0060569351907934586	0.8112321006171349	0.9347904692074855	0.9966961233902358	False	0.4687896601150209	0.06743287191125165
NadigOConner2024_hepg2	GABPB1	causalpath	40	4923	112158.0	0.5695612431444241	0.4304387568555758	0.01055106178585467	0.008059641345960105	1.309122991079918	0.9354624846896556	0.9966961233902358	False	0.09129164602328232	0.06671423595380967
NadigOConner2024_hepg2	USF2	causalpath	53	4923	147160.0	0.5640064541102794	0.4359935458897206	0.008841208655368148	0.01065112540192926	0.8300727220587153	0.9458024501029103	0.9966961233902358	False	0.28348860548172017	0.05572155826724766
NadigOConner2024_hepg2	ASF1B	causalpath	45	4923	127561.0	0.5758051775114542	0.42419482248854584	0.007521103660623325	0.009057971014492754	0.830329844132815	0.9605430381606348	0.9966961233902358	False	1.2050671601348022	0.04025648969759137
NadigOConner2024_hepg2	BRCA1	causalpath	47	4923	133239.0	0.5758424416870875	0.42415755831291246	0.010213636169707375	0.009456740442655936	1.0800376970945882	0.963472919277228	0.9966961233902358	False	0.2338317432027539	0.03721089813690418
NadigOConner2024_hepg2	HSF1	causalpath	32	4923	96288.0	0.61121267519805	0.38878732480195005	0.005069578065106448	0.006458123107971746	0.7849924785188266	0.985076269041105	0.9983473175584424	False	0.5648321388128138	0.015036210309050722
NadigOConner2024_hepg2	NF1	causalpath	24	4923	76100.0	0.6440855846705938	0.3559144153294062	0.003610297274213577	0.004851425106124924	0.7441725256472735	0.9926380572734199	0.9983473175584424	False	0.4479747050532789	0.0073891755669976454
NadigOConner2024_hepg2	HDAC7	causalpath	46	4923	141680.0	0.6256347755433679	0.3743652244566321	0.008032120522648001	0.009257395854296638	0.867643627761694	0.9983473175584424	0.9983473175584424	False	0.5996204735152889	0.0016540496277412772
NadigOConner2024_hepg2	MYC	collectri	52	4923	33141.0	0.12945905404771949	0.8705409459522805	0.1128575915595989	0.010452261306532663	10.797433038634702	1.6825372378412853e-20	1.3123790455162025e-18	True	-12.861533424502834	45.531398945142556
NadigOConner2024_hepg2	ATF5	collectri	51	4923	84236.0	0.3355040167600658	0.6644959832399342	0.028203155181360122	0.010253317249698432	2.7506371347467695	2.5824848532614865e-05	0.000835969600366911	True	-0.9795911709593504	10.564173408121372
NadigOConner2024_hepg2	TFAM	collectri	1204	4923	2743774.0	0.4629051512899989	0.5370948487100011	0.21946363643834257	0.19650726293455198	1.1168220103469477	3.215267693718889e-05	0.000835969600366911	True	-0.14080006373190593	10.345014846759687
NadigOConner2024_hepg2	ZBTB4	collectri	23	4923	30412.0	0.26858843582474456	0.7314115641752554	0.020751247149930926	0.004650222401940962	4.462420365372103	6.27598070409653e-05	0.0012238162372988236	True	-1.4126307758777983	9.676195704658577
NadigOConner2024_hepg2	SFPQ	collectri	77	4923	148014.0	0.3904651107576153	0.6095348892423846	0.0949680475082888	0.0154	6.166756331707065	0.00047748931776768526	0.007448833357175891	True	-1.0705104062002182	7.646968769460878
NadigOConner2024_hepg2	SP1	collectri	77	4923	151777.0	0.4003920109953017	0.5996079890046984	0.02519320901687258	0.0154	1.6359226634332844	0.0013319444158842824	0.01731527740649567	True	-1.9656453500092788	6.621115437551257
NadigOConner2024_hepg2	GABPA	collectri	82	4923	166070.0	0.41138409555941996	0.5886159044405801	0.025993613344873073	0.016383616383616385	1.586561399891338	0.002920350058671472	0.031824361442323444	True	-0.45187474772206127	5.836051786780684
NadigOConner2024_hepg2	SRF	collectri	43	4923	80383.0	0.37972213955377937	0.6202778604462207	0.013309537964884393	0.008658880386629078	1.537096872874788	0.0032640370710075323	0.031824361442323444	True	-0.7937705650627086	5.7247904844057
NadigOConner2024_hepg2	UBTF	collectri	101	4923	212919.0	0.42821631340464944	0.5717836865953505	0.024264236878183854	0.020103503184713375	1.2069656047128285	0.006689185066301892	0.057972937241283065	True	-0.32279519431790205	5.007263225968635
NadigOConner2024_hepg2	CTCF	collectri	49	4923	98456.0	0.4081466834143773	0.5918533165856227	0.013928343233133925	0.009855189058728881	1.4133004603090178	0.013344067274532016	0.09804040325643718	True	-0.45461225199771005	4.316683391821798
NadigOConner2024_hepg2	ATF4	collectri	22	4923	39439.0	0.3641441840710579	0.635855815928942	0.007059281462593778	0.004448938321536906	1.5867339469330106	0.013826210715651396	0.09804040325643718	True	-0.653876958802689	4.281189161039152
NadigOConner2024_hepg2	STAT5B	collectri	91	4923	196254.0	0.43807380918898287	0.5619261908110171	0.028599833556517927	0.01814918228958915	1.575819400575614	0.021306500066885746	0.13849225043475735	False	-0.47765944420252365	3.848743085361451
NadigOConner2024_hepg2	HHEX	collectri	64	4923	135363.0	0.42962560938452166	0.5703743906154783	0.02153297869918349	0.012833366753559254	1.6778900745754386	0.026343366663923028	0.15806019998353818	False	-0.38497340002668684	3.6365387751960374
NadigOConner2024_hepg2	NKX6-1	collectri	20	4923	37536.0	0.38123095673369894	0.618769043266301	0.006592012482983791	0.004046125834513453	1.629215885169444	0.0328407270699692	0.18296976510411408	False	-0.41852747096191273	3.416085854875354
NadigOConner2024_hepg2	TFDP1	collectri	148	4923	333412.0	0.4576038561413333	0.5423961438586667	0.03309896241026458	0.029185564977322026	1.1340867458273765	0.03918554725127255	0.20376484570661726	False	-0.21027809387980412	3.239447292739114
NadigOConner2024_hepg2	ZBTB14	collectri	43	4923	90821.0	0.42903032278484005	0.57096967721516	0.010626649444707148	0.008658880386629078	1.227254445172458	0.0542566511025217	0.2583922639150955	False	-0.15066854014681497	2.9140296931083105
NadigOConner2024_hepg2	NFYB	collectri	104	4923	232759.0	0.45461452522695667	0.5453854747730433	0.024491020522621653	0.02068828327034016	1.1838111554540294	0.05631626264816184	0.2583922639150955	False	-0.23019621255011768	2.876771928564302
NadigOConner2024_hepg2	LMO2	collectri	95	4923	213061.0	0.45556517741642344	0.5444348225835764	0.020897662562658112	0.018931845356715823	1.1038365340991412	0.06860404721846165	0.293455302549916	False	-0.15401251435474336	2.6794037486369047
NadigOConner2024_hepg2	HCFC1	collectri	37	4923	78528.0	0.4311148442775499	0.5688851557224501	0.009505471289779598	0.007459677419354839	1.274246962089373	0.074106404274708	0.293455302549916	False	-0.12590195268672383	2.6022533229557863
NadigOConner2024_hepg2	FOXL2	collectri	32	4923	67170.0	0.426378732480195	0.573621267519805	0.008772872150087535	0.006458123107971746	1.3584244219901167	0.07524494937177333	0.293455302549916	False	-0.2068801142182684	2.587006495588743
NadigOConner2024_hepg2	HMGA1	collectri	47	4923	102202.0	0.4417043750351152	0.5582956249648847	0.011064321962489333	0.009456740442655936	1.1699931947568507	0.08414904670041734	0.3079113465675654	False	-0.16556990893452445	2.475165686984448
NadigOConner2024_hepg2	NPM1	collectri	47	4923	102371.0	0.442434772085867	0.557565227914133	0.013069002718149458	0.009456740442655936	1.3819775214724002	0.08684679005751844	0.3079113465675654	False	-0.21043838301030626	2.4436097465921116
NadigOConner2024_hepg2	TBPL1	collectri	74	4923	166815.0	0.45790305845150453	0.5420969415484955	0.015720856318035867	0.014808885331198719	1.0615826894760165	0.10657098152456718	0.36141463299635823	False	-0.10104569291229605	2.2389440226521793
NadigOConner2024_hepg2	CXXC1	collectri	24	4923	50592.0	0.4281941905342271	0.5718058094657729	0.00994508349515711	0.004851425106124924	2.0499303354392593	0.11210087458648288	0.36432784240606936	False	-0.4864511089127861	2.1883561470925046
NadigOConner2024_hepg2	MYBL2	collectri	136	4923	315359.0	0.4710168954845802	0.5289831045154199	0.027148940686816003	0.02688278315872702	1.0099006686367806	0.12407164287998901	0.38710352578556567	False	-0.07923376409616809	2.086896115057929
NadigOConner2024_hepg2	EWSR1	collectri	40	4923	88352.0	0.44866951046110093	0.5513304895388991	0.009517067006355726	0.008059641345960105	1.1808300888135865	0.13138130566353673	0.3941439169906102	False	-0.2499804246177722	2.0296514534979524
NadigOConner2024_hepg2	KDM5C	collectri	29	4923	63617.0	0.44560017370961075	0.5543998262903892	0.0127532525710334	0.0058562197092084005	2.177727818336462	0.1558401818339773	0.4502049697426011	False	-0.380135215303993	1.8589242722894572
NadigOConner2024_hepg2	YBX1	collectri	35	4923	78220.0	0.4539624503061432	0.5460375496938568	0.014838075811881467	0.0070592981040742235	2.101919425008809	0.1736090685814613	0.4836252624769279	False	-0.4046879410565054	1.7509492397477906
NadigOConner2024_hepg2	KAT5	collectri	6	4923	11533.0	0.39044620488861803	0.609553795111382	0.0018952290529625293	0.0012172854534388314	1.5569306670087177	0.18100295139658196	0.48683552444597905	False	-0.4276586245082941	1.7092419417907898
NadigOConner2024_hepg2	TBP	collectri	75	4923	174075.0	0.4714604915701808	0.5285395084298192	0.018289221142543374	0.015006002400960384	1.2187936969390905	0.19777050210215813	0.5142033054656111	False	-0.1534038468579681	1.620648000832808
NadigOConner2024_hepg2	MAX	collectri	45	4923	103149.0	0.46561040016250255	0.5343895998374976	0.010991199930032999	0.009057971014492754	1.213428472275643	0.21319557853251198	0.5353355081709054	False	-0.11504187608823851	1.5455453254959644
NadigOConner2024_hepg2	HINFP	collectri	30	4923	67805.0	0.45910352765928636	0.5408964723407137	0.00670091489187269	0.0060569351907934586	1.1063210486481811	0.21962482386498683	0.5353355081709054	False	-0.188819201719902	1.515834534455906
NadigOConner2024_hepg2	NRF1	collectri	30	4923	69681.0	0.4718058094657729	0.5281941905342271	0.04269126457993957	0.0060569351907934586	7.048327782148022	0.296945231752409	0.6755368496761728	False	-0.4903526084864643	1.2142075620581505
NadigOConner2024_hepg2	NFYC	collectri	106	4923	253434.5	0.48565742625105873	0.5143425737489412	0.02565456841571912	0.021077749055478226	1.2171398543646363	0.306419309225456	0.6755368496761728	False	-0.16069493113394873	1.18280082343603
NadigOConner2024_hepg2	NANOG	collectri	28	4923	65269.0	0.4734990278865964	0.5265009721134035	0.006647701616543263	0.005655423146839022	1.1754560965537748	0.31409355927323296	0.6755368496761728	False	-0.0698936447889067	1.1580643779860957
NadigOConner2024_hepg2	TFAP4	collectri	13	4923	29558.0	0.4618509664213503	0.5381490335786496	0.0032094925904750035	0.002633711507293355	1.2186196481988167	0.3171412924042606	0.6755368496761728	False	-0.2319471418325521	1.1484078870437364
NadigOConner2024_hepg2	SP2	collectri	22	4923	51036.0	0.4712204310010526	0.5287795689989474	0.005387635312830723	0.004448938321536906	1.2109934828158149	0.32044696715408194	0.6755368496761728	False	-0.21914006695596772	1.1380384854109622
NadigOConner2024_hepg2	THAP11	collectri	84	4923	201075.0	0.48623806621978466	0.5137619337802153	0.01692902375272301	0.016776512881965248	1.0090907372605251	0.33244709996705507	0.6823914157218499	False	0.017634757978657316	1.101274529387076
NadigOConner2024_hepg2	SRSF2	collectri	39	4923	92391.0	0.4812106439163112	0.5187893560836887	0.008603699319915213	0.007859733978234583	1.0946552827030587	0.34282017705024226	0.6856403541004845	False	0.01887246780297913	1.0705492344508705
NadigOConner2024_hepg2	FOXO1	collectri	44	4923	105438.0	0.4867597363026979	0.5132402636973021	0.011889434062496217	0.008858465874773505	1.3421549770095162	0.3810195132821516	0.7224418605217579	False	-0.20866335046242884	0.9649046892032762
NadigOConner2024_hepg2	TADA2A	collectri	38	4923	91027.0	0.4865828495675508	0.5134171504324492	0.008404648202340936	0.007659746018947792	1.0972489403108787	0.38769676779250517	0.7224418605217579	False	-0.11339806697312411	0.9475317712177328
NadigOConner2024_hepg2	GATA1	collectri	20	4923	47434.0	0.48175908998578104	0.5182409100142189	0.00491385711193253	0.004046125834513453	1.2144597852141248	0.3890071556655619	0.7224418605217579	False	-0.17468979150106445	0.9441575405057259
NadigOConner2024_hepg2	YBX3	collectri	28	4923	67028.0	0.4862598299527002	0.5137401700472999	0.006729171350348572	0.005655423146839022	1.1898616912705635	0.4008851663384979	0.727187045916345	False	-0.1461454344515716	0.9140802609199523
NadigOConner2024_hepg2	MED1	collectri	11	4923	26105.0	0.48206008900707253	0.5179399109929275	0.0024870925178119324	0.0022294284556141062	1.1155740438985522	0.41848911786344717	0.7418670725761108	False	-0.1017058162233129	0.8711043921064608
NadigOConner2024_hepg2	KDM2A	collectri	17	4923	41009.5	0.4900108733316605	0.5099891266683394	0.003786111482422482	0.0034412955465587046	1.1001994543039448	0.4434075638519841	0.7540669125386156	False	-0.1948582605504318	0.8132659231903863
NadigOConner2024_hepg2	BRD4	collectri	23	4923	55664.0	0.49160550742301	0.50839449257699	0.005307851715885591	0.004650222401940962	1.1414188950769624	0.44470612790738867	0.7540669125386156	False	-0.11239786268661456	0.8103416016922275
NadigOConner2024_hepg2	CTBP2	collectri	45	4923	110153.0	0.4972261719367143	0.5027738280632856	0.009725297397134696	0.009057971014492754	1.0736728326436704	0.4744426385654823	0.7873728895342047	False	0.06182880543988456	0.7456145564051924
NadigOConner2024_hepg2	PREB	collectri	38	4923	93860.5	0.5017292622170906	0.4982707377829094	0.00766792027317163	0.007659746018947792	1.0010671704001173	0.5146937048885943	0.8363772704439657	False	0.23581866295777307	0.6641833030401615
NadigOConner2024_hepg2	HSF1	collectri	32	4923	80263.0	0.5094898943733496	0.49051010562665043	0.007306034121799266	0.006458123107971746	1.131293721047355	0.5735443136221121	0.9129889073984642	False	-0.009015459036386786	0.5559200766582715
NadigOConner2024_hepg2	MYB	collectri	39	4923	98488.0	0.5129663484325276	0.48703365156747247	0.007783874638329736	0.007859733978234583	0.990348357830568	0.6100419772328647	0.9516654844832688	False	0.11237338393612273	0.49422750904658924
NadigOConner2024_hepg2	CEBPG	collectri	41	4923	104144.0	0.5159653790322181	0.4840346209677819	0.008163727227271688	0.008259468170829976	0.9884083403945527	0.6378369258107416	0.9540554052512628	False	0.42551456576664515	0.4496726304866722
NadigOConner2024_hepg2	DMAP1	collectri	23	4923	59238.0	0.5231698593116605	0.4768301406883395	0.008714366326518105	0.004650222401940962	1.87396764569385	0.6495348916217	0.9540554052512628	False	-0.08944643313703342	0.4314987235727428
NadigOConner2024_hepg2	USF2	collectri	53	4923	134714.0	0.5163058267125047	0.4836941732874953	0.010036986871720055	0.01065112540192926	0.9423405032769622	0.6587406078680191	0.9540554052512628	False	0.029567262763908204	0.41742543673405746
NadigOConner2024_hepg2	TAF1	collectri	16	4923	41740.0	0.5299106236034938	0.47008937639650616	0.004227015412235719	0.003239522170479854	1.3048268200645137	0.6604998959431819	0.9540554052512628	False	0.18234516520089178	0.41475831256226464
NadigOConner2024_hepg2	MZF1	collectri	37	4923	95061.0	0.5218801982970173	0.4781198017029827	0.007971282462958907	0.007459677419354839	1.0685827301696265	0.6770024263140678	0.960112531863587	False	0.10609587852605876	0.3900804221559478
NadigOConner2024_hepg2	ETV4	collectri	23	4923	60923.0	0.5380512059631366	0.46194879403686334	0.0045198175411921004	0.004650222401940962	0.9719572851624404	0.7358790363555444	0.9872719197433207	False	0.13576523109271327	0.3066895265384515
NadigOConner2024_hepg2	STAT5A	collectri	29	4923	76554.0	0.5362163525184391	0.46378364748156087	0.005546129270374813	0.0058562197092084005	0.9470493843757267	0.7497245718191027	0.9872719197433207	False	0.1402517168875737	0.2880493774745423
NadigOConner2024_hepg2	GTF3A	collectri	42	4923	110029.0	0.5321426153236025	0.4678573846763974	0.007857450138823534	0.008459214501510574	0.9288628556966393	0.7637825830367959	0.9872719197433207	False	0.07899493047969172	0.2694721074923538
NadigOConner2024_hepg2	VHL	collectri	25	4923	66743.0	0.5422953483648182	0.45770465163518176	0.005402350274507953	0.0050525464834276475	1.069233166330614	0.7675249753563692	0.9872719197433207	False	0.3441870034605823	0.2645842588693005
NadigOConner2024_hepg2	MEF2A	collectri	26	4923	69324.0	0.5416022125345709	0.4583977874654291	0.005067331263961071	0.005253586583148111	0.9645470163593594	0.7681913687471811	0.9872719197433207	False	0.3365649851149346	0.2637163988179352
NadigOConner2024_hepg2	ZBTB17	collectri	127	4923	325192.0	0.5201232844066338	0.4798767155933662	0.02478229626321158	0.02514851485148515	0.9854377647969959	0.7810058391609542	0.9872719197433207	False	0.03264709666939952	0.24717265265189278
NadigOConner2024_hepg2	DNMT1	collectri	82	4923	212073.0	0.5253414782776713	0.4746585217223287	0.02238256927972325	0.016383616383616385	1.3661556005489617	0.7847546028728959	0.9872719197433207	False	-0.010421008045961688	0.24238421787696218
NadigOConner2024_hepg2	YY1	collectri	50	4923	132382.0	0.5378102782855982	0.4621897217144018	0.009776710765393205	0.010054293183189221	0.9723916527260081	0.8215917251247662	0.9974158144449194	False	0.12135228786831503	0.1965116920777508
NadigOConner2024_hepg2	E2F6	collectri	56	4923	149657.0	0.5428491628217406	0.4571508371782594	0.012155301829788905	0.011247238401285399	1.0807365680449814	0.8653007591121747	0.9974158144449194	False	0.13488060518059344	0.14467813408775923
NadigOConner2024_hepg2	E4F1	collectri	82	4923	217200.0	0.5380419434907329	0.46195805650926713	0.01578581391664679	0.016383616383616385	0.9635121786928923	0.8816813179696985	0.9974158144449194	False	0.19947487627822308	0.12592460576091224
NadigOConner2024_hepg2	SSRP1	collectri	7	4923	21755.0	0.63129334610139	0.36870665389861	0.0013627081113997646	0.0014198782961460446	0.95973585560012	0.8826591463650529	0.9974158144449194	False	0.407726633628549	0.12481617060881278
NadigOConner2024_hepg2	BRCA1	collectri	47	4923	127468.0	0.5509008950605279	0.44909910493947214	0.012241946770030373	0.009456740442655936	1.2945207541925734	0.8855176373228493	0.9974158144449194	False	0.09122590895017613	0.12158290403231244
NadigOConner2024_hepg2	SIN3A	collectri	90	4923	238052.0	0.5372785338659806	0.4627214661340195	0.01741852245360502	0.017953321364452424	0.9702117006657996	0.8876196877151412	0.9974158144449194	False	0.0832610247983831	0.11921190732793502
NadigOConner2024_hepg2	HDAC7	collectri	46	4923	125285.0	0.5532372448754295	0.4467627551245706	0.010151183630810856	0.009257395854296638	1.0965485100325902	0.893418790102447	0.9974158144449194	False	0.32285031692322896	0.11269983815808358
NadigOConner2024_hepg2	SF1	collectri	39	4923	107954.0	0.5622692021229498	0.43773079787705016	0.0075293655246748544	0.007859733978234583	0.9579669675240161	0.9101542627801842	0.9974158144449194	False	0.27418420269185784	0.09414117429939077
NadigOConner2024_hepg2	HDAC3	collectri	42	4923	116003.0	0.5610351798651616	0.43896482013483845	0.007398548924889031	0.008459214501510574	0.8746141764779534	0.9137705249395911	0.9974158144449194	False	0.24443245420826368	0.0901758058562328
NadigOConner2024_hepg2	ENO1	collectri	44	4923	121674.0	0.5617140324635754	0.43828596753642457	0.008055659428839354	0.008858465874773505	0.9093740996146608	0.9209802874720809	0.9974158144449194	False	0.18943292655917773	0.08231664635210664
NadigOConner2024_hepg2	ZNF143	collectri	41	4923	114649.0	0.5680107806562527	0.43198921934374734	0.007068966172219003	0.008259468170829976	0.8558621482657349	0.9334789032625528	0.9974158144449194	False	0.4241940945410642	0.06883691586735476
NadigOConner2024_hepg2	KAT7	collectri	46	4923	131862.0	0.582280157910076	0.41771984208992397	0.007680165015898022	0.009257395854296638	0.8296247818260276	0.9728249196915237	0.9999999999254401	False	0.49688524027305253	0.027551151639116013
NadigOConner2024_hepg2	ARID3A	collectri	31	4923	91921.0	0.6023143506778583	0.3976856493221416	0.004998702646139202	0.006257569640694388	0.7988249325475357	0.9755030605587416	0.9999999999254401	False	0.5846756289550648	0.024801981498222346
NadigOConner2024_hepg2	CLOCK	collectri	225	4923	614271.0	0.5545588733157288	0.44544112668427116	0.03894701160665085	0.043706293706293704	0.8911076255601715	0.9972149552085575	0.9999999999254401	False	0.287302364516416	0.0027889302444715916
NadigOConner2024_hepg2	ZNF236	collectri	199	4923	562740.0	0.574413811899228	0.425586188100772	0.03351143812541595	0.03885201093322921	0.862540633559701	0.9998179102676371	0.9999999999254401	False	0.5546096790015309	0.00018210631271097625
NadigOConner2024_hepg2	CEBPZ	collectri	132	4923	430921.0	0.6631226955724213	0.3368773044275787	0.018092613220572852	0.026112759643916916	0.6928648471969376	0.9999999999254401	0.9999999999254401	False	0.7729977609385695	7.4559913801346e-11
NadigOConner2024_hepg2	MYC	dorothea	52	4923	44077.0	0.1721784715386178	0.8278215284613823	0.0632206746424076	0.010452261306532663	6.048516468191882	1.893231341819947e-16	7.572925367279787e-15	True	-7.307843712965848	36.20307641404782
NadigOConner2024_hepg2	THAP1	dorothea	185	4923	371106.0	0.4074707248381837	0.5925292751618163	0.05676654045527379	0.036217697729052464	1.567370208894803	9.362777268030356e-06	0.00014994235529030837	True	-0.6377005569285682	11.578768594816548
NadigOConner2024_hepg2	ATF4	dorothea	22	4923	25833.0	0.2385186416265027	0.7614813583734973	0.015635133696513415	0.004448938321536906	3.514351642239038	1.1245676646773128e-05	0.00014994235529030837	True	-1.9263513137815684	11.39552680123988
NadigOConner2024_hepg2	ARID3A	dorothea	31	4923	48992.0	0.3210211449876485	0.6789788550123514	0.03447261335050165	0.006257569640694388	5.508946017367263	0.0002900078367934791	0.0025392844362169646	True	-0.9713371297341271	8.14560261192309
NadigOConner2024_hepg2	SRF	dorothea	43	4923	74288.0	0.3509299018843681	0.6490700981156319	0.015965741407431705	0.008658880386629078	1.8438574844024613	0.0003742937092516068	0.0025392844362169646	True	-1.6901327553915606	7.890469749896683
NadigOConner2024_hepg2	TFDP1	dorothea	148	4923	305227.0	0.41892029140658027	0.5810797085934198	0.03640905547247113	0.029185564977322026	1.2475021641952777	0.00038089266543254465	0.0025392844362169646	True	-1.2302194698017002	7.8729929405523675
NadigOConner2024_hepg2	ETV4	dorothea	23	4923	37997.0	0.335576574905722	0.6644234250942779	0.009539395553386499	0.004650222401940962	2.0513848003065056	0.003216050590666888	0.01837743194666793	True	-0.6934214321044636	5.739601196860388
NadigOConner2024_hepg2	MYBL2	dorothea	136	4923	293536.0	0.4384222915247757	0.5615777084752243	0.0323925595911556	0.02688278315872702	1.2049555806739425	0.007070129773758221	0.03384306539115298	True	-0.41263902304887023	4.9518764436893274
NadigOConner2024_hepg2	HSF1	dorothea	32	4923	59192.0	0.3757363396303067	0.6242636603696933	0.010040239274145758	0.006458123107971746	1.554668300106007	0.007614689713009421	0.03384306539115298	True	-0.5816201429026573	4.877676040279445
NadigOConner2024_hepg2	NANOG	dorothea	28	4923	51458.0	0.3733060561214126	0.6266939438785873	0.008063061209760785	0.005655423146839022	1.425722001768773	0.010293830639293776	0.041175322557175105	True	-0.3879400631922729	4.576210530257834
NadigOConner2024_hepg2	NRF1	dorothea	30	4923	58278.0	0.39459679057485275	0.6054032094251472	0.014295308086792614	0.0060569351907934586	2.3601553651294607	0.023100396125508602	0.0840014404563949	True	-0.9557503802292036	3.7679055133110038
NadigOConner2024_hepg2	ZBTB11	dorothea	18	4923	34086.0	0.3846570519331031	0.6153429480668968	0.005702783899527311	0.0036429872495446266	1.5654141804202468	0.04533789458290944	0.14408100612674485	False	-0.6429778980946033	3.093612071176152
NadigOConner2024_hepg2	MEF2A	dorothea	26	4923	51817.0	0.4048266379162174	0.5951733620837826	0.008924617953124814	0.005253586583148111	1.6987667019236425	0.04682632699119208	0.14408100612674485	False	-0.9248995596366815	3.0613096916794404
NadigOConner2024_hepg2	GABPA	dorothea	82	4923	184615.0	0.4573232661028621	0.5426767338971379	0.03190917022766091	0.016383616383616385	1.947626792554181	0.09216606944871392	0.2633316269963255	False	-0.44430768857268554	2.3841632264696404
NadigOConner2024_hepg2	CTCF	dorothea	49	4923	109053.0	0.4520762601201358	0.5479237398798642	0.01146246741165456	0.009855189058728881	1.1630895504233973	0.1238033245808412	0.3301421988822432	False	-0.5087036424696041	2.089061064642771
NadigOConner2024_hepg2	SP2	dorothea	22	4923	48525.0	0.448036119882555	0.5519638801174449	0.005712132181923461	0.004448938321536906	1.2839315290732505	0.19981761615611254	0.49954404039028133	False	-0.3981728200552669	1.610350247704825
NadigOConner2024_hepg2	MYB	dorothea	39	4923	89701.0	0.46720000833346353	0.5327999916665365	0.009202677153241263	0.007859733978234583	1.1708636931893115	0.23989170394861747	0.564451068114394	False	-0.23755857735698674	1.427567691024066
NadigOConner2024_hepg2	E2F6	dorothea	56	4923	133402.0	0.483887583064914	0.516112416935086	0.012288121759185764	0.011247238401285399	1.0925456828390343	0.33898398302087646	0.7253899937716413	False	-0.022390385263169388	1.0818024204439238
NadigOConner2024_hepg2	FOXO1	dorothea	44	4923	104604.0	0.48290953409783394	0.517090465902166	0.012467756745917857	0.008858465874773505	1.407439721749409	0.34794533831001884	0.7253899937716413	False	-0.38636644156103256	1.0557098853668323
NadigOConner2024_hepg2	HINFP	dorothea	30	4923	71213.0	0.482178888211795	0.517821111788205	0.007027408462868903	0.0060569351907934586	1.160225137219656	0.368055363430157	0.7253899937716413	False	-0.0432004157617323	0.9995219080250979
NadigOConner2024_hepg2	NFYB	dorothea	104	4923	251726.0	0.49166002593790525	0.5083399740620947	0.02239442675497852	0.02068828327034016	1.0824690701661253	0.3853345079229566	0.7253899937716413	False	-0.0548728021922375	0.9536434701796029
NadigOConner2024_hepg2	SP1	dorothea	77	4923	186317.0	0.49150950613473465	0.5084904938652653	0.02187279600379082	0.0154	1.4203114288175858	0.39896449657440275	0.7253899937716413	False	-0.5030144593309468	0.9188828470678536
NadigOConner2024_hepg2	ZNF143	dorothea	41	4923	100456.0	0.4976937520746323	0.5023062479253677	0.008193696060277653	0.008259468170829976	0.9920367620297139	0.4797091708643789	0.8113846262067602	False	0.10677872894901369	0.7345752527407101
NadigOConner2024_hepg2	MAX	dorothea	45	4923	110609.0	0.4992845374320085	0.5007154625679916	0.009795281294720803	0.009057971014492754	1.0813990549371766	0.49341914373613915	0.8113846262067602	False	0.13804397232757046	0.7063962760122073
NadigOConner2024_hepg2	SNAPC4	dorothea	41	4923	101084.0	0.5008050811769543	0.4991949188230457	0.014224825187266624	0.008259468170829976	1.7222446885266225	0.5071153913792251	0.8113846262067602	False	-0.16986340672010822	0.6790167048783593
NadigOConner2024_hepg2	ZNF24	dorothea	18	4923	44968.0	0.5074593179407317	0.49254068205926826	0.0036176760045485206	0.0036429872495446266	0.9930520632485689	0.5435985232796012	0.8363054204301558	False	-0.046406713099301625	0.6095443132658632
NadigOConner2024_hepg2	TBP	dorothea	75	4923	186751.0	0.5057918613311666	0.4942081386688334	0.01573917212470237	0.015006002400960384	1.0488584303901658	0.5684660911333661	0.842171986864246	False	-0.02470449903198363	0.5648136137738536
NadigOConner2024_hepg2	ZC3H8	dorothea	10	4923	25926.0	0.5266301035953687	0.4733698964046313	0.0019649046062823004	0.002027163997567403	0.9692874422790588	0.6148178560214286	0.8783112228877552	False	-0.08421454156930419	0.4864292241131878
NadigOConner2024_hepg2	HMBOX1	dorothea	63	4923	159525.0	0.5143495545689329	0.485650445431067	0.012592609585673653	0.01263537906137184	0.9966151014947434	0.6524899926266535	0.8999861967264187	False	0.04836026851412764	0.4269594768735471
NadigOConner2024_hepg2	USF2	dorothea	53	4923	135638.0	0.5198471556306746	0.4801528443693253	0.010003016099905001	0.01065112540192926	0.9391510964740998	0.6907056596375043	0.9209408795166724	False	0.10344032276582663	0.3700415088604012
NadigOConner2024_hepg2	FOXL2	dorothea	32	4923	85297.0	0.541444495226488	0.4585555047735121	0.006682399082878539	0.006458123107971746	1.0347277329894737	0.7908855161767381	0.9727557727085163	False	0.1847094417059612	0.2346020547149338
NadigOConner2024_hepg2	CLOCK	dorothea	225	4923	572690.0	0.5170198839912429	0.4829801160087571	0.042227722684083945	0.043706293706293704	0.9661702950118407	0.8064190392938049	0.9727557727085163	False	0.10221774751631005	0.215151771708377
NadigOConner2024_hepg2	GATA1	dorothea	20	4923	54776.0	0.5563274426162909	0.44367255738370914	0.0047524835325367335	0.004046125834513453	1.1745763050664537	0.8080804024961081	0.9727557727085163	False	0.10460522005637163	0.21309371737190047
NadigOConner2024_hepg2	HHEX	dorothea	64	4923	168313.0	0.5342048801543774	0.4657951198456226	0.01300509100138965	0.012833366753559254	1.0133810753739092	0.8268424068022389	0.9727557727085163	False	0.08991812530405933	0.19014116221135538
NadigOConner2024_hepg2	CEBPG	dorothea	41	4923	114677.0	0.568149502335974	0.431850497664026	0.007285110094216956	0.008259468170829976	0.882031378236414	0.933873513824297	0.999927694428874	False	0.39555598260172	0.06841427409496371
NadigOConner2024_hepg2	STAT5B	dorothea	91	4923	247057.0	0.5514751346561219	0.44852486534387814	0.01755974235610651	0.01814918228958915	0.9675225074012971	0.9540423002874691	0.999927694428874	False	0.4030554736023587	0.047047268592864136
NadigOConner2024_hepg2	YY1	dorothea	50	4923	141694.0	0.5756408693885842	0.4243591306114158	0.00843770939013385	0.010054293183189221	0.8392145759427128	0.9673604253688622	0.999927694428874	False	0.4399131457682921	0.033184127669772814
NadigOConner2024_hepg2	STAT5A	dorothea	29	4923	85650.0	0.5999285549181533	0.4000714450818466	0.0053181932870022845	0.0058562197092084005	0.9081273502494935	0.9684548146727192	0.999927694428874	False	0.3624040298468164	0.03205345218193559
NadigOConner2024_hepg2	TFAP4	dorothea	13	4923	42642.0	0.6662916608072001	0.3337083391927999	0.0027755233856355047	0.002633711507293355	1.0538448793459116	0.980966503375149	0.999927694428874	False	0.7914090188703577	0.019216965386948913
NadigOConner2024_hepg2	THAP11	dorothea	84	4923	256688.0	0.620721008289564	0.37927899171043594	0.017029925011959247	0.016776512881965248	1.0151051730342853	0.999927694428874	0.999927694428874	False	1.1628597583479887	7.230818529985166e-05
NadigOConner2024_hepg2	MYC	ensemble	52	4923	35531.0	0.13879513742402225	0.8612048625759777	0.1022928021916422	0.010452261306532663	9.786667132758076	1.4210713625689211e-19	2.0321320484735572e-17	True	-12.741004716920129	43.39770569906883
NadigOConner2024_hepg2	RUVBL1	ensemble	45	4923	33380.0	0.15067596542307085	0.8493240345769291	0.23014637443707556	0.009057971014492754	25.40815973785314	3.242491236882005e-16	2.3183812343706334e-14	True	-5.02639423067048	35.66501955328064
NadigOConner2024_hepg2	RUVBL2	ensemble	29	4923	11659.0	0.08166453031863105	0.9183354696813689	0.16749254687713142	0.0058562197092084005	28.600796280536372	3.620156770221561e-15	1.7256080604722772e-13	True	-5.698714815428638	33.25225906331968
NadigOConner2024_hepg2	POLR2I	ensemble	133	4923	199710.0	0.30501298951217165	0.6949870104878284	0.052924681794018234	0.026305379746835444	2.0119337680492944	7.313876989756482e-15	2.6147110238379425e-13	True	-1.2228457143518918	32.54900289378863
NadigOConner2024_hepg2	POLR2E	ensemble	131	4923	210657.0	0.3266440589660931	0.673355941033907	0.060199443508896895	0.0259200633161852	2.3225037213279762	5.70074996942193e-12	1.6304144912546718e-10	True	-1.1541862219211882	25.890423376160292
NadigOConner2024_hepg2	POLR2F	ensemble	79	4923	116203.0	0.2987861163178776	0.7012138836821223	0.03398123872031421	0.015793682526989206	2.1515715959368564	3.9799648269566577e-10	9.485582837580034e-09	True	-1.252442723792603	21.644577948131236
NadigOConner2024_hepg2	POLR2K	ensemble	91	4923	143814.0	0.3210184087697799	0.6789815912302201	0.04037525631880876	0.01814918228958915	2.2246322547528257	2.262921982395521e-09	4.6228263354651355e-08	True	-1.1909918827911603	19.906608946189554
NadigOConner2024_hepg2	POLR2C	ensemble	58	4923	81116.0	0.28408525779767035	0.7159147422023296	0.024056431672875384	0.011644248142943184	2.065949761424005	7.3211610479316215e-09	1.3086575373177774e-07	True	-1.3541863957668516	18.73249690844551
NadigOConner2024_hepg2	ATR	ensemble	100	4923	170618.5	0.3465742433475523	0.6534257566524477	0.03710578724033949	0.019908421262193908	1.8638236930822527	6.946884341895036e-08	1.0437820764693895e-06	True	-0.9649937417370206	16.482387481020627
NadigOConner2024_hepg2	POLR2B	ensemble	117	4923	206263.0	0.3581010814405086	0.6418989185594912	0.038226166846201164	0.023214285714285715	1.6466656487594347	7.299175359925801e-08	1.0437820764693895e-06	True	-0.9998002770464827	16.432919366572705
NadigOConner2024_hepg2	POLR2A	ensemble	22	4923	23210.0	0.21430022344099126	0.7856997765590088	0.013395477534013335	0.004448938321536906	3.0109380184407244	1.7941870702284302e-06	2.332443191296959e-05	True	-1.7630062420058357	13.230958524274332
NadigOConner2024_hepg2	POLR2G	ensemble	32	4923	41619.5	0.2641904072719886	0.7358095927280114	0.013809785908687757	0.006458123107971746	2.13835903679837	2.0318541298258177e-06	2.4212928380424326e-05	True	-1.4066815523951153	13.106561817327856
NadigOConner2024_hepg2	GTF2H1	ensemble	42	4923	61371.0	0.29681378950117526	0.7031862104988248	0.02178555666728444	0.008459214501510574	2.5753640203111248	2.7547115581707134e-06	3.001032247997862e-05	True	-1.1995664764442409	12.802197818419259
NadigOConner2024_hepg2	MAX	ensemble	45	4923	67372.0	0.30411447401087865	0.6958855259891213	0.022219936128989155	0.009057971014492754	2.4530809486404026	2.9380735295083963e-06	3.001032247997862e-05	True	-1.4743629823937119	12.737756453463678
NadigOConner2024_hepg2	THAP1	ensemble	185	4923	367526.0	0.4035399201761176	0.5964600798238823	0.058374406824026726	0.036217697729052464	1.6117647030115057	4.071797571210889e-06	3.8817803512210474e-05	True	-0.6715553685812572	12.41142599232629
NadigOConner2024_hepg2	POLR2H	ensemble	33	4923	45340.0	0.27908580010956613	0.7209141998904339	0.013955577182292315	0.006658595641646489	2.095873955013355	5.838829550409857e-06	5.2184539106788095e-05	True	-1.305169896799912	12.050980200661167
NadigOConner2024_hepg2	ATF5	ensemble	51	4923	84236.0	0.3355040167600658	0.6644959832399342	0.028203155181360122	0.010253317249698432	2.7506371347467695	2.5824848532614865e-05	0.0002172325494214074	True	-0.9795911709593504	10.564173408121372
NadigOConner2024_hepg2	TFAM	ensemble	1204	4923	2743774.0	0.4629051512899989	0.5370948487100011	0.21946363643834257	0.19650726293455198	1.1168220103469477	3.215267693718889e-05	0.00025543515566766727	True	-0.14080006373190593	10.345014846759687
NadigOConner2024_hepg2	ZBTB4	ensemble	23	4923	30412.0	0.26858843582474456	0.7314115641752554	0.020751247149930926	0.004650222401940962	4.462420365372103	6.27598070409653e-05	0.0004723501266767389	True	-1.4126307758777983	9.676195704658577
NadigOConner2024_hepg2	NELFA	ensemble	40	4923	64260.0	0.3263254113345521	0.6736745886654478	0.015577004469534948	0.008059641345960105	1.9327168295575485	7.489291644376618e-05	0.0005354843525729282	True	-1.0262233667492293	9.499451245427927
NadigOConner2024_hepg2	ATF4	ensemble	22	4923	29901.0	0.27607888759625504	0.723921112403745	0.010627156470223421	0.004448938321536906	2.388694942966128	0.00014185159741603412	0.0009659418300234704	True	-1.4944729279113298	8.860729135468386
NadigOConner2024_hepg2	TRRAP	ensemble	17	4923	20950.0	0.25032560251400987	0.7496743974859902	0.01439837131828286	0.0034412955465587046	4.183997312489255	0.00018579702552074285	0.0012076806658848284	True	-1.5707792223818817	8.590855740750664
NadigOConner2024_hepg2	SUPT5H	ensemble	17	4923	21131.0	0.25248832013000205	0.7475116798699979	0.008613298456037683	0.0034412955465587046	2.5029231984015383	0.00020724685860264196	0.0012885348165294697	True	-1.58083941806902	8.481599921590202
NadigOConner2024_hepg2	SFPQ	ensemble	77	4923	148014.0	0.3904651107576153	0.6095348892423846	0.0949680475082888	0.0154	6.166756331707065	0.00047748931776768526	0.0028450405183657913	True	-1.0705104062002182	7.646968769460878
NadigOConner2024_hepg2	POLR2D	ensemble	82	4923	160528.0	0.3976556036127089	0.602344396387291	0.023599130816460062	0.016383616383616385	1.4404103626388123	0.0007224327293871028	0.004132315212094228	True	-0.6777468398967208	7.232886250427253
NadigOConner2024_hepg2	SRF	ensemble	43	4923	77754.0	0.3673029774811162	0.6326970225188838	0.013735362137269932	0.008658880386629078	1.586274613341453	0.0013460792786862748	0.007403436032774512	True	-1.3975648636693305	6.610559150024363
NadigOConner2024_hepg2	TFDP1	ensemble	148	4923	312522.0	0.4289325888960258	0.5710674111039742	0.03461841641422203	0.029185564977322026	1.1861485786251347	0.0015856912530744518	0.008360383837265185	True	-1.0311503127879222	6.446734844912836
NadigOConner2024_hepg2	NELFB	ensemble	107	4923	219703.0	0.41708288958370116	0.5829171104162988	0.027807655828608824	0.021272365805168985	1.307219708578527	0.0016369982338701062	0.008360383837265185	True	-0.41424694686219443	6.4148910594757576
NadigOConner2024_hepg2	SNW1	ensemble	52	4923	98784.0	0.38588102939108426	0.6141189706089158	0.016080035162414796	0.010452261306532663	1.5384264410194926	0.002287073910597988	0.011277640317776288	True	-0.513733240505219	6.080482046755789
NadigOConner2024_hepg2	GTF2F2	ensemble	75	4923	150133.0	0.40661656171711014	0.5933834382828899	0.0213164921090812	0.015006002400960384	1.420531034149171	0.002703689168059998	0.012887585034419325	True	-0.5069485655190427	5.913138080049514
NadigOConner2024_hepg2	TAF12	ensemble	45	4923	84934.0	0.38338862933622225	0.6166113706637777	0.031194261265166084	0.009057971014492754	3.4438464436743357	0.0034964818833955608	0.0161289325588892	True	-0.615504384558687	5.655997992187827
NadigOConner2024_hepg2	ELL	ensemble	226	4923	501268.5	0.45053873905939074	0.5494612609406092	0.05939170621949101	0.043892017867547095	1.3531322801953949	0.005895177966387613	0.026344076537294644	True	-0.2794455082827879	5.133620556069763
NadigOConner2024_hepg2	UBTF	ensemble	101	4923	212919.0	0.42821631340464944	0.5717836865953505	0.024264236878183854	0.020103503184713375	1.2069656047128285	0.006689185066301892	0.028986468620641533	True	-0.32279519431790205	5.007263225968635
NadigOConner2024_hepg2	MYBL2	ensemble	136	4923	295879.0	0.44192177175562486	0.5580782282443751	0.029956701812397044	0.02688278315872702	1.1143452534479166	0.010327409653563152	0.043435870013515614	True	-0.4128165182410241	4.5729537868736525
NadigOConner2024_hepg2	SP1	ensemble	77	4923	160726.0	0.42399972564506383	0.5760002743549362	0.02409760813840325	0.0154	1.5647797492469642	0.010950463812042318	0.04474046643205861	True	-1.8344670434937775	4.514373466352533
NadigOConner2024_hepg2	GABPA	ensemble	82	4923	174403.0	0.4320263769365299	0.5679736230634701	0.03403332314752021	0.016383616383616385	2.0772778335773	0.017237983091933102	0.06847309950406759	True	-0.7071761763055637	4.060640010617539
NadigOConner2024_hepg2	NELFE	ensemble	54	4923	111421.0	0.419124893733872	0.580875106266128	0.013875321882931745	0.0108499095840868	1.2788421668768757	0.020258119140812856	0.07829489289557401	True	-0.5053176378430596	3.899199620561321
NadigOConner2024_hepg2	NFYC	ensemble	106	4923	232047.0	0.4446724845641751	0.5553275154358248	0.03191045129745602	0.021077749055478226	1.5139401846689275	0.025461548267305796	0.09329052859737366	True	-0.6772852434671994	3.6705858759459136
NadigOConner2024_hepg2	ETV4	ensemble	23	4923	43302.0	0.3824285297936041	0.6175714702063959	0.007886813824797934	0.004650222401940962	1.6960078772804603	0.02568194539337306	0.09329052859737366	True	-0.5857071857002883	3.6619670478360016
NadigOConner2024_hepg2	NRF1	ensemble	30	4923	58684.0	0.3973457918613312	0.6026542081386689	0.01701334500283375	0.0060569351907934586	2.808903259967852	0.026095252754510117	0.09329052859737366	True	-1.1554032432860277	3.646001867997278
NadigOConner2024_hepg2	CDK9	ensemble	63	4923	133512.5	0.4304785764261694	0.5695214235738306	0.019463201136943137	0.01263537906137184	1.5403733471237855	0.02869629535578222	0.09997536278296294	True	-0.2710379708877267	3.550987246228381
NadigOConner2024_hepg2	SUPT4H1	ensemble	7	4923	10121.0	0.2936943211166246	0.7063056788833754	0.0038451138653480643	0.0014198782961460446	2.7080587651665655	0.029363393264926176	0.09997536278296294	True	-1.4652323753607377	3.528006507495564
NadigOConner2024_hepg2	NKX6-1	ensemble	20	4923	37536.0	0.38123095673369894	0.618769043266301	0.006592012482983791	0.004046125834513453	1.629215885169444	0.0328407270699692	0.1092145109536185	False	-0.41852747096191273	3.416085854875354
NadigOConner2024_hepg2	CDC6	ensemble	71	4923	153494.0	0.4391402242420601	0.5608597757579398	0.016710744009385093	0.014217060472567081	1.175400782857312	0.038903965628769153	0.12643788829349975	False	-0.37108193465447686	3.2466590893693947
NadigOConner2024_hepg2	ARID3A	ensemble	31	4923	62615.0	0.4102861486242981	0.589713851375702	0.03985642533065528	0.006257569640694388	6.369313906066654	0.04229269600080955	0.1343967895136837	False	-0.5444007685731059	3.1631408792149838
NadigOConner2024_hepg2	ZBTB11	ensemble	18	4923	34086.0	0.3846570519331031	0.6153429480668968	0.005702783899527311	0.0036429872495446266	1.5654141804202468	0.04533789458290944	0.14094171576860978	False	-0.6429778980946033	3.093612071176152
NadigOConner2024_hepg2	CCNH	ensemble	96	4923	212829.0	0.45032881373146455	0.5496711862685355	0.02428445811212851	0.019127316198445904	1.2696218256747187	0.04741363752183867	0.14425851416219002	False	-0.20644752087324852	3.0488453802309077
NadigOConner2024_hepg2	ZBTB14	ensemble	43	4923	90821.0	0.42903032278484005	0.57096967721516	0.010626649444707148	0.008658880386629078	1.227254445172458	0.0542566511025217	0.1616396064095959	False	-0.15066854014681497	2.9140296931083105
NadigOConner2024_hepg2	HSF1	ensemble	32	4923	66082.0	0.4194723745683526	0.5805276254316474	0.009345699909146004	0.006458123107971746	1.4471232203068265	0.057895504772489025	0.1640048658327671	False	-0.4875523169601274	2.8491155351980018
NadigOConner2024_hepg2	GTF2H4	ensemble	49	4923	104943.0	0.43503836635202525	0.5649616336479748	0.013147641952227822	0.009855189058728881	1.3340831793158516	0.05842314101562626	0.1640048658327671	False	-0.42372097985651036	2.8400432173667873
NadigOConner2024_hepg2	KAT5	ensemble	6	4923	9302.0	0.31491637890175367	0.6850836210982463	0.004697086391185845	0.0012172854534388314	3.8586564703591715	0.059230782474861764	0.1640048658327671	False	-1.3065578373501574	2.826313897994407
NadigOConner2024_hepg2	NFYB	ensemble	104	4923	233241.0	0.4555559461866592	0.5444440538133408	0.025505265332901837	0.02068828327034016	1.2328362387355534	0.06014441862416957	0.1640048658327671	False	-0.4235853669868373	2.8110066318199203
NadigOConner2024_hepg2	TGS1	ensemble	54	4923	116662.0	0.43883961149855927	0.5611603885014407	0.02042280513320936	0.0108499095840868	1.8823018731107959	0.06078502020375284	0.1640048658327671	False	-0.6104604908290575	2.800411898593867
NadigOConner2024_hepg2	NELFCD	ensemble	49	4923	105723.0	0.4382718352423236	0.5617281647576765	0.011481997420196595	0.009855189058728881	1.1650712484330097	0.06821279422389766	0.17737892821999524	False	-0.3319437926974277	2.685123133136261
NadigOConner2024_hepg2	SUPT16H	ensemble	58	4923	126562.0	0.4432466886605448	0.5567533113394553	0.013781142082560838	0.011644248142943184	1.1835149778144056	0.06822266469999817	0.17737892821999524	False	-0.32137006769605103	2.684978442361655
NadigOConner2024_hepg2	MCM5	ensemble	44	4923	94408.0	0.43583919635107937	0.5641608036489206	0.01071727987432158	0.008858465874773505	1.2098347530853475	0.07066958835200125	0.18045984168457463	False	-0.3274105672855776	2.6497399492291076
NadigOConner2024_hepg2	HMGA1	ensemble	47	4923	102202.0	0.4417043750351152	0.5582956249648847	0.011064321962489333	0.009456740442655936	1.1699931947568507	0.08414904670041734	0.21111076628350314	False	-0.16556990893452445	2.475165686984448
NadigOConner2024_hepg2	MNAT1	ensemble	68	4923	152539.0	0.45566130169313307	0.5443386983068669	0.01620726902343589	0.013624524143458225	1.18956587788189	0.10411263178558977	0.2566914887127472	False	-0.33946214982228295	2.2622819679216017
NadigOConner2024_hepg2	TBPL1	ensemble	74	4923	166815.0	0.45790305845150453	0.5420969415484955	0.015720856318035867	0.014808885331198719	1.0615826894760165	0.10657098152456718	0.2582991586103916	False	-0.10104569291229605	2.2389440226521793
NadigOConner2024_hepg2	CXXC1	ensemble	24	4923	50592.0	0.4281941905342271	0.5718058094657729	0.00994508349515711	0.004851425106124924	2.0499303354392593	0.11210087458648288	0.26306130327102223	False	-0.4864511089127861	2.1883561470925046
NadigOConner2024_hepg2	CTCF	ensemble	49	4923	108598.0	0.4501900699341284	0.5498099300658715	0.011459437178595065	0.009855189058728881	1.1627820745300952	0.11474195531046205	0.26306130327102223	False	-0.5294521345448231	2.165069538725949
NadigOConner2024_hepg2	HHEX	ensemble	64	4923	143816.0	0.45645439772496443	0.5435456022750356	0.01636780802658147	0.012833366753559254	1.2754102910712781	0.11529532184296365	0.26306130327102223	False	-0.22246118908584367	2.160258426312017
NadigOConner2024_hepg2	MED1	ensemble	11	4923	21433.0	0.3957860137019186	0.6042139862980813	0.0031013866809121507	0.0022294284556141062	1.3911128985109593	0.11589414060191888	0.26306130327102223	False	-0.3464876711311102	2.1550780855492775
NadigOConner2024_hepg2	ELOB	ensemble	64	4923	144414.0	0.45835237659963435	0.5416476234003657	0.015228265661126339	0.012833366753559254	1.186615013313079	0.12564152793365274	0.28073028897675534	False	-0.3485062128561262	2.0743224431817797
NadigOConner2024_hepg2	EWSR1	ensemble	40	4923	88352.0	0.44866951046110093	0.5513304895388991	0.009517067006355726	0.008059641345960105	1.1808300888135865	0.13138130566353673	0.2890388724597808	False	-0.2499804246177722	2.0296514534979524
NadigOConner2024_hepg2	LMO2	ensemble	95	4923	218633.0	0.46747917936217753	0.5325208206378225	0.020850236498393494	0.018931845356715823	1.101331439462511	0.13841859954006563	0.2999069656701422	False	-0.11048760580356204	1.9774728550877014
NadigOConner2024_hepg2	KDM5C	ensemble	29	4923	63617.0	0.44560017370961075	0.5543998262903892	0.0127532525710334	0.0058562197092084005	2.177727818336462	0.1558401818339773	0.33261411943669783	False	-0.380135215303993	1.8589242722894572
NadigOConner2024_hepg2	GTF2F1	ensemble	18	4923	38461.0	0.4340284830839371	0.565971516916063	0.004433600472965399	0.0036429872495446266	1.217023329829002	0.1664957031283109	0.35013066981394797	False	-0.5974720135880037	1.7927857769318176
NadigOConner2024_hepg2	ZBTB17	ensemble	127	4923	297208.0	0.4753647110381769	0.5246352889618231	0.028159775825624532	0.02514851485148515	1.119739117475621	0.1712013520247782	0.35229693727986383	False	-0.18510128717124355	1.764914917964685
NadigOConner2024_hepg2	YBX1	ensemble	35	4923	78220.0	0.4539624503061432	0.5460375496938568	0.014838075811881467	0.0070592981040742235	2.101919425008809	0.1736090685814613	0.35229693727986383	False	-0.4046879410565054	1.7509492397477906
NadigOConner2024_hepg2	RBBP4	ensemble	39	4923	87667.0	0.45660609280353337	0.5433939071964666	0.009187902925236002	0.007859733978234583	1.1689839567954114	0.1749166611669254	0.35229693727986383	False	-0.2254202474062404	1.7434456403915704
NadigOConner2024_hepg2	ACTL6A	ensemble	9	4923	18303.0	0.4130949962759835	0.5869050037240164	0.004994157644111984	0.0018248175182481751	2.7367983889733676	0.1834991496004067	0.35890149745161687	False	-0.7360444775183391	1.6955452458284594
NadigOConner2024_hepg2	NANOG	ensemble	28	4923	62171.0	0.4510243463625548	0.5489756536374453	0.0078123639598259515	0.005655423146839022	1.3813933558963674	0.18538292540496093	0.35890149745161687	False	-0.3529822235526392	1.6853317260733496
NadigOConner2024_hepg2	SP2	ensemble	22	4923	48181.0	0.4448599338910125	0.5551400661089874	0.005438343350881955	0.004448938321536906	1.2223912668232395	0.18572525042950805	0.35890149745161687	False	-0.32536171172348427	1.683486845556386
NadigOConner2024_hepg2	LIN52	ensemble	32	4923	71807.0	0.45581327442616293	0.5441867255738371	0.007370741039968532	0.006458123107971746	1.1413131829076273	0.1940776291423129	0.367503956229382	False	-0.11069541069033073	1.6394970497394488
NadigOConner2024_hepg2	HCFC1	ensemble	37	4923	83689.0	0.45944847955816875	0.5405515204418313	0.008362556496197686	0.007459677419354839	1.1210346005713654	0.19734658900464225	0.367503956229382	False	0.12916964752997512	1.6227937610123024
NadigOConner2024_hepg2	MEF2A	ensemble	26	4923	57828.0	0.45178830919233115	0.5482116908076688	0.009783849188830279	0.005253586583148111	1.8623180629046556	0.1978867456619749	0.367503956229382	False	-0.6504447826223656	1.6200604035433952
NadigOConner2024_hepg2	FOXO1	ensemble	44	4923	100375.0	0.46338614665854155	0.5366138533414585	0.011703222128383482	0.008858465874773505	1.3211341889018353	0.20116969676871532	0.3688111107426448	False	-0.26795688907244025	1.6036064645812858
NadigOConner2024_hepg2	CCNK	ensemble	93	4923	217709.0	0.47551431835208446	0.5244856816479155	0.022706775802177583	0.01854066985645933	1.2247009400400297	0.2087615188277498	0.37788477458693953	False	-0.1000810886719477	1.5665627367603605
NadigOConner2024_hepg2	HINFP	ensemble	30	4923	68322.0	0.4626041031891123	0.5373958968108876	0.007322957658321533	0.0060569351907934586	1.2090203093888852	0.23970564408323392	0.4284738387987806	False	-0.12801377084268248	1.4283435913724787
NadigOConner2024_hepg2	FOXL2	ensemble	32	4923	73524.0	0.4667123705057892	0.5332876294942108	0.008432296345437327	0.006458123107971746	1.305688387238811	0.2578253328960943	0.45517311856964787	False	-0.15436851156589618	1.3554729276101047
NadigOConner2024_hepg2	ERCC2	ensemble	56	4923	131472.0	0.4768869156437712	0.5231130843562288	0.014160822958473217	0.011247238401285399	1.2590488841113956	0.2756964860436889	0.48078777444204285	False	0.03210792357615855	1.2884547066132674
NadigOConner2024_hepg2	LIN54	ensemble	137	4923	327678.0	0.48584404204308396	0.5141559579569162	0.02931390426282491	0.02707509881422925	1.0826887267875478	0.28566728181044276	0.4921737505890761	False	-0.05801574818771976	1.2529274956926755
NadigOConner2024_hepg2	TBP	ensemble	75	4923	178193.0	0.4826135825038933	0.5173864174961067	0.01672709605579498	0.015006002400960384	1.1146936811581776	0.30237841631559936	0.5147632563467942	False	-0.09438699975630882	1.1960760118417753
NadigOConner2024_hepg2	STAT5B	ensemble	91	4923	217111.0	0.4846303402062086	0.5153696597937915	0.022011625487259018	0.01814918228958915	1.2128163757485353	0.3074188159864437	0.5171869492477819	False	-0.24918933562127482	1.1795442396453613
NadigOConner2024_hepg2	RBMX	ensemble	13	4923	29486.0	0.46072594884295065	0.5392740511570494	0.0030718130836539332	0.002633711507293355	1.1663437985319858	0.3121576484122235	0.519052833987767	False	0.1068544912886296	1.1642469354128016
NadigOConner2024_hepg2	SRSF2	ensemble	39	4923	92391.0	0.4812106439163112	0.5187893560836887	0.008603699319915213	0.007859733978234583	1.0946552827030587	0.34282017705024226	0.5634860381400533	False	0.01887246780297913	1.0705492344508705
NadigOConner2024_hepg2	SMARCC1	ensemble	17	4923	39736.0	0.47479418336499746	0.5252058166350025	0.005063108610031007	0.0034412955465587046	1.471279796091363	0.35969427139185095	0.5845031910117577	False	-0.3174399974898764	1.0225008544795209
NadigOConner2024_hepg2	CDK12	ensemble	17	4923	39899.0	0.4767418240910014	0.5232581759089987	0.003984396762333791	0.0034412955465587046	1.1578188238781721	0.3700619600786381	0.5945939358566882	False	-0.318763941062836	0.9940848276916777
NadigOConner2024_hepg2	TADA2A	ensemble	38	4923	91027.0	0.4865828495675508	0.5134171504324492	0.008404648202340936	0.007659746018947792	1.0972489403108787	0.38769676779250517	0.6160070866036471	False	-0.11339806697312411	0.9475317712177328
NadigOConner2024_hepg2	YBX3	ensemble	28	4923	67028.0	0.4862598299527002	0.5137401700472999	0.006729171350348572	0.005655423146839022	1.1898616912705635	0.4008851663384979	0.629962404246211	False	-0.1461454344515716	0.9140802609199523
NadigOConner2024_hepg2	RAD51	ensemble	46	4923	111622.5	0.4929059693188141	0.507094030681186	0.009999411514950998	0.009257395854296638	1.0801538221259024	0.43414429709910174	0.6748112444040386	False	0.0787243434087441	0.8343783183463906
NadigOConner2024_hepg2	KDM2A	ensemble	17	4923	41009.5	0.4900108733316605	0.5099891266683394	0.003786111482422482	0.0034412955465587046	1.1001994543039448	0.4434075638519841	0.6765210243697509	False	-0.1948582605504318	0.8132659231903863
NadigOConner2024_hepg2	BRD4	ensemble	23	4923	55664.0	0.49160550742301	0.50839449257699	0.005307851715885591	0.004650222401940962	1.1414188950769624	0.44470612790738867	0.6765210243697509	False	-0.11239786268661456	0.8103416016922275
NadigOConner2024_hepg2	CTDP1	ensemble	82	4923	200562.0	0.49682674157637374	0.5031732584236263	0.016330314633007152	0.016383616383616385	0.9967466431487901	0.46067655287925824	0.693439442755094	False	-0.06824414513298233	0.7750591028888166
NadigOConner2024_hepg2	CTBP2	ensemble	45	4923	110153.0	0.4972261719367143	0.5027738280632856	0.009725297397134696	0.009057971014492754	1.0736728326436704	0.4744426385654823	0.7034908618249698	False	0.06182880543988456	0.7456145564051924
NadigOConner2024_hepg2	NPM1	ensemble	47	4923	115130.0	0.4975775884796072	0.5024224115203928	0.015918842547916708	0.009456740442655936	1.683332924747788	0.4771931020770774	0.7034908618249698	False	-0.11473447099381925	0.7398340438564016
NadigOConner2024_hepg2	CHEK1	ensemble	63	4923	155060.0	0.49995324827744086	0.5000467517225592	0.01195526268154672	0.01263537906137184	0.9461736465109833	0.4995078856788817	0.7145747553307669	False	0.02869954737054231	0.6941318938732361
NadigOConner2024_hepg2	GATA1	ensemble	20	4923	49303.0	0.5007414178346536	0.49925858216534635	0.004019966937500349	0.004046125834513453	0.9935348286032112	0.5046037236045272	0.7145747553307669	False	0.12574853838468564	0.68398186348309
NadigOConner2024_hepg2	SNAPC4	ensemble	41	4923	101084.0	0.5008050811769543	0.4991949188230457	0.014224825187266624	0.008259468170829976	1.7222446885266225	0.5071153913792251	0.7145747553307669	False	-0.16986340672010822	0.6790167048783593
NadigOConner2024_hepg2	PPARGC1B	ensemble	42	4923	103549.0	0.5008028399253263	0.4991971600746738	0.00842494809484939	0.008459214501510574	0.9959492212125529	0.5071803986358379	0.7145747553307669	False	0.03407833799718618	0.6788885228286226
NadigOConner2024_hepg2	USF2	ensemble	53	4923	130723.0	0.5010098919588072	0.49899010804119287	0.010503713223435986	0.01065112540192926	0.9861599433927825	0.5101232818181768	0.7145747553307669	False	-0.029740250775800656	0.6731028534202776
NadigOConner2024_hepg2	PREB	ensemble	38	4923	93860.5	0.5017292622170906	0.4982707377829094	0.00766792027317163	0.007659746018947792	1.0010671704001173	0.5146937048885943	0.7145747553307669	False	0.23581866295777307	0.6641833030401615
NadigOConner2024_hepg2	ERCC3	ensemble	38	4923	94482.0	0.5050514769556432	0.49494852304435677	0.007834477437044272	0.007659746018947792	1.0228116464520167	0.542828691321932	0.7442952409173351	False	0.25516474398110744	0.61096149441922
NadigOConner2024_hepg2	CDK7	ensemble	18	4923	45012.0	0.5079558534768772	0.4920441465231228	0.0036306130269567563	0.0036429872495446266	0.9966032758996296	0.5465104915826586	0.7442952409173351	False	0.21389767347424893	0.6042017737773417
NadigOConner2024_hepg2	MYB	ensemble	39	4923	97346.0	0.5070183388282109	0.49298166117178915	0.008211181027086635	0.007859733978234583	1.0447148783693303	0.5601197802744827	0.7556332884835003	False	-0.0903815946306506	0.5796046247775721
NadigOConner2024_hepg2	CCND1	ensemble	39	4923	98032.5	0.5105939155299302	0.48940608447006984	0.009921058916790187	0.007859733978234583	1.2622639575669976	0.5902982065722258	0.7889032106526008	False	-0.13053285939415282	0.5271274349033718
NadigOConner2024_hepg2	SSRP1	ensemble	7	4923	18324.0	0.5317315225907547	0.4682684774092452	0.0017676049026877122	0.0014198782961460446	1.2448988814643458	0.6120209972820051	0.8065959028538009	False	-0.09377498666874312	0.4909886877740389
NadigOConner2024_hepg2	ZC3H8	ensemble	10	4923	25926.0	0.5266301035953687	0.4733698964046313	0.0019649046062823004	0.002027163997567403	0.9692874422790588	0.6148178560214286	0.8065959028538009	False	-0.08421454156930419	0.4864292241131878
NadigOConner2024_hepg2	HMBOX1	ensemble	63	4923	158772.0	0.5119216892525851	0.4880783107474149	0.012428010704656357	0.01263537906137184	0.9835882757685175	0.627684228948846	0.8097110400870742	False	0.04935792308242021	0.4657180591155289
NadigOConner2024_hepg2	GTF2H3	ensemble	34	4923	86416.0	0.5162801257004935	0.4837198742995065	0.008350280704639074	0.00685898729070002	1.2174218074381145	0.6285169611864702	0.8097110400870742	False	0.4567071345331678	0.46439226454354465
NadigOConner2024_hepg2	DMAP1	ensemble	23	4923	59238.0	0.5231698593116605	0.4768301406883395	0.008714366326518105	0.004650222401940962	1.87396764569385	0.6495348916217	0.8293168705527062	False	-0.08944643313703342	0.4314987235727428
NadigOConner2024_hepg2	TAF1	ensemble	16	4923	41740.0	0.5299106236034938	0.47008937639650616	0.004227015412235719	0.003239522170479854	1.3048268200645137	0.6604998959431819	0.8358538506183629	False	0.18234516520089178	0.41475831256226464
NadigOConner2024_hepg2	MZF1	ensemble	37	4923	95061.0	0.5218801982970173	0.4781198017029827	0.007971282462958907	0.007459677419354839	1.0685827301696265	0.6770024263140678	0.8428673965305371	False	0.10609587852605876	0.3900804221559478
NadigOConner2024_hepg2	RAD51D	ensemble	37	4923	95078.0	0.5219735274579882	0.47802647254201186	0.0073311619956025155	0.007459677419354839	0.9827719864375264	0.677830423783299	0.8428673965305371	False	-0.01149494116513805	0.3888581347390808
NadigOConner2024_hepg2	E2F6	ensemble	56	4923	143161.0	0.5192862946519253	0.48071370534807467	0.010989271808613407	0.011247238401285399	0.9770640059836814	0.690453144852331	0.8511620664989943	False	0.16256971267279918	0.3704071652746614
NadigOConner2024_hepg2	DNMT1	ensemble	82	4923	208961.0	0.5176325163617267	0.4823674836382733	0.025327639144628343	0.016383616383616385	1.5459126087666444	0.7083409504096339	0.8657500505006636	False	-0.03664724453781473	0.3448297328300651
NadigOConner2024_hepg2	HDAC3	ensemble	42	4923	109180.0	0.5280365243802172	0.47196347561978275	0.008058523211459848	0.008459214501510574	0.9526325653547177	0.7345856553788752	0.8796645718886879	False	0.10494473377550856	0.30844867290555616
NadigOConner2024_hepg2	TNRC6A	ensemble	87	4923	222554.0	0.51962054723197	0.48037945276803007	0.017771273819553086	0.017365269461077845	1.023380250988057	0.7351308664264677	0.8796645718886879	False	0.09806058529847272	0.30770674605842196
NadigOConner2024_hepg2	POLR2L	ensemble	24	4923	63602.0	0.5383065881237727	0.4616934118762272	0.004608956026287105	0.004851425106124924	0.9500210609184295	0.741789931406974	0.8796645718886879	False	0.2813137165081363	0.29868918720968524
NadigOConner2024_hepg2	ZNF24	ensemble	18	4923	48274.0	0.544767192542939	0.4552328074570609	0.0034637321098519138	0.0036429872495446266	0.9507944641543503	0.7443315608288897	0.8796645718886879	False	0.17024368465193354	0.29526869714446513
NadigOConner2024_hepg2	GTF3A	ensemble	42	4923	110029.0	0.5321426153236025	0.4678573846763974	0.007857450138823534	0.008459214501510574	0.9288628556966393	0.7637825830367959	0.8923257843574048	False	0.07899493047969172	0.2694721074923538
NadigOConner2024_hepg2	VHL	ensemble	25	4923	66743.0	0.5422953483648182	0.45770465163518176	0.005402350274507953	0.0050525464834276475	1.069233166330614	0.7675249753563692	0.8923257843574048	False	0.3441870034605823	0.2645842588693005
NadigOConner2024_hepg2	BRCA1	ensemble	47	4923	123944.0	0.5356706038957391	0.46432939610426094	0.01220527541839329	0.009456740442655936	1.290642953817333	0.80040845895085	0.9230516905642867	False	0.06140370886780455	0.2226331079240436
NadigOConner2024_hepg2	ZNF143	ensemble	41	4923	108899.0	0.5395232928563289	0.46047670714367106	0.007606226614339521	0.008259468170829976	0.9209099735019849	0.8086706188418096	0.9251191879550301	False	0.2571202803619824	0.2123635908847279
NadigOConner2024_hepg2	CEBPG	ensemble	41	4923	110817.0	0.5490257279172426	0.45097427208275737	0.007968337198087008	0.008259468170829976	0.9647518500318025	0.8605710943035605	0.9698103280186741	False	0.6261469061318901	0.15015904698327381
NadigOConner2024_hepg2	STAT5A	ensemble	29	4923	79865.0	0.5594079864394433	0.44059201356055666	0.005374415289952032	0.0058562197092084005	0.9177277419256021	0.8654083713766993	0.9698103280186741	False	0.2737324315878421	0.14455377781925915
NadigOConner2024_hepg2	YY1	ensemble	50	4923	134361.0	0.5458500914076783	0.4541499085923217	0.00961933578319928	0.010054293183189221	0.9567391369970004	0.8680819719327991	0.9698103280186741	False	0.14107983928773205	0.1414691310701487
NadigOConner2024_hepg2	E4F1	ensemble	82	4923	217200.0	0.5380419434907329	0.46195805650926713	0.01578581391664679	0.016383616383616385	0.9635121786928923	0.8816813179696985	0.976290489540318	False	0.19947487627822308	0.12592460576091224
NadigOConner2024_hepg2	TFAP4	ensemble	13	4923	38226.0	0.5972905826653542	0.4027094173346458	0.0023569420736857115	0.002633711507293355	0.8949127750548209	0.8875368086730164	0.976290489540318	False	0.4861444721451379	0.11930528393146675
NadigOConner2024_hepg2	HDAC7	ensemble	46	4923	126024.0	0.5565005431470736	0.44349945685292635	0.01068266827593185	0.009257395854296638	1.153960405719682	0.9067863921770265	0.9860004513451995	False	0.19963811772539783	0.0978483668828135
NadigOConner2024_hepg2	SF1	ensemble	39	4923	107954.0	0.5622692021229498	0.43773079787705016	0.0075293655246748544	0.007859733978234583	0.9579669675240161	0.9101542627801842	0.9860004513451995	False	0.27418420269185784	0.09414117429939077
NadigOConner2024_hepg2	GTF2H2	ensemble	30	4923	85654.0	0.5799580201773986	0.42004197982260144	0.0049135802581292244	0.0060569351907934586	0.8112321006171349	0.9347904692074855	0.9982920545568713	False	0.4687896601150209	0.06743287191125165
NadigOConner2024_hepg2	GABPB1	ensemble	40	4923	112158.0	0.5695612431444241	0.4304387568555758	0.01055106178585467	0.008059641345960105	1.309122991079918	0.9354624846896556	0.9982920545568713	False	0.09129164602328232	0.06671423595380967
NadigOConner2024_hepg2	SIN3A	ensemble	90	4923	245095.0	0.5531744419617668	0.44682555803823326	0.016587565355289536	0.017953321364452424	0.9239273902896271	0.958327316800905	0.9999999990003031	False	0.14132938855560834	0.0425658925592982
NadigOConner2024_hepg2	ASF1B	ensemble	45	4923	127561.0	0.5758051775114542	0.42419482248854584	0.007521103660623325	0.009057971014492754	0.830329844132815	0.9605430381606348	0.9999999990003031	False	1.2050671601348022	0.04025648969759137
NadigOConner2024_hepg2	CLOCK	ensemble	225	4923	594373.0	0.5365951204098676	0.46340487959013255	0.041005771865657785	0.043706293706293704	0.9382120602862501	0.9685120598093218	0.9999999990003031	False	0.20068263007886372	0.03199434416375173
NadigOConner2024_hepg2	KAT7	ensemble	46	4923	131862.0	0.582280157910076	0.41771984208992397	0.007680165015898022	0.009257395854296638	0.8296247818260276	0.9728249196915237	0.9999999990003031	False	0.49688524027305253	0.027551151639116013
NadigOConner2024_hepg2	ENO1	ensemble	44	4923	127970.0	0.5907798275257142	0.40922017247428577	0.007508433463288677	0.008858465874773505	0.8475997502762468	0.981078242886848	0.9999999990003031	False	0.35140110377914174	0.019103064302855244
NadigOConner2024_hepg2	NF1	ensemble	24	4923	76100.0	0.6440855846705938	0.3559144153294062	0.003610297274213577	0.004851425106124924	0.7441725256472735	0.9926380572734199	0.9999999990003031	False	0.4479747050532789	0.0073891755669976454
NadigOConner2024_hepg2	ZNF236	ensemble	199	4923	562740.0	0.574413811899228	0.425586188100772	0.03351143812541595	0.03885201093322921	0.862540633559701	0.9998179102676371	0.9999999990003031	False	0.5546096790015309	0.00018210631271097625
NadigOConner2024_hepg2	THAP11	ensemble	84	4923	255021.0	0.6166898813151098	0.3833101186848902	0.014473421026854815	0.016776512881965248	0.8627192747793103	0.9998802584441369	0.9999999990003031	False	1.131942332249891	0.00011974872545557791
NadigOConner2024_hepg2	CEBPZ	ensemble	132	4923	424163.0	0.6527231486098031	0.34727685139019693	0.018512572882155666	0.026112759643916916	0.7089473933280067	0.9999999990003031	0.9999999990003031	False	0.7082983779827275	9.996968813320428e-10
NadigOConner2024_jurkat	MYC	causalpath	115	11921	122053.0	0.08903031916639617	0.9109696808336039	0.13290113598025688	0.009554669325357262	13.909548457898884	1.9647085478584644e-52	1.6700022656796948e-50	True	-7.733075443838714	119.05908092307043
NadigOConner2024_jurkat	MAX	causalpath	76	11921	116802.0	0.12892109898939952	0.8710789010106005	0.03857902713201846	0.006334917062598983	6.089902480300335	2.8493106307377796e-29	1.2109570180635564e-27	True	-3.883927330370226	65.72789061575706
NadigOConner2024_jurkat	TRRAP	causalpath	35	11921	50207.0	0.12033266624324422	0.8796673337567558	0.02498282661265036	0.002927400468384075	8.534133570881362	3.9517154557095065e-15	1.1196527124510268e-13	True	-3.666775370964254	33.1646266176907
NadigOConner2024_jurkat	NRF1	causalpath	81	11921	259355.0	0.26859437800913627	0.7314056219908637	0.022096000337412	0.0067488751874687555	3.2740271117236888	3.2440404584289057e-13	6.893585974161424e-12	True	-1.3723359083971907	28.756786600975033
NadigOConner2024_jurkat	ACTL6A	causalpath	9	11921	7851.0	0.07317618768000447	0.9268238123199956	0.010203306628803355	0.0007544006705783739	13.525049786847115	4.629852816964324e-06	7.870749788839351e-05	True	-4.149734972894674	12.282985479364
NadigOConner2024_jurkat	CCNH	causalpath	199	11921	974280.0	0.41069368316289945	0.5893063168371006	0.02743453658857145	0.01641914191419142	1.6708873540376181	7.523745257837458e-06	0.00010658639115269732	True	-0.5979951058752144	11.797446504377042
NadigOConner2024_jurkat	GTF2H1	causalpath	46	11921	198663.0	0.36228176072185364	0.6377182392781463	0.01152709757905512	0.003843904069524526	2.9987994940989697	0.000620528884868359	0.007105715370536108	True	-0.8884980344705815	7.384938403446815
NadigOConner2024_jurkat	CDK12	causalpath	36	11921	148241.0	0.3454245076382481	0.6545754923617519	0.007561062749415329	0.0030107886593627163	2.511322980409975	0.0006687732113445749	0.007105715370536108	True	-0.8722237581210291	7.31006555180375
NadigOConner2024_jurkat	SUPT5H	causalpath	45	11921	198481.5	0.3699941280093952	0.6300058719906048	0.008630601884967677	0.003760655189704162	2.2949729367894047	0.0012838949901629547	0.010871619010521508	True	-0.9183778348041389	6.657856860420994
NadigOConner2024_jurkat	MNAT1	causalpath	129	11921	651313.0	0.4235330915607855	0.5764669084392144	0.015410220701276376	0.010705394190871369	1.4394818562044986	0.0013844908096914432	0.010871619010521508	True	-0.4658436180687662	6.582422853373525
NadigOConner2024_jurkat	NELFA	causalpath	120	11921	602073.0	0.42087702373961916	0.5791229762603808	0.01697213422371346	0.009965949671954157	1.7030122348977814	0.001406915401361607	0.010871619010521508	True	-0.5817822913818133	6.566355629621615
NadigOConner2024_jurkat	GABPA	causalpath	120	11921	604928.0	0.4228728014987557	0.5771271985012443	0.012758592173368978	0.009965949671954157	1.280218402996132	0.0017955133375658885	0.012718219474425044	True	-0.34354823275496577	6.322464315996076
NadigOConner2024_jurkat	TGS1	causalpath	154	11921	797547.5	0.4344333420124042	0.5655666579875958	0.016344815458062007	0.012753623188405797	1.2815821211434983	0.0025516115610923038	0.016683614053295832	True	-0.3574929686408891	5.97103013468798
NadigOConner2024_jurkat	KAT5	causalpath	34	11921	151049.0	0.3726715583473554	0.6273284416526446	0.0056840424432338475	0.0028439983270598075	1.998609629672372	0.005112642079217934	0.028987322840464274	True	-0.7120906769132334	5.276038967443292
NadigOConner2024_jurkat	CCNK	causalpath	237	11921	1275243.0	0.45136919317999613	0.5486308068200039	0.021842287574223587	0.01949333772001974	1.1205001364025753	0.005115409913023107	0.028987322840464274	True	-0.17795602992014786	5.275497743391081
NadigOConner2024_jurkat	POLR2I	causalpath	115	11921	595560.0	0.4344251831805765	0.5655748168194235	0.013610123281960323	0.009554669325357262	1.4244473375797777	0.0076707198375502595	0.04075069913698576	True	-0.4418581002524636	4.870344816957129
NadigOConner2024_jurkat	ELL	causalpath	92	11921	468813.5	0.4274640477345423	0.5725359522654577	0.01047281602368669	0.007658370099059352	1.3674993357885674	0.008180661269929031	0.040903306349645153	True	-0.3440683866301336	4.805982291790221
NadigOConner2024_jurkat	ATR	causalpath	126	11921	662478.0	0.4410504072445185	0.5589495927554815	0.013581075226450176	0.010459035444509006	1.2985016924844863	0.011300575790419124	0.051349595942093304	True	-0.2608861907758606	4.482901599657652
NadigOConner2024_jurkat	CDK7	causalpath	16	11921	64041.0	0.335757277074071	0.664242722925929	0.0024952723651273053	0.0013403702772891012	1.8616291389077901	0.011478144975291446	0.051349595942093304	True	-0.8198843687447425	4.467310488665553
NadigOConner2024_jurkat	SSRP1	causalpath	17	11921	71140.5	0.3510389475813813	0.6489610524186187	0.0039355037305125505	0.001424024124643994	2.763649619697578	0.016753641923037733	0.07120297817291037	True	-1.060403130899682	4.089139616104097
NadigOConner2024_jurkat	GTF2F2	causalpath	103	11921	544346.0	0.44332796085556775	0.5566720391444323	0.011068971826785796	0.008566200931470393	1.2921681285948776	0.023641383838148546	0.09410255764659724	True	-0.3313991481148515	3.744756550164774
NadigOConner2024_jurkat	NELFCD	causalpath	106	11921	561663.0	0.4444851562091948	0.5555148437908052	0.010113536724962444	0.008813502951692026	1.1475047753879557	0.024355956096766346	0.09410255764659724	True	-0.26472272917192335	3.7149788558008128
NadigOConner2024_jurkat	HSF1	causalpath	32	11921	153702.0	0.4029181696166429	0.597081830383357	0.00400143520781527	0.002677152179369196	1.4946610949692474	0.028732687894707648	0.10618602048044132	False	-0.3657795138485483	3.5497198532941163
NadigOConner2024_jurkat	NFYB	causalpath	22	11921	102066.0	0.3891757097863968	0.6108242902136032	0.004087122893575514	0.0018420832286695134	2.218750396271471	0.036015980392814374	0.1275565972245509	False	-0.779419186265891	3.3237925392199976
NadigOConner2024_jurkat	MYB	causalpath	13	11921	56261.0	0.3630374323269215	0.6369625676730786	0.02973960447967743	0.0010893246187363835	27.300956912343878	0.0436682643894566	0.14847209892415242	False	-2.488380931811877	3.131133656046934
NadigOConner2024_jurkat	E2F6	causalpath	119	11921	646208.0	0.45552548676546367	0.5444745132345363	0.011719506398208648	0.009883720930232558	1.1857382944069925	0.04723913896869337	0.1544356466284206	False	-0.34234931815412883	3.0525325145613924
NadigOConner2024_jurkat	VHL	causalpath	61	11921	322407.0	0.44336554447929744	0.5566344555207026	0.0069233850031920445	0.005090969788015356	1.359934411610608	0.06321732894962802	0.19482328876241495	False	-0.12178369494605011	2.7611768231721983
NadigOConner2024_jurkat	POLR2F	causalpath	41	11921	210814.0	0.4313232847956363	0.5686767152043637	0.005703815983160271	0.0034275204815248286	1.6641230924527601	0.0641770833570308	0.19482328876241495	False	-0.40436359888900064	2.7461090890661515
NadigOConner2024_jurkat	CDK9	causalpath	61	11921	324292.0	0.4459577464207673	0.5540422535792326	0.00713495122960759	0.005090969788015356	1.401491567756691	0.07237421715379831	0.20196339529945775	False	-0.3945841731805875	2.6259051596753067
NadigOConner2024_jurkat	RBBP4	causalpath	37	11921	190035.0	0.4308431407668049	0.569156859233195	0.00392157389691805	0.003094162903495568	1.2674102880904334	0.0728500564248493	0.20196339529945775	False	-0.5253327595331831	2.6193519718065725
NadigOConner2024_jurkat	LIN52	causalpath	21	11921	102297.0	0.40863062782364856	0.5913693721763514	0.002101260773864321	0.0017584994138335288	1.1949169600708438	0.07365723828568459	0.20196339529945775	False	-0.45425505637865626	2.608332861395693
NadigOConner2024_jurkat	CTDP1	causalpath	90	11921	489675.0	0.4564074602242541	0.5435925397757458	0.010153410175210827	0.007493131296311714	1.3550289957161916	0.07676862379347991	0.20391665695143102	False	-0.2631154319437311	2.566959266661223
NadigOConner2024_jurkat	GTF2H3	causalpath	88	11921	482362.0	0.4598092746947709	0.540190725305229	0.008847110174827552	0.007327837455241902	1.2073289328352736	0.0965979044122266	0.2488127840920988	False	-0.28316400173587214	2.3371982314541824
NadigOConner2024_jurkat	POLR2H	causalpath	13	11921	62150.0	0.4010376000980816	0.5989623999019185	0.0015112539617308227	0.0010893246187363835	1.3873311368688952	0.10836414935274041	0.27091037338185103	False	-0.3907249545668659	2.222257970206565
NadigOConner2024_jurkat	ERCC3	causalpath	84	11921	462731.0	0.462100694652494	0.5378993053475061	0.008136424613209297	0.006997084548104956	1.1628306843044953	0.11526683164598761	0.2799337339973985	False	-0.15787447966896084	2.160505563118209
NadigOConner2024_jurkat	MED1	causalpath	120	11921	670644.0	0.4688113413304253	0.5311886586695748	0.011932961162433134	0.009965949671954157	1.1973732113071447	0.11948761945988418	0.28197949044896353	False	-0.08363397403811355	2.1245425158238747
NadigOConner2024_jurkat	GTF2F1	causalpath	45	11921	241360.0	0.44992496900893847	0.5500750309910617	0.004482080715573004	0.003760655189704162	1.1918350631677013	0.12274401348954883	0.28197949044896353	False	-0.07205640153082091	2.097654283439375
NadigOConner2024_jurkat	POLR2L	causalpath	35	11921	187719.5	0.44991311850635735	0.5500868814936427	0.004590650107412533	0.002927400468384075	1.568166076692121	0.15270405782543817	0.3415748661884801	False	-0.2453892522623598	1.879253493270169
NadigOConner2024_jurkat	ATF4	causalpath	52	11921	286008.0	0.4613835958521807	0.5386164041478193	0.005510900129387293	0.004343105320304018	1.2688847547914242	0.16790390652193093	0.3659444116503623	False	-0.1718043966107193	1.784363448213203
NadigOConner2024_jurkat	POLR2D	causalpath	96	11921	540249.0	0.4720739661102257	0.5279260338897743	0.009294661841912842	0.00798868269950903	1.1634786599402773	0.17258649011685406	0.3667462914983149	False	-0.039324141003164795	1.7568567761839198
NadigOConner2024_jurkat	HDAC3	causalpath	120	11921	683736.0	0.4779632581159299	0.5220367418840701	0.011547914664652326	0.009965949671954157	1.1587370039756553	0.202692393295195	0.42021593731930673	False	-0.14875310640622713	1.596065753139065
NadigOConner2024_jurkat	ELOB	causalpath	194	11921	1117532.0	0.4832207219867565	0.5167792780132435	0.016637403091499494	0.01601320676846884	1.0389800951212185	0.2109760429598041	0.42697532503769875	False	-0.08046586778083953	1.5560106924271404
NadigOConner2024_jurkat	GTF2H2	causalpath	72	11921	406354.0	0.4734339028232158	0.5265660971767842	0.00677169018136849	0.006003502042858334	1.1279566714604485	0.218141960521462	0.43121085219358773	False	-0.09777894475453225	1.5226092330759657
NadigOConner2024_jurkat	POLR2C	causalpath	10	11921	51459.0	0.4316668064759668	0.5683331935240332	0.006866263184753525	0.0008381527114240215	8.192138605729431	0.22718132495393772	0.4348239301146869	False	-0.9591491025636227	1.4820067920190145
NadigOConner2024_jurkat	POLR2A	causalpath	16	11921	85199.0	0.4466854710175321	0.5533145289824679	0.0022384555241366268	0.0013403702772891012	1.670027724476182	0.23020090417836364	0.4348239301146869	False	-0.3966156653130957	1.4688028549072656
NadigOConner2024_jurkat	ERCC2	causalpath	86	11921	489921.0	0.4778756659637185	0.5221243340362813	0.00843214513619236	0.0071624885483467975	1.1772647284914146	0.23942796534538036	0.4424212403121159	False	-0.016721473342321245	1.4295026783723357
NadigOConner2024_jurkat	SP1	causalpath	194	11921	1123514.0	0.4858073381721765	0.5141926618278235	0.020228831185986233	0.01601320676846884	1.26325922586713	0.24849182053946411	0.44940010097562655	False	-0.30341115179355094	1.3923453493213236
NadigOConner2024_jurkat	YY1	causalpath	65	11921	369092.0	0.47633071567305274	0.5236692843269473	0.00691093663351503	0.005422993492407809	1.2743767152201715	0.2548814900849138	0.45135263869203485	False	-0.030037108031628616	1.3669565866160747
NadigOConner2024_jurkat	NFYC	causalpath	20	11921	110953.0	0.4653678382686016	0.5346321617313984	0.003699320145672422	0.0016749015995310276	2.2086790929737194	0.29597418150484045	0.5134246005696212	False	-0.5055801220713179	1.2174830531081766
NadigOConner2024_jurkat	POLR2K	causalpath	25	11921	140111.0	0.470131700360708	0.529868299639292	0.004368293355339745	0.0020927507115352417	2.087345296915544	0.30266816567000304	0.5145358816390051	False	-0.4317104024142874	1.1951182364070227
NadigOConner2024_jurkat	NELFB	causalpath	205	11921	1199182.0	0.4907028179416934	0.5092971820583067	0.018465529094055067	0.01690582220023091	1.0922585648512768	0.32376983276050797	0.53961638793418	False	0.031659788402309805	1.127722408352759
NadigOConner2024_jurkat	SUPT16H	causalpath	55	11921	318736.0	0.48613371361462965	0.5138662863853704	0.005565693556463915	0.00459251837007348	1.2119044733129427	0.36115293112297747	0.5903461374125593	False	-0.1321112872294726	1.0184537784363183
NadigOConner2024_jurkat	RAD51D	causalpath	115	11921	673973.0	0.491622748310435	0.5083772516895648	0.01310765362451743	0.009554669325357262	1.3718584263016675	0.37840001127385353	0.6068679426090103	False	-0.1658563966140134	0.9718034120109325
NadigOConner2024_jurkat	POLR2B	causalpath	37	11921	214893.0	0.487200647505991	0.512799352494009	0.003659724359840877	0.003094162903495568	1.1827833485128976	0.393870021671973	0.6106442913713599	False	0.05836987446850596	0.9317343183448474
NadigOConner2024_jurkat	ASF1B	causalpath	92	11921	539565.0	0.4919752501066806	0.5080247498933195	0.007785059672137543	0.007658370099059352	1.0165426287107424	0.3951227767697035	0.6106442913713599	False	0.15918579235067912	0.9285587351127297
NadigOConner2024_jurkat	GTF2H4	causalpath	125	11921	736986.0	0.49457998490059557	0.5054200150994044	0.011164640363336035	0.010376888593724059	1.075914062533967	0.4173009608693649	0.6334032441767146	False	-0.07651146459583562	0.8739475888007369
NadigOConner2024_jurkat	STAT5A	causalpath	112	11921	662197.0	0.49597124522151786	0.5040287547784821	0.009897602512745296	0.009307737056428156	1.0633736699630727	0.44157080527910963	0.6584827798021811	False	-0.010321579769300735	0.8174168974385957
NadigOConner2024_jurkat	LMO2	causalpath	181	11921	1074637.5	0.49804745884624424	0.5019525411537558	0.015241804445785212	0.014956205585853578	1.0190956762590753	0.46402434892001576	0.680035683762092	False	-0.0689074058405937	0.7678182520119816
NadigOConner2024_jurkat	MYBL2	causalpath	44	11921	260881.0	0.4973671366801138	0.5026328633198862	0.0038527656492244712	0.0036773923944839115	1.0476895680220635	0.47593304327203423	0.6856662487817442	False	-0.11404191627773347	0.7424781000399077
NadigOConner2024_jurkat	CCND1	causalpath	282	11921	1683600.0	0.5008147610064128	0.4991852389935872	0.023786251688839258	0.023109071539785298	1.0293036502088846	0.5186846424747581	0.7260260065931703	False	0.021454186788860612	0.6564592057847923
NadigOConner2024_jurkat	LIN54	causalpath	268	11921	1600418.0	0.5009402697109203	0.49905973028907974	0.02390784767477331	0.021987037492821396	1.0873610272679548	0.521030428260981	0.7260260065931703	False	0.0004099002354148312	0.6519468353622518
NadigOConner2024_jurkat	RUVBL2	causalpath	8	11921	48801.0	0.5117125241171042	0.4882874758828958	0.0013827333654747444	0.000670634587978875	2.061828289593528	0.5448284867492166	0.7469422802207002	False	-0.22216465643175515	0.6072842370607873
NadigOConner2024_jurkat	POLR2E	causalpath	17	11921	106381.0	0.5249312878410319	0.47506871215896807	0.001472433556067634	0.001424024124643994	1.033994811313848	0.6390260692832244	0.8455708565235106	False	0.5227306563722742	0.44781002843642614
NadigOConner2024_jurkat	CDC6	causalpath	40	11921	246947.5	0.5178833571009144	0.4821166428990856	0.003220373960477228	0.003344201989800184	0.9629723235317031	0.6521599908326624	0.8455708565235106	False	0.20761973549676985	0.42746536244471606
NadigOConner2024_jurkat	NANOG	causalpath	96	11921	586756.5	0.5127125975169868	0.48728740248301317	0.008455698797163763	0.00798868269950903	1.0584597129741347	0.6663111818079974	0.8455708565235106	False	0.07286801421082931	0.40599847761239655
NadigOConner2024_jurkat	USF2	causalpath	139	11921	846356.0	0.5107702446381122	0.4892297553618878	0.01124744021980728	0.011525704809286899	0.9758570435314805	0.6690607567715642	0.8455708565235106	False	0.08567423417360807	0.4018804056807422
NadigOConner2024_jurkat	NELFE	causalpath	128	11921	780497.0	0.5115034655230266	0.4884965344769734	0.010082912220393512	0.010623288239687941	0.9491328854962611	0.6730806760470096	0.8455708565235106	False	0.1121185241698876	0.3958900812662872
NadigOConner2024_jurkat	YBX1	causalpath	66	11921	406305.0	0.5164110698461843	0.48358893015381565	0.005551043634054489	0.005505964795194794	1.0081872733547146	0.6774478126132355	0.8455708565235106	False	0.15927939734886315	0.389422758548352
NadigOConner2024_jurkat	CHEK1	causalpath	33	11921	206311.0	0.5244399366536772	0.4755600633463229	0.0062232765764339065	0.0027605822318889075	2.2543347937785128	0.6864045776484968	0.8455708565235106	False	-0.16866757042461267	0.3762880617622998
NadigOConner2024_jurkat	GABPB1	causalpath	99	11921	615537.0	0.5215624070585902	0.47843759294140975	0.008310883539103657	0.008236272878535773	1.0090587892931917	0.770385350177742	0.9162195972960104	False	0.08691657114826132	0.26086443454384595
NadigOConner2024_jurkat	ZBTB17	causalpath	402	11921	2448436.5	0.510916706627086	0.489083293372914	0.032636908154762286	0.03262192647894182	1.0004592517192428	0.7725695877386091	0.9162195972960104	False	0.08116786265589876	0.2580331930522776
NadigOConner2024_jurkat	RUVBL1	causalpath	25	11921	162087.0	0.5438704806643738	0.45612951933562623	0.004343982800935047	0.0020927507115352417	2.075728741598803	0.77609189418015	0.9162195972960104	False	-0.32735700772564835	0.25348434547480786
NadigOConner2024_jurkat	TNRC6A	causalpath	164	11921	1013503.0	0.518404189368628	0.48159581063137197	0.014441893112454057	0.013570541994207696	1.0642090138049225	0.7912793503726996	0.9213526682421845	False	0.1464249527079859	0.2341042125337272
NadigOConner2024_jurkat	GATA1	causalpath	32	11921	210819.0	0.5526460657662948	0.44735393423370523	0.0024330173805288445	0.002677152179369196	0.9088080234206649	0.8485536417372159	0.9746899938873426	False	0.24380306535530127	0.16422197681618161
NadigOConner2024_jurkat	RAD51	causalpath	35	11921	233527.0	0.5597013673349551	0.4402986326650448	0.002552679708222846	0.002927400468384075	0.8719953883289241	0.8891635192653717	0.9999999809091803	False	0.4006778370447879	0.11747412420089734
NadigOConner2024_jurkat	FOXO1	causalpath	72	11921	466378.0	0.5433665147405605	0.4566334852594395	0.006351219458447244	0.006003502042858334	1.0579190967383028	0.8981075992982221	0.9999999809091803	False	0.4439872879712969	0.10746539681311465
NadigOConner2024_jurkat	STAT5B	causalpath	196	11921	1242118.0	0.5316111680810232	0.46838883191897684	0.015089166787807024	0.016175621028307337	0.9328338467747842	0.9358146130296799	0.9999999809091803	False	0.14820701135948836	0.06633788512409049
NadigOConner2024_jurkat	POLR2G	causalpath	8	11921	64186.0	0.6730349802868887	0.3269650197131113	0.0005956705204264808	0.000670634587978875	0.8882192047709362	0.9549434620144411	0.9999999809091803	False	1.116103157805591	0.04610314233303829
NadigOConner2024_jurkat	TFDP1	causalpath	337	11921	2124170.0	0.5287454973730372	0.4712545026269628	0.024720082454729383	0.02749224995921031	0.8991654917806314	0.9642766684908167	0.9999999809091803	False	0.20279261053418382	0.03637702503921327
NadigOConner2024_jurkat	NPM1	causalpath	148	11921	967740.0	0.5485096706470752	0.45149032935292477	0.01105357914524761	0.012262822106222553	0.9013895047567122	0.9789069093003804	0.9999999809091803	False	0.24613437434188695	0.02131872851064906
NadigOConner2024_jurkat	BRCA1	causalpath	137	11921	899902.0	0.5510131479931446	0.4489868520068553	0.012418129973598339	0.011361751534251119	1.0929767242456117	0.9801345640125815	0.9999999809091803	False	0.25449722768215843	0.020065406526784544
NadigOConner2024_jurkat	CLOCK	causalpath	441	11921	2791537.0	0.5309970533525604	0.4690029466474396	0.034562384711759875	0.03567383918459796	0.9688439904915546	0.986626523636814	0.9999999809091803	False	0.1303819804366029	0.013463706663047253
NadigOConner2024_jurkat	SUPT4H1	causalpath	18	11921	141949.0	0.6615263447324516	0.33847365526754836	0.0010982303271544983	0.001507663958455482	0.7284317708831975	0.9911561613386423	0.9999999809091803	False	0.8263781074899627	0.008883177511868966
NadigOConner2024_jurkat	MCM6	causalpath	350	11921	2306895.0	0.5529006435222357	0.44709935647776433	0.024978302617503542	0.02852253280091272	0.8757392897696742	0.9996393352672577	0.9999999809091803	False	0.15369271911806412	0.0003607297879095837
NadigOConner2024_jurkat	DNMT1	causalpath	157	11921	1174480.0	0.6275282552814522	0.3724717447185478	0.010230972666368274	0.012998840867693326	0.7870680755694014	0.9999999809091803	0.9999999809091803	False	0.8052054396326325	1.909081988509023e-08
NadigOConner2024_jurkat	TFAM	collectri	2554	11921	10592735.0	0.34791610023098424	0.6520838997690157	0.30313487168377895	0.17644214162348879	1.7180412167669146	2.855446314230302e-129	2.0844758093881205e-127	True	-0.8469935085331476	295.9842488381157
NadigOConner2024_jurkat	MYC	collectri	115	11921	90295.0	0.06586476915053086	0.9341352308494693	0.24195770925492646	0.009554669325357262	25.32350424862865	2.881464965079745e-58	1.051734712254107e-56	True	-28.063231811814628	132.49163656040426
NadigOConner2024_jurkat	NRF1	collectri	81	11921	262261.0	0.27160390264715967	0.7283960973528404	0.02332164492577391	0.0067488751874687555	3.455634350606648	6.406830724676584e-13	1.5589954763379688e-11	True	-1.514292212903677	28.076241486986735
NadigOConner2024_jurkat	SRF	collectri	87	11921	317441.0	0.30607726922546613	0.6939227307745338	0.029913891402599327	0.007245169886742172	4.128804689223134	2.1487575354197653e-10	3.921482502141072e-09	True	-1.1122679749224718	22.260961145346396
NadigOConner2024_jurkat	YY1	collectri	65	11921	243157.0	0.3138056306582437	0.6861943693417563	0.01115903480853389	0.005422993492407809	2.0577260186936495	1.0756084434113011e-07	1.5703883273804998e-06	True	-0.9581662056490264	16.045209155621833
NadigOConner2024_jurkat	MAX	collectri	76	11921	328766.0	0.36287798180124414	0.6371220181987558	0.013918552132308193	0.006334917062598983	2.197116709622387	1.8323015651386034e-05	0.0002229300237585301	True	-0.7895297877809552	10.90735260247318
NadigOConner2024_jurkat	ZBTB17	collectri	402	11921	2147252.0	0.4480683571489086	0.5519316428510914	0.0400728308308379	0.03262192647894182	1.228401727185113	0.00019449548806976084	0.002028310089870363	True	-0.2342835579521978	8.545101592759618
NadigOConner2024_jurkat	GABPA	collectri	120	11921	588875.0	0.41165100802505383	0.5883489919749462	0.015308311128165948	0.009965949671954157	1.5360614524520515	0.0004254108354286995	0.003881873873286883	True	-0.4133801136419292	7.762455184369021
NadigOConner2024_jurkat	MYB	collectri	13	11921	36626.0	0.2363379427384125	0.7636620572615874	0.05556176780382972	0.0010893246187363835	51.00570284391568	0.0004988655534053085	0.004046353933176391	True	-4.705091264554596	7.603173930569582
NadigOConner2024_jurkat	ZBTB4	collectri	51	11921	227211.0	0.3737201280982152	0.6262798719017848	0.011068838036306084	0.004259939859672569	2.5983554700128715	0.0009129505465213282	0.006664538989605696	True	-1.1684708779157578	6.998828844749444
NadigOConner2024_jurkat	SP2	collectri	27	11921	109119.0	0.3390189115379955	0.6609810884620045	0.004678887693592066	0.002259792433880147	2.0704944504828893	0.0019004116614256804	0.012611822844006788	True	-0.7973711717374157	6.265684752369724
NadigOConner2024_jurkat	HDAC3	collectri	120	11921	622506.0	0.43516064088583173	0.5648393591141683	0.012814679789602964	0.009965949671954157	1.2858463278884107	0.007181092561579497	0.04368497974960861	True	-0.28541765041684164	4.936303740147376
NadigOConner2024_jurkat	ATF4	collectri	52	11921	251903.0	0.4063659476166816	0.5936340523833183	0.006757040132663609	0.004343105320304018	1.5558084905457958	0.00980373818331183	0.05505176056782797	True	-0.515647574116919	4.62499151876141
NadigOConner2024_jurkat	ZNF143	collectri	80	11921	409176.0	0.42904957637782065	0.5709504236221794	0.009908520051500133	0.00666611115740355	1.4864018642256636	0.014230541396105955	0.07420210870826677	True	-0.40477159122092354	4.252364821496876
NadigOConner2024_jurkat	GTF3A	collectri	55	11921	272611.0	0.41578421578421576	0.5842157842157842	0.01125013376601327	0.00459251837007348	2.449665490577726	0.015446072171593474	0.07517088456842158	True	-0.6197241821589574	4.1704005363357215
NadigOConner2024_jurkat	SFPQ	collectri	45	11921	224429.0	0.41836348553905806	0.581636514460942	0.007185838295510536	0.003760655189704162	1.9107942454239792	0.029153013670146968	0.13301062487004556	False	-0.4975641627683113	3.535196986618785
NadigOConner2024_jurkat	CTCF	collectri	44	11921	223245.0	0.42561446187400387	0.5743855381259961	0.005469797287260807	0.0036773923944839115	1.4874119214108081	0.04400304408620977	0.17797561371481294	False	-0.5676070516384746	3.1234964636794684
NadigOConner2024_jurkat	TAF1	collectri	16	11921	71901.0	0.37696606828286217	0.6230339317171378	0.0023902708015718995	0.0013403702772891012	1.783291409897735	0.044231884935919764	0.17797561371481294	False	-0.5931411798507521	3.1183093713262733
NadigOConner2024_jurkat	LMO2	collectri	181	11921	1000403.0	0.46364301634007676	0.5363569836599232	0.017578941010365192	0.014956205585853578	1.1753610171681743	0.04632242000796501	0.17797561371481294	False	-0.16270769723565137	3.072129201659754
NadigOConner2024_jurkat	ETV4	collectri	31	11921	153274.0	0.4147573677246172	0.5852426322753828	0.004537390712999266	0.0025937081659973228	1.7493836710247492	0.050308260401184766	0.1836251504643244	False	-0.5106236685632851	2.9895859926719432
NadigOConner2024_jurkat	TBPL1	collectri	103	11921	559816.0	0.45592708632803497	0.5440729136719651	0.010672409745625047	0.008566200931470393	1.2458743182659762	0.06144777825150103	0.21360418154093216	False	-0.23133944667247536	2.789567599010191
NadigOConner2024_jurkat	VHL	collectri	61	11921	324268.0	0.4459247422581173	0.5540752577418827	0.006666057657926231	0.005090969788015356	1.3093885714306903	0.0722514920127692	0.23974358713327965	False	-0.1424784373406907	2.627602301507051
NadigOConner2024_jurkat	PREB	collectri	57	11921	303036.5	0.44597179972832846	0.5540282002716715	0.005686631982644493	0.0047587243279345465	1.1949908401423814	0.07594373449567898	0.24103880948628548	False	-0.0164145975130347	2.5777625484626987
NadigOConner2024_jurkat	CTBP2	collectri	52	11921	277058.0	0.44694559697495695	0.553054403025043	0.008042961662175156	0.004343105320304018	1.8518919227158297	0.0929174124316699	0.28262379614632926	False	-0.43038789539159544	2.3760442187376896
NadigOConner2024_jurkat	E2F6	collectri	119	11921	660256.0	0.46542821473862594	0.534571785261374	0.01114941838467259	0.009883720930232558	1.1280588012727562	0.09681936425614351	0.2827125436279391	False	-0.073358882035616	2.3349082607373077
NadigOConner2024_jurkat	HSF1	collectri	32	11921	166877.0	0.43745543578558843	0.5625445642144116	0.006617567970116718	0.002677152179369196	2.4718684358376604	0.11049504850328984	0.3102360977207753	False	-0.6339856132136341	2.202784568953303
NadigOConner2024_jurkat	USF2	collectri	139	11921	781323.0	0.47152325954017427	0.5284767404598257	0.012844214475997703	0.011525704809286899	1.1143973135290093	0.12379128693618541	0.3346949609756124	False	-0.1352615674846206	2.0891583013684945
NadigOConner2024_jurkat	CEBPG	collectri	6	11921	26479.0	0.3702010457735649	0.6297989542264352	0.0030437163439107845	0.0005030602833906263	6.050400805637321	0.13924851501698363	0.36304077129427875	False	-1.1022820778118825	1.9714950643825315
NadigOConner2024_jurkat	TFAP4	collectri	18	11921	96849.0	0.451346363560104	0.5486536364398961	0.013511190337691055	0.001507663958455482	8.961672302316305	0.23747258970051144	0.597775829246115	False	-0.384070101338966	1.4377030739552141
NadigOConner2024_jurkat	HCFC1	collectri	24	11921	134968.0	0.4717445404468305	0.5282554595531694	0.0022521224974434637	0.00200920887400586	1.1209001346650906	0.31597663670094567	0.7383495354275442	False	0.10841912119161255	1.1520870026191923
NadigOConner2024_jurkat	CEBPZ	collectri	154	11921	897500.5	0.4888788964579586	0.5111211035420413	0.017102766001957828	0.012753623188405797	1.3410123342444207	0.3173930843234849	0.7383495354275442	False	-0.07562768123748845	1.1476142596480432
NadigOConner2024_jurkat	HDAC7	collectri	59	11921	339959.5	0.483350845040585	0.516649154959415	0.0062680785631573826	0.004924874791318865	1.2727386641800922	0.32830249716345883	0.7383495354275442	False	-0.15064876166978022	1.113819848157314
NadigOConner2024_jurkat	FOXL2	collectri	92	11921	534133.0	0.4870223536834888	0.5129776463165112	0.007962717864101	0.007658370099059352	1.0397405402331013	0.3337744475220405	0.7383495354275442	False	-0.06056319667885329	1.0972898209480328
NadigOConner2024_jurkat	ENO1	collectri	70	11921	406205.5	0.4867826284947332	0.5132173715052669	0.0067123592523756145	0.005837711617046118	1.1498271399319429	0.3512593132855289	0.7541744079365768	False	0.07832380386420693	1.0462305439937925
NadigOConner2024_jurkat	SRSF2	collectri	37	11921	214968.0	0.4873706858439683	0.5126293141560317	0.003929729737225555	0.003094162903495568	1.2700461675065724	0.3952469997764302	0.8131118358959888	False	-0.042738607547824006	0.928244393619834
NadigOConner2024_jurkat	SSRP1	collectri	17	11921	98115.0	0.48414315814405623	0.5158568418559437	0.004082432600970665	0.001424024124643994	2.866828258258106	0.4104937718087187	0.8131118358959888	False	-0.4163071920354831	0.890394522412503
NadigOConner2024_jurkat	MED1	collectri	120	11921	707580.0	0.4946313228755977	0.5053686771244023	0.011295535217549623	0.009965949671954157	1.1334128296209585	0.41965218971340423	0.8131118358959888	False	-0.13229388272459253	0.8683290305152775
NadigOConner2024_jurkat	KAT5	collectri	34	11921	198767.0	0.4904025027509536	0.5095974972490465	0.004789418337528435	0.0028439983270598075	1.6840440066221307	0.423263695397912	0.8131118358959888	False	-0.18125050964472428	0.8597599007891146
NadigOConner2024_jurkat	MEF2A	collectri	12	11921	69780.0	0.4877946480999916	0.5122053519000084	0.0022999698282551036	0.001005614681974357	2.287128330047346	0.4418255054243772	0.8230704956229623	False	-0.3223110617091157	0.8168402589599444
NadigOConner2024_jurkat	GATA1	collectri	32	11921	188335.0	0.4937059600704639	0.5062940399295361	0.002664068074315757	0.002677152179369196	0.9951126778842576	0.4509975318481985	0.8230704956229623	False	0.1624470565614476	0.796293412114836
NadigOConner2024_jurkat	MZF1	collectri	96	11921	570521.0	0.49852588569191625	0.5014741143080838	0.008242567811000735	0.00798868269950903	1.03178059775829	0.480134505589701	0.8441168085280555	False	0.0003004679553709269	0.7336889943559418
NadigOConner2024_jurkat	YBX3	collectri	53	11921	315003.0	0.49856998827184623	0.5014300117281538	0.004755321596181514	0.004426256889928178	1.0743437885410838	0.48565624600244284	0.8441168085280555	False	0.11136291356261951	0.7222542180975
NadigOConner2024_jurkat	HMGA1	collectri	62	11921	370581.0	0.5013935830237234	0.4986064169762766	0.005570824946954236	0.005173996495034632	1.0766966990218163	0.5151283467165373	0.8745202165187725	False	-0.018296339180346517	0.6633391924424651
NadigOConner2024_jurkat	YBX1	collectri	66	11921	396342.0	0.5037481602367099	0.4962518397632901	0.005574075759344416	0.005505964795194794	1.0123703958675987	0.5418935209834704	0.8803761215621544	False	0.10265813921731952	0.612685752592504
NadigOConner2024_jurkat	KDM5C	collectri	102	11921	613304.0	0.5043858999853611	0.49561410001463885	0.009075958837322914	0.008483739499293022	1.0698064029522882	0.560724060261179	0.8803761215621544	False	0.050813864056485386	0.5785263656599517
NadigOConner2024_jurkat	NANOG	collectri	96	11921	578774.0	0.5057374241534547	0.4942625758465453	0.007991393432911104	0.00798868269950903	1.000339321700966	0.5768971569099358	0.8803761215621544	False	0.016901730926935355	0.5500912659513437
NadigOConner2024_jurkat	ARID5B	collectri	152	11921	914625.0	0.5047621623053523	0.4952378376946477	0.012872140085133429	0.012590077031392363	1.0224036003145782	0.5800819175427315	0.8803761215621544	False	-0.038299248971573455	0.5445859482720576
NadigOConner2024_jurkat	NFYB	collectri	22	11921	134449.0	0.5126514706667379	0.48734852933326217	0.0017900599635757588	0.0018420832286695134	0.9717584611356949	0.5813682360536538	0.8803761215621544	False	0.10663584918963087	0.5423709259004753
NadigOConner2024_jurkat	ATF5	collectri	23	11921	140890.0	0.5138538859083167	0.4861461140916833	0.001962185258386431	0.001925653047555258	1.0189713359203274	0.5909373966650078	0.8803761215621544	False	0.07150218574506836	0.5260451949955709
NadigOConner2024_jurkat	TADA2A	collectri	123	11921	743919.0	0.5073502182048076	0.49264978179519237	0.010873943492953637	0.010212553968781136	1.0647624018628747	0.6106225448729932	0.8884222029756293	False	0.03626918712532008	0.4932762768719967
NadigOConner2024_jurkat	BRD4	collectri	70	11921	428833.5	0.5138992414346831	0.4861007585653169	0.005712648288475441	0.005837711617046118	0.9785766518158431	0.6560336194307531	0.8884222029756293	False	0.03665812731107135	0.4215432422189943
NadigOConner2024_jurkat	UBTF	collectri	229	11921	1389557.5	0.509012388325032	0.49098761167496796	0.018813518323324365	0.018847736625514405	0.9981844874602228	0.6802952450827924	0.8884222029756293	False	0.031605314851640365	0.3852283910972763
NadigOConner2024_jurkat	DNMT1	collectri	157	11921	956972.0	0.5113130657935442	0.4886869342064557	0.016132515339813136	0.012998840867693326	1.241073377543077	0.687166209335097	0.8884222029756293	False	-0.019848401357871477	0.3751790810357517
NadigOConner2024_jurkat	ZBTB14	collectri	41	11921	255185.0	0.522105896337883	0.4778941036621171	0.003543225889687332	0.0034275204815248286	1.033757758352192	0.6877538787706013	0.8884222029756293	False	0.025924005759336434	0.3743242393960447
NadigOConner2024_jurkat	NFYC	collectri	20	11921	127433.0	0.5344895562452814	0.4655104437547186	0.001820629642113079	0.0016749015995310276	1.0870069278236136	0.7032851296249732	0.8884222029756293	False	0.09925048897006675	0.351992879607076
NadigOConner2024_jurkat	SP1	collectri	194	11921	1182394.0	0.5112670441229503	0.4887329558770497	0.01671098080938005	0.01601320676846884	1.043574909822883	0.7051412650089887	0.8884222029756293	False	0.0627364212222209	0.3493571203431629
NadigOConner2024_jurkat	TFDP1	collectri	337	11921	2043865.0	0.5087560863717794	0.4912439136282206	0.026106725663727536	0.02749224995921031	0.9496030955073357	0.708531223467945	0.8884222029756293	False	0.12729579607875405	0.3445611510017776
NadigOConner2024_jurkat	NPM1	collectri	148	11921	906646.0	0.5138819299124643	0.48611807008753577	0.014673130049235683	0.012262822106222553	1.1965540984069287	0.7195181033605421	0.8884222029756293	False	-0.009388352301921143	0.32917359194200246
NadigOConner2024_jurkat	TBP	collectri	87	11921	538247.0	0.5189788714400454	0.4810211285599545	0.00882186983115265	0.007245169886742172	1.2176208383043794	0.729397125296531	0.8884222029756293	False	0.08498187029333598	0.3155369418046149
NadigOConner2024_jurkat	HHEX	collectri	200	11921	1222205.0	0.5126268769398541	0.48737312306014596	0.015750614391817946	0.016500288755053213	0.9545659852161267	0.730210029842983	0.8884222029756293	False	0.0670554814057103	0.31442307410721804
NadigOConner2024_jurkat	MYBL2	collectri	44	11921	277422.0	0.528902395314609	0.47109760468539086	0.003511900315340517	0.0036773923944839115	0.9549974380238473	0.7463021845378002	0.8931157290370395	False	0.23783878844614992	0.2926246876913678
NadigOConner2024_jurkat	ARID3A	collectri	107	11921	668373.0	0.5239893159562133	0.4760106840437867	0.008563771584165068	0.008895909544396409	0.9626639683582938	0.8040802711310222	0.946739674073623	False	0.05088256770730441	0.2180561750716216
NadigOConner2024_jurkat	EWSR1	collectri	89	11921	565613.0	0.5331098269600714	0.46689017303992864	0.008509341118255465	0.0074104912572855956	1.1482829980926756	0.8594813044339207	0.9959069083123208	False	0.02732963018251367	0.1514262060724527
NadigOConner2024_jurkat	KAT7	collectri	87	11921	564119.0	0.5439247073887769	0.4560752926112231	0.006838185152422889	0.007245169886742172	0.943826750693035	0.9213273679376672	0.9999999999727516	False	0.23045009151566107	0.08193985752568737
NadigOConner2024_jurkat	STAT5B	collectri	196	11921	1247176.0	0.533775929631982	0.466224070368018	0.014457309242706011	0.016175621028307337	0.8937715106830038	0.9478853201122308	0.9999999999727516	False	0.25924699748321944	0.05352175439036575
NadigOConner2024_jurkat	FOXO1	collectri	72	11921	477610.0	0.5564526652312912	0.4435473347687088	0.006129532630635065	0.006003502042858334	1.020992844988977	0.9509689782213713	0.9999999999727516	False	0.310552875812013	0.05027383713559798
NadigOConner2024_jurkat	STAT5A	collectri	112	11921	733768.0	0.5495763778206526	0.45042362217934734	0.0082126853026528	0.009307737056428156	0.8823503772037602	0.964771418402625	0.9999999999727516	False	0.3285742988144517	0.03586407782341518
NadigOConner2024_jurkat	KDM2A	collectri	59	11921	403427.5	0.5735889805627159	0.42641101943728427	0.004031599303886482	0.004924874791318865	0.8186196552637298	0.974601173200328	0.9999999999727516	False	0.31348233997249836	0.02572694479721115
NadigOConner2024_jurkat	HINFP	collectri	92	11921	617430.5	0.5629729961376161	0.43702700386238386	0.006921059415794516	0.007658370099059352	0.9037248561080383	0.9814323964298106	0.9999999999727516	False	0.3889975826436095	0.018742145447474802
NadigOConner2024_jurkat	CXXC1	collectri	150	11921	993873.0	0.5558107541313648	0.4441892458686352	0.010971152572458811	0.01242647667964543	0.8828852180143354	0.9906888352826666	0.9999999999727516	False	0.3036301142338814	0.009354784590559773
NadigOConner2024_jurkat	BRCA1	collectri	137	11921	932449.0	0.5709417901427708	0.4290582098572292	0.009608013032496386	0.011361751534251119	0.8456454098236601	0.9978813369090439	0.9999999999727516	False	0.3861916284804528	0.002120910632686172
NadigOConner2024_jurkat	ZNF236	collectri	468	11921	3092989.5	0.5543957657140276	0.4456042342859724	0.034777121438551065	0.03777544596012592	0.9206276869705323	0.9999681819073515	0.9999999999727516	False	0.341532118860678	3.181859885476436e-05
NadigOConner2024_jurkat	CLOCK	collectri	441	11921	3111222.0	0.5918064902330364	0.4081935097669636	0.02914825161922773	0.03567383918459796	0.8170763866596218	0.9999999999727516	0.9999999999727516	False	0.46952092193961636	2.724842573835138e-11
NadigOConner2024_jurkat	MYC	dorothea	115	11921	110101.0	0.08031205435785588	0.919687945642144	0.2071426051548347	0.009554669325357262	21.679725179509482	1.3647203650882376e-54	5.322409423844127e-53	True	-17.758877442997367	124.02864547476959
NadigOConner2024_jurkat	NRF1	dorothea	81	11921	285797.0	0.29597835959159113	0.7040216404084089	0.02005737967968945	0.0067488751874687555	2.9719589001929974	1.156420712871046e-10	2.2550203900985398e-09	True	-1.4605153077193935	22.88052128743005
NadigOConner2024_jurkat	ATF4	dorothea	52	11921	189310.0	0.3053919069773444	0.6946080930226556	0.010827632756961645	0.004343105320304018	2.4930624422904186	6.156976932866569e-07	7.1577182345763305e-06	True	-1.3554910399848938	14.300509751525372
NadigOConner2024_jurkat	SRF	dorothea	87	11921	363424.0	0.35041417299906374	0.6495858270009361	0.022514207797039963	0.007245169886742172	3.1074782439868494	7.341249471360339e-07	7.1577182345763305e-06	True	-1.5759211030394615	14.12458659511322
NadigOConner2024_jurkat	ZNF143	dorothea	80	11921	377121.0	0.3954376730140089	0.604562326985991	0.019664454498240697	0.00666611115740355	2.949913980417332	0.0006216013856886885	0.004848490808371771	True	-0.8234971282834811	7.383211529684414
NadigOConner2024_jurkat	HSF1	dorothea	32	11921	138662.0	0.3634919469843134	0.6365080530156866	0.005680413832934168	0.002677152179369196	2.121812079533191	0.003778127927313412	0.024557831527537176	True	-0.8214883551766072	5.578526649355551
NadigOConner2024_jurkat	MYB	dorothea	13	11921	46619.0	0.3008201428635956	0.6991798571364044	0.03539633237666824	0.0010893246187363835	32.49383312178144	0.0064547563588407564	0.03596221399925564	True	-2.289398693877475	5.042937999959662
NadigOConner2024_jurkat	USF2	dorothea	139	11921	737429.0	0.4450335210398915	0.5549664789601085	0.01529416841602862	0.011525704809286899	1.3269616625705407	0.012813587773866437	0.062466240397598884	True	-0.31259302230658603	4.35724912626354
NadigOConner2024_jurkat	YY1	dorothea	65	11921	335598.0	0.4331051215373	0.5668948784627	0.007418210936263922	0.005422993492407809	1.3679180966470672	0.03122382558080902	0.13530324418350576	False	-0.3452504989108953	3.46657383518114
NadigOConner2024_jurkat	TFAP4	dorothea	18	11921	80957.0	0.3772847169793735	0.6227152830206265	0.0032810195311454857	0.001507663958455482	2.176227343463664	0.035767242200984734	0.13949224458384046	False	-0.4968080122763653	3.3307228267828144
NadigOConner2024_jurkat	SP2	dorothea	27	11921	136882.0	0.42527503596205884	0.574724964037941	0.0037260530821766487	0.002259792433880147	1.6488474898461705	0.08956402658752716	0.3175451851739599	False	-0.47944677856614	2.4128015285980227
NadigOConner2024_jurkat	GABPA	dorothea	120	11921	667110.0	0.46634091099739955	0.5336590890026005	0.012061244615316458	0.009965949671954157	1.210245386775212	0.1018952604061738	0.33115959632006486	False	-0.24650438926770563	2.2838098520415255
NadigOConner2024_jurkat	ZC3H8	dorothea	39	11921	207215.0	0.4457012942039366	0.5542987057960633	0.004227859723692617	0.003260869565217391	1.2965436485990691	0.12018820569423389	0.36056461708270166	False	-0.17553134094282466	2.118696384039486
NadigOConner2024_jurkat	THAP1	dorothea	628	11921	3655014.0	0.48822128909161533	0.5117787109083847	0.05108316758004008	0.050043828193481556	1.0207685827419155	0.15949086186315176	0.4305974306292461	False	-0.055504775946364424	1.8357686507925426
NadigOConner2024_jurkat	TFDP1	dorothea	337	11921	1949540.0	0.4852768361047519	0.5147231638952481	0.027442284063954846	0.02749224995921031	0.9981825461601143	0.17793151652539102	0.4305974306292461	False	0.015979231829876317	1.726356541342343
NadigOConner2024_jurkat	CTCF	dorothea	44	11921	241277.0	0.4599922977785573	0.5400077022214427	0.005468189644630864	0.0036773923944839115	1.4869747522274612	0.17942596456368887	0.4305974306292461	False	-1.0512604168522623	1.7179926098204048
NadigOConner2024_jurkat	ZBTB11	dorothea	29	11921	156829.0	0.45364453919336784	0.5463554608066322	0.0037281017250152004	0.002426778242677824	1.5362350211700568	0.19389369057812877	0.4305974306292461	False	-0.23431078554206197	1.640445256829077
NadigOConner2024_jurkat	MAX	dorothea	76	11921	427531.0	0.47189060437352925	0.5281093956264707	0.007837915623033102	0.006334917062598983	1.2372562332832648	0.19873727567503668	0.4305974306292461	False	-0.1577265213341984	1.6157715492579978
NadigOConner2024_jurkat	SNAPC4	dorothea	59	11921	331223.0	0.4709293811376875	0.5290706188623124	0.005865285258333691	0.004924874791318865	1.1909511422853833	0.2201873304759402	0.4519634678190351	False	-0.2062941945446744	1.513276592788714
NadigOConner2024_jurkat	NANOG	dorothea	96	11921	557146.0	0.48683870201045776	0.5131612979895422	0.00891846992317305	0.00798868269950903	1.1163880527788599	0.32820031157025065	0.6320649984780564	False	-0.12000574821933975	1.1141311509961564
NadigOConner2024_jurkat	MEF2A	dorothea	12	11921	66617.0	0.4656838072868607	0.5343161927131392	0.0013411251837621464	0.001005614681974357	1.3336372348194743	0.3403426914881842	0.6320649984780564	False	0.4177018702924464	1.0778022528366316
NadigOConner2024_jurkat	FOXL2	dorothea	92	11921	537206.5	0.48982477031763455	0.5101752296823654	0.00766959139051114	0.007658370099059352	1.001465232328373	0.3665065622185366	0.6346962559633537	False	-0.08592913988872555	1.003738852717399
NadigOConner2024_jurkat	HINFP	dorothea	92	11921	537746.5	0.49031714220064704	0.509682857799353	0.008228404573056191	0.007658370099059352	1.0744328710448263	0.37430804838864445	0.6346962559633537	False	-0.06678981999266737	0.9826761617951963
NadigOConner2024_jurkat	CLOCK	dorothea	441	11921	2621176.5	0.4985916352951717	0.5014083647048283	0.035405276244780216	0.03567383918459796	0.99247171187749	0.4599347190447545	0.7281094579807673	False	-0.0420852337471438	0.7766707146899987
NadigOConner2024_jurkat	ZNF24	dorothea	57	11921	338686.0	0.49843634335398096	0.5015636566460191	0.005005196086491937	0.0047587243279345465	1.051793661824569	0.48373680018210674	0.7281094579807673	False	0.03614759771570412	0.7262143214556847
NadigOConner2024_jurkat	ETV4	dorothea	31	11921	184073.0	0.49809904451618314	0.5019009554838167	0.005691437204170158	0.0025937081659973228	2.1943244343303783	0.48540630532051154	0.7281094579807673	False	-0.04852992010018559	0.7227689958265149
NadigOConner2024_jurkat	GATA1	dorothea	32	11921	192589.0	0.5048574993708581	0.4951425006291419	0.0029357729995592363	0.002677152179369196	1.096602958241611	0.537874886870086	0.7769303921456798	False	-0.08558560619761993	0.6201292981509139
NadigOConner2024_jurkat	NFYB	dorothea	22	11921	135252.0	0.5157132943392485	0.48428670566075144	0.002167062993036063	0.0018420832286695134	1.176419696628623	0.6006754544336228	0.8314245782274046	False	0.3540119419390233	0.5097004995663018
NadigOConner2024_jurkat	CEBPG	dorothea	6	11921	38363.0	0.5363504180298073	0.4636495819701927	0.0006663158799249415	0.0005030602833906263	1.3245249166441295	0.6182387889383265	0.8314245782274046	False	0.31381409734615545	0.48088050628594564
NadigOConner2024_jurkat	ARID3A	dorothea	107	11921	663051.5	0.5198173803082129	0.4801826196917871	0.009213407075736455	0.008895909544396409	1.035690283242599	0.7601964870417488	0.9394447688875062	False	0.056011883541071165	0.27417834353507614
NadigOConner2024_jurkat	SP1	dorothea	194	11921	1194594.0	0.516542322869544	0.4834576771304559	0.01665645543893425	0.01601320676846884	1.040169884756126	0.7857373579395067	0.9394447688875062	False	0.09264814715604625	0.2411326925977397
NadigOConner2024_jurkat	E2F6	dorothea	119	11921	740243.0	0.5218127180408276	0.47818728195917237	0.009768403317715939	0.009883720930232558	0.9883325709689068	0.7939415256212217	0.9394447688875062	False	0.13258689667581475	0.2307454657602734
NadigOConner2024_jurkat	STAT5A	dorothea	112	11921	697712.0	0.5225712128656512	0.4774287871343487	0.009014259417451924	0.009307737056428156	0.9684694961624911	0.7949148044432744	0.9394447688875062	False	0.2857214491286736	0.22952033429259697
NadigOConner2024_jurkat	FOXO1	dorothea	72	11921	464566.0	0.5412553943088294	0.4587446056911706	0.005281143341257667	0.006003502042858334	0.8796771123847668	0.886664174571792	0.9989523152766097	False	0.5396632034908893	0.12028897651176908
NadigOConner2024_jurkat	HMBOX1	dorothea	64	11921	418419.0	0.5484268832312725	0.45157311676872747	0.005464673865083595	0.005340008343763037	1.023345566766045	0.9096201159155508	0.9989523152766097	False	0.20740599035610663	0.09472822166770928
NadigOConner2024_jurkat	MYBL2	dorothea	44	11921	295057.0	0.5625233545080873	0.4374766454919127	0.0032078834473191187	0.0036773923944839115	0.8723255783448467	0.9242131838996857	0.9989523152766097	False	0.38063048864397697	0.07881251544572104
NadigOConner2024_jurkat	TBP	dorothea	87	11921	575675.0	0.5550670265068791	0.4449329734931209	0.007150509913272668	0.007245169886742172	0.9869347475698643	0.9618653029903832	0.9989523152766097	False	0.46454883298394245	0.03888085580133559
NadigOConner2024_jurkat	STAT5B	dorothea	196	11921	1314429.0	0.5625593832869109	0.43744061671308904	0.01706643712095498	0.016175621028307337	1.0550715234418953	0.9986903891639244	0.9989523152766097	False	0.3792088968606968	0.001310469125778765
NadigOConner2024_jurkat	THAP11	dorothea	174	11921	1177796.0	0.5678166704752649	0.43218332952473515	0.01287210032798594	0.014386109962794543	0.8947589279712066	0.9989523152766097	0.9989523152766097	False	0.5301591504365087	0.0010482339286596433
NadigOConner2024_jurkat	TFAM	ensemble	2554	11921	10592735.0	0.34791610023098424	0.6520838997690157	0.30313487168377895	0.17644214162348879	1.7180412167669146	2.855446314230302e-129	3.8548525242109076e-127	True	-0.8469935085331476	295.9842488381157
NadigOConner2024_jurkat	MYC	ensemble	115	11921	97041.0	0.07078557022134851	0.9292144297786514	0.23701427474564934	0.009554669325357262	24.806120094249003	5.312964803979411e-57	3.586251242686102e-55	True	-27.989677048483525	129.57720027772353
NadigOConner2024_jurkat	MAX	ensemble	76	11921	145870.0	0.16100512585044527	0.8389948741495546	0.032473513640965	0.006334917062598983	5.126115041456014	9.464614237967294e-25	4.259076407085282e-23	True	-3.191158182872022	55.3170672977064
NadigOConner2024_jurkat	TRRAP	ensemble	35	11921	50207.0	0.12033266624324422	0.8796673337567558	0.02498282661265036	0.002927400468384075	8.534133570881362	3.9517154557095065e-15	1.3337039663019583e-13	True	-3.666775370964254	33.1646266176907
NadigOConner2024_jurkat	NRF1	ensemble	81	11921	251492.0	0.26045126299579224	0.7395487370042076	0.026953132404589807	0.0067488751874687555	3.9937221619739116	4.927914453069419e-14	1.3305369023287432e-12	True	-2.1975145717497404	30.64127543519701
NadigOConner2024_jurkat	ATF4	ensemble	52	11921	190200.0	0.30682764094390635	0.6931723590560936	0.008868731305475714	0.004343105320304018	2.042025383085783	7.369852435376486e-07	1.5009617312594046e-05	True	-1.330478392845446	14.1206979672945
NadigOConner2024_jurkat	YY1	ensemble	65	11921	253783.0	0.3275189871784117	0.6724810128215882	0.009931079128864578	0.005422993492407809	1.831290991362628	7.782764532456172e-07	1.5009617312594046e-05	True	-0.8484431694124633	14.066184037523767
NadigOConner2024_jurkat	ACTL6A	ensemble	9	11921	7851.0	0.07317618768000447	0.9268238123199956	0.010203306628803355	0.0007544006705783739	13.525049786847115	4.629852816964324e-06	7.812876628627296e-05	True	-4.149734972894674	12.282985479364
NadigOConner2024_jurkat	CCNH	ensemble	199	11921	974280.0	0.41069368316289945	0.5893063168371006	0.02743453658857145	0.01641914191419142	1.6708873540376181	7.523745257837458e-06	0.00011285617886756187	True	-0.5979951058752144	11.797446504377042
NadigOConner2024_jurkat	SRF	ensemble	87	11921	387123.0	0.37326479785021505	0.626735202149785	0.01813608883331054	0.007245169886742172	2.5031971805792295	2.2528211039371927e-05	0.00030413084903152104	True	-1.2189646030510763	10.700742210162673
NadigOConner2024_jurkat	ZNF143	ensemble	80	11921	372247.0	0.3903269440483181	0.6096730559516819	0.01635312139014391	0.00666611115740355	2.453172622538963	0.000353831315634294	0.004342475237329972	True	-0.9991459093312464	7.946690267904877
NadigOConner2024_jurkat	GTF2H1	ensemble	46	11921	198663.0	0.36228176072185364	0.6377182392781463	0.01152709757905512	0.003843904069524526	2.9987994940989697	0.000620528884868359	0.006944952579347508	True	-0.8884980344705815	7.384938403446815
NadigOConner2024_jurkat	CDK12	ensemble	36	11921	148241.0	0.3454245076382481	0.6545754923617519	0.007561062749415329	0.0030107886593627163	2.511322980409975	0.0006687732113445749	0.006944952579347508	True	-0.8722237581210291	7.31006555180375
NadigOConner2024_jurkat	ZBTB4	ensemble	51	11921	227211.0	0.3737201280982152	0.6262798719017848	0.011068838036306084	0.004259939859672569	2.5983554700128715	0.0009129505465213282	0.008803451698598523	True	-1.1684708779157578	6.998828844749444
NadigOConner2024_jurkat	ZBTB17	ensemble	402	11921	2182545.0	0.45543296853539533	0.5445670314646046	0.03813364364293635	0.03262192647894182	1.1689574393330961	0.001165857034651495	0.010492713311863456	True	-0.14980483825985735	6.754298810362447
NadigOConner2024_jurkat	SUPT5H	ensemble	45	11921	198481.5	0.3699941280093952	0.6300058719906048	0.008630601884967677	0.003760655189704162	2.2949729367894047	0.0012838949901629547	0.010551865510212054	True	-0.9183778348041389	6.657856860420994
NadigOConner2024_jurkat	MNAT1	ensemble	129	11921	651313.0	0.4235330915607855	0.5764669084392144	0.015410220701276376	0.010705394190871369	1.4394818562044986	0.0013844908096914432	0.010551865510212054	True	-0.4658436180687662	6.582422853373525
NadigOConner2024_jurkat	NELFA	ensemble	120	11921	602073.0	0.42087702373961916	0.5791229762603808	0.01697213422371346	0.009965949671954157	1.7030122348977814	0.001406915401361607	0.010551865510212054	True	-0.5817822913818133	6.566355629621615
NadigOConner2024_jurkat	MYB	ensemble	13	11921	42133.0	0.271873165002936	0.728126834997064	0.14589097005812696	0.0010893246187363835	133.92791051336053	0.002202572503720656	0.014940456904884067	True	-6.313854993553871	6.1181292818668505
NadigOConner2024_jurkat	USF2	ensemble	139	11921	712363.0	0.42990635593194765	0.5700936440680524	0.015391568356175273	0.011525704809286899	1.335412333636502	0.0022134010229457875	0.014940456904884067	True	-0.37322683876037327	6.113225021973315
NadigOConner2024_jurkat	TGS1	ensemble	154	11921	797547.5	0.4344333420124042	0.5655666579875958	0.016344815458062007	0.012753623188405797	1.2815821211434983	0.0025516115610923038	0.016403217178450523	True	-0.3574929686408891	5.97103013468798
NadigOConner2024_jurkat	GABPA	ensemble	120	11921	613403.0	0.42879722059111375	0.5712027794088863	0.01443059286727968	0.009965949671954157	1.447989739290955	0.0035904852342010783	0.02203252302805207	True	-0.5035344117031707	5.629467922885503
NadigOConner2024_jurkat	SP2	ensemble	27	11921	113237.5	0.35181456937182126	0.6481854306281787	0.008299934904068043	0.002259792433880147	3.6728748975483327	0.003858780447881406	0.02264936349843434	True	-0.8932744637040481	5.55740409157161
NadigOConner2024_jurkat	CCNK	ensemble	237	11921	1275243.0	0.45136919317999613	0.5486308068200039	0.021842287574223587	0.01949333772001974	1.1205001364025753	0.005115409913023107	0.028774180760754976	True	-0.17795602992014786	5.275497743391081
NadigOConner2024_jurkat	POLR2I	ensemble	115	11921	595560.0	0.4344251831805765	0.5655748168194235	0.013610123281960323	0.009554669325357262	1.4244473375797777	0.0076707198375502595	0.0414218871227714	True	-0.4418581002524636	4.870344816957129
NadigOConner2024_jurkat	ELL	ensemble	92	11921	468813.5	0.4274640477345423	0.5725359522654577	0.01047281602368669	0.007658370099059352	1.3674993357885674	0.008180661269929031	0.04247651044001612	True	-0.3440683866301336	4.805982291790221
NadigOConner2024_jurkat	ATR	ensemble	126	11921	662478.0	0.4410504072445185	0.5589495927554815	0.013581075226450176	0.010459035444509006	1.2985016924844863	0.011300575790419124	0.055341056130869475	True	-0.2608861907758606	4.482901599657652
NadigOConner2024_jurkat	CDK7	ensemble	16	11921	64041.0	0.335757277074071	0.664242722925929	0.0024952723651273053	0.0013403702772891012	1.8616291389077901	0.011478144975291446	0.055341056130869475	True	-0.8198843687447425	4.467310488665553
NadigOConner2024_jurkat	GTF3A	ensemble	55	11921	272611.0	0.41578421578421576	0.5842157842157842	0.01125013376601327	0.00459251837007348	2.449665490577726	0.015446072171593474	0.07190412907465928	True	-0.6197241821589574	4.1704005363357215
NadigOConner2024_jurkat	HSF1	ensemble	32	11921	151628.0	0.39748133545843467	0.6025186645415653	0.010190917176449805	0.002677152179369196	3.806626031565766	0.022420291814890306	0.10089131316700639	False	-0.8900716529398199	3.797788845593644
NadigOConner2024_jurkat	GTF2F2	ensemble	103	11921	544346.0	0.44332796085556775	0.5566720391444323	0.011068971826785796	0.008566200931470393	1.2921681285948776	0.023641383838148546	0.10221149139383505	False	-0.3313991481148515	3.744756550164774
NadigOConner2024_jurkat	NELFCD	ensemble	106	11921	561663.0	0.4444851562091948	0.5555148437908052	0.010113536724962444	0.008813502951692026	1.1475047753879557	0.024355956096766346	0.10221149139383505	False	-0.26472272917192335	3.7149788558008128
NadigOConner2024_jurkat	HDAC3	ensemble	120	11921	640990.0	0.4480818164024271	0.5519181835975728	0.01267092508712823	0.009965949671954157	1.271421741450925	0.02498503122960412	0.10221149139383505	False	-0.2659087536172518	3.6894783842526246
NadigOConner2024_jurkat	SFPQ	ensemble	45	11921	224429.0	0.41836348553905806	0.581636514460942	0.007185838295510536	0.003760655189704162	1.9107942454239792	0.029153013670146968	0.11575461310205415	False	-0.4975641627683113	3.535196986618785
NadigOConner2024_jurkat	LMO2	ensemble	181	11921	999038.0	0.46301039856773485	0.5369896014322653	0.017409639806896946	0.014956205585853578	1.1640412206799273	0.04355268131968066	0.1658695685096991	False	-0.18229539608711176	3.1337840088147098
NadigOConner2024_jurkat	TAF1	ensemble	16	11921	71901.0	0.37696606828286217	0.6230339317171378	0.0023902708015718995	0.0013403702772891012	1.783291409897735	0.044231884935919764	0.1658695685096991	False	-0.5931411798507521	3.1183093713262733
NadigOConner2024_jurkat	TFAP4	ensemble	18	11921	83229.0	0.38787294130805583	0.6121270586919442	0.01455330722982589	0.001507663958455482	9.652885278716184	0.049822348371079704	0.18178424405664215	False	-0.6146406582110018	2.999291633143813
NadigOConner2024_jurkat	TBPL1	ensemble	103	11921	559816.0	0.45592708632803497	0.5440729136719651	0.010672409745625047	0.008566200931470393	1.2458743182659762	0.06144777825150103	0.21830131747243786	False	-0.23133944667247536	2.789567599010191
NadigOConner2024_jurkat	POLR2F	ensemble	41	11921	210814.0	0.4313232847956363	0.5686767152043637	0.005703815983160271	0.0034275204815248286	1.6641230924527601	0.0641770833570308	0.22215144238972204	False	-0.40436359888900064	2.7461090890661515
NadigOConner2024_jurkat	VHL	ensemble	61	11921	324268.0	0.4459247422581173	0.5540752577418827	0.006666057657926231	0.005090969788015356	1.3093885714306903	0.0722514920127692	0.2252992220026041	False	-0.1424784373406907	2.627602301507051
NadigOConner2024_jurkat	CDK9	ensemble	61	11921	324292.0	0.4459577464207673	0.5540422535792326	0.00713495122960759	0.005090969788015356	1.401491567756691	0.07237421715379831	0.2252992220026041	False	-0.3945841731805875	2.6259051596753067
NadigOConner2024_jurkat	RBBP4	ensemble	37	11921	190035.0	0.4308431407668049	0.569156859233195	0.00392157389691805	0.003094162903495568	1.2674102880904334	0.0728500564248493	0.2252992220026041	False	-0.5253327595331831	2.6193519718065725
NadigOConner2024_jurkat	ETV4	ensemble	31	11921	156962.0	0.4247370457663489	0.5752629542336511	0.004526499752490826	0.0025937081659973228	1.7451846787667855	0.07357823646809272	0.2252992220026041	False	-0.39134797528338927	2.6094059971370034
NadigOConner2024_jurkat	LIN52	ensemble	21	11921	102297.0	0.40863062782364856	0.5913693721763514	0.002101260773864321	0.0017584994138335288	1.1949169600708438	0.07365723828568459	0.2252992220026041	False	-0.45425505637865626	2.608332861395693
NadigOConner2024_jurkat	PREB	ensemble	57	11921	303036.5	0.44597179972832846	0.5540282002716715	0.005686631982644493	0.0047587243279345465	1.1949908401423814	0.07594373449567898	0.2252992220026041	False	-0.0164145975130347	2.5777625484626987
NadigOConner2024_jurkat	CTDP1	ensemble	90	11921	489675.0	0.4564074602242541	0.5435925397757458	0.010153410175210827	0.007493131296311714	1.3550289957161916	0.07676862379347991	0.2252992220026041	False	-0.2631154319437311	2.566959266661223
NadigOConner2024_jurkat	CTBP2	ensemble	52	11921	277058.0	0.44694559697495695	0.553054403025043	0.008042961662175156	0.004343105320304018	1.8518919227158297	0.0929174124316699	0.26689043996330714	False	-0.43038789539159544	2.3760442187376896
NadigOConner2024_jurkat	GTF2H3	ensemble	88	11921	482362.0	0.4598092746947709	0.540190725305229	0.008847110174827552	0.007327837455241902	1.2073289328352736	0.0965979044122266	0.2716816061593873	False	-0.28316400173587214	2.3371982314541824
NadigOConner2024_jurkat	POLR2H	ensemble	13	11921	62150.0	0.4010376000980816	0.5989623999019185	0.0015112539617308227	0.0010893246187363835	1.3873311368688952	0.10836414935274041	0.2985542890330603	False	-0.3907249545668659	2.222257970206565
NadigOConner2024_jurkat	ERCC3	ensemble	84	11921	462731.0	0.462100694652494	0.5378993053475061	0.008136424613209297	0.006997084548104956	1.1628306843044953	0.11526683164598761	0.31122044544416655	False	-0.15787447966896084	2.160505563118209
NadigOConner2024_jurkat	GTF2F1	ensemble	45	11921	241360.0	0.44992496900893847	0.5500750309910617	0.004482080715573004	0.003760655189704162	1.1918350631677013	0.12274401348954883	0.32491062394292336	False	-0.07205640153082091	2.097654283439375
NadigOConner2024_jurkat	ZC3H8	ensemble	39	11921	208003.0	0.44739621310378797	0.552603786896212	0.00641232196054524	0.003260869565217391	1.9664454012338737	0.12787999863025623	0.3319961502900883	False	-0.25063587869591175	2.0566629655016615
NadigOConner2024_jurkat	SSRP1	ensemble	17	11921	85734.0	0.42304978362454787	0.5769502163754522	0.011529137235392674	0.001424024124643994	8.096167077418691	0.1360575162908595	0.34656159809935905	False	-0.799105816414211	1.9946775687455858
NadigOConner2024_jurkat	MED1	ensemble	120	11921	674536.0	0.47153203031065627	0.5284679696893437	0.013226789187389103	0.009965949671954157	1.3271980717112681	0.1412256107966573	0.34693726070938835	False	-0.1299873476539487	1.9573965907905566
NadigOConner2024_jurkat	KAT5	ensemble	34	11921	181068.0	0.44673512387926395	0.553264876120736	0.004934556217741109	0.0028439983270598075	1.7350770465616163	0.14134480991863968	0.34693726070938835	False	-0.5178276685759606	1.9565529134604875
NadigOConner2024_jurkat	POLR2L	ensemble	35	11921	187719.5	0.44991311850635735	0.5500868814936427	0.004590650107412533	0.002927400468384075	1.568166076692121	0.15270405782543817	0.36812585368632417	False	-0.2453892522623598	1.879253493270169
NadigOConner2024_jurkat	CTCF	ensemble	44	11921	240244.0	0.45802289313739697	0.541977106862603	0.005335222187898978	0.0036773923944839115	1.4508166699593472	0.16784322048922717	0.3975234169481696	False	-1.0696943756521817	1.7847249466653556
NadigOConner2024_jurkat	POLR2D	ensemble	96	11921	540249.0	0.4720739661102257	0.5279260338897743	0.009294661841912842	0.00798868269950903	1.1634786599402773	0.17258649011685406	0.40170993389267756	False	-0.039324141003164795	1.7568567761839198
NadigOConner2024_jurkat	ZBTB11	ensemble	29	11921	156829.0	0.45364453919336784	0.5463554608066322	0.0037281017250152004	0.002426778242677824	1.5362350211700568	0.19389369057812877	0.44365505471266753	False	-0.23431078554206197	1.640445256829077
NadigOConner2024_jurkat	THAP1	ensemble	628	11921	3670034.0	0.49022759707351526	0.5097724029264847	0.05144675280949142	0.050043828193481556	1.028033918799853	0.20417367443059314	0.4593907674688346	False	-0.06274908008282208	1.5887843020787302
NadigOConner2024_jurkat	ELOB	ensemble	194	11921	1117532.0	0.4832207219867565	0.5167792780132435	0.016637403091499494	0.01601320676846884	1.0389800951212185	0.2109760429598041	0.4634974611919033	False	-0.08046586778083953	1.5560106924271404
NadigOConner2024_jurkat	ENO1	ensemble	70	11921	394233.0	0.47243519838939685	0.5275648016106032	0.006945999709129731	0.005837711617046118	1.189849750173923	0.21286550069554078	0.4634974611919033	False	-0.02958228734662452	1.5470947648561884
NadigOConner2024_jurkat	GTF2H2	ensemble	72	11921	406354.0	0.4734339028232158	0.5265660971767842	0.00677169018136849	0.006003502042858334	1.1279566714604485	0.218141960521462	0.46383764274744915	False	-0.09777894475453225	1.5226092330759657
NadigOConner2024_jurkat	SNAPC4	ensemble	59	11921	331223.0	0.4709293811376875	0.5290706188623124	0.005865285258333691	0.004924874791318865	1.1909511422853833	0.2201873304759402	0.46383764274744915	False	-0.2062941945446744	1.513276592788714
NadigOConner2024_jurkat	NANOG	ensemble	96	11921	546724.0	0.47773187372424014	0.5222681262757598	0.008540037744232799	0.00798868269950903	1.069017016379641	0.22580483244287514	0.46383764274744915	False	-0.0954181302292016	1.4880842260656664
NadigOConner2024_jurkat	POLR2C	ensemble	10	11921	51459.0	0.4316668064759668	0.5683331935240332	0.006866263184753525	0.0008381527114240215	8.192138605729431	0.22718132495393772	0.46383764274744915	False	-0.9591491025636227	1.4820067920190145
NadigOConner2024_jurkat	POLR2A	ensemble	16	11921	85199.0	0.4466854710175321	0.5533145289824679	0.0022384555241366268	0.0013403702772891012	1.670027724476182	0.23020090417836364	0.46383764274744915	False	-0.3966156653130957	1.4688028549072656
NadigOConner2024_jurkat	ERCC2	ensemble	86	11921	489921.0	0.4778756659637185	0.5221243340362813	0.00843214513619236	0.0071624885483467975	1.1772647284914146	0.23942796534538036	0.4753349312003875	False	-0.016721473342321245	1.4295026783723357
NadigOConner2024_jurkat	ZNF24	ensemble	57	11921	322432.0	0.4745157079427871	0.5254842920572128	0.005065811332136337	0.0047587243279345465	1.0645313708127901	0.25306704134528224	0.4951311678494653	False	0.014086857812557127	1.3741008398026127
NadigOConner2024_jurkat	CEBPG	ensemble	6	11921	30956.0	0.4327936694348908	0.5672063305651092	0.002795156814315603	0.0005030602833906263	5.556305887390366	0.2887496048104184	0.5568742378486641	False	-0.7927117307548118	1.242195385768998
NadigOConner2024_jurkat	POLR2K	ensemble	25	11921	140111.0	0.470131700360708	0.529868299639292	0.004368293355339745	0.0020927507115352417	2.087345296915544	0.30266816567000304	0.5754958079640903	False	-0.4317104024142874	1.1951182364070227
NadigOConner2024_jurkat	CEBPZ	ensemble	154	11921	897500.5	0.4888788964579586	0.5111211035420413	0.017102766001957828	0.012753623188405797	1.3410123342444207	0.3173930843234849	0.5920321572663446	False	-0.07562768123748845	1.1476142596480432
NadigOConner2024_jurkat	NELFB	ensemble	205	11921	1199182.0	0.4907028179416934	0.5092971820583067	0.018465529094055067	0.01690582220023091	1.0922585648512768	0.32376983276050797	0.5920321572663446	False	0.031659788402309805	1.127722408352759
NadigOConner2024_jurkat	GATA1	ensemble	32	11921	181864.0	0.476742722925929	0.523257277074071	0.0028987247334153086	0.002677152179369196	1.082764273078537	0.3245213306497	0.5920321572663446	False	-0.07574854064922981	1.1254040111009898
NadigOConner2024_jurkat	MEF2A	ensemble	12	11921	67191.0	0.469696334200151	0.530303665799849	0.0017983935487356538	0.001005614681974357	1.7883525180885462	0.3581515748165804	0.6250723807897688	False	-0.15204525876903466	1.0267989888447033
NadigOConner2024_jurkat	HCFC1	ensemble	24	11921	137014.0	0.47889578614769457	0.5211042138523054	0.0022415320731539365	0.00200920887400586	1.1156291922426573	0.36026677611185576	0.6250723807897688	False	0.04505642317332122	1.020910477214919
NadigOConner2024_jurkat	FOXL2	ensemble	92	11921	536543.0	0.4892197911613776	0.5107802088386224	0.007845847388475798	0.007658370099059352	1.0244800508452148	0.36062659950680465	0.6250723807897688	False	-0.021828691337382307	1.0199122063554542
NadigOConner2024_jurkat	SUPT16H	ensemble	55	11921	318736.0	0.48613371361462965	0.5138662863853704	0.005565693556463915	0.00459251837007348	1.2119044733129427	0.36115293112297747	0.6250723807897688	False	-0.1321112872294726	1.0184537784363183
NadigOConner2024_jurkat	RAD51D	ensemble	115	11921	673973.0	0.491622748310435	0.5083772516895648	0.01310765362451743	0.009554669325357262	1.3718584263016675	0.37840001127385353	0.6428716261423865	False	-0.1658563966140134	0.9718034120109325
NadigOConner2024_jurkat	NFYB	ensemble	22	11921	126274.0	0.4814803517093593	0.5185196482906406	0.0020543310535363467	0.0018420832286695134	1.1152216260174814	0.38186439552897783	0.6428716261423865	False	-0.06807782286911396	0.962689718924075
NadigOConner2024_jurkat	POLR2B	ensemble	37	11921	214893.0	0.487200647505991	0.512799352494009	0.003659724359840877	0.003094162903495568	1.1827833485128976	0.393870021671973	0.6428716261423865	False	0.05836987446850596	0.9317343183448474
NadigOConner2024_jurkat	ASF1B	ensemble	92	11921	539565.0	0.4919752501066806	0.5080247498933195	0.007785059672137543	0.007658370099059352	1.0165426287107424	0.3951227767697035	0.6428716261423865	False	0.15918579235067912	0.9285587351127297
NadigOConner2024_jurkat	SRSF2	ensemble	37	11921	214968.0	0.4873706858439683	0.5126293141560317	0.003929729737225555	0.003094162903495568	1.2700461675065724	0.3952469997764302	0.6428716261423865	False	-0.042738607547824006	0.928244393619834
NadigOConner2024_jurkat	NFYC	ensemble	20	11921	115398.0	0.48401140843888935	0.5159885915611107	0.010184021619512332	0.0016749015995310276	6.080370107929838	0.4022823691421177	0.6465252361212606	False	-0.42552657368342284	0.9106010261368372
NadigOConner2024_jurkat	PPARGC1B	ensemble	131	11921	771952.0	0.49431787255923376	0.5056821274407662	0.012092533224953139	0.010869565217391304	1.1125130566956887	0.41136389765710013	0.6533426609848061	False	-0.14038195071919318	0.8882770604581521
NadigOConner2024_jurkat	GTF2H4	ensemble	125	11921	736986.0	0.49457998490059557	0.5054200150994044	0.011164640363336035	0.010376888593724059	1.075914062533967	0.4173009608693649	0.655065461829817	False	-0.07651146459583562	0.8739475888007369
NadigOConner2024_jurkat	MZF1	ensemble	96	11921	570521.0	0.49852588569191625	0.5014741143080838	0.008242567811000735	0.00798868269950903	1.03178059775829	0.480134505589701	0.7450363017771222	False	0.0003004679553709269	0.7336889943559418
NadigOConner2024_jurkat	YBX3	ensemble	53	11921	315003.0	0.49856998827184623	0.5014300117281538	0.004755321596181514	0.004426256889928178	1.0743437885410838	0.48565624600244284	0.7450408319355657	False	0.11136291356261951	0.7222542180975
NadigOConner2024_jurkat	HMGA1	ensemble	62	11921	370581.0	0.5013935830237234	0.4986064169762766	0.005570824946954236	0.005173996495034632	1.0766966990218163	0.5151283467165373	0.772957228738818	False	-0.018296339180346517	0.6633391924424651
NadigOConner2024_jurkat	CCND1	ensemble	282	11921	1683600.0	0.5008147610064128	0.4991852389935872	0.023786251688839258	0.023109071539785298	1.0293036502088846	0.5186846424747581	0.772957228738818	False	0.021454186788860612	0.6564592057847923
NadigOConner2024_jurkat	LIN54	ensemble	268	11921	1600418.0	0.5009402697109203	0.49905973028907974	0.02390784767477331	0.021987037492821396	1.0873610272679548	0.521030428260981	0.772957228738818	False	0.0004099002354148312	0.6519468353622518
NadigOConner2024_jurkat	YBX1	ensemble	66	11921	396342.0	0.5037481602367099	0.4962518397632901	0.005574075759344416	0.005505964795194794	1.0123703958675987	0.5418935209834704	0.7908800614101531	False	0.10265813921731952	0.612685752592504
NadigOConner2024_jurkat	RUVBL2	ensemble	8	11921	48801.0	0.5117125241171042	0.4882874758828958	0.0013827333654747444	0.000670634587978875	2.061828289593528	0.5448284867492166	0.7908800614101531	False	-0.22216465643175515	0.6072842370607873
NadigOConner2024_jurkat	KDM5C	ensemble	102	11921	613304.0	0.5043858999853611	0.49561410001463885	0.009075958837322914	0.008483739499293022	1.0698064029522882	0.560724060261179	0.8052951929282891	False	0.050813864056485386	0.5785263656599517
NadigOConner2024_jurkat	TFDP1	ensemble	337	11921	2021511.0	0.503191759200095	0.496808240799905	0.02634977723294865	0.02749224995921031	0.9584438258797762	0.5793230242662804	0.8115222097123123	False	0.17810903231494735	0.5458950566904631
NadigOConner2024_jurkat	ARID5B	ensemble	152	11921	914625.0	0.5047621623053523	0.4952378376946477	0.012872140085133429	0.012590077031392363	1.0224036003145782	0.5800819175427315	0.8115222097123123	False	-0.038299248971573455	0.5445859482720576
NadigOConner2024_jurkat	E2F6	ensemble	119	11921	717215.0	0.5055798009162561	0.4944201990837439	0.010151787754087949	0.009883720930232558	1.0271220551194866	0.5830937358673651	0.8115222097123123	False	0.02960720112274841	0.5394073236219435
NadigOConner2024_jurkat	ATF5	ensemble	23	11921	140890.0	0.5138538859083167	0.4861461140916833	0.001962185258386431	0.001925653047555258	1.0189713359203274	0.5909373966650078	0.814046413773225	False	0.07150218574506836	0.5260451949955709
NadigOConner2024_jurkat	TADA2A	ensemble	123	11921	743919.0	0.5073502182048076	0.49264978179519237	0.010873943492953637	0.010212553968781136	1.0647624018628747	0.6106225448729932	0.8326671066449908	False	0.03626918712532008	0.4932762768719967
NadigOConner2024_jurkat	HDAC7	ensemble	59	11921	360190.5	0.5121150682672225	0.48788493173277747	0.006349490539954518	0.004924874791318865	1.2892694350619514	0.6265742846594659	0.8458752842902789	False	-0.0708940919846747	0.46748794078996453
NadigOConner2024_jurkat	POLR2E	ensemble	17	11921	106381.0	0.5249312878410319	0.47506871215896807	0.001472433556067634	0.001424024124643994	1.033994811313848	0.6390260692832244	0.8541437559726267	False	0.5227306563722742	0.44781002843642614
NadigOConner2024_jurkat	CDC6	ensemble	40	11921	246947.5	0.5178833571009144	0.4821166428990856	0.003220373960477228	0.003344201989800184	0.9629723235317031	0.6521599908326624	0.8598498895451618	False	0.20761973549676985	0.42746536244471606
NadigOConner2024_jurkat	BRD4	ensemble	70	11921	428833.5	0.5138992414346831	0.4861007585653169	0.005712648288475441	0.005837711617046118	0.9785766518158431	0.6560336194307531	0.8598498895451618	False	0.03665812731107135	0.4215432422189943
NadigOConner2024_jurkat	NELFE	ensemble	128	11921	780497.0	0.5115034655230266	0.4884965344769734	0.010082912220393512	0.010623288239687941	0.9491328854962611	0.6730806760470096	0.8677268563928148	False	0.1121185241698876	0.3958900812662872
NadigOConner2024_jurkat	UBTF	ensemble	229	11921	1389557.5	0.509012388325032	0.49098761167496796	0.018813518323324365	0.018847736625514405	0.9981844874602228	0.6802952450827924	0.8677268563928148	False	0.031605314851640365	0.3852283910972763
NadigOConner2024_jurkat	CHEK1	ensemble	33	11921	206311.0	0.5244399366536772	0.4755600633463229	0.0062232765764339065	0.0027605822318889075	2.2543347937785128	0.6864045776484968	0.8677268563928148	False	-0.16866757042461267	0.3762880617622998
NadigOConner2024_jurkat	ZBTB14	ensemble	41	11921	255185.0	0.522105896337883	0.4778941036621171	0.003543225889687332	0.0034275204815248286	1.033757758352192	0.6877538787706013	0.8677268563928148	False	0.025924005759336434	0.3743242393960447
NadigOConner2024_jurkat	NPM1	ensemble	148	11921	907204.0	0.5141982012211019	0.48580179877889806	0.013001928557306053	0.012262822106222553	1.0602721335008565	0.7239634543307482	0.9049543179134352	False	0.08369794104556402	0.3230143653141677
NadigOConner2024_jurkat	TBP	ensemble	87	11921	540560.0	0.5212090708273914	0.4787909291726086	0.008317156117611642	0.007245169886742172	1.147958743221616	0.7526289997659712	0.9273873624421232	False	0.3566682224243132	0.2841828687908246
NadigOConner2024_jurkat	SIN3A	ensemble	98	11921	607806.0	0.52026692733968	0.47973307266031995	0.008751252756225816	0.008153756552125802	1.0732786416028375	0.7556489619898781	0.9273873624421232	False	0.13452680371164208	0.2801783466321688
NadigOConner2024_jurkat	GABPB1	ensemble	99	11921	615537.0	0.5215624070585902	0.47843759294140975	0.008310883539103657	0.008236272878535773	1.0090587892931917	0.770385350177742	0.9354679081635737	False	0.08691657114826132	0.26086443454384595
NadigOConner2024_jurkat	RUVBL1	ensemble	25	11921	162087.0	0.5438704806643738	0.45612951933562623	0.004343982800935047	0.0020927507115352417	2.075728741598803	0.77609189418015	0.9354679081635737	False	-0.32735700772564835	0.25348434547480786
NadigOConner2024_jurkat	TNRC6A	ensemble	164	11921	1013503.0	0.518404189368628	0.48159581063137197	0.014441893112454057	0.013570541994207696	1.0642090138049225	0.7912793503726996	0.9390604436092634	False	0.1464249527079859	0.2341042125337272
NadigOConner2024_jurkat	SP1	ensemble	194	11921	1195807.0	0.5170668239449226	0.48293317605507735	0.01668131366344948	0.01601320676846884	1.0417222424365487	0.792984374603378	0.9390604436092634	False	0.19461703681408865	0.2319517616985711
NadigOConner2024_jurkat	HINFP	ensemble	92	11921	577360.0	0.5264367229186346	0.47356327708136536	0.0076914397169418475	0.007658370099059352	1.0043181013002436	0.8092153067601757	0.943073684477585	False	0.161778237284728	0.21169025795027818
NadigOConner2024_jurkat	FOXO1	ensemble	72	11921	454906.0	0.5300007456496006	0.46999925435039935	0.005491184190313525	0.006003502042858334	0.9146634999226404	0.81034479555111	0.943073684477585	False	0.3779808041657954	0.21029544836903424
NadigOConner2024_jurkat	ARID3A	ensemble	107	11921	672769.0	0.527435680535488	0.47256431946451205	0.009499285678060174	0.008895909544396409	1.067826244258951	0.8361339089561886	0.9647698949494483	False	0.0897658235841921	0.1789665005473309
NadigOConner2024_jurkat	EWSR1	ensemble	89	11921	565613.0	0.5331098269600714	0.46689017303992864	0.008509341118255465	0.0074104912572855956	1.1482829980926756	0.8594813044339207	0.9833048821913499	False	0.02732963018251367	0.1514262060724527
NadigOConner2024_jurkat	MYBL2	ensemble	44	11921	289515.0	0.5519575844003325	0.4480424155996675	0.0033013564400246947	0.0036773923944839115	0.8977438592021698	0.883304516098347	0.9999681819073515	False	0.38730218650633613	0.12408527248701993
NadigOConner2024_jurkat	RAD51	ensemble	35	11921	233527.0	0.5597013673349551	0.4402986326650448	0.002552679708222846	0.002927400468384075	0.8719953883289241	0.8891635192653717	0.9999681819073515	False	0.4006778370447879	0.11747412420089734
NadigOConner2024_jurkat	HMBOX1	ensemble	64	11921	420220.0	0.5507874758828958	0.4492125241171043	0.0056655346271936	0.005340008343763037	1.0609598829205513	0.9197900013647126	0.9999681819073515	False	0.23501566091744733	0.08360989438037171
NadigOConner2024_jurkat	KAT7	ensemble	87	11921	564119.0	0.5439247073887769	0.4560752926112231	0.006838185152422889	0.007245169886742172	0.943826750693035	0.9213273679376672	0.9999681819073515	False	0.23045009151566107	0.08193985752568737
NadigOConner2024_jurkat	DNMT1	ensemble	157	11921	1000218.0	0.5344195358295616	0.4655804641704384	0.014794979430809731	0.012998840867693326	1.138176825256815	0.9311208212922332	0.9999681819073515	False	0.19837534046551697	0.07136623430112798
NadigOConner2024_jurkat	HHEX	ensemble	200	11921	1275207.0	0.534857394513883	0.46514260548611697	0.01503142570568184	0.016500288755053213	0.910979554892848	0.9548150708048844	0.9999681819073515	False	0.1634415916988645	0.04623760038890638
NadigOConner2024_jurkat	POLR2G	ensemble	8	11921	64186.0	0.6730349802868887	0.3269650197131113	0.0005956705204264808	0.000670634587978875	0.8882192047709362	0.9549434620144411	0.9999681819073515	False	1.116103157805591	0.04610314233303829
NadigOConner2024_jurkat	STAT5A	ensemble	112	11921	732649.0	0.5487382709983583	0.45126172900164174	0.008392130428598727	0.009307737056428156	0.9016295129225758	0.9623292219017598	0.9999681819073515	False	0.38884727102580974	0.038398660353459485
NadigOConner2024_jurkat	KDM2A	ensemble	59	11921	403427.5	0.5735889805627159	0.42641101943728427	0.004031599303886482	0.004924874791318865	0.8186196552637298	0.974601173200328	0.9999681819073515	False	0.31348233997249836	0.02572694479721115
NadigOConner2024_jurkat	CXXC1	ensemble	150	11921	993873.0	0.5558107541313648	0.4441892458686352	0.010971152572458811	0.01242647667964543	0.8828852180143354	0.9906888352826666	0.9999681819073515	False	0.3036301142338814	0.009354784590559773
NadigOConner2024_jurkat	SUPT4H1	ensemble	18	11921	141949.0	0.6615263447324516	0.33847365526754836	0.0010982303271544983	0.001507663958455482	0.7284317708831975	0.9911561613386423	0.9999681819073515	False	0.8263781074899627	0.008883177511868966
NadigOConner2024_jurkat	BRCA1	ensemble	137	11921	914910.0	0.5602025989834537	0.43979740101654624	0.011617296571075525	0.011361751534251119	1.0224916938250268	0.992387787138389	0.9999681819073515	False	0.3125671565978178	0.007641333630391648
NadigOConner2024_jurkat	STAT5B	ensemble	196	11921	1293217.0	0.5534809091827319	0.4465190908172681	0.014201880027674595	0.016175621028307337	0.877980511710883	0.9949520551599218	0.9999681819073515	False	0.4311984353685863	0.005060728753438554
NadigOConner2024_jurkat	THAP11	ensemble	174	11921	1184395.0	0.5709980552044253	0.4290019447955747	0.012847612111870858	0.014386109962794543	0.8930567154774599	0.9993605831413286	0.9999681819073515	False	0.5383681383854177	0.0006396213728155001
NadigOConner2024_jurkat	MCM6	ensemble	350	11921	2306895.0	0.5529006435222357	0.44709935647776433	0.024978302617503542	0.02852253280091272	0.8757392897696742	0.9996393352672577	0.9999681819073515	False	0.15369271911806412	0.0003607297879095837
NadigOConner2024_jurkat	CLOCK	ensemble	441	11921	2901010.0	0.5518206499667786	0.44817935003322135	0.03129470867011559	0.03567383918459796	0.8772453255781609	0.9998929444497453	0.9999681819073515	False	0.2731355322652376	0.0001070612811091347
NadigOConner2024_jurkat	ZNF236	ensemble	468	11921	3092989.5	0.5543957657140276	0.4456042342859724	0.034777121438551065	0.03777544596012592	0.9206276869705323	0.9999681819073515	0.9999681819073515	False	0.341532118860678	3.181859885476436e-05
NormanWeissman2019_filtered	IRF1	causalpath	420	11764	4535186.0	0.9178903353248814	0.9178903353248814	0.5644050844362634	0.034471437951411686	16.373122735170078	4.1470673377993105e-187	6.635307740478897e-186	True	6.4701215469264	429.1610109710403
NormanWeissman2019_filtered	CEBPA	causalpath	451	11764	4381747.0	0.8258777012208316	0.8258777012208315	0.4270894584517832	0.03692181743757675	11.567400742768363	1.0989208128452682e-122	8.791366502762145e-122	True	6.562041098157998	280.82105272627405
NormanWeissman2019_filtered	SPI1	causalpath	607	11764	5042256.0	0.7061243443964134	0.7061243443964134	0.23012646292602815	0.04906636488561959	4.690106215581374	2.921116312736104e-66	1.5579287001259222e-65	True	2.10878068106892	150.8986502955022
NormanWeissman2019_filtered	TP73	causalpath	246	11764	2263590.0	0.7821816869987809	0.782181686998781	0.16164307940426198	0.02048293089092423	7.891599120508888	2.6644606374916953e-52	1.0657842549966781e-51	True	3.3193426737772396	118.75442318598843
NormanWeissman2019_filtered	CEBPB	causalpath	480	11764	3931820.0	0.6963015697608523	0.6963015697608523	0.10581057748709208	0.039202874877491016	2.6990514807332406	1.3498467137773855e-48	4.319509484087634e-48	True	1.3265229017474756	110.2240934230607
NormanWeissman2019_filtered	ETS2	causalpath	1195	11764	7563739.0	0.5380388220782787	0.5380388220782786	0.11418215180231	0.09221390539393472	1.2382313851097366	1.2482019580915374e-06	3.3285385549107665e-06	True	0.32201353240277675	13.593806475715494
NormanWeissman2019_filtered	MAML2	causalpath	621	11764	3883164.0	0.531543873308727	0.531543873308727	0.05207050525647791	0.050141299959628585	1.0384753745595474	0.003885083379867221	0.008880190582553649	True	-0.03843993256099826	5.550610833393547
NormanWeissman2019_filtered	AHR	causalpath	557	11764	3465044.5	0.5288087168533523	0.5288087168533523	0.13438875209382373	0.04520736953169385	2.972717799906647	0.010677649207739738	0.021355298415479475	True	3.422645113594924	4.539602581313066
NormanWeissman2019_filtered	HNF4A	causalpath	233	11764	1487031.0	0.5425116708719261	0.5425116708719262	0.036673198941752236	0.019421522047178463	1.8882762562412083	0.01294350813301704	0.023010681125363627	True	1.0936259716173127	4.347160919000409
NormanWeissman2019_filtered	SNAI1	causalpath	462	11764	2869382.0	0.5279482786283194	0.5279482786283194	0.045619223298459716	0.03778831997382627	1.2072307879804514	0.020616096171706445	0.03298575387473031	True	-0.07579141609830808	3.881683140736743
NormanWeissman2019_filtered	EGR1	causalpath	316	11764	1971354.0	0.5303010902173118	0.5303010902173118	0.03314162306510968	0.026158940397350994	1.2669329323624205	0.0327912866608427	0.04769641696122575	True	0.27866173857568166	3.4175924494674694
NormanWeissman2019_filtered	FOXO4	causalpath	214	11764	1314434.5	0.522119796813977	0.522119796813977	0.02406977050305388	0.017866087827684087	1.3472322947924271	0.1333230942669288	0.17776412568923838	False	0.312933995554127	2.0149798164890322
NormanWeissman2019_filtered	JUN	causalpath	265	11764	1588838.0	0.5096578624906174	0.5096578624906174	0.02429447883262144	0.022030093939645855	1.102785984443786	0.2950961178301745	0.3631952219448301	False	0.013445852091226826	1.22045415255802
NormanWeissman2019_filtered	MAPK1	causalpath	757	11764	4481915.5	0.5032835886929966	0.5032835886929966	0.06546982189601244	0.06045842983787238	1.0828898810567658	0.3778528992880767	0.4318318849006591	False	0.07526336755894703	0.9732503144256809
NormanWeissman2019_filtered	FOXA1	causalpath	835	11764	4771404.0	0.4857409288868709	0.4857409288868709	0.07196660871271932	0.06627510119850782	1.0858770097862882	0.9160793558080191	0.9771513128618871	False	0.01897907369925391	0.08765228508223968
NormanWeissman2019_filtered	CDKN1A	causalpath	347	11764	1864078.0	0.4566459290151069	0.4566459290151069	0.025546500313302554	0.02865163900586244	0.891624395661116	0.9970843841378212	0.9970843841378212	False	-0.19473335820745277	0.002919874549919431
NormanWeissman2019_filtered	KLF1	collectri	1934	11764	16006937.0	0.703552887940598	0.7035528879405981	0.2944412030943049	0.14118849467075487	2.0854475697961674	6.7391699051646e-182	2.02175097154938e-180	True	1.3325227197251133	417.162550167048
NormanWeissman2019_filtered	IRF1	collectri	420	11764	4487670.0	0.9082734249769272	0.9082734249769273	0.4581032984961961	0.034471437951411686	13.289358544946793	1.0537466750222037e-178	1.5806200125333054e-177	True	6.516208217566586	409.8077944779875
NormanWeissman2019_filtered	CEBPA	collectri	451	11764	4139368.0	0.7801937739324226	0.7801937739324227	0.3971092157151401	0.03692181743757675	10.75540813738456	2.78259845206329e-91	2.78259845206329e-90	True	5.503792914384077	208.51185827632418
NormanWeissman2019_filtered	TP73	collectri	246	11764	2311934.0	0.7988869169548547	0.7988869169548546	0.2622342552513024	0.02048293089092423	12.80257481938269	2.0253488706229352e-58	1.5190116529672014e-57	True	3.2659943286991004	132.84419342614584
NormanWeissman2019_filtered	SPI1	collectri	607	11764	4679495.0	0.6553228037174817	0.6553228037174817	0.12060833792221679	0.04906636488561959	2.458065483419677	1.5971714903139473e-38	9.583028941883685e-38	True	1.2222677984220234	87.02999928751703
NormanWeissman2019_filtered	IKZF3	collectri	677	11764	4885320.5	0.6134079159963778	0.6134079159963779	0.0759008144351579	0.0544168475202958	1.3948035928918752	6.276035494960524e-24	3.138017747480262e-23	True	0.37051909985043896	53.425303741336194
NormanWeissman2019_filtered	DLX2	collectri	727	11764	4973839.5	0.5815704616279728	0.5815704616279729	0.08158792783487862	0.05820190537186774	1.4018085372564908	7.144688623731027e-14	3.06200941017044e-13	True	0.2836745111878309	30.269822071088203
NormanWeissman2019_filtered	FOSB	collectri	625	11764	4306921.0	0.5857764025841551	0.585776402584155	0.0687350469435618	0.050447978045039955	1.3624935945340595	2.2707490689295783e-13	8.515309008485919e-13	True	0.3770854713991166	29.1134964455502
NormanWeissman2019_filtered	CEBPB	collectri	480	11764	3222387.0	0.57066527116627	0.5706652711662701	0.061600245375917906	0.039202874877491016	1.5713195924640393	7.332368264932414e-08	2.4441227549774716e-07	True	0.5445918660739529	16.428382188158718
NormanWeissman2019_filtered	HNF4A	collectri	233	11764	1603048.0	0.5848380087354598	0.5848380087354598	0.04989441271621732	0.019421522047178463	2.569026907109267	4.4557684362186396e-06	1.336730530865592e-05	True	0.9495125941504703	12.321311023426897
NormanWeissman2019_filtered	JUN	collectri	265	11764	1779644.0	0.570863459354731	0.570863459354731	0.04116942040966197	0.022030093939645855	1.8687809739917882	3.88054039626511e-05	0.00010583291989813938	True	0.9737191289068097	10.156951043645327
NormanWeissman2019_filtered	FOXL2	collectri	651	11764	4119836.0	0.5379524922032957	0.5379524922032957	0.0631496247824085	0.052436568666935156	1.2043050563342574	0.0005469697925927139	0.0013674244814817847	True	0.13530958939911725	7.511116980846499
NormanWeissman2019_filtered	SNAI1	collectri	462	11764	2952143.0	0.5431757831876839	0.543175783187684	0.049191227390922715	0.03778831997382627	1.301757459050695	0.0008071153780026712	0.0018625739492369336	True	0.21443860338416848	7.122043928411086
NormanWeissman2019_filtered	ETS2	collectri	1195	11764	7378143.0	0.5248366408260646	0.5248366408260646	0.10777748690411888	0.09221390539393472	1.1687769479418215	0.0023011914237094414	0.004931124479377374	True	0.22518776696695725	6.074328279859604
NormanWeissman2019_filtered	TBX3	collectri	682	11764	4216623.0	0.5255637259056658	0.5255637259056658	0.05863450552255104	0.05479672183834164	1.0700367386124197	0.010008355501319304	0.020016711002638608	True	-0.03377602217643752	4.60433498473385
NormanWeissman2019_filtered	PRDM1	collectri	294	11764	1803497.0	0.5214504877095347	0.5214504877095347	0.03038027765384309	0.024382152927517	1.2460047209185035	0.10412268459628671	0.1952300336180376	False	0.1585070704017264	2.2621854155127266
NormanWeissman2019_filtered	KMT2A	collectri	238	11764	1454576.0	0.5195225999274242	0.5195225999274242	0.0222510557057713	0.019830028328611898	1.12208895201961	0.15083252306492578	0.26617504070281023	False	0.08016122594447533	1.8915851764699383
NormanWeissman2019_filtered	POU3F2	collectri	356	11764	2145019.5	0.5121842633591723	0.5121842633591723	0.030920258289176657	0.029372937293729372	1.052678456361857	0.2163581794577908	0.36059696576298467	False	0.0328200549475497	1.5308200064264457
NormanWeissman2019_filtered	CEBPE	collectri	1207	11764	7148521.0	0.5034471786617056	0.5034471786617056	0.1225576729826371	0.09305373525557012	1.3170634434612973	0.34639440575233776	0.5415036461051973	False	0.14034639214839834	1.0601772520999637
NormanWeissman2019_filtered	AHR	collectri	557	11764	3305458.0	0.504453839941348	0.5044538399413481	0.07185516692763427	0.04520736953169385	1.589456933061727	0.36100243073679816	0.5415036461051973	False	0.47572325448715336	1.0188705873289938
NormanWeissman2019_filtered	LYL1	collectri	428	11764	2533265.0	0.503131881838144	0.503131881838144	0.03596988584844024	0.03510498687664042	1.0246374959443538	0.4127571478970662	0.5896530684243803	False	-0.004899265423780191	0.8848958785921378
NormanWeissman2019_filtered	TBX2	collectri	683	11764	4025905.0	0.5010577721046865	0.5010577721046865	0.05927161996238452	0.05487266007873383	1.0801666964448025	0.46291669313397454	0.6312500360917835	False	0.12026279015133934	0.7702081695213061
NormanWeissman2019_filtered	EGR1	collectri	316	11764	1806168.0	0.4858654810427866	0.4858654810427866	0.0260777229121607	0.026158940397350994	0.9968952303129786	0.8048036789680781	1.0	False	-0.07758293542341893	0.21715690836470733
NormanWeissman2019_filtered	FOXO4	collectri	214	11764	1208538.0	0.4800555790356767	0.48005557903567664	0.019070910609774464	0.017866087827684087	1.0674362957190586	0.8417295054300589	1.0	False	0.11517658662751763	0.1722965688107978
NormanWeissman2019_filtered	FEV	collectri	698	11764	3998359.0	0.4869353980723084	0.48693539807230835	0.05997516606809446	0.05601027122452255	1.0707887099435431	0.8786044039162836	1.0	False	0.07044416560251332	0.12942053502838585
NormanWeissman2019_filtered	TSC22D1	collectri	436	11764	2474684.5	0.4824789085969011	0.4824789085969011	0.03569678086899475	0.035737704918032784	0.9988548775269174	0.8971070823590216	1.0	False	-0.06865490878985861	0.1085800457216979
NormanWeissman2019_filtered	FOXA3	collectri	490	11764	2740082.5	0.47534895461074606	0.47534895461074594	0.04032029936253428	0.03998694303900767	1.0083366293642757	0.9952918694571627	1.0	False	-0.10258353392854641	0.004719248700325533
NormanWeissman2019_filtered	MEIS1	collectri	765	11764	4141158.5	0.46015633160211833	0.4601563316021184	0.05692569846965193	0.06105834464043419	0.9323164393807438	0.9998924952106074	1.0	False	-0.1677647994651439	0.00010751056844664622
NormanWeissman2019_filtered	FOXA1	collectri	835	11764	4418340.0	0.4497981256120876	0.44979812561208765	0.06073849776550639	0.06627510119850782	0.9164602794582215	0.9999994000259657	1.0	False	-0.13205866604238414	5.99974214327691e-07
NormanWeissman2019_filtered	RREB1	collectri	330	11764	1421063.5	0.36605347078400463	0.36605347078400463	0.020333455678136988	0.027286257648420704	0.7451903423375417	1.0	1.0	False	-0.5258343418423096	-0.0
NormanWeissman2019_filtered	IRF1	dorothea	420	11764	4568477.0	0.9246282038827092	0.9246282038827089	0.675027217513666	0.034471437951411686	19.582218138539304	4.098980586233905e-193	7.37816505522103e-192	True	10.615015357149572	442.98818464255993
NormanWeissman2019_filtered	SPI1	dorothea	607	11764	4950269.0	0.6932423606042393	0.6932423606042393	0.12774871102214527	0.04906636488561959	2.603590286746226	1.7011945731688944e-58	1.531075115852005e-57	True	2.3219502039422553	133.01860469926422
NormanWeissman2019_filtered	CEBPA	dorothea	451	11764	3584610.0	0.6756322230775088	0.6756322230775088	0.1583284853570117	0.03692181743757675	4.288209420478709	3.850000903199169e-37	2.3100005419195012e-36	True	3.511011352946954	83.84757505788284
NormanWeissman2019_filtered	TP73	dorothea	246	11764	1983235.5	0.6853054171055142	0.6853054171055142	0.11242893198254673	0.02048293089092423	5.488908427277993	1.0953060780563763e-23	4.9288773512536934e-23	True	1.9804459015938356	52.8684232913148
NormanWeissman2019_filtered	HNF4A	dorothea	233	11764	1888506.0	0.6889812959593026	0.6889812959593026	0.07119876850787778	0.019421522047178463	3.665972642871286	2.1909098963160374e-23	7.887275626737735e-23	True	2.654718778338319	52.17514020355175
NormanWeissman2019_filtered	KLF1	dorothea	1934	11764	12528333.0	0.5506578093754911	0.5506578093754911	0.16881143491622289	0.14118849467075487	1.1956458301356883	4.2912175162077417e-13	1.2873652548623226e-12	True	0.4076508827486023	28.477035712935383
NormanWeissman2019_filtered	CEBPB	dorothea	480	11764	3235002.0	0.5728993114586876	0.5728993114586876	0.05400580855768641	0.039202874877491016	1.377598166625651	2.9318552955425142e-08	7.53905647425218e-08	True	0.3660892453787161	17.345045314644345
NormanWeissman2019_filtered	JUN	dorothea	265	11764	1835631.0	0.5888226312446672	0.5888226312446672	0.03070664918123721	0.022030093939645855	1.393850124532462	3.65116251161291e-07	8.215115651129047e-07	True	0.4141387078101021	14.823050037740806
NormanWeissman2019_filtered	MEIS1	dorothea	765	11764	4865164.0	0.5406062141506268	0.5406062141506267	0.07153117918403555	0.06105834464043419	1.1715217568585379	8.169795738895181e-05	0.00016339591477790362	True	0.2318464313563057	9.412481557770075
NormanWeissman2019_filtered	KMT2A	dorothea	238	11764	1553190.0	0.5547439989256499	0.5547439989256499	0.026914662858577187	0.019830028328611898	1.3572679984396783	0.0018878252432165117	0.003398085437789721	True	0.3794600200207418	6.272329777398602
NormanWeissman2019_filtered	AHR	dorothea	557	11764	3461269.0	0.5282325287811703	0.5282325287811702	0.08260696942381351	0.04520736953169385	1.8272898927662593	0.012057338015761082	0.019730189480336315	True	0.8696613869261662	4.418081840425211
NormanWeissman2019_filtered	PRDM1	dorothea	294	11764	1857407.0	0.5370376474289138	0.5370376474289138	0.032846886342967035	0.024382152927517	1.3471692364744778	0.014896125741705	0.0223441886125575	True	0.326617281254084	4.206654117176327
NormanWeissman2019_filtered	FOXA1	dorothea	835	11764	5127212.0	0.5219630782637378	0.5219630782637378	0.07441898126619167	0.06627510119850782	1.1228799340991005	0.01682203221953316	0.0232920446116613	True	0.2231512465340453	4.08506581012253
NormanWeissman2019_filtered	EGR1	dorothea	316	11764	1927545.0	0.518516316675203	0.518516316675203	0.029262704085396368	0.026158940397350994	1.118650206808823	0.13026205198335816	0.1674797811214605	False	0.21333464400392974	2.038207073006551
NormanWeissman2019_filtered	ETS2	dorothea	1195	11764	6994133.0	0.4975204830281449	0.49752048302814483	0.1019987454855622	0.09221390539393472	1.1061102449769042	0.6113747764900285	0.7163128554565816	False	0.08444417187628281	0.4920451257084058
NormanWeissman2019_filtered	LYL1	dorothea	428	11764	2492483.0	0.49503216688328405	0.495032166883284	0.03492160806795651	0.03510498687664042	0.9947762746834714	0.6367225381836281	0.7163128554565816	False	-0.05070445070318133	0.4514212941505673
NormanWeissman2019_filtered	FOXO4	dorothea	214	11764	1221064.5	0.48503135655429047	0.4850313565542904	0.019321955002680608	0.017866087827684087	1.0814877430939642	0.7738891256362345	0.8194120153795424	False	0.0159013768054213	0.25632666418545763
NormanWeissman2019_filtered	FOXL2	dorothea	651	11764	3580748.5	0.4675604998665511	0.4675604998665511	0.05422483291073041	0.052436568666935156	1.0341033803175392	0.9977995821830372	0.9977995821830372	False	0.34751672383976473	0.002202842293474527
NormanWeissman2019_filtered	IRF1	ensemble	420	11764	4523173.0	0.9154589870630333	0.9154589870630334	0.5329233654989018	0.034471437951411686	15.459853060091953	5.76939924226984e-185	1.903901749949047e-183	True	7.663820296971807	424.22567424625663
NormanWeissman2019_filtered	KLF1	ensemble	1934	11764	14763584.0	0.6489037946206452	0.6489037946206452	0.2395561076883497	0.14118849467075487	1.6967112529033164	2.0981615042357463e-98	3.4619664819889813e-97	True	0.9264127510543244	224.9122776263119
NormanWeissman2019_filtered	CEBPA	ensemble	451	11764	3837257.0	0.723251477128539	0.7232514771285391	0.2318778102768892	0.03692181743757675	6.280238253951667	9.67885609563249e-59	1.0646741705195738e-57	True	4.98805178700527	133.58257676428187
NormanWeissman2019_filtered	TP73	ensemble	246	11764	2305358.0	0.7966145854930158	0.7966145854930158	0.2171452988929805	0.02048293089092423	10.60128064920608	1.44331818991728e-57	1.190737506681756e-56	True	3.3246859424876964	130.8804055393435
NormanWeissman2019_filtered	SPI1	ensemble	607	11764	4810292.0	0.6736397923578874	0.6736397923578874	0.11241511857302676	0.04906636488561959	2.2910830838005176	1.2391264838591298e-47	8.178234793470257e-47	True	1.9996958878274222	108.00709268784433
NormanWeissman2019_filtered	HNF4A	ensemble	233	11764	1897549.0	0.6922804424059436	0.6922804424059434	0.0657645696826656	0.019421522047178463	3.3861697102272066	3.841126486732705e-24	2.1126195677029875e-23	True	2.691841734301	53.91627655235792
NormanWeissman2019_filtered	IKZF3	ensemble	677	11764	4885320.5	0.6134079159963778	0.6134079159963779	0.0759008144351579	0.0544168475202958	1.3948035928918752	6.276035494960524e-24	2.958702447624247e-23	True	0.37051909985043896	53.425303741336194
NormanWeissman2019_filtered	DLX2	ensemble	727	11764	4973839.5	0.5815704616279728	0.5815704616279729	0.08158792783487862	0.05820190537186774	1.4018085372564908	7.144688623731027e-14	2.9471840572890486e-13	True	0.2836745111878309	30.269822071088203
NormanWeissman2019_filtered	CEBPB	ensemble	480	11764	3291841.0	0.5829651549926329	0.5829651549926329	0.06602633334453653	0.039202874877491016	1.6842217197302194	3.378036801856059e-10	1.2386134940138885e-09	True	0.690144357981586	21.808556217044607
NormanWeissman2019_filtered	JUN	ensemble	265	11764	1857145.0	0.5957237622936622	0.5957237622936621	0.045146563970699945	0.022030093939645855	2.049313275485093	4.699281636162483e-08	1.5507629399336195e-07	True	1.205785948078413	16.873271090287776
NormanWeissman2019_filtered	FOSB	ensemble	625	11764	4132314.0	0.5620284257055423	0.5620284257055423	0.06291878235932984	0.050447978045039955	1.2472012714395797	8.278208296296498e-08	2.48346248888895e-07	True	0.2891229337499615	16.307054188306918
NormanWeissman2019_filtered	FOXL2	ensemble	651	11764	4118399.5	0.5377649195050014	0.5377649195050013	0.06314217361558265	0.052436568666935156	1.2041629576612267	0.0005789679333129368	0.0015921618166105762	True	0.27118772889474063	7.454263464804178
NormanWeissman2019_filtered	ETS2	ensemble	1195	11764	7408751.0	0.5270139095375012	0.527013909537501	0.10860879476473503	0.09221390539393472	1.1777919425574905	0.0010279806172651183	0.0026094892592114544	True	0.22560072971832607	6.880158966927386
NormanWeissman2019_filtered	SNAI1	ensemble	462	11764	2917697.0	0.5368379353843482	0.5368379353843481	0.04853135022161448	0.03778831997382627	1.2842949952585685	0.0035678900566645092	0.008410026562137771	True	0.17813264356835792	5.635780878454231
NormanWeissman2019_filtered	KMT2A	ensemble	238	11764	1520113.0	0.5429300758045482	0.5429300758045483	0.02639147937609601	0.019830028328611898	1.3308846028231274	0.011564877613916903	0.025442730750617187	True	0.35471029804706733	4.459782565808953
NormanWeissman2019_filtered	MEIS1	ensemble	765	11764	4695673.0	0.521772750809493	0.521772750809493	0.06777296333281513	0.06105834464043419	1.1099705328063278	0.021623220485992727	0.04261780377598003	True	0.11961801634175204	3.8339875192152504
NormanWeissman2019_filtered	FOXA1	ensemble	835	11764	5116106.0	0.5208324595284101	0.52083245952841	0.07362727925964355	0.06627510119850782	1.110934241188322	0.021954626187626076	0.04261780377598003	True	0.18536134000043347	3.818777401411466
NormanWeissman2019_filtered	TBX3	ensemble	682	11764	4167263.0	0.5194114506107903	0.5194114506107903	0.05648644164482112	0.05479672183834164	1.0308361476707384	0.04335985100093167	0.07949306016837474	True	-0.060704614149162096	3.1382213581820273
NormanWeissman2019_filtered	AHR	ensemble	557	11764	3364445.0	0.5134559868924272	0.5134559868924272	0.06414953007954396	0.04520736953169385	1.419006032513575	0.14120966454641154	0.24525889105429372	False	0.3953718426601558	1.9575095104691862
NormanWeissman2019_filtered	POU3F2	ensemble	356	11764	2142974.5	0.511695961589156	0.5116959615891561	0.030654940774783365	0.029372937293729372	1.0436457364898157	0.2256920509141751	0.3723918840083889	False	0.010759534056431496	1.4885838154768145
NormanWeissman2019_filtered	PRDM1	ensemble	294	11764	1759835.0	0.5088263629151082	0.5088263629151083	0.02839959109650221	0.024382152927517	1.164769623951101	0.3022994209951907	0.4750419472781568	False	0.162061930835237	1.1963372925303792
NormanWeissman2019_filtered	CEBPE	ensemble	1207	11764	7148521.0	0.5034471786617056	0.5034471786617056	0.1225576729826371	0.09305373525557012	1.3170634434612973	0.34639440575233776	0.5195477365211054	False	0.14034639214839834	1.0601772520999637
NormanWeissman2019_filtered	EGR1	ensemble	316	11764	1877843.0	0.5051463056137798	0.5051463056137798	0.02851699181189281	0.026158940397350994	1.0901432312900794	0.37724976476469263	0.5195477365211054	False	0.12594556172941654	0.9748478048872091
NormanWeissman2019_filtered	MAPK1	ensemble	757	11764	4481915.5	0.5032835886929966	0.5032835886929966	0.06546982189601244	0.06045842983787238	1.0828898810567658	0.3778528992880767	0.5195477365211054	False	0.07526336755894703	0.9732503144256809
NormanWeissman2019_filtered	MAML2	ensemble	621	11764	3671602.5	0.5025844425061639	0.5025844425061639	0.048800100919239454	0.050141299959628585	0.9732516101204197	0.41386449142025	0.54630112867473	False	-0.0842496525637015	0.8822166741462275
NormanWeissman2019_filtered	TBX2	ensemble	683	11764	4025905.0	0.5010577721046865	0.5010577721046865	0.05927161996238452	0.05487266007873383	1.0801666964448025	0.46291669313397454	0.5875481105161985	False	0.12026279015133934	0.7702081695213061
NormanWeissman2019_filtered	LYL1	ensemble	428	11764	2491591.0	0.494855006720964	0.49485500672096405	0.03525941973164565	0.03510498687664042	1.0043991714210836	0.6413923154505579	0.7839239411062373	False	-0.04814896769402133	0.444113972695138
NormanWeissman2019_filtered	FEV	ensemble	698	11764	3998359.0	0.4869353980723084	0.48693539807230835	0.05997516606809446	0.05601027122452255	1.0707887099435431	0.8786044039162836	1.0	False	0.07044416560251332	0.12942053502838585
NormanWeissman2019_filtered	FOXO4	ensemble	214	11764	1159224.0	0.46046706727637304	0.46046706727637304	0.017661750567989076	0.017866087827684087	0.988562842539127	0.9764443992870289	1.0	False	0.06910303227698575	0.023837469060640954
NormanWeissman2019_filtered	TSC22D1	ensemble	436	11764	2402836.0	0.46847090641952277	0.4684709064195228	0.033921193148858594	0.035737704918032784	0.9491710009543002	0.9875610715542716	1.0	False	-0.14676445848826286	0.012516939507238638
NormanWeissman2019_filtered	CDKN1A	ensemble	347	11764	1864078.0	0.4566459290151069	0.4566459290151069	0.025546500313302554	0.02865163900586244	0.891624395661116	0.9970843841378212	1.0	False	-0.19473335820745277	0.002919874549919431
NormanWeissman2019_filtered	FOXA3	ensemble	490	11764	2634294.5	0.4569968738940663	0.4569968738940663	0.03671219244563153	0.03998694303900767	0.9181045025076914	0.9993860296157014	1.0	False	-0.1467474871386085	0.0006141589412978468
NormanWeissman2019_filtered	RREB1	ensemble	330	11764	1421063.5	0.36605347078400463	0.36605347078400463	0.020333455678136988	0.027286257648420704	0.7451903423375417	1.0	1.0	False	-0.5258343418423096	-0.0
PapalexiSatija2021_eccite_RNA	STAT1	causalpath	444	2386	218890.0	0.20662007355217749	0.7933799264478224	0.4825391022016154	0.1568904593639576	3.0756433766454316	2.3872792295233124e-86	2.3872792295233123e-85	True	-1.8441018742440416	197.15216367770034
PapalexiSatija2021_eccite_RNA	IRF1	causalpath	1073	2386	1034830.0	0.4042023640543743	0.5957976359456257	0.3871960925528186	0.31020526163631107	1.248193181864119	8.825273596790945e-20	4.412636798395472e-19	True	-0.6464909832584915	43.87408225507289
PapalexiSatija2021_eccite_RNA	JAK2	causalpath	1024	2386	1027785.0	0.420660640847653	0.579339359152347	0.3456419880658816	0.3002932551319648	1.1510148235397033	9.497816654176584e-14	3.1659388847255285e-13	True	-0.41491795213931953	29.985129355600307
PapalexiSatija2021_eccite_RNA	SMAD4	causalpath	659	2386	651389.0	0.4142710322098941	0.585728967790106	0.2731360510704514	0.21642036124794745	1.2620626335501133	7.531433623625105e-12	1.8828584059062762e-11	True	-0.44647535158982016	25.611935703974666
PapalexiSatija2021_eccite_RNA	MYC	causalpath	109	2386	109517.0	0.42109937940739944	0.5789006205926005	0.05659520776147359	0.043687374749499	1.2954591134392348	0.0026363207265035302	0.0052726414530070605	True	-0.6373464304188916	5.938370998080325
PapalexiSatija2021_eccite_RNA	NFKBIA	causalpath	787	2386	889653.0	0.4737786388409304	0.5262213611590696	0.2699352389469004	0.24803025527891584	1.0883157727808324	0.01357585153098235	0.02262641921830392	True	-0.14089009354631032	4.299462687248613
PapalexiSatija2021_eccite_RNA	SPI1	causalpath	48	2386	47472.0	0.414501257334451	0.5854987426655491	0.02691347621535296	0.01972062448644207	1.3647375230868564	0.02112166113818931	0.030173801625984733	True	-0.497206872519646	3.8574561708606243
PapalexiSatija2021_eccite_RNA	STAT3	causalpath	493	2386	571425.0	0.48578251429484703	0.5142174857051529	0.18203962514274788	0.1712400138937131	1.0630671009857426	0.15979024685084092	0.19973780856355114	False	-0.056562131465732274	1.833893280986668
PapalexiSatija2021_eccite_RNA	STAT5A	causalpath	659	2386	808632.0	0.5142745937035337	0.4857254062964663	0.2145938646746524	0.21642036124794745	0.9915604217516185	0.8693895706489367	0.9587056862517052	False	-0.020826559005423267	0.13996395653236735
PapalexiSatija2021_eccite_RNA	ATF2	causalpath	1102	2386	1362681.0	0.518253408038117	0.4817465919618829	0.3072701289425461	0.31594036697247707	0.9725573591212348	0.9587056862517052	0.9587056862517052	False	0.07929207693869841	0.04217114770606834
PapalexiSatija2021_eccite_RNA	STAT1	collectri	444	2386	155324.0	0.14661727947561978	0.8533827205243802	0.6624457556836353	0.1568904593639576	4.222345695010558	2.8591443301230704e-124	3.7168876291599915e-123	True	-8.152548947166816	284.4700291364664
PapalexiSatija2021_eccite_RNA	STAT2	collectri	661	2386	541751.0	0.3435008553424984	0.6564991446575016	0.3426865558907112	0.2169346898588776	1.579676150981841	3.049370903989963e-35	1.982091087593476e-34	True	-1.2222636995704446	79.4755429464339
PapalexiSatija2021_eccite_RNA	IRF1	collectri	1073	2386	960606.0	0.37521062988589077	0.6247893701141092	0.41897216795175696	0.31020526163631107	1.350628824739168	3.180017091305257e-32	1.378007406232278e-31	True	-1.0922605432101355	72.52583640440753
PapalexiSatija2021_eccite_RNA	SMAD4	collectri	659	2386	681743.0	0.4335755996982906	0.5664244003017094	0.2637582371013245	0.21642036124794745	1.2187311562572583	8.571254036669866e-08	2.7856575619177064e-07	True	-0.2980917974886419	16.27226669338141
PapalexiSatija2021_eccite_RNA	MYC	collectri	109	2386	94905.0	0.36491537024077764	0.6350846297592224	0.08789120768695949	0.043687374749499	2.0118216805409532	8.915325014363149e-07	2.3179845037344185e-06	True	-4.356948873038691	13.930323943284408
PapalexiSatija2021_eccite_RNA	SPI1	collectri	48	2386	52070.0	0.4546486448728695	0.5453513551271305	0.022500799781168042	0.01972062448644207	1.1409780555700628	0.14066826885324885	0.30478124918203914	False	-0.04580133911137693	1.961350863727094
PapalexiSatija2021_eccite_RNA	BRD4	collectri	341	2386	400294.5	0.49198833370615	0.5080116662938501	0.12665589650085932	0.12504583791712504	1.0128757470904497	0.31583765904831185	0.5865556525182934	False	-0.0516227905504956	1.1525269345922746
PapalexiSatija2021_eccite_RNA	ETV7	collectri	841	2386	1005130.0	0.5009055000782408	0.49909449992175925	0.26241592532324687	0.26061357297799814	1.0069158038265371	0.5311771737931363	0.854602561618358	False	0.044235154335714594	0.632659652765151
PapalexiSatija2021_eccite_RNA	STAT3	collectri	493	2386	592043.0	0.5033103856335724	0.49668961436642756	0.17014862194016397	0.1712400138937131	0.993626536644487	0.5916479272742479	0.854602561618358	False	0.11281033706827087	0.5248435384548445
PapalexiSatija2021_eccite_RNA	ATF2	collectri	1102	2386	1340108.0	0.509668468364309	0.490331531635691	0.30983878288057337	0.31594036697247707	0.9806875450884209	0.8210722344067156	0.9481264908610473	False	0.06135403913394704	0.19714418995700958
PapalexiSatija2021_eccite_RNA	POU2F2	collectri	662	2386	810067.0	0.5128525411324367	0.48714745886756333	0.21041494489360973	0.21719160104986876	0.9687987190871941	0.8445626026374446	0.9481264908610473	False	0.05529476001732714	0.16893641565648712
PapalexiSatija2021_eccite_RNA	STAT5A	collectri	659	2386	809187.0	0.5146275631624537	0.4853724368375463	0.21296992836968126	0.21642036124794745	0.9840568010404848	0.875193683871736	0.9481264908610473	False	0.06098160974760125	0.13331006412321275
PapalexiSatija2021_eccite_RNA	IRF7	collectri	614	2386	778575.0	0.5314490608899362	0.46855093911006385	0.18762346987228498	0.20466666666666666	0.9167270514932491	0.9919595425299415	0.9919595425299415	False	0.22382849592238013	0.00807295626892197
PapalexiSatija2021_eccite_RNA	STAT2	dorothea	661	2386	332523.0	0.21083843854658985	0.7891615614534102	0.5029507942302756	0.2169346898588776	2.3184433737059753	3.190145050853192e-115	3.190145050853192e-114	True	-5.811612450145435	263.63721930806537
PapalexiSatija2021_eccite_RNA	STAT1	dorothea	444	2386	298960.0	0.28220173232746576	0.7177982676725343	0.3133818821398792	0.1568904593639576	1.9974565911167979	1.5134677322934053e-48	7.567338661467026e-48	True	-6.212611272734359	110.1096809343869
PapalexiSatija2021_eccite_RNA	IRF1	dorothea	1073	2386	926457.0	0.36187210420525445	0.6381278957947455	0.4269593404180178	0.31020526163631107	1.3763768485609726	4.979486411340095e-39	1.6598288037800318e-38	True	-1.2308402189784826	88.19549187130251
PapalexiSatija2021_eccite_RNA	MYC	dorothea	109	2386	98020.0	0.3768927305305413	0.6231072694694587	0.0868842317562894	0.043687374749499	1.988772093871028	6.712806707084661e-06	1.6782016767711652e-05	True	-2.8749229504943137	11.91149340724246
PapalexiSatija2021_eccite_RNA	SMAD4	dorothea	659	2386	719242.0	0.4574242514821537	0.5425757485178462	0.2412895912795511	0.21642036124794745	1.114911692634648	0.0004027336661489265	0.000805467332297853	True	-0.1907873975508106	7.817235092536113
PapalexiSatija2021_eccite_RNA	SPI1	dorothea	48	2386	47968.0	0.4188320759988824	0.5811679240011176	0.027122789766167547	0.01972062448644207	1.375351464392746	0.026913476955366316	0.04485579492561053	True	-1.6431757217858725	3.6151281157757453
PapalexiSatija2021_eccite_RNA	STAT3	dorothea	493	2386	566801.0	0.4818515376205689	0.518148462379431	0.1761589887992559	0.1712400138937131	1.028725616131963	0.10194909841783623	0.14564156916833748	False	-0.2008060771270005	2.2832816253765853
PapalexiSatija2021_eccite_RNA	ATF2	dorothea	1102	2386	1292607.0	0.49160293788783027	0.5083970621121698	0.3242318747684312	0.31594036697247707	1.0262439012634192	0.21228552231259656	0.2653569028907457	False	-0.08686378598519601	1.5498231070749757
PapalexiSatija2021_eccite_RNA	STAT5A	dorothea	659	2386	791399.0	0.5033147330088135	0.4966852669911866	0.21614920742230076	0.21642036124794745	0.998747096511238	0.6029197592483309	0.6699108436092565	False	0.03173877697488767	0.5059711603493641
PapalexiSatija2021_eccite_RNA	POU2F2	dorothea	662	2386	829257.0	0.5250017093670784	0.47499829063292165	0.20518916892417086	0.21719160104986876	0.9447380466478441	0.9756548522212378	0.9756548522212378	False	0.18344851787367708	0.024646390131877027
PapalexiSatija2021_eccite_RNA	STAT2	ensemble	661	2386	355497.0	0.22540525734459588	0.7745947426554042	0.4782762575572541	0.2169346898588776	2.204701598754846	3.969456633392939e-104	5.954184950089409e-103	True	-5.359645439873561	238.09022045421193
PapalexiSatija2021_eccite_RNA	STAT1	ensemble	444	2386	312104.0	0.2946089425552963	0.7053910574447037	0.29944074162703954	0.1568904593639576	1.9085975198300043	2.1137099839366295e-43	1.5852824879524722e-42	True	-5.931865805072485	98.26271430900576
PapalexiSatija2021_eccite_RNA	IRF1	ensemble	1073	2386	964437.0	0.3767070102156959	0.623292989784304	0.4144258718316277	0.31020526163631107	1.3359730574702706	1.6724518723411615e-31	8.362259361705806e-31	True	-1.282500421270948	70.86584714608892
PapalexiSatija2021_eccite_RNA	JAK2	ensemble	1024	2386	1027785.0	0.420660640847653	0.579339359152347	0.3456419880658816	0.3002932551319648	1.1510148235397033	9.497816654176584e-14	3.561681245316219e-13	True	-0.41491795213931953	29.985129355600307
PapalexiSatija2021_eccite_RNA	MYC	ensemble	109	2386	94998.0	0.36527296077270316	0.634727039227297	0.08620963782228264	0.043687374749499	1.9733307006109648	9.492920507304448e-07	2.8478761521913348e-06	True	-4.280805889820378	13.867549339916067
PapalexiSatija2021_eccite_RNA	SMAD4	ensemble	659	2386	703414.0	0.44735794410235735	0.5526420558976427	0.24430611780558478	0.21642036124794745	1.1288499677056232	1.7126132152589485e-05	4.281533038147371e-05	True	-0.21864021845355297	10.974905064901112
PapalexiSatija2021_eccite_RNA	NFKBIA	ensemble	787	2386	889653.0	0.4737786388409304	0.5262213611590696	0.2699352389469004	0.24803025527891584	1.0883157727808324	0.01357585153098235	0.029091110423533607	True	-0.14089009354631032	4.299462687248613
PapalexiSatija2021_eccite_RNA	SPI1	ensemble	48	2386	51077.0	0.4459782760547639	0.5540217239452362	0.023446039862019	0.01972062448644207	1.1889096046698802	0.09969239688862708	0.18692324416617578	False	-0.9701048553857685	2.3056658648156874
PapalexiSatija2021_eccite_RNA	BRD4	ensemble	341	2386	400294.5	0.49198833370615	0.5080116662938501	0.12665589650085932	0.12504583791712504	1.0128757470904497	0.31583765904831185	0.5263960984138532	False	-0.0516227905504956	1.1525269345922746
PapalexiSatija2021_eccite_RNA	STAT3	ensemble	493	2386	582647.0	0.49532261382744847	0.5046773861725515	0.17208915638386546	0.1712400138937131	1.0049587854546627	0.3716718102300577	0.5575077153450866	False	-0.01640344432937549	0.9897440446677765
PapalexiSatija2021_eccite_RNA	ATF2	ensemble	1102	2386	1312520.0	0.49917622915281673	0.5008237708471833	0.31967472551709486	0.31594036697247707	1.0118198208744345	0.4687867808057698	0.639254701098777	False	-0.028334400391649354	0.7576072390568144
PapalexiSatija2021_eccite_RNA	ETV7	ensemble	841	2386	1005130.0	0.5009055000782408	0.49909449992175925	0.26241592532324687	0.26061357297799814	1.0069158038265371	0.5311771737931363	0.6639714672414204	False	0.044235154335714594	0.632659652765151
PapalexiSatija2021_eccite_RNA	STAT5A	ensemble	659	2386	811215.0	0.5159173326447779	0.4840826673552221	0.21071758759085077	0.21642036124794745	0.9736495511595457	0.8948611819263688	0.9919595425299415	False	0.09798391629671535	0.11108667673003399
PapalexiSatija2021_eccite_RNA	POU2F2	ensemble	662	2386	829061.0	0.5248776219791685	0.47512237802083157	0.20709827720122279	0.21719160104986876	0.953528019500494	0.9750902173058548	0.9919595425299415	False	0.1250003633704229	0.025225281694871562
PapalexiSatija2021_eccite_RNA	IRF7	ensemble	614	2386	778575.0	0.5314490608899362	0.46855093911006385	0.18762346987228498	0.20466666666666666	0.9167270514932491	0.9919595425299415	0.9919595425299415	False	0.22382849592238013	0.00807295626892197
ReplogleWeissman2022_K562_essential	MAX	causalpath	180	10646	240719.0	0.12561786377773604	0.874382136222264	0.1247213376549024	0.01662663957140218	7.501295563622073	5.2528881467934e-67	4.044723873030918e-65	True	-4.871288759206841	152.61442318206107
ReplogleWeissman2022_K562_essential	RUVBL1	causalpath	191	10646	350830.0	0.1725348753261801	0.82746512467382	0.1392169729677526	0.017624803912521917	7.898923225400705	9.617659627213942e-55	3.7027989564773677e-53	True	-3.934896715437202	124.37857916158715
ReplogleWeissman2022_K562_essential	CHEK1	causalpath	292	10646	1227537.0	0.3948801273357541	0.6051198726642459	0.04863095013709883	0.02669592247211556	1.8216620979437912	4.161504843533097e-10	1.0681195765068281e-08	True	-0.6604941157588202	21.599974179845955
ReplogleWeissman2022_K562_essential	NRF1	causalpath	69	10646	242992.0	0.33079308551623116	0.6692069144837688	0.012390905742098689	0.006439570695286981	1.9241819569070644	6.081030781345229e-07	1.0117622181269098e-05	True	-0.8107933265234648	14.312921432944451
ReplogleWeissman2022_K562_essential	MYBL2	causalpath	103	10646	396648.0	0.3617275461497914	0.6382724538502085	0.014164006328774827	0.009582286724346451	1.4781446993009768	6.569884533291621e-07	1.0117622181269098e-05	True	-0.7950799453566034	14.235599393457697
ReplogleWeissman2022_K562_essential	MYC	causalpath	73	10646	267029.0	0.3435967975624004	0.6564032024375995	0.018661450582012663	0.006810336785147868	2.74016559984375	1.983650482038508e-06	2.5456847852827522e-05	True	-2.133442953866134	13.13057173294842
ReplogleWeissman2022_K562_essential	SUPT5H	causalpath	340	10646	1553473.0	0.4291788686167685	0.5708211313832314	0.07175904563959136	0.030948479883488075	2.318661398225149	4.235230351914227e-06	4.658753387105649e-05	True	-0.4893332954039789	12.372072838915804
ReplogleWeissman2022_K562_essential	GATA1	causalpath	105	10646	425494.0	0.3806428526699051	0.6193571473300948	0.07349257501822411	0.00976653334573528	7.524939752580261	1.2444350087794142e-05	0.0001197768695950186	True	-1.013417284651249	11.294243846264973
ReplogleWeissman2022_K562_essential	POLR2I	causalpath	209	10646	942156.0	0.42343823454593993	0.57656176545406	0.03551807896238042	0.019253800092123446	1.8447308475437294	7.324902689768483e-05	0.0006148226077274869	True	-0.38750632022783854	9.521645594828584
ReplogleWeissman2022_K562_essential	TRRAP	causalpath	404	10646	1913434.0	0.4448828454139797	0.5551171545860204	0.0507772946516629	0.03656108597285068	1.3888344205467202	8.271384320818178e-05	0.0006148226077274869	True	-0.4414682490764091	9.40012357927563
ReplogleWeissman2022_K562_essential	TFDP1	causalpath	163	10646	719317.0	0.4145207336146299	0.5854792663853701	0.023329808610438776	0.015080025904338977	1.547066878958483	8.78318011039267e-05	0.0006148226077274869	True	-0.47932639855728687	9.340086923540206
ReplogleWeissman2022_K562_essential	ATF4	causalpath	72	10646	296045.0	0.38622356858079193	0.613776431419208	0.009129325713653404	0.006717671207314798	1.359001569429683	0.00042972319251144425	0.002757390485281767	True	-0.6020561953255317	7.752369294910638
ReplogleWeissman2022_K562_essential	RUVBL2	causalpath	14	10646	37545.0	0.2519054775770913	0.7480945224229085	0.010059846908610235	0.0013133208255159475	7.659854860413222	0.0006559448340745713	0.003885211709518615	True	-3.0129933074840016	7.329433866954837
ReplogleWeissman2022_K562_essential	NELFA	causalpath	87	10646	374204.0	0.4040198574393059	0.5959801425606941	0.011615035696369	0.008105841796329078	1.432921587691132	0.0010059863265240224	0.005532924795882123	True	-0.3949976994404892	6.901786799321392
ReplogleWeissman2022_K562_essential	CDK9	causalpath	135	10646	616993.0	0.42929912817194427	0.5707008718280557	0.015294859186603265	0.012522029496336146	1.2214361251168133	0.0023446429976397114	0.012035834054550517	True	-0.37350677349533495	6.055622128486041
ReplogleWeissman2022_K562_essential	ZBTB17	causalpath	159	10646	747310.5	0.44148657126957064	0.5585134287304293	0.01927777260168201	0.014715409532623786	1.310039829944491	0.005590095337685573	0.02690233381261182	True	-0.25918812567033167	5.186758936918423
ReplogleWeissman2022_K562_essential	MED1	causalpath	238	10646	1155304.0	0.4559664181284011	0.5440335818715989	0.033521717000688	0.021866960676221976	1.5329847388045723	0.009976388531187494	0.04518717158243748	True	-0.2778906189917324	4.607534124772234
ReplogleWeissman2022_K562_essential	CCND1	causalpath	146	10646	702494.5	0.45196375769148617	0.5480362423085139	0.022041535526874868	0.013528539659006671	1.629261995931737	0.02291767811845242	0.0980367341733798	True	-0.22424165160416185	3.7758466959996104
ReplogleWeissman2022_K562_essential	POLR2A	causalpath	382	10646	1914319.0	0.470721987856708	0.5292780121432921	0.04172445696871381	0.034639100471527025	1.2045479357355389	0.02573477494254487	0.10429356160926079	False	-0.14280872846461912	3.6599120911052885
ReplogleWeissman2022_K562_essential	SUPT16H	causalpath	90	10646	422763.0	0.44123301396455633	0.5587669860354437	0.011953971898198724	0.00838301043219076	1.4259760255451277	0.027236085505842403	0.10485892919749326	False	-0.47302567954125524	3.6032125119243417
ReplogleWeissman2022_K562_essential	CDK7	causalpath	17	10646	66961.0	0.3699870705374015	0.6300129294625985	0.0024020787843497065	0.0015942980399512331	1.5066685927953483	0.03177314600508702	0.11650153535198576	False	-0.5499060661177944	3.4491338112064827
ReplogleWeissman2022_K562_essential	POLR2F	causalpath	310	10646	1562207.5	0.47335891717622247	0.5266410828237775	0.03458833021688463	0.028294998174516247	1.2224185350199612	0.05461624565273423	0.1911568597845698	False	-0.14743543206812817	2.907423901059988
ReplogleWeissman2022_K562_essential	ATR	causalpath	138	10646	681534.0	0.46389744259938415	0.5361025574006157	0.01465187785736506	0.01279673590504451	1.144969933433513	0.07219345479695433	0.24169113127676015	False	-0.2630287933499619	2.628405890974455
ReplogleWeissman2022_K562_essential	E2F6	causalpath	150	10646	744671.0	0.4663228755714196	0.5336771244285804	0.015524563808246152	0.013894034827713968	1.117354605825503	0.07798451757741771	0.2502003272275485	False	-0.2344694302066841	2.551244964592017
ReplogleWeissman2022_K562_essential	RAD51	causalpath	237	10646	1200505.0	0.47580517949730133	0.5241948205026987	0.022403363532968793	0.02177708352476339	1.0287586722755249	0.10090454845937968	0.2912827801228628	False	-0.0944575035802268	2.293580273754754
ReplogleWeissman2022_K562_essential	LIN54	causalpath	303	10646	1543694.0	0.4785552949433587	0.5214447050566413	0.02779346102661218	0.027673760160745273	1.0043254283180751	0.10115204565892671	0.2912827801228628	False	-0.03130731165815488	2.291130491559769
ReplogleWeissman2022_K562_essential	POLR2E	causalpath	217	10646	1097034.5	0.47486929601217565	0.5251307039878244	0.02428409266844995	0.01997606554358833	1.2156594408173815	0.10213811770541942	0.2912827801228628	False	-0.19157911651373463	2.281429286506763
ReplogleWeissman2022_K562_essential	SSRP1	causalpath	534	10646	2764216.0	0.48623280639947764	0.5137671936005224	0.05498307375369134	0.04776386404293381	1.1511437538694178	0.14110510329486808	0.38803903406088724	False	-0.0767225880019175	1.9582502528478016
ReplogleWeissman2022_K562_essential	POLR2K	causalpath	13	10646	58643.0	0.42372722149164005	0.57627277850836	0.0019386772556401598	0.0012196266066235107	1.5895662206052663	0.17055459644384197	0.45285185952330453	False	-0.21643681367838247	1.7686998197691717
ReplogleWeissman2022_K562_essential	TGS1	causalpath	160	10646	820960.0	0.48196505729851585	0.5180349427014841	0.01632835646177395	0.014806588932074774	1.1027763745370582	0.2164231751995941	0.5554861496789582	False	-0.06679974654570796	1.5305196434759976
ReplogleWeissman2022_K562_essential	POLR2L	causalpath	60	10646	303853.5	0.4756927484501221	0.5243072515498779	0.006698091605179393	0.005604334018307491	1.1951628120841764	0.25773291652563945	0.6359749155028492	False	-0.25500441932508366	1.3558314375226057
ReplogleWeissman2022_K562_essential	POLR2D	causalpath	246	10646	1279330.0	0.48849600369007634	0.5115039963099236	0.02484827256296877	0.022585383767903047	1.1001926209587636	0.26832014516355507	0.6359749155028492	False	-0.06182732349979522	1.3155744398983094
ReplogleWeissman2022_K562_essential	RAD51D	causalpath	142	10646	734351.5	0.485768310785245	0.5142316892147549	0.014183256119832375	0.013162773451983686	1.0775279367658568	0.2797588214059572	0.6359749155028492	False	-0.07662191210535482	1.2738273991113656
ReplogleWeissman2022_K562_essential	USF2	causalpath	184	10646	956178.0	0.48812883385472394	0.5118711661452761	0.01750481545529519	0.01698984302862419	1.0303106053306899	0.29012411871007115	0.6359749155028492	False	-0.046503603902348964	1.237446452013619
ReplogleWeissman2022_K562_essential	GTF2H4	causalpath	115	10646	594888.0	0.4859044834148772	0.5140955165851228	0.012574544696119594	0.010686739150636558	1.1766493519560257	0.30125974784411025	0.6359749155028492	False	-0.13318178223052596	1.199782436712033
ReplogleWeissman2022_K562_essential	POLR2H	causalpath	73	10646	374985.5	0.48250870479361985	0.5174912952063802	0.008938719464686776	0.006810336785147868	1.312522382766816	0.3029669399837872	0.6359749155028492	False	0.13283962534137056	1.1941315883899826
ReplogleWeissman2022_K562_essential	CTDP1	causalpath	111	10646	574306.0	0.48599736313431596	0.514002636865684	0.012415655028498505	0.01031886213628335	1.2032000102843101	0.3055983360208496	0.6359749155028492	False	-0.12764933865996742	1.1854836666625483
ReplogleWeissman2022_K562_essential	BRCA1	causalpath	104	10646	538922.0	0.48675016980014163	0.5132498301998584	0.01115457233464268	0.009674418604651163	1.1529966595904693	0.3206900356972797	0.6498192828602773	False	0.009175748584495429	1.1372802432450526
ReplogleWeissman2022_K562_essential	GTF2F2	causalpath	58	10646	299845.0	0.48560411227788325	0.5143958877221168	0.005825406568011945	0.005418535127055307	1.075088825931032	0.35244779121330616	0.682790228418483	False	-0.0881240175677442	1.0428527777323617
ReplogleWeissman2022_K562_essential	NANOG	causalpath	125	10646	652494.0	0.4903204959609243	0.5096795040390757	0.011550006373153992	0.011605236282610714	0.9952409491619332	0.35469622255505606	0.682790228418483	False	-0.07946604353260901	1.0364935669489899
ReplogleWeissman2022_K562_essential	ACTL6A	causalpath	53	10646	274560.0	0.48660317100230754	0.5133968289976925	0.005248131174608493	0.004953733993831199	1.0594293478704957	0.3680662634101385	0.6911808723186602	False	-0.013569909298322136	0.9994922934082062
ReplogleWeissman2022_K562_essential	GTF2H3	causalpath	76	10646	396122.0	0.48958590822349884	0.5104140917765012	0.007021309749586211	0.007088229807871666	0.9905589886192546	0.377007748537451	0.6911808723186602	False	-0.045062684120085544	0.975489538595602
ReplogleWeissman2022_K562_essential	NELFE	causalpath	73	10646	382124.0	0.4916940956665183	0.5083059043334817	0.00768230167533041	0.006810336785147868	1.1280355021625572	0.40324233706875073	0.7112748856869288	False	-0.1331941719093549	0.9082175650866992
ReplogleWeissman2022_K562_essential	LIN52	causalpath	12	10646	61354.0	0.4802586260880456	0.5197413739119543	0.001371261697699782	0.001125914805779696	1.2179089311736897	0.40644279182110216	0.7112748856869288	False	-0.07366774838502553	0.9003120934255878
ReplogleWeissman2022_K562_essential	ELL	causalpath	83	10646	442277.0	0.5005296406365647	0.4994703593634353	0.007605842912389612	0.007736042501631094	0.9831697422533511	0.5066490262688511	0.8155985603347663	False	0.10517985485376982	0.6799367709906716
ReplogleWeissman2022_K562_essential	RBBP4	causalpath	89	10646	474603.0	0.5009034358001212	0.4990965641998788	0.007926254788841743	0.008290638099673963	0.9560488220024282	0.5117342668945577	0.8155985603347663	False	0.18726926673585775	0.6699497986464918
ReplogleWeissman2022_K562_essential	CDC6	causalpath	187	10646	997592.0	0.5011005614822569	0.4988994385177431	0.017128928298943913	0.017262069602141605	0.9922870602270556	0.5206130916574933	0.8155985603347663	False	0.02460850315093358	0.6527481394895045
ReplogleWeissman2022_K562_essential	NELFB	causalpath	136	10646	726307.5	0.5016434645434352	0.49835653545656466	0.014312542891729783	0.012613615284733816	1.1346899813134597	0.5263045182800863	0.8155985603347663	False	0.055067595682709136	0.641875301669541
ReplogleWeissman2022_K562_essential	CCNK	causalpath	320	10646	1707187.0	0.5011233679316175	0.4988766320683825	0.02982825482663855	0.029181105234360752	1.0221770075903698	0.5273440934010574	0.8155985603347663	False	-0.04440875705480795	0.6399020148511918
ReplogleWeissman2022_K562_essential	YY1	causalpath	82	10646	439258.0	0.5031753595762521	0.4968246404237479	0.0077258332952399615	0.0076435495898583145	1.0107651169674916	0.5395257466207869	0.8155985603347663	False	-0.050810363767776506	0.6170647723072064
ReplogleWeissman2022_K562_essential	HDAC3	causalpath	59	10646	316446.0	0.5038034496922533	0.4961965503077467	0.005871589534779715	0.005511443250817375	1.0653451859290992	0.540201643858092	0.8155985603347663	False	-0.008981372284525455	0.6158127945736573
ReplogleWeissman2022_K562_essential	HSF1	causalpath	128	10646	685875.0	0.5033250457918467	0.49667495420815333	0.011657509500031069	0.011880452942268424	0.9812344324479275	0.5515373915960805	0.8166995990941961	False	0.007480472688947304	0.5950456427753139
ReplogleWeissman2022_K562_essential	POLR2C	causalpath	151	10646	810290.0	0.5040540052975155	0.49594599470248435	0.027364313789146617	0.01398536630545522	1.956639046234543	0.5680310288803534	0.8190456366864579	False	-0.11343327424951276	0.5655792334425762
ReplogleWeissman2022_K562_essential	GABPA	causalpath	109	10646	586256.0	0.5052127947439449	0.49478720525605513	0.010751110261588738	0.010134821013482101	1.0608090904897878	0.5743956413125809	0.8190456366864579	False	0.007104310595407504	0.5544368495210275
ReplogleWeissman2022_K562_essential	GTF2H2	causalpath	155	10646	834290.0	0.5055904686297443	0.4944095313702557	0.014834398229102066	0.01435052309971299	1.0337182920808479	0.5945905820051974	0.8324268148072764	False	-0.018538864333011155	0.5198822077544838
ReplogleWeissman2022_K562_essential	ASF1B	causalpath	283	10646	1522910.0	0.505476932227569	0.494523067772431	0.025100944603325348	0.025894409369567207	0.9693576804584548	0.6238922406759462	0.857851830929426	False	-0.031867121564526084	0.471777616750001
ReplogleWeissman2022_K562_essential	POLR2B	causalpath	273	10646	1470994.0	0.5061296646868693	0.49387033531313074	0.02722097884095663	0.025002289586958514	1.0887394430930601	0.6354864064660015	0.8584640929453002	False	0.14711654339704766	0.4533645788788052
ReplogleWeissman2022_K562_essential	VHL	causalpath	160	10646	867828.0	0.5094800864174338	0.49051991358256625	0.017677989383120388	0.014806588932074774	1.1939272079624932	0.6599418602183569	0.8761297109795427	False	-0.035433191702142264	0.4156035384201158
ReplogleWeissman2022_K562_essential	YBX1	causalpath	83	10646	458440.0	0.5188214816809978	0.4811785183190021	0.007970548142762827	0.007736042501631094	1.0303133858277393	0.7229689299821843	0.9435357221801388	False	0.007189008188184132	0.32438903149202014
ReplogleWeissman2022_K562_essential	NFYB	causalpath	28	10646	159344.0	0.5345535546550012	0.4654464453449988	0.0024315603923113147	0.0026231965523702454	0.9269455581261061	0.7364852183395589	0.9451560302024339	False	0.13377163822932336	0.30586611342402514
ReplogleWeissman2022_K562_essential	DNMT1	causalpath	170	10646	938073.0	0.5183239217159717	0.48167607828402825	0.018643000427068512	0.015717455621301776	1.1861334859951354	0.7941966358700113	0.9923877742199605	False	0.05945272555920854	0.2304241961665192
ReplogleWeissman2022_K562_essential	SUPT4H1	causalpath	73	10646	411016.0	0.5288705771541952	0.4711294228458047	0.007024946662897547	0.006810336785147868	1.0315123736931344	0.8027697532032432	0.9923877742199605	False	0.25225845892527604	0.21968733939748486
ReplogleWeissman2022_K562_essential	NFYC	causalpath	21	10646	124472.0	0.55675728867538	0.44324271132462	0.0019175828740819862	0.0019686884784850473	0.9740407865634546	0.8159664762483729	0.9923877742199605	False	0.337045643730467	0.20338200789091554
ReplogleWeissman2022_K562_essential	HDAC7	causalpath	169	10646	939064.0	0.5219417354852838	0.4780582645147162	0.016351198512260905	0.015626444752658345	1.0463799521307793	0.8365422499527994	0.9923877742199605	False	0.07695743341957852	0.17847825181783497
ReplogleWeissman2022_K562_essential	POLR2G	causalpath	110	10646	617449.0	0.5272565026557137	0.47274349734428645	0.010240299448597655	0.010226850130159911	1.001315098810149	0.83772993927659	0.9923877742199605	False	0.2982974830067484	0.17705949860595918
ReplogleWeissman2022_K562_essential	NPM1	causalpath	27	10646	161233.0	0.5609235950209086	0.4390764049790914	0.002481726420278973	0.002529747962147475	0.9810172623569436	0.8632891454217904	0.9999881318155773	False	0.11099059493546626	0.14700559717567624
ReplogleWeissman2022_K562_essential	CCNH	causalpath	73	10646	421148.0	0.541907823119623	0.45809217688037696	0.006648697788849174	0.006810336785147868	0.9762656383380041	0.8917873397361271	0.9999881318155773	False	0.24096059731047953	0.11452758319349077
ReplogleWeissman2022_K562_essential	MCM5	causalpath	88	10646	506866.0	0.541033337318327	0.45896666268167297	0.009159651338783685	0.008198248555990311	1.1172692894375462	0.9085377848633749	0.9999881318155773	False	0.2015145275411399	0.09591880162730557
ReplogleWeissman2022_K562_essential	ERCC2	causalpath	115	10646	658227.5	0.5376401832899068	0.4623598167100932	0.00985999753659212	0.010686739150636558	0.922638552097981	0.9178462925996047	0.9999881318155773	False	0.28416253091689264	0.0857253396361613
ReplogleWeissman2022_K562_essential	KAT5	causalpath	118	10646	676637.0	0.5386259500663892	0.46137404993361075	0.010108318725476208	0.010962467484206614	0.9220842606866603	0.9258334966329744	0.9999881318155773	False	0.2341459675738488	0.07706086975522673
ReplogleWeissman2022_K562_essential	RBMX	causalpath	143	10646	821632.0	0.5397030172532709	0.46029698274672914	0.012024587409929628	0.01325424043006766	0.9072256892708446	0.948838628829834	0.9999881318155773	False	0.29430012227352315	0.05251653821390708
ReplogleWeissman2022_K562_essential	GTF2F1	causalpath	41	10646	251187.5	0.5754766475900717	0.42452335240992833	0.0035046515673784738	0.003836436792364555	0.9135173487944817	0.9526278919465959	0.9999881318155773	False	0.3414035507492357	0.04853091123445278
ReplogleWeissman2022_K562_essential	NELFCD	causalpath	199	10646	1145752.5	0.5408181712620967	0.4591818287379033	0.016900192300776516	0.01834946980175196	0.9210180175975945	0.975934141287634	0.9999881318155773	False	0.26132663626644875	0.02436017303469956
ReplogleWeissman2022_K562_essential	GTF2H1	causalpath	403	10646	2299219.5	0.5359063784718127	0.4640936215281873	0.03775287204297566	0.0364738890397321	1.0350657151435187	0.9928753514137	0.9999881318155773	False	0.2613839106835384	0.007150150093413208
ReplogleWeissman2022_K562_essential	MNAT1	causalpath	83	10646	521713.0	0.5904282167180841	0.4095717832819159	0.0063828464349589805	0.007736042501631094	0.8250790289237939	0.9977632933006216	0.9999881318155773	False	0.6759915937763782	0.0022392118640507334
ReplogleWeissman2022_K562_essential	ERCC3	causalpath	163	10646	981725.0	0.5657385647882958	0.43426143521170424	0.013141333134808824	0.015080025904338977	0.8714396923567397	0.9980446388865111	0.9999881318155773	False	0.30830945183008857	0.001957275327758127
ReplogleWeissman2022_K562_essential	STAT5A	causalpath	203	10646	1267398.0	0.5864493614012617	0.41355063859873825	0.01488887901353792	0.01871140197253203	0.7957115685609503	0.9999881318155773	0.9999881318155773	False	0.45070616659106305	1.1868254850127769e-05
ReplogleWeissman2022_K562_essential	SFPQ	collectri	300	10646	981125.0	0.3071967562151669	0.6928032437848332	0.14933733932170531	0.02740727206285401	5.448821720717954	1.9061873083812962e-30	9.721555272744611e-29	True	-1.6848549150787948	68.43244771639512
ReplogleWeissman2022_K562_essential	MAX	collectri	180	10646	592194.0	0.3090331266829482	0.6909668733170519	0.0636017815629776	0.01662663957140218	3.8252938177821973	6.790581015360175e-19	1.7315981589168447e-17	True	-1.235560424891342	41.83358025970462
ReplogleWeissman2022_K562_essential	SSRP1	collectri	534	10646	2337816.0	0.41122793389720674	0.5887720661027933	0.0819614517672013	0.04776386404293381	1.7159719677103191	2.0440872163337657e-12	3.474948267767402e-11	True	-0.6093744992009879	26.916069775058183
ReplogleWeissman2022_K562_essential	ATF5	collectri	141	10646	547560.0	0.3647759022467733	0.6352240977532266	0.02552294559919838	0.013071289515157134	1.952595845237964	1.6422214217692965e-08	2.093832312755853e-07	True	-0.7229277216319109	17.92463089318924
ReplogleWeissman2022_K562_essential	MYC	collectri	73	10646	274395.0	0.3530749217018933	0.6469250782981066	0.019677934186269067	0.006810336785147868	2.889421596474221	7.336826105158524e-06	7.483562627261695e-05	True	-3.776475049040125	11.822604219595679
ReplogleWeissman2022_K562_essential	MYBL2	collectri	103	10646	414693.0	0.37818388418823606	0.6218161158117639	0.015905015557235794	0.009582286724346451	1.6598350701429858	1.0135652878571205e-05	8.615304946785524e-05	True	-0.6699766000037627	11.499451361923807
ReplogleWeissman2022_K562_essential	SRF	collectri	123	10646	510620.0	0.3899475966392202	0.6100524033607798	0.015667344210931897	0.011421673321571176	1.3717205675408586	1.3132229215889085e-05	9.567767000147761e-05	True	-0.505332442639211	11.240441103718725
ReplogleWeissman2022_K562_essential	TFDP1	collectri	163	10646	713561.0	0.4112037240865834	0.5887962759134167	0.019166266505256175	0.015080025904338977	1.270970396658368	4.864579098215089e-05	0.00031011691751121195	True	-0.42793834800967295	9.930945269372012
ReplogleWeissman2022_K562_essential	GATA1	collectri	105	10646	441984.0	0.3953946485601567	0.6046053514398433	0.03414464306049356	0.00976653334573528	3.4960862623177738	0.00011004843802043764	0.0006236078154491466	True	-0.8016831496788637	9.114589943455204
ReplogleWeissman2022_K562_essential	NRF1	collectri	69	10646	290965.0	0.39610032481410995	0.60389967518589	0.01213593065582748	0.006439570695286981	1.8845869127129196	0.0014416575430522343	0.007352453469566395	True	-0.6792250410530574	6.541961755805111
ReplogleWeissman2022_K562_essential	BRD4	collectri	115	10646	532598.0	0.43502601507812694	0.5649739849218731	0.013915146704273403	0.010686739150636558	1.3020947276929227	0.008183655077107896	0.03733493948612912	True	-0.27307721719171457	4.805616397224413
ReplogleWeissman2022_K562_essential	SRSF2	collectri	69	10646	306469.0	0.41720643529447	0.58279356470553	0.010817124993296956	0.006439570695286981	1.6797897725098099	0.008784691643795087	0.03733493948612912	True	-0.4413066407466207	4.734744658267008
ReplogleWeissman2022_K562_essential	MZF1	collectri	128	10646	599578.0	0.43999653625774937	0.5600034637422506	0.014715209655077137	0.011880452942268424	1.238606787685946	0.009706285803785273	0.03807850584561915	True	-0.27430694512631115	4.634981582338959
ReplogleWeissman2022_K562_essential	HSF1	collectri	128	10646	603628.0	0.4429686032312606	0.5570313967687394	0.0146331054705808	0.011880452942268424	1.2316959245315433	0.013150755748823548	0.04790632451357149	True	-0.2608747163479799	4.3312760506163555
ReplogleWeissman2022_K562_essential	TFAM	collectri	82	10646	377083.0	0.43195314397254436	0.5680468560274556	0.01039110456606675	0.0076435495898583145	1.3594606071312696	0.016740971897858236	0.056919304452718	True	-0.3112283844684795	4.089896157191662
ReplogleWeissman2022_K562_essential	NFYB	collectri	28	10646	122519.0	0.41101620997826144	0.5889837900217385	0.0033491605974628517	0.0026231965523702454	1.2767478649042314	0.051672170735203964	0.16470504421846263	False	-0.22140836378837297	2.9628359260461696
ReplogleWeissman2022_K562_essential	ATF4	collectri	72	10646	342757.0	0.4471645584152629	0.5528354415847371	0.007653915043167602	0.006717671207314798	1.1393702976759772	0.06084462556462713	0.18240911303673926	False	-0.42528003481993976	2.7994317861341247
ReplogleWeissman2022_K562_essential	ZBTB17	collectri	159	10646	787051.0	0.46496395728989065	0.5350360427101093	0.01720281440770468	0.014715409532623786	1.169034023114774	0.06437968695414327	0.18240911303673926	False	-0.12616255713015048	2.742957115593889
ReplogleWeissman2022_K562_essential	DNMT1	collectri	170	10646	865726.0	0.47834922810003205	0.5216507718999679	0.017544358495699693	0.015717455621301776	1.1162340087616933	0.1659948520959047	0.44556512931006	False	-0.10826320426326644	1.795798502576913
ReplogleWeissman2022_K562_essential	E2F6	collectri	150	10646	764483.0	0.47872941323814894	0.5212705867618512	0.014571258002102959	0.013894034827713968	1.0487420092713569	0.18510269066391155	0.47201186119297445	False	-0.03963863448211466	1.6868445232365283
ReplogleWeissman2022_K562_essential	TBP	collectri	149	10646	768677.0	0.4845863272842811	0.5154136727157189	0.014563643845114025	0.01380268642890227	1.055131109449704	0.2587491854483894	0.620343956086272	False	-0.09671988072139903	1.3518960824330615
ReplogleWeissman2022_K562_essential	USF2	collectri	184	10646	954817.0	0.4874340434047489	0.5125659565952512	0.017903792077230002	0.01698984302862419	1.0537938488934833	0.2791427910804788	0.620343956086272	False	-0.07492027330887922	1.27603183209629
ReplogleWeissman2022_K562_essential	FOXL2	collectri	162	10646	839325.5	0.4866636863552763	0.5133363136447237	0.016087430137544222	0.014988897113249446	1.0732897834973947	0.2797629605879266	0.620343956086272	False	-0.05897595171954267	1.2738126036839035
ReplogleWeissman2022_K562_essential	YBX1	collectri	83	10646	426723.0	0.48292701144612266	0.5170729885538774	0.008064600961760805	0.007736042501631094	1.0424711291413453	0.29574314869020335	0.6284541909666821	False	-0.028145000423528722	1.218263942274634
ReplogleWeissman2022_K562_essential	KDM2A	collectri	115	10646	598772.0	0.4890769343864607	0.5109230656135393	0.011020380538906327	0.010686739150636558	1.0312201302536608	0.34324417006008945	0.7002181069225825	False	0.037282833022644485	1.0693132190082606
ReplogleWeissman2022_K562_essential	BRCA1	collectri	104	10646	544085.0	0.49141335134900793	0.508586648650992	0.010234774530633362	0.009674418604651163	1.05792140581066	0.38138697804138805	0.7292768883528153	False	0.0831008901393176	0.9639407289225784
ReplogleWeissman2022_K562_essential	HCFC1	collectri	54	10646	280886.0	0.48859596022849827	0.5114040397715017	0.0072425505062294546	0.005046728971962617	1.4350979706787994	0.3860877644220787	0.7292768883528153	False	-0.07288159980372085	0.9516905663925971
ReplogleWeissman2022_K562_essential	EWSR1	collectri	48	10646	251008.0	0.491201703300144	0.508798296699856	0.004696267149080528	0.0044884982233027865	1.046289185255566	0.41657964446718376	0.7407108753313737	False	0.07544870449115693	0.8756776124455421
ReplogleWeissman2022_K562_essential	YY1	collectri	82	10646	430930.0	0.49363553470214394	0.5063644652978561	0.012432425192867821	0.0076435495898583145	1.6265250910864144	0.4211885369531341	0.7407108753313737	False	-0.1685418654300945	0.86467471430364
ReplogleWeissman2022_K562_essential	CTCF	collectri	67	10646	354358.0	0.49679930237970393	0.5032006976202961	0.006560903256765167	0.006254083823392141	1.0490590535779885	0.46396593923546486	0.7887420967002903	False	0.07233830346498149	0.7679441362704131
ReplogleWeissman2022_K562_essential	CXXC1	collectri	117	10646	622695.0	0.4999229275952928	0.5000770724047072	0.010924621231139346	0.010870575118461396	1.0049717804337845	0.4988601952480773	0.7959033971301948	False	0.07111963484469	0.6954293923290537
ReplogleWeissman2022_K562_essential	E4F1	collectri	133	10646	707904.0	0.4999611559426464	0.5000388440573535	0.013414242954509398	0.012338806939419241	1.087158833132758	0.49939036682678883	0.7959033971301948	False	-0.008732361041785115	0.6943671908163238
ReplogleWeissman2022_K562_essential	GABPA	collectri	109	10646	581689.0	0.5012771304034594	0.49872286959654055	0.010407762885876453	0.010134821013482101	1.0269310994275345	0.5183320312590373	0.7983438979830814	False	0.0321762190978889	0.65713925508051
ReplogleWeissman2022_K562_essential	TAF1	collectri	78	10646	418295.0	0.5037343988593284	0.4962656011406716	0.008009575457092782	0.007273405445729205	1.101213938485423	0.5453206297927483	0.7983438979830814	False	-0.06553820776041765	0.6063813457599599
ReplogleWeissman2022_K562_essential	ENO1	collectri	69	10646	370368.0	0.5041942676980127	0.49580573230198727	0.006894246425706886	0.006439570695286981	1.0706065282818737	0.5478830672432912	0.7983438979830814	False	0.04658761513109031	0.6016933957459732
ReplogleWeissman2022_K562_essential	HDAC7	collectri	169	10646	907828.5	0.5045807131494786	0.4954192868505214	0.01809056965822541	0.015626444752658345	1.157689413335549	0.5810878154828634	0.823207738600723	False	-0.06609104934868179	0.542853388142139
ReplogleWeissman2022_K562_essential	GTF3A	collectri	87	10646	473050.0	0.5107417172495848	0.4892582827504151	0.009388560573777224	0.008105841796329078	1.158246214233919	0.6352035979228442	0.854982746983694	False	-0.03218984274117319	0.45380970482903715
ReplogleWeissman2022_K562_essential	SP2	collectri	116	10646	629135.0	0.5094474531473696	0.49055254685263044	0.01055736408559079	0.010778665675524995	0.9794685542166214	0.6370459683407916	0.854982746983694	False	0.05066071303498263	0.45091346221335465
ReplogleWeissman2022_K562_essential	UBTF	collectri	198	10646	1074972.5	0.5099712606053015	0.49002873939469854	0.017413232933825445	0.018258945038731097	0.9536823128000157	0.685070891369718	0.8866554054785569	False	-0.004165930841571637	0.3782329550240579
ReplogleWeissman2022_K562_essential	NANOG	collectri	125	10646	683045.0	0.5132782265639677	0.4867217734360323	0.011517041638563158	0.011605236282610714	0.9924004439117101	0.6954160042969074	0.8866554054785569	False	0.019453230181110434	0.36324504515363826
ReplogleWeissman2022_K562_essential	TADA2A	collectri	38	10646	215438.0	0.532540019972908	0.467459980027092	0.0036302748898557778	0.00355672032946462	1.020680445347872	0.7560402976796017	0.9326167468446329	False	-0.008126354188699643	0.27966060041420465
ReplogleWeissman2022_K562_essential	HMGA1	collectri	113	10646	626107.0	0.5204555618546332	0.47954443814536685	0.01027049826858879	0.010502834835951297	0.9778786802809449	0.773152150359271	0.9326167468446329	False	0.14552875372602328	0.25727941876821797
ReplogleWeissman2022_K562_essential	KAT5	collectri	118	10646	654759.0	0.5212103216931958	0.4787896783068042	0.010363434120001198	0.010962467484206614	0.9453559734550245	0.7863239238101807	0.9326167468446329	False	0.10722757757938556	0.24038645464289196
ReplogleWeissman2022_K562_essential	ARID3A	collectri	31	10646	181527.0	0.5500384818165841	0.4499615181834159	0.0025680930358819476	0.0029034372951203522	0.8845009465842437	0.832521139714669	0.9649676846692754	False	0.3389979735362602	0.18329666439928274
ReplogleWeissman2022_K562_essential	STAT5A	collectri	203	10646	1140221.0	0.5276021244362924	0.4723978755637076	0.018227079358983607	0.01871140197253203	0.9741161771705081	0.9114069347105609	0.9958647180348495	False	0.20620265984646058	0.09276579132617711
ReplogleWeissman2022_K562_essential	HDAC3	collectri	59	10646	349079.0	0.5557573943583489	0.444242605641651	0.004801558328388054	0.005511443250817375	0.8711979983965105	0.9304920648544036	0.9958647180348495	False	0.1848553143064574	0.07204173076595881
ReplogleWeissman2022_K562_essential	VHL	collectri	160	10646	910430.0	0.5344906537666729	0.46550934623332707	0.014294321793315157	0.014806588932074774	0.9654027581160224	0.9331950949939585	0.9958647180348495	False	0.10319013660922582	0.06914099496316499
ReplogleWeissman2022_K562_essential	HINFP	collectri	159	10646	906183.5	0.5353435370653282	0.4646564629346718	0.014041247346564392	0.014715409532623786	0.9541866514442028	0.9372844405033878	0.9958647180348495	False	0.1434805291340177	0.06476847770527583
ReplogleWeissman2022_K562_essential	NPM1	collectri	27	10646	179323.0	0.6238580304896292	0.37614196951037077	0.0020818401662132417	0.002529747962147475	0.8229437071849602	0.9870113101643985	0.9999748558123746	False	0.3557688353765004	0.013073780481181685
ReplogleWeissman2022_K562_essential	NFYC	collectri	21	10646	144122.0	0.6446507966327617	0.3553492033672383	0.0014757454307894366	0.0019686884784850473	0.7496084052490914	0.9891026611214178	0.9999748558123746	False	0.7374620569534346	0.010957149792667983
ReplogleWeissman2022_K562_essential	ZNF236	collectri	84	10646	561780.0	0.628203751912187	0.371796248087813	0.005976543018493966	0.00782851817334576	0.7634322212909554	0.9999748558123746	0.9999748558123746	False	0.8448341849744316	2.514450374583242e-05
ReplogleWeissman2022_K562_essential	ATF4	dorothea	72	10646	199607.0	0.26040949130607216	0.7395905086939278	0.024184209614212967	0.006717671207314798	3.600088314515758	1.1216912285723686e-12	3.0285663171453955e-11	True	-1.9462589018297707	27.516183544052613
ReplogleWeissman2022_K562_essential	NRF1	dorothea	69	10646	224778.0	0.30599776196816114	0.6940022380318389	0.016406589064908543	0.006439570695286981	2.5477768381231165	1.3173179506859884e-08	1.7783792334260844e-07	True	-1.2260221677241674	18.14508292991387
ReplogleWeissman2022_K562_essential	TFDP1	dorothea	163	10646	650638.0	0.3749430933476556	0.6250569066523444	0.022081707000843012	0.015080025904338977	1.4643016624055958	2.024224021669764e-08	1.8218016195027878e-07	True	-0.823498930862588	17.715494316008854
ReplogleWeissman2022_K562_essential	MYBL2	dorothea	103	10646	408638.0	0.37266195973144567	0.6273380402685543	0.017788721095486133	0.009582286724346451	1.8564171170425285	4.193229470338689e-06	2.830429892478615e-05	True	-0.8401428222025917	12.382039364266513
ReplogleWeissman2022_K562_essential	HSF1	dorothea	128	10646	529418.0	0.3885100624647755	0.6114899375352245	0.017747128371526248	0.011880452942268424	1.4938090708970608	7.019634396509867e-06	3.790602574115328e-05	True	-0.7359931728159113	11.86679942155203
ReplogleWeissman2022_K562_essential	SRF	dorothea	123	10646	538137.0	0.4109616345083233	0.5890383654916768	0.015626446035957066	0.011421673321571176	1.3681398159448914	0.0003357256582481735	0.0015107654621167809	True	-0.7106045699924265	7.999216224822292
ReplogleWeissman2022_K562_essential	MYC	dorothea	73	10646	300822.0	0.38707958999328324	0.6129204100067167	0.014562565308310379	0.006810336785147868	2.1383032539695748	0.0004333502337980048	0.0016714937589351615	True	-1.952480530919475	7.743964302870959
ReplogleWeissman2022_K562_essential	HINFP	dorothea	159	10646	750564.0	0.44340863252740864	0.5565913674725913	0.02003670759429471	0.014715409532623786	1.3616139972097758	0.007072366605303689	0.023869237292899952	True	-0.21043077322456413	4.951560116005139
ReplogleWeissman2022_K562_essential	USF2	dorothea	184	10646	899255.0	0.4590696444469856	0.5409303555530145	0.022328103891032097	0.01698984302862419	1.3142030714123785	0.028274339667790718	0.08482301900337216	True	-0.31056635794242465	3.5658006111769494
ReplogleWeissman2022_K562_essential	THAP1	dorothea	110	10646	538416.0	0.459768073369426	0.540231926630574	0.01635597285718632	0.010226850130159911	1.5993167641081456	0.07295624781874763	0.1969818691106186	False	-0.29719899610555317	2.617895362461389
ReplogleWeissman2022_K562_essential	SP2	dorothea	116	10646	572328.0	0.4634474984938491	0.536552501506151	0.014293903213265695	0.010778665675524995	1.3261291929410812	0.08750052200461772	0.21477400855678896	False	-0.16571071814880242	2.436110519869304
ReplogleWeissman2022_K562_essential	STAT5A	dorothea	203	10646	1039417.0	0.4809581803660849	0.5190418196339152	0.020647273668547274	0.01871140197253203	1.1034594681284207	0.17594314196855815	0.39587206942925585	False	0.0089961802723907	1.737594393134967
ReplogleWeissman2022_K562_essential	E2F6	dorothea	150	10646	770520.0	0.4825098628592899	0.5174901371407101	0.01429952996770748	0.013894034827713968	1.0291848368757996	0.23061489458867235	0.4789693964533964	False	-0.06759970681465473	1.4670060826490519
ReplogleWeissman2022_K562_essential	NANOG	dorothea	125	10646	644329.0	0.4841848581626902	0.5158151418373098	0.012235015392925395	0.011605236282610714	1.0542668063775955	0.27129183321373546	0.4904195434556309	False	-0.07388263987202663	1.3045601621893004
ReplogleWeissman2022_K562_essential	NFYB	dorothea	28	10646	139185.0	0.4669258742384799	0.5330741257615201	0.002984681631643603	0.0026231965523702454	1.137803276291565	0.27245530191979495	0.4904195434556309	False	-0.17987122207958445	1.3002807079853016
ReplogleWeissman2022_K562_essential	ZC3H8	dorothea	21	10646	106461.5	0.47619718561856456	0.5238028143814355	0.002287477900585892	0.0019686884784850473	1.1619298459785576	0.3529151169567072	0.5855800668143397	False	-0.14371512094076117	1.04152771284345
ReplogleWeissman2022_K562_essential	SNAPC4	dorothea	103	10646	540664.0	0.49306453583915927	0.5069354641608408	0.01041183934870976	0.009582286724346451	1.086571467565837	0.40414586499696836	0.5855800668143397	False	-0.038894507329432615	0.905979414211872
ReplogleWeissman2022_K562_essential	MAX	dorothea	180	10646	949893.0	0.49569634917652955	0.5043036508234704	0.03206277948207108	0.01662663957140218	1.928398059293897	0.4213955266220022	0.5855800668143397	False	-0.15064046288235192	0.8641833931833384
ReplogleWeissman2022_K562_essential	TBP	dorothea	149	10646	786492.0	0.49581718942867914	0.5041828105713209	0.014330189537354024	0.01380268642890227	1.0382174231928638	0.43029512518023594	0.5855800668143397	False	0.046956698752393944	0.8432839680880303
ReplogleWeissman2022_K562_essential	GABPA	dorothea	109	10646	574827.0	0.49536372363656417	0.5046362763634358	0.012931508984188794	0.010134821013482101	1.2759484323389954	0.43376301245506643	0.5855800668143397	False	0.07653724830187691	0.8352569482746492
ReplogleWeissman2022_K562_essential	ZNF24	dorothea	59	10646	315119.0	0.5016907758782642	0.49830922412173584	0.006104214494447195	0.005511443250817375	1.1075528163230037	0.5179000804843266	0.665871532051277	False	0.08617110615932451	0.6579729501471545
ReplogleWeissman2022_K562_essential	ARID3A	dorothea	31	10646	167987.0	0.5090114112221461	0.4909885887778539	0.003423957003245418	0.0029034372951203522	1.1792770620532687	0.5689000179337941	0.6981954765551109	False	0.10171599761523846	0.5640505757019041
ReplogleWeissman2022_K562_essential	CTCF	dorothea	67	10646	373557.0	0.5237157253372439	0.47628427466275614	0.006015552586818613	0.006254083823392141	0.9618599233222059	0.7486792407532837	0.865124615698464	False	0.34771030256821783	0.28944463718575125
ReplogleWeissman2022_K562_essential	ZBTB11	dorothea	145	10646	799241.0	0.5177537945286234	0.48224620547137664	0.01362813121811523	0.013437123528866649	1.0142149239633202	0.7689996583986346	0.865124615698464	False	0.08413099209419704	0.2626647536916313
ReplogleWeissman2022_K562_essential	YY1	dorothea	82	10646	487157.0	0.5580442442598388	0.44195575574016116	0.006933459901697292	0.0076435495898583145	0.907099485675714	0.9651409807789881	0.9999184045846163	False	0.20395690844438616	0.03548109424236042
ReplogleWeissman2022_K562_essential	THAP11	dorothea	62	10646	378928.0	0.5740881021495277	0.4259118978504724	0.005191732150153257	0.005790063503922301	0.8966623849006625	0.9780435671494432	0.9999184045846163	False	0.5773068458663282	0.022201062751946495
ReplogleWeissman2022_K562_essential	GATA1	dorothea	105	10646	678229.0	0.6067371603911149	0.39326283960888503	0.009593917611436315	0.00976653334573528	0.9823257927671603	0.9999184045846163	0.9999184045846163	False	0.7951234342550046	8.159874447066098e-05
ReplogleWeissman2022_K562_essential	RUVBL1	ensemble	191	10646	350830.0	0.1725348753261801	0.82746512467382	0.1392169729677526	0.017624803912521917	7.898923225400705	9.617659627213942e-55	1.0771778782479616e-52	True	-3.934896715437202	124.37857916158715
ReplogleWeissman2022_K562_essential	MAX	ensemble	180	10646	327917.0	0.17112165236812993	0.8288783476318701	0.11815178036747159	0.01662663957140218	7.106173190323596	3.4277844948704015e-52	1.9195593171274248e-50	True	-3.9979045357174012	118.5025107030715
ReplogleWeissman2022_K562_essential	SFPQ	ensemble	300	10646	981125.0	0.3071967562151669	0.6928032437848332	0.14933733932170531	0.02740727206285401	5.448821720717954	1.9061873083812962e-30	7.11643261795684e-29	True	-1.6848549150787948	68.43244771639512
ReplogleWeissman2022_K562_essential	PPARGC1B	ensemble	142	10646	508304.0	0.3362394921851228	0.6637605078148773	0.032666801469585706	0.013162773451983686	2.4817567200978212	9.403598346546339e-12	2.633007537032975e-10	True	-0.8787378914681966	25.38992869707882
ReplogleWeissman2022_K562_essential	SSRP1	ensemble	534	10646	2395385.0	0.4213544711980586	0.5786455288019414	0.08003829552596767	0.04776386404293381	1.675708134794604	4.046269888800243e-10	7.768142374595114e-09	True	-0.5932255285649126	21.62805548832808
ReplogleWeissman2022_K562_essential	CHEK1	ensemble	292	10646	1227537.0	0.3948801273357541	0.6051198726642459	0.04863095013709883	0.02669592247211556	1.8216620979437912	4.161504843533097e-10	7.768142374595114e-09	True	-0.6604941157588202	21.599974179845955
ReplogleWeissman2022_K562_essential	ATF5	ensemble	141	10646	547560.0	0.3647759022467733	0.6352240977532266	0.02552294559919838	0.013071289515157134	1.952595845237964	1.6422214217692965e-08	2.6275542748308744e-07	True	-0.7229277216319109	17.92463089318924
ReplogleWeissman2022_K562_essential	ATF4	ensemble	72	10646	239838.0	0.3128952971382053	0.6871047028617947	0.015015836862708904	0.006717671207314798	2.235274159646028	2.1151925119656026e-08	2.9612695167518436e-07	True	-1.4453601667970921	17.671534913390435
ReplogleWeissman2022_K562_essential	NRF1	ensemble	69	10646	229003.0	0.3117493948873769	0.688250605112623	0.01709019073010083	0.006439570695286981	2.6539332416381214	3.34752909108239e-08	4.16581398001364e-07	True	-1.3535365163161326	17.21245825501638
ReplogleWeissman2022_K562_essential	TFDP1	ensemble	163	10646	659483.0	0.3800402005880258	0.6199597994119742	0.021731570632630943	0.015080025904338977	1.4410831102337904	7.008949197467392e-08	7.850023101163479e-07	True	-0.8866534871573185	16.47349295464601
ReplogleWeissman2022_K562_essential	MYBL2	ensemble	103	10646	385469.0	0.3515327330197403	0.6484672669802597	0.017258415094086876	0.009582286724346451	1.8010747946246584	1.0274190770695928e-07	1.0460994239254036e-06	True	-1.041004620624296	16.091045743781457
ReplogleWeissman2022_K562_essential	SUPT5H	ensemble	340	10646	1553473.0	0.4291788686167685	0.5708211313832314	0.07175904563959136	0.030948479883488075	2.318661398225149	4.235230351914227e-06	3.9528816617866114e-05	True	-0.4893332954039789	12.372072838915804
ReplogleWeissman2022_K562_essential	HSF1	ensemble	128	10646	526721.0	0.3865308860135262	0.6134691139864739	0.018578593634032733	0.011880452942268424	1.563795061039599	4.927104582333334e-06	4.244890101702565e-05	True	-0.7106889861456513	12.220759048256031
ReplogleWeissman2022_K562_essential	MYC	ensemble	73	10646	277840.0	0.35750773973889477	0.6424922602611053	0.017880203089028678	0.006810336785147868	2.625450642620526	1.3182530900773942e-05	0.00010546024720619154	True	-3.5819485951062915	11.236618021469136
ReplogleWeissman2022_K562_essential	POLR2I	ensemble	209	10646	942156.0	0.42343823454593993	0.57656176545406	0.03551807896238042	0.019253800092123446	1.8447308475437294	7.324902689768483e-05	0.0005469260675027135	True	-0.38750632022783854	9.521645594828584
ReplogleWeissman2022_K562_essential	TRRAP	ensemble	404	10646	1913434.0	0.4448828454139797	0.5551171545860204	0.0507772946516629	0.03656108597285068	1.3888344205467202	8.271384320818178e-05	0.0005789969024572725	True	-0.4414682490764091	9.40012357927563
ReplogleWeissman2022_K562_essential	SRF	ensemble	123	10646	534123.0	0.40789624409488506	0.592103755905115	0.015530922490954686	0.011421673321571176	1.3597764577649676	0.00021735134945224062	0.0014319618316853502	True	-0.7308846829969956	8.433995391888795
ReplogleWeissman2022_K562_essential	RUVBL2	ensemble	14	10646	37545.0	0.2519054775770913	0.7480945224229085	0.010059846908610235	0.0013133208255159475	7.659854860413222	0.0006559448340745713	0.004081434523130666	True	-3.0129933074840016	7.329433866954837
ReplogleWeissman2022_K562_essential	NELFA	ensemble	87	10646	374204.0	0.4040198574393059	0.5959801425606941	0.011615035696369	0.008105841796329078	1.432921587691132	0.0010059863265240224	0.005930024661615289	True	-0.3949976994404892	6.901786799321392
ReplogleWeissman2022_K562_essential	MED1	ensemble	238	10646	1119682.0	0.4419074035776249	0.5580925964223752	0.03796470244725146	0.021866960676221976	1.7361673169574998	0.001069304941981445	0.005988107675096091	True	-0.3924558589114814	6.840746428514555
ReplogleWeissman2022_K562_essential	TAF12	ensemble	55	10646	227084.0	0.3878264136764982	0.6121735863235017	0.016572792855429615	0.005139706569479488	3.2244628426536783	0.002025132892250107	0.010800708758667238	True	-0.7531555285405298	6.202119954774392
ReplogleWeissman2022_K562_essential	CDK9	ensemble	135	10646	616993.0	0.42929912817194427	0.5707008718280557	0.015294859186603265	0.012522029496336146	1.2214361251168133	0.0023446429976397114	0.011936364351620349	True	-0.37350677349533495	6.055622128486041
ReplogleWeissman2022_K562_essential	BRD4	ensemble	115	10646	532598.0	0.43502601507812694	0.5649739849218731	0.013915146704273403	0.010686739150636558	1.3020947276929227	0.008183655077107896	0.039850842114612366	True	-0.27307721719171457	4.805616397224413
ReplogleWeissman2022_K562_essential	SRSF2	ensemble	69	10646	306469.0	0.41720643529447	0.58279356470553	0.010817124993296956	0.006439570695286981	1.6797897725098099	0.008784691643795087	0.040995227671043744	True	-0.4413066407466207	4.734744658267008
ReplogleWeissman2022_K562_essential	MZF1	ensemble	128	10646	599578.0	0.43999653625774937	0.5600034637422506	0.014715209655077137	0.011880452942268424	1.238606787685946	0.009706285803785273	0.04348416040095802	True	-0.27430694512631115	4.634981582338959
ReplogleWeissman2022_K562_essential	ZBTB17	ensemble	159	10646	757032.0	0.44722971512021525	0.5527702848797847	0.019281042830581678	0.014715409532623786	1.3102620615373273	0.011071687398589707	0.04769342264007873	True	-0.24788062392612445	4.503364114014274
ReplogleWeissman2022_K562_essential	TFAM	ensemble	82	10646	377083.0	0.43195314397254436	0.5680468560274556	0.01039110456606675	0.0076435495898583145	1.3594606071312696	0.016740971897858236	0.06944403157630083	True	-0.3112283844684795	4.089896157191662
ReplogleWeissman2022_K562_essential	CCND1	ensemble	146	10646	702494.5	0.45196375769148617	0.5480362423085139	0.022041535526874868	0.013528539659006671	1.629261995931737	0.02291767811845242	0.09167071247380967	True	-0.22424165160416185	3.7758466959996104
ReplogleWeissman2022_K562_essential	POLR2A	ensemble	382	10646	1914319.0	0.470721987856708	0.5292780121432921	0.04172445696871381	0.034639100471527025	1.2045479357355389	0.02573477494254487	0.09938947564017328	True	-0.14280872846461912	3.6599120911052885
ReplogleWeissman2022_K562_essential	SUPT16H	ensemble	90	10646	422763.0	0.44123301396455633	0.5587669860354437	0.011953971898198724	0.00838301043219076	1.4259760255451277	0.027236085505842403	0.1016813858884783	False	-0.47302567954125524	3.6032125119243417
ReplogleWeissman2022_K562_essential	CDK7	ensemble	17	10646	66961.0	0.3699870705374015	0.6300129294625985	0.0024020787843497065	0.0015942980399512331	1.5066685927953483	0.03177314600508702	0.11479330169579827	False	-0.5499060661177944	3.4491338112064827
ReplogleWeissman2022_K562_essential	USF2	ensemble	184	10646	910606.0	0.46486432952976825	0.5351356704702317	0.02063042453257838	0.01698984302862419	1.2142798787381732	0.0508329971126819	0.17791548989438666	False	-0.2546513652292398	2.979209585801404
ReplogleWeissman2022_K562_essential	POLR2F	ensemble	310	10646	1562207.5	0.47335891717622247	0.5266410828237775	0.03458833021688463	0.028294998174516247	1.2224185350199612	0.05461624565273423	0.18536422766988586	False	-0.14743543206812817	2.907423901059988
ReplogleWeissman2022_K562_essential	THAP1	ensemble	110	10646	535583.0	0.45734889757997027	0.5426511024200297	0.01749916582364945	0.010226850130159911	1.7111002509015771	0.061590235967201847	0.2028854831860767	False	-0.33530237029476767	2.7872519280321733
ReplogleWeissman2022_K562_essential	ATR	ensemble	138	10646	681534.0	0.46389744259938415	0.5361025574006157	0.01465187785736506	0.01279673590504451	1.144969933433513	0.07219345479695433	0.23101905535025385	False	-0.2630287933499619	2.628405890974455
ReplogleWeissman2022_K562_essential	RAD51	ensemble	237	10646	1200505.0	0.47580517949730133	0.5241948205026987	0.022403363532968793	0.02177708352476339	1.0287586722755249	0.10090454845937968	0.30103866271070984	False	-0.0944575035802268	2.293580273754754
ReplogleWeissman2022_K562_essential	LIN54	ensemble	303	10646	1543694.0	0.4785552949433587	0.5214447050566413	0.02779346102661218	0.027673760160745273	1.0043254283180751	0.10115204565892671	0.30103866271070984	False	-0.03130731165815488	2.291130491559769
ReplogleWeissman2022_K562_essential	POLR2E	ensemble	217	10646	1097034.5	0.47486929601217565	0.5251307039878244	0.02428409266844995	0.01997606554358833	1.2156594408173815	0.10213811770541942	0.30103866271070984	False	-0.19157911651373463	2.281429286506763
ReplogleWeissman2022_K562_essential	HINFP	ensemble	159	10646	798686.0	0.47183753427926983	0.5281624657207301	0.01679479642475031	0.014715409532623786	1.14130676332973	0.11104280150672469	0.31889214791674786	False	-0.062132578111011784	2.1978395528343713
ReplogleWeissman2022_K562_essential	E2F6	ensemble	150	10646	752984.0	0.4715285866366084	0.5284714133633915	0.014697994222296375	0.013894034827713968	1.0578636374927444	0.11517648920421392	0.32249416977179896	False	-0.10415075093743834	2.1612896383178613
ReplogleWeissman2022_K562_essential	POLR2K	ensemble	13	10646	58643.0	0.42372722149164005	0.57627277850836	0.0019386772556401598	0.0012196266066235107	1.5895662206052663	0.17055459644384197	0.4659052390661049	False	-0.21643681367838247	1.7686998197691717
ReplogleWeissman2022_K562_essential	SP2	ensemble	116	10646	587275.0	0.47555095972584815	0.5244490402741518	0.012981336830733815	0.010778665675524995	1.2043547152789424	0.18215175841865655	0.47499443936209707	False	-0.11781350928587118	1.702915101889524
ReplogleWeissman2022_K562_essential	CEBPZ	ensemble	113	10646	571729.5	0.47525390732154166	0.5247460926784583	0.0123524498842984	0.010502834835951297	1.176106268187314	0.18236393654080513	0.47499443936209707	False	-0.10446737222492958	1.7017509372236623
ReplogleWeissman2022_K562_essential	HCFC1	ensemble	54	10646	267751.0	0.46574787261430134	0.5342521273856987	0.00997563311230288	0.005046728971962617	1.9766532278081632	0.19224553843576447	0.4875445796434956	False	-0.2376973787700173	1.6489818779618262
ReplogleWeissman2022_K562_essential	DNMT1	ensemble	170	10646	870319.0	0.48088704954083833	0.5191129504591616	0.017159942577801842	0.015717455621301776	1.091776111302969	0.1958884471781902	0.4875445796434956	False	-0.07867638632972776	1.6302099288273326
ReplogleWeissman2022_K562_essential	TGS1	ensemble	160	10646	820960.0	0.48196505729851585	0.5180349427014841	0.01632835646177395	0.014806588932074774	1.1027763745370582	0.2164231751995941	0.5269433830946639	False	-0.06679974654570796	1.5305196434759976
ReplogleWeissman2022_K562_essential	FOXL2	ensemble	162	10646	836660.0	0.48511815717025814	0.5148818428297419	0.016333346335442686	0.014988897113249446	1.0896963407003983	0.2574671808140993	0.6013768052264921	False	-0.08540697495961698	1.356863020150318
ReplogleWeissman2022_K562_essential	POLR2L	ensemble	60	10646	303853.5	0.4756927484501221	0.5243072515498779	0.006698091605179393	0.005604334018307491	1.1951628120841764	0.25773291652563945	0.6013768052264921	False	-0.25500441932508366	1.3558314375226057
ReplogleWeissman2022_K562_essential	POLR2D	ensemble	246	10646	1279330.0	0.48849600369007634	0.5115039963099236	0.02484827256296877	0.022585383767903047	1.1001926209587636	0.26832014516355507	0.6111966720416993	False	-0.06182732349979522	1.3155744398983094
ReplogleWeissman2022_K562_essential	RAD51D	ensemble	142	10646	734351.5	0.485768310785245	0.5142316892147549	0.014183256119832375	0.013162773451983686	1.0775279367658568	0.2797588214059572	0.6111966720416993	False	-0.07662191210535482	1.2738273991113656
ReplogleWeissman2022_K562_essential	YBX1	ensemble	83	10646	426723.0	0.48292701144612266	0.5170729885538774	0.008064600961760805	0.007736042501631094	1.0424711291413453	0.29574314869020335	0.6111966720416993	False	-0.028145000423528722	1.218263942274634
ReplogleWeissman2022_K562_essential	NFYB	ensemble	28	10646	140355.0	0.47085088967016453	0.5291491103298355	0.0031755966968970775	0.0026231965523702454	1.2105828265242644	0.29682470498865376	0.6111966720416993	False	-0.26464590772507457	1.2146135333205965
ReplogleWeissman2022_K562_essential	ZNF24	ensemble	59	10646	301461.5	0.4799471115116046	0.5200528884883954	0.006329215211256487	0.005511443250817375	1.1483770989237405	0.29734404447407525	0.6111966720416993	False	0.034628925136910196	1.2128654117031386
ReplogleWeissman2022_K562_essential	GTF2H4	ensemble	115	10646	594888.0	0.4859044834148772	0.5140955165851228	0.012574544696119594	0.010686739150636558	1.1766493519560257	0.30125974784411025	0.6111966720416993	False	-0.13318178223052596	1.199782436712033
ReplogleWeissman2022_K562_essential	POLR2H	ensemble	73	10646	374985.5	0.48250870479361985	0.5174912952063802	0.008938719464686776	0.006810336785147868	1.312522382766816	0.3029669399837872	0.6111966720416993	False	0.13283962534137056	1.1941315883899826
ReplogleWeissman2022_K562_essential	CTDP1	ensemble	111	10646	574306.0	0.48599736313431596	0.514002636865684	0.012415655028498505	0.01031886213628335	1.2032000102843101	0.3055983360208496	0.6111966720416993	False	-0.12764933865996742	1.1854836666625483
ReplogleWeissman2022_K562_essential	TBP	ensemble	149	10646	775240.0	0.48872374789913847	0.5112762521008615	0.015219634594815746	0.01380268642890227	1.1026574191344696	0.3179367254852238	0.6247177763920186	False	-0.08887711565940072	1.1459028924619632
ReplogleWeissman2022_K562_essential	KDM2A	ensemble	115	10646	598772.0	0.4890769343864607	0.5109230656135393	0.011020380538906327	0.010686739150636558	1.0312201302536608	0.34324417006008945	0.6587748849858535	False	0.037282833022644485	1.0693132190082606
ReplogleWeissman2022_K562_essential	GTF2F2	ensemble	58	10646	299845.0	0.48560411227788325	0.5143958877221168	0.005825406568011945	0.005418535127055307	1.075088825931032	0.35244779121330616	0.6587748849858535	False	-0.0881240175677442	1.0428527777323617
ReplogleWeissman2022_K562_essential	ZC3H8	ensemble	21	10646	106461.5	0.47619718561856456	0.5238028143814355	0.002287477900585892	0.0019686884784850473	1.1619298459785576	0.3529151169567072	0.6587748849858535	False	-0.14371512094076117	1.04152771284345
ReplogleWeissman2022_K562_essential	ACTL6A	ensemble	53	10646	274560.0	0.48660317100230754	0.5133968289976925	0.005248131174608493	0.004953733993831199	1.0594293478704957	0.3680662634101385	0.6702359973999129	False	-0.013569909298322136	0.9994922934082062
ReplogleWeissman2022_K562_essential	YY1	ensemble	82	10646	427709.0	0.48994584018731413	0.5100541598126859	0.010464609799631245	0.0076435495898583145	1.369077243054195	0.3767048938536516	0.6702359973999129	False	-0.13350101378181123	0.9762931729863904
ReplogleWeissman2022_K562_essential	GTF2H3	ensemble	76	10646	396122.0	0.48958590822349884	0.5104140917765012	0.007021309749586211	0.007088229807871666	0.9905589886192546	0.377007748537451	0.6702359973999129	False	-0.045062684120085544	0.975489538595602
ReplogleWeissman2022_K562_essential	NELFE	ensemble	73	10646	382124.0	0.4916940956665183	0.5083059043334817	0.00768230167533041	0.006810336785147868	1.1280355021625572	0.40324233706875073	0.6794267564770663	False	-0.1331941719093549	0.9082175650866992
ReplogleWeissman2022_K562_essential	SNAPC4	ensemble	103	10646	540664.0	0.49306453583915927	0.5069354641608408	0.01041183934870976	0.009582286724346451	1.086571467565837	0.40414586499696836	0.6794267564770663	False	-0.038894507329432615	0.905979414211872
ReplogleWeissman2022_K562_essential	STAT5A	ensemble	203	10646	1070031.0	0.4951238652968945	0.5048761347031054	0.020936451983413307	0.01871140197253203	1.11891412595099	0.40579270454953015	0.6794267564770663	False	0.047380286626453376	0.9019128296979861
ReplogleWeissman2022_K562_essential	LIN52	ensemble	12	10646	61354.0	0.4802586260880456	0.5197413739119543	0.001371261697699782	0.001125914805779696	1.2179089311736897	0.40644279182110216	0.6794267564770663	False	-0.07366774838502553	0.9003120934255878
ReplogleWeissman2022_K562_essential	EWSR1	ensemble	48	10646	251008.0	0.491201703300144	0.508798296699856	0.004696267149080528	0.0044884982233027865	1.046289185255566	0.41657964446718376	0.679990276680603	False	0.07544870449115693	0.8756776124455421
ReplogleWeissman2022_K562_essential	BRCA1	ensemble	104	10646	547146.0	0.49417802280379775	0.5058219771962023	0.010641918177088008	0.009674418604651163	1.1000059654201546	0.4189225811693001	0.679990276680603	False	0.07239124987584752	0.8700691466111646
ReplogleWeissman2022_K562_essential	NANOG	ensemble	125	10646	663206.0	0.49837009205335336	0.5016299079466466	0.011869507636156476	0.011605236282610714	1.0227717339923312	0.4749862474709287	0.7599779959534859	False	-0.03765844654207651	0.7444694280594149
ReplogleWeissman2022_K562_essential	CXXC1	ensemble	117	10646	622695.0	0.4999229275952928	0.5000770724047072	0.010924621231139346	0.010870575118461396	1.0049717804337845	0.4988601952480773	0.7670459540379017	False	0.07111963484469	0.6954293923290537
ReplogleWeissman2022_K562_essential	E4F1	ensemble	133	10646	707904.0	0.4999611559426464	0.5000388440573535	0.013414242954509398	0.012338806939419241	1.087158833132758	0.49939036682678883	0.7670459540379017	False	-0.008732361041785115	0.6943671908163238
ReplogleWeissman2022_K562_essential	ELL	ensemble	83	10646	442277.0	0.5005296406365647	0.4994703593634353	0.007605842912389612	0.007736042501631094	0.9831697422533511	0.5066490262688511	0.7670459540379017	False	0.10517985485376982	0.6799367709906716
ReplogleWeissman2022_K562_essential	RBBP4	ensemble	89	10646	474603.0	0.5009034358001212	0.4990965641998788	0.007926254788841743	0.008290638099673963	0.9560488220024282	0.5117342668945577	0.7670459540379017	False	0.18726926673585775	0.6699497986464918
ReplogleWeissman2022_K562_essential	CDC6	ensemble	187	10646	997592.0	0.5011005614822569	0.4988994385177431	0.017128928298943913	0.017262069602141605	0.9922870602270556	0.5206130916574933	0.7670459540379017	False	0.02460850315093358	0.6527481394895045
ReplogleWeissman2022_K562_essential	NELFB	ensemble	136	10646	726307.5	0.5016434645434352	0.49835653545656466	0.014312542891729783	0.012613615284733816	1.1346899813134597	0.5263045182800863	0.7670459540379017	False	0.055067595682709136	0.641875301669541
ReplogleWeissman2022_K562_essential	CCNK	ensemble	320	10646	1707187.0	0.5011233679316175	0.4988766320683825	0.02982825482663855	0.029181105234360752	1.0221770075903698	0.5273440934010574	0.7670459540379017	False	-0.04440875705480795	0.6399020148511918
ReplogleWeissman2022_K562_essential	TAF1	ensemble	78	10646	418295.0	0.5037343988593284	0.4962656011406716	0.008009575457092782	0.007273405445729205	1.101213938485423	0.5453206297927483	0.7830244940613822	False	-0.06553820776041765	0.6063813457599599
ReplogleWeissman2022_K562_essential	POLR2C	ensemble	151	10646	810290.0	0.5040540052975155	0.49594599470248435	0.027364313789146617	0.01398536630545522	1.956639046234543	0.5680310288803534	0.8053098130961972	False	-0.11343327424951276	0.5655792334425762
ReplogleWeissman2022_K562_essential	ENO1	ensemble	69	10646	373265.0	0.5081380500807271	0.4918619499192729	0.0074542521792272925	0.006439570695286981	1.1575697405858034	0.5922845828568387	0.8221499405503965	False	-0.0590528711362434	0.5237680453190273
ReplogleWeissman2022_K562_essential	GTF2H2	ensemble	155	10646	834290.0	0.5055904686297443	0.4944095313702557	0.014834398229102066	0.01435052309971299	1.0337182920808479	0.5945905820051974	0.8221499405503965	False	-0.018538864333011155	0.5198822077544838
ReplogleWeissman2022_K562_essential	ASF1B	ensemble	283	10646	1522910.0	0.505476932227569	0.494523067772431	0.025100944603325348	0.025894409369567207	0.9693576804584548	0.6238922406759462	0.8473152086213354	False	-0.031867121564526084	0.471777616750001
ReplogleWeissman2022_K562_essential	GTF3A	ensemble	87	10646	473050.0	0.5107417172495848	0.4892582827504151	0.009388560573777224	0.008105841796329078	1.158246214233919	0.6352035979228442	0.8473152086213354	False	-0.03218984274117319	0.45380970482903715
ReplogleWeissman2022_K562_essential	POLR2B	ensemble	273	10646	1470994.0	0.5061296646868693	0.49387033531313074	0.02722097884095663	0.025002289586958514	1.0887394430930601	0.6354864064660015	0.8473152086213354	False	0.14711654339704766	0.4533645788788052
ReplogleWeissman2022_K562_essential	HDAC3	ensemble	59	10646	323064.0	0.5143397536116056	0.48566024638839445	0.005251262001350526	0.005511443250817375	0.9527925377026675	0.6482152512280794	0.8541189192652341	False	0.06292793789573314	0.4335324599675898
ReplogleWeissman2022_K562_essential	UBTF	ensemble	198	10646	1074972.5	0.5099712606053015	0.49002873939469854	0.017413232933825445	0.018258945038731097	0.9536823128000157	0.685070891369718	0.883488144930947	False	-0.004165930841571637	0.3782329550240579
ReplogleWeissman2022_K562_essential	GABPA	ensemble	109	10646	595859.0	0.513488289524256	0.486511710475744	0.011700183105922739	0.010134821013482101	1.1544538468275143	0.6862809697231463	0.883488144930947	False	0.012953951977639086	0.3764681582540582
ReplogleWeissman2022_K562_essential	TADA2A	ensemble	38	10646	215438.0	0.532540019972908	0.467459980027092	0.0036302748898557778	0.00355672032946462	1.020680445347872	0.7560402976796017	0.9515718773652566	False	-0.008126354188699643	0.27966060041420465
ReplogleWeissman2022_K562_essential	CTCF	ensemble	67	10646	374865.0	0.5255495021604358	0.47445049783956417	0.006064437302610998	0.006254083823392141	0.9696763704906212	0.7649051954694264	0.9515718773652566	False	0.3795317278465631	0.26800338032619314
ReplogleWeissman2022_K562_essential	ZBTB11	ensemble	145	10646	799241.0	0.5177537945286234	0.48224620547137664	0.01362813121811523	0.013437123528866649	1.0142149239633202	0.7689996583986346	0.9515718773652566	False	0.08413099209419704	0.2626647536916313
ReplogleWeissman2022_K562_essential	HMGA1	ensemble	113	10646	626107.0	0.5204555618546332	0.47954443814536685	0.01027049826858879	0.010502834835951297	0.9778786802809449	0.773152150359271	0.9515718773652566	False	0.14552875372602328	0.25727941876821797
ReplogleWeissman2022_K562_essential	HDAC7	ensemble	169	10646	931091.0	0.5175102574848236	0.4824897425151764	0.019443116465636824	0.015626444752658345	1.244244405774333	0.7829927397065488	0.9532085526862334	False	-0.026924491166812177	0.24463185543975233
ReplogleWeissman2022_K562_essential	SUPT4H1	ensemble	73	10646	411016.0	0.5288705771541952	0.4711294228458047	0.007024946662897547	0.006810336785147868	1.0315123736931344	0.8027697532032432	0.9667764769759487	False	0.25225845892527604	0.21968733939748486
ReplogleWeissman2022_K562_essential	POLR2G	ensemble	110	10646	617449.0	0.5272565026557137	0.47274349734428645	0.010240299448597655	0.010226850130159911	1.001315098810149	0.83772993927659	0.9981463106274264	False	0.2982974830067484	0.17705949860595918
ReplogleWeissman2022_K562_essential	ARID3A	ensemble	31	10646	183029.0	0.5545896383921267	0.4454103616078733	0.003975248472772008	0.0029034372951203522	1.3691525143157008	0.8534481165735097	0.9999748558123746	False	0.15348571375323616	0.15847052761293226
ReplogleWeissman2022_K562_essential	CCNH	ensemble	73	10646	421148.0	0.541907823119623	0.45809217688037696	0.006648697788849174	0.006810336785147868	0.9762656383380041	0.8917873397361271	0.9999748558123746	False	0.24096059731047953	0.11452758319349077
ReplogleWeissman2022_K562_essential	MCM5	ensemble	88	10646	506866.0	0.541033337318327	0.45896666268167297	0.009159651338783685	0.008198248555990311	1.1172692894375462	0.9085377848633749	0.9999748558123746	False	0.2015145275411399	0.09591880162730557
ReplogleWeissman2022_K562_essential	ERCC2	ensemble	115	10646	658227.5	0.5376401832899068	0.4623598167100932	0.00985999753659212	0.010686739150636558	0.922638552097981	0.9178462925996047	0.9999748558123746	False	0.28416253091689264	0.0857253396361613
ReplogleWeissman2022_K562_essential	NFYC	ensemble	21	10646	131672.0	0.5889625434994588	0.41103745650054124	0.0016783745243325967	0.0019686884784850473	0.8525343357645624	0.9208504331543346	0.9999748558123746	False	0.5998771188962368	0.08245765205529891
ReplogleWeissman2022_K562_essential	SIN3A	ensemble	299	10646	1669741.5	0.5245556765396836	0.4754443234603164	0.027730041930427104	0.027318410232983096	1.0150679228378752	0.9265539852493987	0.9999748558123746	False	0.08915149729706368	0.07628296701100745
ReplogleWeissman2022_K562_essential	KAT5	ensemble	118	10646	678259.0	0.539917116956476	0.46008288304352396	0.010080887529447871	0.010962467484206614	0.9195819776862448	0.9323810501454701	0.9999748558123746	False	0.21272713200746043	0.07001369576637201
ReplogleWeissman2022_K562_essential	VHL	ensemble	160	10646	910430.0	0.5344906537666729	0.46550934623332707	0.014294321793315157	0.014806588932074774	0.9654027581160224	0.9331950949939585	0.9999748558123746	False	0.10319013660922582	0.06914099496316499
ReplogleWeissman2022_K562_essential	NPM1	ensemble	27	10646	169069.0	0.5881847468358834	0.4118152531641166	0.0021933593804799637	0.002529747962147475	0.8670268395504686	0.9435478864038079	0.9999748558123746	False	0.34225317590995785	0.05810816145637723
ReplogleWeissman2022_K562_essential	THAP11	ensemble	62	10646	369627.0	0.5599967881318442	0.44000321186815583	0.005441890430243689	0.005790063503922301	0.9398671407588617	0.9486280207039153	0.9999748558123746	False	0.4610742858403554	0.052738526965946976
ReplogleWeissman2022_K562_essential	RBMX	ensemble	143	10646	821632.0	0.5397030172532709	0.46029698274672914	0.012024587409929628	0.01325424043006766	0.9072256892708446	0.948838628829834	0.9999748558123746	False	0.29430012227352315	0.05251653821390708
ReplogleWeissman2022_K562_essential	GTF2F1	ensemble	41	10646	251187.5	0.5754766475900717	0.42452335240992833	0.0035046515673784738	0.003836436792364555	0.9135173487944817	0.9526278919465959	0.9999748558123746	False	0.3414035507492357	0.04853091123445278
ReplogleWeissman2022_K562_essential	NELFCD	ensemble	199	10646	1145752.5	0.5408181712620967	0.4591818287379033	0.016900192300776516	0.01834946980175196	0.9210180175975945	0.975934141287634	0.9999748558123746	False	0.26132663626644875	0.02436017303469956
ReplogleWeissman2022_K562_essential	GATA1	ensemble	105	10646	626572.0	0.5605253034897972	0.43947469651020277	0.012416692783224235	0.00976653334573528	1.2713510867851787	0.9837349069910073	0.9999748558123746	False	0.7920795328674829	0.016398821689939357
ReplogleWeissman2022_K562_essential	GTF2H1	ensemble	403	10646	2299219.5	0.5359063784718127	0.4640936215281873	0.03775287204297566	0.0364738890397321	1.0350657151435187	0.9928753514137	0.9999748558123746	False	0.2613839106835384	0.007150150093413208
ReplogleWeissman2022_K562_essential	MNAT1	ensemble	83	10646	521713.0	0.5904282167180841	0.4095717832819159	0.0063828464349589805	0.007736042501631094	0.8250790289237939	0.9977632933006216	0.9999748558123746	False	0.6759915937763782	0.0022392118640507334
ReplogleWeissman2022_K562_essential	ERCC3	ensemble	163	10646	981725.0	0.5657385647882958	0.43426143521170424	0.013141333134808824	0.015080025904338977	0.8714396923567397	0.9980446388865111	0.9999748558123746	False	0.30830945183008857	0.001957275327758127
ReplogleWeissman2022_K562_essential	ZNF236	ensemble	84	10646	561780.0	0.628203751912187	0.371796248087813	0.005976543018493966	0.00782851817334576	0.7634322212909554	0.9999748558123746	0.9999748558123746	False	0.8448341849744316	2.514450374583242e-05
ReplogleWeissman2022_K562_gwps	SREBF2	causalpath	188	74615	2922598.0	0.20834596317835813	0.7916540368216419	0.00826765708622851	0.0025132681844311057	3.2896040054316553	7.805666644924926e-44	1.7640806617530333e-41	True	-1.8835437674391988	99.25889412887162
ReplogleWeissman2022_K562_gwps	MAX	causalpath	209	74615	4182666.0	0.2682135761021409	0.7317864238978591	0.009760490411321042	0.0027932214262803377	3.494348969075051	2.274204944562075e-31	2.569851587355145e-29	True	-2.9751812120244483	70.55850736641086
ReplogleWeissman2022_K562_gwps	ESRRA	causalpath	204	74615	5888695.5	0.3868679811266462	0.6131320188733538	0.004053677658048434	0.0027265801467541667	1.4867260230270871	1.1367347861868656e-08	8.563402055941054e-07	True	-0.5017181947858691	18.292520813924078
ReplogleWeissman2022_K562_gwps	ATR	causalpath	74	74615	1754188.5	0.31770086443744555	0.6822991355625545	0.002613730155107423	0.0009907750806678359	2.6380661020921394	2.8132371058139924e-08	1.5894789647849057e-06	True	-1.112777670719413	17.386344928692136
ReplogleWeissman2022_K562_gwps	STAT5B	causalpath	126	74615	3450585.0	0.3670253332184579	0.632974666781542	0.002911433015395171	0.0016858217042854658	1.7270112301877023	1.1941918759007823e-07	5.397747279071536e-06	True	-0.6992829755791216	15.940625948814377
ReplogleWeissman2022_K562_gwps	RUVBL1	causalpath	63	74615	1502128.0	0.31955104988677324	0.6804489501132267	0.004457418125394207	0.0008436219502396958	5.283667789971247	3.53562653820346e-07	1.3317526627233032e-05	True	-3.8962611703964547	14.855205128784702
ReplogleWeissman2022_K562_gwps	TFDP1	causalpath	315	74615	9916972.0	0.4219319278114427	0.5780680721885574	0.00483983978728652	0.004203923662084612	1.1512672865440603	8.354649487593377e-07	2.6973582631372903e-05	True	-0.4586984284814978	13.995277442203513
ReplogleWeissman2022_K562_gwps	MYC	causalpath	98	74615	2657846.0	0.36347755211445965	0.6365224478855404	0.0020587073693035525	0.0013116860519588292	1.5695122824773091	1.4439229767895594e-06	4.079082409430505e-05	True	-1.2026534241625841	13.448146859089713
ReplogleWeissman2022_K562_gwps	TRRAP	causalpath	308	74615	9782320.0	0.4256621218358135	0.5743378781641866	0.00600882887572602	0.004110887177502236	1.4616866423896773	3.241053296623266e-06	8.13864494485398e-05	True	-0.696611730690007	12.639612189440454
ReplogleWeissman2022_K562_gwps	MYB	causalpath	181	74615	5495279.0	0.4068975066483085	0.5931024933516915	0.0055839667745387015	0.0024199155035028613	2.307504855626501	7.3301378572090426e-06	0.00016566111557292436	True	-0.7327286739849629	11.82351623498349
ReplogleWeissman2022_K562_gwps	NCOA6	causalpath	263	74615	8555379.5	0.4359707843737268	0.5640292156262732	0.004449109119428703	0.003512380138358396	1.2666935081543058	0.0001648930769349398	0.003387803217026945	True	-0.3167023354264162	8.710213312694604
ReplogleWeissman2022_K562_gwps	YY1	causalpath	176	74615	5555820.0	0.4230671995029028	0.5769328004970973	0.0028515112939541155	0.002353224318434036	1.2117464840120582	0.00020670295805869126	0.003892905710105352	True	-0.26528686582653016	8.48422778049994
ReplogleWeissman2022_K562_gwps	SP1	causalpath	197	74615	6427542.0	0.4372728908566513	0.5627271091433487	0.0035432086823999824	0.0026332673902582475	1.3455559794299872	0.0011602585396911819	0.0201706484592467	True	-0.5795238848975437	6.759112419653586
ReplogleWeissman2022_K562_gwps	CARM1	causalpath	155	74615	4973211.5	0.43001052715768906	0.5699894728423109	0.002835204275846264	0.002073023940082921	1.3676659593872589	0.0012834821761724532	0.020719069415355316	True	-0.31951782148232905	6.6581784446428
ReplogleWeissman2022_K562_gwps	POLR2I	causalpath	105	74615	3264414.5	0.41666771969124045	0.5833322803087595	0.00210158398110274	0.0014052462526766595	1.4955271911237784	0.001558660605763809	0.023483819793508054	True	-0.4919558166657281	6.463928412565644
ReplogleWeissman2022_K562_gwps	HIF1A	causalpath	162	74615	5260022.0	0.4351574295374693	0.5648425704625307	0.006048250899678407	0.002166441552883908	2.7917904785509395	0.002146141222837225	0.029299563353892447	True	-0.5536836802014011	6.144083829465769
ReplogleWeissman2022_K562_gwps	ARNT	causalpath	93	74615	2877766.0	0.41471179293851806	0.5852882070614819	0.001685887184031102	0.0012448466027734648	1.3542931155332856	0.0022039494558237682	0.029299563353892447	True	-0.5472949035268049	6.117504320883757
ReplogleWeissman2022_K562_gwps	ATF6	causalpath	127	74615	4055169.5	0.4279363198276085	0.5720636801723915	0.0024286705275110743	0.001699178507398785	1.4293204139152182	0.0024706033212901018	0.031019797256197943	True	-0.5195903216628996	6.003292898537158
ReplogleWeissman2022_K562_gwps	NELFE	causalpath	139	74615	4485216.5	0.4324565382874294	0.5675434617125705	0.0028412404771534444	0.001859432271182813	1.5280150404973278	0.0029246679173499796	0.03478815522742607	True	-0.35612272351427765	5.834574337273544
ReplogleWeissman2022_K562_gwps	LIN9	causalpath	56	74615	1661112.0	0.39754358085792785	0.6024564191420723	0.0009987276886011362	0.0007499564757402472	1.3317142006345615	0.003964757294583638	0.04463071995212282	True	-0.4434930907755379	5.530310637727584
ReplogleWeissman2022_K562_gwps	CTDP1	causalpath	113	74615	3610875.0	0.42826035003282337	0.5717396499671766	0.0022601756969110073	0.0015121507333261963	1.4946761900775731	0.004147102296436191	0.04463071995212282	True	-0.44982328562910906	5.48534543044649
ReplogleWeissman2022_K562_gwps	RBL1	causalpath	253	74615	8566630.0	0.4537988022308986	0.5462011977691014	0.003979227627992145	0.003379280867660416	1.177536814436822	0.005521103369128961	0.05671678915559751	True	-0.30127437524940115	5.199177552955852
ReplogleWeissman2022_K562_gwps	E2F3	causalpath	385	74615	13296343.5	0.4628554197260222	0.5371445802739778	0.005967216896491018	0.0051333333333333335	1.1624448499657827	0.005897275404508801	0.05728720923335768	True	-0.28380866163136675	5.1332648305769695
ReplogleWeissman2022_K562_gwps	TFAP2A	causalpath	282	74615	9612097.0	0.4568176687611061	0.5431823312388939	0.004611023421431591	0.0037651708346128684	1.2246518482090845	0.00608359744071055	0.05728720923335768	True	-0.21348304409829125	5.102159073652823
ReplogleWeissman2022_K562_gwps	SUPT5H	causalpath	129	74615	4211994.0	0.43759453567070655	0.5624054643292934	0.002802564898170163	0.001725891041421385	1.6238365174327958	0.0070774247908960124	0.06397992010969995	True	-0.34859777997975383	4.95084516754178
ReplogleWeissman2022_K562_gwps	E2F6	causalpath	304	74615	10469839.0	0.46157287232354155	0.5384271276764584	0.004856044087396536	0.004057715666252886	1.1967433124462536	0.01027318922225797	0.08929772170116543	True	-0.2713212523654557	4.578217765540835
ReplogleWeissman2022_K562_gwps	LIN52	causalpath	15	74615	371006.0	0.33148473273917217	0.6685152672608278	0.00041856246816743845	0.00020099155835454912	2.0824877999557287	0.011888738222817101	0.09951314216135795	True	-0.909336543909726	4.432163694783911
ReplogleWeissman2022_K562_gwps	USF2	causalpath	405	74615	14145598.5	0.46810163779003827	0.5318983622099618	0.006118868894735695	0.005398560383897627	1.1334260357606711	0.013286750782115348	0.10724305988421674	False	-0.18819168286565124	4.320987922069128
ReplogleWeissman2022_K562_gwps	FOXM1	causalpath	220	74615	7555071.0	0.46024568542761934	0.5397543145723807	0.003118404526064826	0.002939800895303	1.0607536486730058	0.020695396254151364	0.16128136391166234	False	-0.36468634557104845	3.877844006627162
ReplogleWeissman2022_K562_gwps	CREBBP	causalpath	147	74615	4959780.0	0.45218789787576225	0.5478121021242378	0.002332256187496184	0.0019662395334528234	1.1861505924461886	0.022421841783380962	0.1689112081014699	False	-0.25161899971030677	3.797719715587246
ReplogleWeissman2022_K562_gwps	CEBPA	causalpath	88	74615	2884367.0	0.4392802751091969	0.560719724890803	0.0015749038328211938	0.0011779982062300042	1.3369322843550187	0.024305875903009058	0.17376485158709745	False	-0.328891052523051	3.7170371511579727
ReplogleWeissman2022_K562_gwps	ATF4	causalpath	103	74615	3417054.0	0.4446194673108364	0.5553805326891637	0.001509591910358935	0.001378516555582323	1.0950843529922223	0.02584875316318774	0.17376485158709745	False	-0.452221160711753	3.6554929127233624
ReplogleWeissman2022_K562_gwps	TFDP2	causalpath	192	74615	6584333.0	0.4596046510978579	0.5403953489021421	0.0030341684700848767	0.0025666047295039235	1.1821720871960384	0.026404944704802952	0.17376485158709745	False	-0.24115112426276092	3.63420398694386
ReplogleWeissman2022_K562_gwps	ELK1	causalpath	143	74615	4836252.5	0.4532593654419025	0.5467406345580976	0.002211606019871434	0.0019128387597314	1.1561905093255151	0.026533086390298933	0.17376485158709745	False	-0.2514538550885357	3.6293627817415004
ReplogleWeissman2022_K562_gwps	AGO3	causalpath	186	74615	6372037.0	0.4591337323709739	0.5408662676290261	0.002830944248750311	0.0024865977727570486	1.1384809717783442	0.026910485865258453	0.17376485158709745	False	-0.19134095018274874	3.615239259212765
ReplogleWeissman2022_K562_gwps	GTF2F2	causalpath	61	74615	1956846.0	0.42993289047712685	0.5700671095228731	0.0014437663146614388	0.000816862177942043	1.7674539887484852	0.02905109616143967	0.18237632590237127	False	-0.5202496244591948	3.5386990627837305
ReplogleWeissman2022_K562_gwps	NRF1	causalpath	109	74615	3643177.0	0.4479480292412365	0.5520519707587636	0.0017688850552855977	0.0014587013543172207	1.212643732762945	0.02997657757329603	0.18310017652878116	False	-0.2597836406444158	3.5073389498188865
ReplogleWeissman2022_K562_gwps	EPAS1	causalpath	228	74615	7903449.5	0.464574846786604	0.5354251532133961	0.003482306759329005	0.0030463770826931044	1.1430977403002662	0.03214684303383653	0.18855231038493642	False	-0.1569644979414888	3.43744102802394
ReplogleWeissman2022_K562_gwps	LIN54	causalpath	673	74615	24072532.5	0.4793807319375668	0.5206192680624332	0.00952138557532877	0.008939007544362979	1.0651501889975519	0.03253778807527664	0.18855231038493642	False	-0.14862681483685292	3.425353155061718
ReplogleWeissman2022_K562_gwps	ERG	causalpath	440	74615	15605930.0	0.47534708473192694	0.5246529152680731	0.008582579992330572	0.005862367597095464	1.4640125939190252	0.037041568676437736	0.2092848630218732	False	-0.13201375599964632	3.2957145192251827
ReplogleWeissman2022_K562_gwps	ERCC3	causalpath	267	74615	9343059.0	0.46897715388432154	0.5310228461156784	0.003955538461632863	0.00356560989289816	1.1093581688539027	0.03980466056847037	0.2180026599776999	False	-0.1956453706941512	3.22377127383707
ReplogleWeissman2022_K562_gwps	SSRP1	causalpath	314	74615	11047228.5	0.4715172065861657	0.5284827934138343	0.005344910265948534	0.0041906337999973306	1.2754419787173812	0.04051376866842211	0.2180026599776999	False	-0.15093433832457667	3.206113395523838
ReplogleWeissman2022_K562_gwps	POLR2F	causalpath	176	74615	6088362.5	0.46361949674998326	0.5363805032500167	0.0033288971782097047	0.002353224318434036	1.4146110730425114	0.04746557289673126	0.24653093877473548	False	-0.2584021817378343	3.0477506118438056
ReplogleWeissman2022_K562_gwps	CTNNB1	causalpath	39	74615	1231021.0	0.4230334520624677	0.5769665479375323	0.0008963800598900145	0.0005224100517052	1.7158553074622858	0.04799717392074496	0.24653093877473548	False	-0.4463407533708423	3.036613146458691
ReplogleWeissman2022_K562_gwps	AR	causalpath	265	74615	9307926.5	0.4707398102713426	0.5292601897286575	0.0037014725830354523	0.0035389957264957265	1.0459104415762064	0.04976967828377779	0.24995438426963956	False	-0.1063337305667717	3.0003493501916827
ReplogleWeissman2022_K562_gwps	CEBPB	causalpath	167	74615	5784883.0	0.4642500564775428	0.5357499435224572	0.0025898083687764142	0.0022331577117488165	1.1597068828373522	0.05495657290004876	0.2700040320741526	False	-0.1580119645030888	2.901211989270486
ReplogleWeissman2022_K562_gwps	SPI1	causalpath	82	74615	2752811.5	0.4499212216205791	0.5500787783794209	0.0012710056418069825	0.0010977683173353683	1.1578086393421483	0.058203560562386895	0.2798724401510519	False	-0.17588772391785673	2.8438087480681604
ReplogleWeissman2022_K562_gwps	FOSL1	causalpath	189	74615	6596038.0	0.4677299732985587	0.5322700267014413	0.0029258406586609637	0.0025266028554622746	1.1580136752935173	0.06225131442444075	0.2930999387484085	False	-0.11511185759424666	2.7765756286081835
ReplogleWeissman2022_K562_gwps	NFE2L2	causalpath	139	74615	4800974.0	0.46290131066091306	0.537098689339087	0.002224628975618868	0.001859432271182813	1.1964022621828263	0.06504692052855504	0.3000123273357845	False	-0.31441062036965145	2.7326464152125305
ReplogleWeissman2022_K562_gwps	CHEK1	causalpath	196	74615	6862804.0	0.46926631538496255	0.5307336846150374	0.0029047614862985197	0.002619935570972183	1.1087148548544825	0.06827957282049193	0.30862366914862355	False	-0.14950090745715536	2.6841446373658613
ReplogleWeissman2022_K562_gwps	RAD51	causalpath	239	74615	8436301.0	0.4730728478715145	0.5269271521284855	0.0035056713357296135	0.003192882143906805	1.097964527885793	0.07474130187686272	0.3312065534151172	False	-0.15315955994577138	2.593722436333358
ReplogleWeissman2022_K562_gwps	RBL2	causalpath	558	74615	20104578.5	0.482874898793496	0.517125101206504	0.007603030982424611	0.0074228778949888925	1.0242699785695435	0.0813390026522185	0.3535118192192573	False	-0.14157231199411868	2.509129640045916
ReplogleWeissman2022_K562_gwps	PITX1	causalpath	212	74615	7485043.0	0.4731864451353426	0.5268135548646574	0.0031793157369011888	0.0028332019190933752	1.1221634841750248	0.08781095873986094	0.37443918255110514	False	-0.08460593490439129	2.4325689713249914
ReplogleWeissman2022_K562_gwps	SMARCD3	causalpath	561	74615	20264411.0	0.4841110331908192	0.5158889668091807	0.00791546880702448	0.007462488028094073	1.0607010392814122	0.09700847305815186	0.4015690623164969	False	-0.0614674231003622	2.332956953178673
ReplogleWeissman2022_K562_gwps	GTF2H3	causalpath	120	74615	4171199.5	0.46585801559114565	0.5341419844088543	0.001767663514174875	0.0016056733792734327	1.1008861060988275	0.09772698419206782	0.4015690623164969	False	-0.03463525352925929	2.3255775636763625
ReplogleWeissman2022_K562_gwps	GTF2H2	causalpath	370	74615	13285851.5	0.48123978766677955	0.5187602123332204	0.0056579312558699005	0.004934320197372808	1.1466485816794716	0.1062059029266017	0.42861667966807115	False	-0.06715606001300511	2.2423755886059724
ReplogleWeissman2022_K562_gwps	GATA1	causalpath	46	74615	1536474.0	0.4476527333063348	0.5523472666936652	0.004108634670218531	0.0006161181875410188	6.668582024199689	0.10944375340500367	0.4339348819215935	False	-0.4169051100751863	2.2123445292321575
ReplogleWeissman2022_K562_gwps	POLR2L	causalpath	77	74615	2648448.5	0.4609721244379155	0.5390278755620845	0.0012513618734401797	0.0010309002302790124	1.213853520142778	0.1178640440639851	0.4592633441113902	False	-0.22274186898409307	2.138223487722668
ReplogleWeissman2022_K562_gwps	POLR2G	causalpath	39	74615	1299720.0	0.44664147753338934	0.5533585224666107	0.0012725969918008786	0.0005224100517052	2.4360116878436613	0.12424642324520319	0.4683008447591899	False	-0.6143742851809179	2.0854884011786736
ReplogleWeissman2022_K562_gwps	NELFCD	causalpath	421	74615	15195177.0	0.48372387599176964	0.5162761240082303	0.007657977274737659	0.005610640226024841	1.3649025719411283	0.12432765790066991	0.4683008447591899	False	-0.11165154851911102	2.084834795959785
ReplogleWeissman2022_K562_gwps	ZBTB17	causalpath	315	74615	11316292.5	0.4814680438951698	0.5185319561048303	0.007938188517539635	0.004203923662084612	1.8882808432356981	0.12771416313237643	0.46928053182057783	False	-0.09339399657371573	2.0579606126780043
ReplogleWeissman2022_K562_gwps	GABPA	causalpath	193	74615	6862958.0	0.47657130437107376	0.5234286956289264	0.002810502827147616	0.0025799379745481766	1.089368370431393	0.13007465774954363	0.46928053182057783	False	-0.11726130890245634	2.039646702987062
ReplogleWeissman2022_K562_gwps	POLR2K	causalpath	18	74615	568940.0	0.42361157646287984	0.5763884235371203	0.0004148397276896266	0.00024118017498961586	1.7200407442588834	0.1308171394013115	0.46928053182057783	False	-0.6346837724879425	2.0339548133651753
ReplogleWeissman2022_K562_gwps	HIC1	causalpath	221	74615	7894136.5	0.47872511774621035	0.5212748822537896	0.0030993387694128955	0.0029531241648404513	1.0495118377727757	0.13696323488027756	0.48365142317098014	False	-0.04649559631452775	1.988042747706728
ReplogleWeissman2022_K562_gwps	ERCC2	causalpath	124	74615	4367624.5	0.4720602858112504	0.5279397141887495	0.0028312839518618866	0.0016591070257830584	1.7065107361145608	0.1407713823655169	0.489451267917028	False	-0.010755318059107732	1.9606181061612338
ReplogleWeissman2022_K562_gwps	HSF1	causalpath	234	74615	8380236.5	0.4799702003045835	0.5200297996954165	0.004219390241655012	0.0031262942724685702	1.3496458982804955	0.14463564178974075	0.49526750067396075	False	-0.159390298649005	1.9335375142237803
ReplogleWeissman2022_K562_gwps	RBMX	causalpath	88	74615	3072078.0	0.4678680864802958	0.5321319135197041	0.0014753802186177676	0.0011779982062300042	1.2524469144477623	0.14833723056798775	0.5003614046024661	False	-0.26825057717170253	1.9082670123370964
ReplogleWeissman2022_K562_gwps	ACTL6A	causalpath	59	74615	2030151.0	0.46115846656906584	0.5388415334309342	0.0008845798380048486	0.0007901009722259421	1.1195782173419333	0.15078143433097108	0.5011265317470509	False	-0.07227873705799334	1.8919239455036023
ReplogleWeissman2022_K562_gwps	TBL1XR1	causalpath	73	74615	2540386.0	0.4663915863992238	0.5336084136007764	0.0011440585142503954	0.0009773993144815767	1.1705129083881305	0.1600572208320662	0.5242453899716951	False	-0.17121320158999753	1.8322238974823337
ReplogleWeissman2022_K562_gwps	POLR2C	causalpath	77	74615	2692199.0	0.4685870585890689	0.531412941410931	0.0014282139171778083	0.0010309002302790124	1.3854045961278554	0.16994635407762454	0.5486839431649021	False	-0.25876307889604144	1.7722724559820175
ReplogleWeissman2022_K562_gwps	NELFA	causalpath	154	74615	5496671.5	0.47835786474465025	0.5216421352553497	0.002649024621461312	0.0020596771389212107	1.2861358566366288	0.17633016189023376	0.5612762899604624	False	-0.11907590034904056	1.735397121453308
ReplogleWeissman2022_K562_gwps	RUNX1	causalpath	179	74615	6413057.0	0.4801599420788352	0.5198400579211648	0.0034925732349922584	0.0023932400994732196	1.459349287921849	0.17920240891905193	0.5624964502181352	False	-0.21970603031039043	1.7192393359030202
ReplogleWeissman2022_K562_gwps	TCEA1	causalpath	115	74615	4084283.5	0.4759834978979049	0.524016502102095	0.001707828538251967	0.001538873277131005	1.1097915362049522	0.18632391442290658	0.572128429262222	False	-0.09129498859802002	1.680268644487053
ReplogleWeissman2022_K562_gwps	JUN	causalpath	212	74615	7631823.0	0.4824655242825119	0.5175344757174882	0.0033663974766373764	0.0028332019190933752	1.1881953961525706	0.18857921721007814	0.572128429262222	False	-0.20556319256963226	1.6682371099232172
ReplogleWeissman2022_K562_gwps	KAT5	causalpath	236	74615	8513452.0	0.4834677900226814	0.5165322099773186	0.0034654676025409055	0.003152930488570627	1.0991259132109716	0.18986562917994093	0.572128429262222	False	-0.15233730122065875	1.6614386718584515
ReplogleWeissman2022_K562_gwps	APC	causalpath	357	74615	12967669.5	0.4868190605331458	0.5131809394668543	0.00501683693653739	0.004761777730352665	1.0535638622019083	0.19471279757190707	0.5790143717269868	False	-0.07225639713315402	1.6362296390675926
ReplogleWeissman2022_K562_gwps	STAT3	causalpath	170	74615	6103901.0	0.4812075319975876	0.5187924680024124	0.002389567334786102	0.0022731831249582137	1.051198783129286	0.19827060447710565	0.5819370988548815	False	-0.01567247069336785	1.6181224920790347
ReplogleWeissman2022_K562_gwps	POLR2H	causalpath	43	74615	1486767.0	0.4633917676631515	0.5366082323368486	0.0008245824275735995	0.0005759597096091511	1.4316668576230183	0.20289152742784505	0.5878651948550383	False	-0.2664333826680033	1.595083790401014
ReplogleWeissman2022_K562_gwps	RBBP4	causalpath	141	74615	5064627.0	0.4813957036190031	0.5186042963809969	0.002047016861366313	0.0018861362298678366	1.0852964006262418	0.22226984665876387	0.6307470147232634	False	-0.02840300594152964	1.5038631097729367
ReplogleWeissman2022_K562_gwps	BCL6	causalpath	151	74615	5432978.5	0.4822085380449664	0.5177914619550336	0.002298277221577858	0.002019634593264318	1.1379668526390074	0.2246544733857756	0.6307470147232634	False	-0.05313782266970456	1.4931917309743696
ReplogleWeissman2022_K562_gwps	NFKBIA	causalpath	253	74615	9182343.5	0.48641490083879857	0.5135850991612014	0.0036772991441963443	0.003379280867660416	1.0881898510975965	0.22606419554240859	0.6307470147232634	False	-0.11308949657759436	1.4869362689721148
ReplogleWeissman2022_K562_gwps	GTF2H1	causalpath	201	74615	7273269.0	0.48496170891171697	0.515038291088283	0.003543015123273237	0.0026865911035072712	1.3187772112577638	0.2303783492040961	0.6349452063429966	False	-0.04354230922429476	1.4680323250442349
ReplogleWeissman2022_K562_gwps	SUPT4H1	causalpath	142	74615	5114448.0	0.48270775898438273	0.5172922410156172	0.002164988642765251	0.0018994876733951335	1.1397750420225483	0.2378710764444762	0.6433917562701827	False	-0.10813819923967992	1.4360264476921802
ReplogleWeissman2022_K562_gwps	ASF1B	causalpath	678	74615	24898677.0	0.49217600200201744	0.5078239979979826	0.00905697356402232	0.009004821165314173	1.005791608489576	0.23913675896767855	0.6433917562701827	False	-0.05031948411209407	1.430719677448319
ReplogleWeissman2022_K562_gwps	GTF2H5	causalpath	97	74615	3476473.0	0.4803314056831943	0.5196685943168057	0.0013856564961744193	0.0012983188778241783	1.0672697746616826	0.25122683461217343	0.6615223443166213	False	-0.15780954751053433	1.3813990244081469
ReplogleWeissman2022_K562_gwps	RUNX3	causalpath	253	74615	9209184.0	0.48783671860742855	0.5121632813925714	0.003591064100615224	0.003379280867660416	1.0626710951970775	0.2517297416426081	0.6615223443166213	False	-0.0770275458199123	1.3793992207599581
ReplogleWeissman2022_K562_gwps	SUPT16H	causalpath	100	74615	3591488.5	0.4813359914226362	0.5186640085773638	0.001650982032224449	0.0013384193267750785	1.2335312253764972	0.2590962418464042	0.6656555946236233	False	-0.1608500882839768	1.3505556961645608
ReplogleWeissman2022_K562_gwps	NR1H4	causalpath	161	74615	5830157.0	0.48532004663275624	0.5146799533672437	0.002452996222136885	0.0021530972504546914	1.1392872391708555	0.2591933288799949	0.6656555946236233	False	-0.10228937751147552	1.3501810521809272
ReplogleWeissman2022_K562_gwps	NR4A1	causalpath	151	74615	5467819.0	0.4853008356805553	0.5146991643194446	0.0021781584938208205	0.002019634593264318	1.0784913771457447	0.2659564475397863	0.6753500802695698	False	0.01571429837737867	1.324422714659265
ReplogleWeissman2022_K562_gwps	HEY1	causalpath	156	74615	5658274.5	0.4861085624152702	0.5138914375847298	0.0021719926499237426	0.002086370384239879	1.0410388617144113	0.2735784469059004	0.6834057540939562	False	-0.048366999759828624	1.2961668722654547
ReplogleWeissman2022_K562_gwps	NPM1	causalpath	90	74615	3236848.0	0.48200734138950313	0.5179926586104968	0.0015101765218954667	0.0012047386386453383	1.2535304118688984	0.2772815138742594	0.6834057540939562	False	-0.11650828137050923	1.2827219932985732
ReplogleWeissman2022_K562_gwps	ATF2	causalpath	187	74615	6803032.0	0.48756751681806176	0.5124324831819382	0.0026499545771556175	0.0024999331568674637	1.0600101726224305	0.27820057246302643	0.6834057540939562	False	-0.10537940055157774	1.27941294175578
ReplogleWeissman2022_K562_gwps	STAT1	causalpath	126	74615	4564334.5	0.4854905445838904	0.5145094554161096	0.0019601001459883245	0.0016858217042854658	1.1626971826294712	0.28647558138803497	0.6858545805559533	False	-0.0883582911638939	1.2501019772169852
ReplogleWeissman2022_K562_gwps	SMAD4	causalpath	158	74615	5746270.0	0.4874193857582849	0.5125806142417151	0.0021441528504194656	0.002113062201596833	1.0147135511671816	0.2921143964480896	0.6858545805559533	False	-0.04416002644465802	1.2306097847773174
ReplogleWeissman2022_K562_gwps	POLR2E	causalpath	437	74615	16057351.0	0.4924547382896581	0.507545261710342	0.0058480503851270505	0.00582262964344721	1.0043658524131702	0.29294542608529794	0.6858545805559533	False	0.01476600972589552	1.2277689464079955
ReplogleWeissman2022_K562_gwps	RB1	causalpath	433	74615	15910610.0	0.492462075142003	0.507537924857997	0.00599892166170564	0.0057696407632448566	1.039739198308741	0.29398368872001335	0.6858545805559533	False	-0.08617443516019554	1.22423099372673
ReplogleWeissman2022_K562_gwps	VHL	causalpath	373	74615	13690228.0	0.4918987352232973	0.5081012647767027	0.005348000368333617	0.004974129194004374	1.0751631410739981	0.2943712137784401	0.6858545805559533	False	-0.012196291876299557	1.2229136761933117
ReplogleWeissman2022_K562_gwps	AGO1	causalpath	164	74615	5978564.0	0.48857010703726284	0.5114298929627371	0.0023876838928565233	0.0021931290870431538	1.0887110599019387	0.3062549775439046	0.7062614788257392	False	-0.08243076459191587	1.1833372640506956
ReplogleWeissman2022_K562_gwps	TRIM28	causalpath	57	74615	2047680.5	0.48146109090994593	0.5185389090900541	0.0010566831490546698	0.000763338332976216	1.3842920018633387	0.3139540213540932	0.7108810378369613	False	-0.17987005263299313	1.1585087326042487
ReplogleWeissman2022_K562_gwps	NCOA1	causalpath	186	74615	6797132.0	0.489763726195906	0.510236273804094	0.0025178512866677128	0.0024865977727570486	1.0125687854517829	0.3145491317862661	0.7108810378369613	False	-0.02038053343045631	1.156614993147094
ReplogleWeissman2022_K562_gwps	NFKB1	causalpath	318	74615	11693981.0	0.4928435992391973	0.5071564007608027	0.004314953377251933	0.00424379112006726	1.0167685579170411	0.32955776023621275	0.7364066510260594	False	-0.025823404708498796	1.1100036437824667
ReplogleWeissman2022_K562_gwps	E2F4	causalpath	155	74615	5666317.0	0.48994014435392	0.51005985564608	0.002225574938913264	0.002073023940082921	1.0735886334357725	0.3323605239144162	0.7364066510260594	False	-0.150296562316272	1.1015349838404196
ReplogleWeissman2022_K562_gwps	NCOA2	causalpath	200	74615	7341911.0	0.4919862628157877	0.5080137371842123	0.0025916801876364223	0.0026732607097507185	0.9694827661900947	0.34750618905600883	0.7590365183523944	False	-0.005178266833736317	1.0569728039027717
ReplogleWeissman2022_K562_gwps	NPAS2	causalpath	183	74615	6714367.0	0.49173128800703353	0.5082687119929664	0.0024526007528311916	0.002446589481002166	1.0024570006025544	0.34929114118871246	0.7590365183523944	False	-0.02507011955901231	1.0518494891035801
ReplogleWeissman2022_K562_gwps	RARA	causalpath	208	74615	7646466.5	0.49268723678988036	0.5073127632101196	0.0027571122421370265	0.0027798938828969702	0.9918048523722054	0.35757047741077364	0.7696278847127128	False	-0.0834874821159456	1.0284227966669786
ReplogleWeissman2022_K562_gwps	CDC6	causalpath	116	74615	4246642.0	0.49063838046801167	0.5093616195319883	0.0016724401079165705	0.001552234012658736	1.0774407043509762	0.3635253323106159	0.7719967256735721	False	-0.08223661328240153	1.0119062944488582
ReplogleWeissman2022_K562_gwps	ESR1	causalpath	175	74615	6431778.0	0.4925687481452408	0.5074312518547592	0.0025284676463940463	0.0023398850113651557	1.0805948301360613	0.36687552520052635	0.7719967256735721	False	-0.06023475690235481	1.0027326568491106
ReplogleWeissman2022_K562_gwps	HDAC5	causalpath	125	74615	4582842.0	0.49135878844736314	0.5086412115526369	0.0017025971496959346	0.0016724645437516724	1.0180168877461933	0.36891878925993715	0.7719967256735721	False	-0.022060254106273436	0.9971787424698981
ReplogleWeissman2022_K562_gwps	NCOA3	causalpath	85	74615	3106644.5	0.4898312514042674	0.5101687485957326	0.0011946192043153453	0.0011378848728246318	1.049859465439486	0.3727516164120699	0.7728611496250257	False	-0.10301584969497686	0.9868429888957999
ReplogleWeissman2022_K562_gwps	CDK7	causalpath	29	74615	1045447.5	0.48314566498831935	0.5168543350116805	0.00045206836534391785	0.00038851079792079737	1.1635927952666	0.3766229728544813	0.7737890169555708	False	-0.15662251234253552	0.9765106639438168
ReplogleWeissman2022_K562_gwps	POLR2A	causalpath	223	74615	8222146.5	0.49414477126078293	0.5058552287392171	0.00346493507961429	0.002979769635746546	1.1628197824581805	0.3811588269520361	0.776053107127569	False	-0.060500322435962275	0.9645391220805128
ReplogleWeissman2022_K562_gwps	NFYA	causalpath	127	74615	4669835.0	0.4928011034069378	0.5071988965930623	0.001734829504560596	0.001699178507398785	1.0209813136210084	0.38943538794035426	0.7858249792367863	False	0.009160614966254758	0.9430573120521094
ReplogleWeissman2022_K562_gwps	E2F1	causalpath	224	74615	8271791.0	0.4949090450024411	0.5050909549975588	0.0036421204090458853	0.002993091837143735	1.2168421843418973	0.39606463148839793	0.7866076685626742	False	-0.31633379631747194	0.9261778702158072
ReplogleWeissman2022_K562_gwps	PARP1	causalpath	258	74615	9536542.0	0.4953875371610443	0.5046124628389557	0.0033926573848613822	0.00344583494717722	0.9845675828555283	0.3988982971160653	0.7866076685626742	False	0.007156182981641565	0.9190487890293358
ReplogleWeissman2022_K562_gwps	CDK12	causalpath	54	74615	1974600.0	0.4900712546628247	0.5099287453371754	0.0007465388596046075	0.000723191685974099	1.0322835205151193	0.40026496409162626	0.7866076685626742	False	0.009922567879503796	0.9156285409419076
ReplogleWeissman2022_K562_gwps	DDIT3	causalpath	262	74615	9691325.5	0.4957420355790769	0.5042579644209231	0.0036335661243514106	0.003499071811103543	1.0384371400498495	0.40581193944708865	0.7886027772090635	False	-0.0653987928198697	0.9018654300245013
ReplogleWeissman2022_K562_gwps	E2F5	causalpath	52	74615	1905034.0	0.49099067520966605	0.509009324790334	0.0008214070589242638	0.0006964254623863286	1.1794615551672694	0.4110011990512044	0.7886027772090635	False	0.16453264508378884	0.8891591470906339
ReplogleWeissman2022_K562_gwps	GATA2	causalpath	327	74615	12112781.5	0.496443681028464	0.503556318971536	0.004491260043860294	0.004363374342825118	1.0293088997155297	0.411936116813034	0.7886027772090635	False	0.031805586701218094	0.886886997934122
ReplogleWeissman2022_K562_gwps	RUNX2	causalpath	152	74615	5615402.5	0.49512078670508614	0.5048792132949139	0.002115081876918596	0.0020329824655262348	1.0403837282340307	0.41719593219714124	0.7886027772090635	False	0.02560882754684829	0.8741993061495991
ReplogleWeissman2022_K562_gwps	EP300	causalpath	95	74615	3503868.0	0.4943083971404085	0.5056916028595915	0.0013569953933801311	0.0012715834560299826	1.0671697456782063	0.4238535779061798	0.7886027772090635	False	-0.028378716180650996	0.8583672185190201
ReplogleWeissman2022_K562_gwps	TNRC6C	causalpath	235	74615	8703911.0	0.4963870421354442	0.5036129578645558	0.003136696440612416	0.003139612558450234	0.9990711854461247	0.42404444041347744	0.7886027772090635	False	-0.03370248146732975	0.8579170169466669
ReplogleWeissman2022_K562_gwps	HDAC3	causalpath	140	74615	5180792.0	0.4959546625056241	0.5040453374943759	0.0019432778115361727	0.0018727844291351748	1.0376409485813327	0.4342055197027067	0.7886027772090635	False	-0.033542876596332316	0.8342373092679713
ReplogleWeissman2022_K562_gwps	RELA	causalpath	184	74615	6817933.0	0.4966023412940049	0.5033976587059952	0.0027107743979550483	0.002459925934838701	1.1019739901773893	0.4366553837334356	0.7886027772090635	False	-0.0646983739303766	0.8286109905672683
ReplogleWeissman2022_K562_gwps	AKT1	causalpath	228	74615	8461403.0	0.4973720654917465	0.5026279345082535	0.0031112691611185268	0.0030463770826931044	1.0213013939719031	0.445415843678867	0.7886027772090635	False	0.07590136027186614	0.8087469529934463
ReplogleWeissman2022_K562_gwps	NFYC	causalpath	27	74615	992092.0	0.4924498847168552	0.5075501152831448	0.0004158180821009872	0.00036172664183703544	1.1495367883030327	0.44596118940097373	0.7886027772090635	False	-0.26199945055390444	0.8075233500287982
ReplogleWeissman2022_K562_gwps	CCNH	causalpath	87	74615	3219901.0	0.496017641517645	0.5039823584823551	0.00134628634852874	0.0011646274530802388	1.155980262158551	0.4488361861960264	0.7886027772090635	False	-0.026365287207358822	0.8010972992449509
ReplogleWeissman2022_K562_gwps	HES1	causalpath	239	74615	8877034.5	0.49778735865027646	0.5022126413497235	0.0033322569397913953	0.003192882143906805	1.0436517195445403	0.4528795027850334	0.7886027772090635	False	-0.026795312870142335	0.7921291871499513
ReplogleWeissman2022_K562_gwps	FOSL2	causalpath	87	74615	3222179.5	0.4963686387055082	0.5036313612944918	0.0013816651698242083	0.0011646274530802388	1.1863580634046897	0.45332538613409584	0.7886027772090635	False	-0.06437466614990486	0.7911451196603648
ReplogleWeissman2022_K562_gwps	NR1I2	causalpath	133	74615	4933593.5	0.4971478653075764	0.5028521346924236	0.0018053966568983796	0.0017793118210520683	1.0146600699987975	0.45463788617305945	0.7886027772090635	False	0.04407992418902715	0.7882540314562629
ReplogleWeissman2022_K562_gwps	MYBL2	causalpath	62	74615	2294492.5	0.4959853052119158	0.5040146947880842	0.0009234712100033337	0.0008302422432609772	1.1122912830551444	0.4564197379019781	0.7886027772090635	False	-0.1022086307631305	0.7843424149924888
ReplogleWeissman2022_K562_gwps	LEF1	causalpath	197	74615	7319779.0	0.4979727746254802	0.5020272253745197	0.002714548140041122	0.0026332673902582475	1.0308668804708447	0.4607940291201019	0.7886027772090635	False	0.07023550912350068	0.7748041273230742
ReplogleWeissman2022_K562_gwps	TAF9	causalpath	152	74615	5646475.0	0.4978605085050628	0.5021394914949372	0.0020125211473212582	0.0020329824655262348	0.989935319880056	0.4636355898190209	0.7886027772090635	False	0.04258325332733477	0.7686564020872813
ReplogleWeissman2022_K562_gwps	ETS1	causalpath	350	74615	13021217.0	0.4986058720479413	0.5013941279520586	0.005259254626097861	0.004668845461215234	1.1264572087012175	0.4640892449947144	0.7886027772090635	False	-0.0718318296602388	0.7676784068998533
ReplogleWeissman2022_K562_gwps	MTA1	causalpath	143	74615	5319108.0	0.49851316009595176	0.5014868399040482	0.002064782332677896	0.0019128387597314	1.0794335498345045	0.4754683528752317	0.8019093115656892	False	-0.044092018941834246	0.7434549546790467
ReplogleWeissman2022_K562_gwps	MLXIPL	causalpath	288	74615	10726488.5	0.4991590395511775	0.5008409604488224	0.004073740686092769	0.003844972831528777	1.0594979118416898	0.48032349478406755	0.8040971097866612	False	-0.07440635155027828	0.7332954546140018
ReplogleWeissman2022_K562_gwps	TP53BP2	causalpath	235	74615	8758477.0	0.49949895990909365	0.5005010400909063	0.0030825898032116527	0.003139612558450234	0.9818376458314562	0.4893892676011733	0.8060095249236381	False	0.0055743911781174355	0.7145970579214767
ReplogleWeissman2022_K562_gwps	NFATC2	causalpath	278	74615	10362493.0	0.4995665037359645	0.5004334962640354	0.0037034403929023015	0.0037119623996902246	0.9977041775022737	0.4900314626972124	0.8060095249236381	False	-0.015130466636106532	0.7132856803526642
ReplogleWeissman2022_K562_gwps	FOXO4	causalpath	293	74615	10923841.5	0.499668102859754	0.500331897140246	0.004240557812848796	0.003911464730068885	1.0841355107333706	0.4921651081392126	0.8060095249236381	False	-0.035519944043717486	0.7089410331372922
ReplogleWeissman2022_K562_gwps	WT1	causalpath	281	74615	10481718.0	0.49991942028391056	0.5000805797160894	0.0037422941986134544	0.003751869258705405	0.9974479227734993	0.4981373540247435	0.8088087859476941	False	-0.006740524668264896	0.6968794286917612
ReplogleWeissman2022_K562_gwps	POLR2D	causalpath	332	74615	12387107.0	0.5000410541179662	0.4999589458820338	0.0044196065519846225	0.004429797056586655	0.9976995549746731	0.5010319912950317	0.8088087859476941	False	0.02046002338962072	0.6910853250556055
ReplogleWeissman2022_K562_gwps	FOS	causalpath	400	74615	14937383.0	0.5004819071232326	0.49951809287676746	0.005441952361070873	0.005332266879957342	1.0205701409143288	0.5132820464001481	0.8227073935208048	False	-0.02802722008389265	0.6669297868439706
ReplogleWeissman2022_K562_gwps	FOXO1	causalpath	184	74615	6880169.0	0.5011354664087242	0.49886453359127575	0.0025826140028146136	0.002459925934838701	1.0498746999811428	0.5212497888084494	0.8289689877573613	False	0.04273814441396813	0.6515259110328542
ReplogleWeissman2022_K562_gwps	CDK9	causalpath	299	74615	11181316.5	0.5011821665598007	0.4988178334401993	0.00397759974529981	0.0039912432923085136	0.9965816298307356	0.52817046576522	0.8289689877573613	False	-0.008809287193246	0.6383361955532443
ReplogleWeissman2022_K562_gwps	ELOB	causalpath	396	74615	14807479.0	0.5011408394742844	0.4988591605257155	0.005457886298010411	0.005279225713562011	1.0338421946971186	0.5312610936771716	0.8289689877573613	False	0.03897442449769639	0.6325016767456886
ReplogleWeissman2022_K562_gwps	FANCI	causalpath	20	74615	754075.5	0.5053109294377806	0.49468907056221934	0.0002831358217815304	0.00026797079118376095	1.0565921029332261	0.5327876755654334	0.8289689877573613	False	-0.0606104220346248	0.6296322914697524
ReplogleWeissman2022_K562_gwps	CREB1	causalpath	196	74615	7339196.0	0.5018411519268299	0.4981588480731702	0.0025183339592594707	0.002619935570972183	0.9612198052355116	0.5355286381087379	0.8289689877573613	False	0.11548981888732	0.6245009113296396
ReplogleWeissman2022_K562_gwps	MDC1	causalpath	179	74615	6709199.5	0.5023327943779933	0.4976672056220068	0.0025173248768689633	0.0023932400994732196	1.0518480270421076	0.5430017826223945	0.8348190671609602	False	0.016372402942945452	0.61064267613942
ReplogleWeissman2022_K562_gwps	NFYB	causalpath	89	74615	3346482.0	0.5039324713303572	0.4960675286696427	0.001273143597808647	0.0011913686014135788	1.0686395430415412	0.5510993122777956	0.8392270941569527	False	0.1362750550244088	0.5958402460019177
ReplogleWeissman2022_K562_gwps	TCF4	causalpath	159	74615	5969372.0	0.5031591519907012	0.4968408480092989	0.002099024199150386	0.002126407574825474	0.9871222356432137	0.5548197145373066	0.8392270941569527	False	-0.0061816268398847615	0.5891120566787319
ReplogleWeissman2022_K562_gwps	SOX2	causalpath	7	74615	269324.0	0.5156450732809373	0.4843549267190626	9.755029621353001e-05	9.380611615877355e-05	1.0399140291494338	0.5570091332900129	0.8392270941569527	False	-0.016428477575102636	0.5851736419002155
ReplogleWeissman2022_K562_gwps	BRCA1	causalpath	195	74615	7334968.0	0.5041241106053811	0.4958758893946188	0.0026757288956926503	0.002606603395268012	1.0265193778808572	0.578961715783133	0.8534806015070802	False	-0.06526499729684003	0.546518924867904
ReplogleWeissman2022_K562_gwps	MOV10	causalpath	142	74615	5349071.5	0.5048518073528621	0.49514819264713794	0.0018195915241467815	0.0018994876733951335	0.9579380533143729	0.5792952917557433	0.8534806015070802	False	0.022607365138263898	0.5459429283841155
ReplogleWeissman2022_K562_gwps	TP73	causalpath	194	74615	7297931.0	0.504164055899321	0.495835944100679	0.0026268678034051625	0.0025932708631314413	1.0129554304378185	0.5795149042702861	0.8534806015070802	False	0.07521538688354114	0.5455638973436137
ReplogleWeissman2022_K562_gwps	FOXO3	causalpath	379	74615	14226112.0	0.5030612553411824	0.49693874465881765	0.004990955032955607	0.005053737632343921	0.9875769966793477	0.581575277133143	0.8534806015070802	False	-0.01299559533146453	0.5420148620343821
ReplogleWeissman2022_K562_gwps	POLE3	causalpath	129	74615	4870018.0	0.5059582861271842	0.49404171387281587	0.0016813640077905589	0.001725891041421385	0.9742005534751746	0.5926106880321591	0.8598056075062562	False	0.03787130381177345	0.5232176081764952
ReplogleWeissman2022_K562_gwps	YBX1	causalpath	154	74615	5808647.5	0.5055081452756183	0.4944918547243817	0.002266965160942205	0.0020596771389212107	1.1006410267434268	0.5934941361547609	0.8598056075062562	False	0.00562761496927032	0.5217279450911456
ReplogleWeissman2022_K562_gwps	TGS1	causalpath	370	74615	13910192.5	0.5038546520788697	0.49614534792113024	0.004730254431367173	0.004934320197372808	0.9586435906380201	0.6011069482032605	0.8604711934747354	False	0.02438835926356188	0.5089824098568291
ReplogleWeissman2022_K562_gwps	MED1	causalpath	179	74615	6755423.5	0.5057936887942837	0.49420631120571634	0.002841070537989991	0.0023932400994732196	1.187123071611304	0.6057256869428614	0.8604711934747354	False	-0.056776304025108845	0.5013280572055673
ReplogleWeissman2022_K562_gwps	LIN37	causalpath	210	74615	7921276.5	0.505533261217105	0.49446673878289504	0.0029662235258947484	0.00280654861343134	1.0568936920241645	0.6092587278372064	0.8604711934747354	False	0.03167109956368439	0.49551226103621177
ReplogleWeissman2022_K562_gwps	NELFB	causalpath	216	74615	8148251.0	0.5055737352979864	0.4944262647020136	0.0032492894722381867	0.0028865042562574335	1.1256832430419248	0.6115544558931846	0.8604711934747354	False	0.0725470439334511	0.4917512748465716
ReplogleWeissman2022_K562_gwps	TCF7L2	causalpath	184	74615	6948573.5	0.5061178906794006	0.49388210932059934	0.002487194926409908	0.002459925934838701	1.011085289676819	0.6129905404842142	0.8604711934747354	False	0.04784302400603295	0.4894057746752468
ReplogleWeissman2022_K562_gwps	PPARD	causalpath	90	74615	3419084.5	0.5091446462209713	0.49085535377902867	0.001166008990814843	0.0012047386386453383	0.9678522406535872	0.6180422713906691	0.8622071193474767	False	0.07995166139976329	0.4811984235551146
ReplogleWeissman2022_K562_gwps	CLOCK	causalpath	183	74615	6921179.0	0.5068773071530395	0.4931226928469605	0.002437271687154609	0.002446589481002166	0.9961915172447564	0.6262355848470591	0.8633938227040122	False	0.043675148535138764	0.4680286450562744
ReplogleWeissman2022_K562_gwps	ZNF382	causalpath	186	74615	7035948.0	0.5069714858856107	0.4930285141143893	0.0024848101291086683	0.0024865977727570486	0.9992810885347178	0.6289040222567113	0.8633938227040122	False	0.08099520190537296	0.46377662175157147
ReplogleWeissman2022_K562_gwps	TNRC6B	causalpath	85	74615	3237262.0	0.5104259906736935	0.48957400932630646	0.0011908413844355164	0.0011378848728246318	1.0465394284392127	0.6303538971069116	0.8633938227040122	False	0.014696864065839116	0.4614738758746773
ReplogleWeissman2022_K562_gwps	XBP1	causalpath	269	74615	10160036.0	0.5061938022866825	0.4938061977133174	0.0034547351920668832	0.0035922226376796113	0.9617263573335928	0.637307234376276	0.867659246801436	False	0.07688498716756867	0.45050342512381325
ReplogleWeissman2022_K562_gwps	ATM	causalpath	156	74615	5930895.0	0.5095296882973623	0.49047031170263766	0.0021796995837803732	0.002086370384239879	1.0447328049925786	0.659788574321435	0.879855710281378	False	0.01341395390629723	0.4158358372193242
ReplogleWeissman2022_K562_gwps	GTF2F1	causalpath	80	74615	3064826.5	0.5134400757220398	0.4865599242779602	0.0010380596010479757	0.0010710221567708682	0.9692232737534818	0.6613702412826912	0.879855710281378	False	0.05526232729055908	0.41344147297149286
ReplogleWeissman2022_K562_gwps	AGO2	causalpath	42	74615	1625679.0	0.5187514957735423	0.48124850422645776	0.0006028988166848878	0.0005625728330899983	1.0716813561248493	0.663068819405631	0.879855710281378	False	0.17128415775320432	0.41087649417462946
ReplogleWeissman2022_K562_gwps	RUVBL2	causalpath	5	74615	207143.0	0.5552315218119681	0.4447684781880319	6.823187690666554e-05	6.700616456714018e-05	1.0182925309550765	0.6656069864391176	0.879855710281378	False	0.524850473584117	0.40705589307722434
ReplogleWeissman2022_K562_gwps	FOXA2	causalpath	85	74615	3260514.0	0.5140921830100398	0.4859078169899602	0.0011584721206967816	0.0011378848728246318	1.0180925578358775	0.6735769682627177	0.879855710281378	False	0.07295184577193581	0.39515300864760966
ReplogleWeissman2022_K562_gwps	SMAD3	causalpath	146	74615	5566022.0	0.5109353126873201	0.48906468731268005	0.001937405568267192	0.0019528898757373498	0.9920710800631749	0.6762615239182989	0.879855710281378	False	-0.012875106555151146	0.39117540805233536
ReplogleWeissman2022_K562_gwps	HDAC1	causalpath	161	74615	6134522.0	0.5106563173358228	0.48934368266417716	0.0021239671165886433	0.0021530972504546914	0.9864705907455428	0.6800674832701524	0.879855710281378	False	0.011932657224158412	0.3855632456327926
ReplogleWeissman2022_K562_gwps	MNAT1	causalpath	120	74615	4587506.0	0.5123529674551587	0.4876470325448413	0.0015864652203917524	0.0016056733792734327	0.9880373187164802	0.6802538505002003	0.879855710281378	False	0.10242330968045699	0.38528924091554345
ReplogleWeissman2022_K562_gwps	TBL1X	causalpath	106	74615	4059197.0	0.5132253745326639	0.4867746254673361	0.0013611247299010172	0.001418610564633771	0.959477367386169	0.6813042004391201	0.879855710281378	False	0.04222380438842327	0.38374637589182675
ReplogleWeissman2022_K562_gwps	FANCD2	causalpath	141	74615	5387644.0	0.5120986548918015	0.4879013451081984	0.0017831216642844553	0.0018861362298678366	0.9453832846471542	0.690485059320393	0.8866455875364136	False	0.09569385945737832	0.3703609438464017
ReplogleWeissman2022_K562_gwps	E2F2	causalpath	213	74615	8110054.0	0.5102911062389436	0.4897088937610563	0.0028203565248230084	0.0028465280376329715	0.9908058123918126	0.6983091146852307	0.8910180394627939	False	0.06588528836421609	0.3590934165370704
ReplogleWeissman2022_K562_gwps	CREB5	causalpath	363	74615	13760416.5	0.5080410570404661	0.4919589429595339	0.004891357915957585	0.00484142014991064	1.0103146937263576	0.7017752700193687	0.8910180394627939	False	0.005031702328298172	0.35414205438582685
ReplogleWeissman2022_K562_gwps	CCND1	causalpath	310	74615	11780487.5	0.5093020516068506	0.4906979483931493	0.0041157388799297305	0.004137470804137471	0.9947475341249518	0.714378832200114	0.8981778257139823	False	0.03852436526948817	0.33634188003784193
ReplogleWeissman2022_K562_gwps	POLR2B	causalpath	166	74615	6351160.5	0.5127655700870897	0.4872344299129103	0.0023210855409813765	0.002219815193698934	1.0456210713260743	0.7153628700376851	0.8981778257139823	False	0.03275831739707454	0.3349653544858317
ReplogleWeissman2022_K562_gwps	GABPB1	causalpath	153	74615	5872100.5	0.5143703254046151	0.48562967459538486	0.00219130776212474	0.0020463299807404237	1.0708477043041997	0.730760935973434	0.9046582954203909	False	0.004650342470295846	0.31366890969265776
ReplogleWeissman2022_K562_gwps	HDAC7	causalpath	48	74615	1883806.0	0.5259794724027788	0.4740205275972213	0.0006641460377631192	0.0006428887132850274	1.0330653253647453	0.7335079324106141	0.9046582954203909	False	-0.0015843857699472785	0.309916866991845
ReplogleWeissman2022_K562_gwps	PPARG	causalpath	121	74615	4662352.5	0.5164087494870362	0.4835912505129638	0.0016000358531176235	0.0016190323271248128	0.988266772880981	0.7339321194139183	0.9046582954203909	False	0.11763851318578795	0.30933873500670295
ReplogleWeissman2022_K562_gwps	KLF4	causalpath	458	74615	17379384.0	0.5085606550306128	0.49143934496938724	0.005874165690951448	0.0061007286241391715	0.9628629714340569	0.7365359573334156	0.9046582954203909	False	-0.009551586435738758	0.30579722236568235
ReplogleWeissman2022_K562_gwps	LMO2	causalpath	271	74615	10343865.0	0.5115491997914016	0.4884508002085985	0.0037284586129024615	0.003618833960953983	1.0302928106487592	0.7445488757500899	0.9095570049703801	False	0.08495599492851051	0.29497677991940885
ReplogleWeissman2022_K562_gwps	PPARA	causalpath	283	74615	10805591.0	0.5117241888810145	0.48827581111898566	0.0036886850374362387	0.00377847205532858	0.9762372153141322	0.7523597795442036	0.9141575815967206	False	0.060154955971941315	0.28454063919860484
ReplogleWeissman2022_K562_gwps	FOXA1	causalpath	238	74615	9117085.0	0.513396499791366	0.4866035002086341	0.0032787801004882182	0.003179565281284651	1.0312038943774984	0.7626298058032328	0.9216809417728911	False	0.0193663233567907	0.27098254787027054
ReplogleWeissman2022_K562_gwps	RXRA	causalpath	92	74615	3591941.0	0.5232572131142764	0.4767427868857235	0.0013318003904475484	0.001231477639310908	1.0814653453170109	0.780024801355838	0.9333724408560737	False	0.14093813095216795	0.24842956319395246
ReplogleWeissman2022_K562_gwps	NANOG	causalpath	254	74615	9742290.5	0.5140450902559649	0.4859549097440351	0.0032833737216734576	0.0033925923947161042	0.9678067211337404	0.780563678415035	0.9333724408560737	False	-0.0008961674452819118	0.24773895566019208
ReplogleWeissman2022_K562_gwps	MYCN	causalpath	219	74615	8435804.0	0.516245432795504	0.48375456720449594	0.0028718104080054855	0.002926477269690248	0.9813199090076826	0.7971777509323665	0.9478530748557328	False	0.07136789034718555	0.2266776000490594
ReplogleWeissman2022_K562_gwps	IRF1	causalpath	273	74615	10486376.0	0.5147977444164538	0.48520225558354624	0.003542886904267282	0.003645443862835167	0.971867086032118	0.8010616694577211	0.9478530748557328	False	-0.0054656454795162165	0.2218173442934793
ReplogleWeissman2022_K562_gwps	CHD9	causalpath	183	74615	7080988.0	0.5185810292470383	0.4814189707529617	0.002409683306637304	0.002446589481002166	0.9849152566658855	0.8077582666585927	0.9507987930460519	False	0.14040545497718643	0.21349244015027247
ReplogleWeissman2022_K562_gwps	CCNT2	causalpath	306	74615	11789982.5	0.5163754550045353	0.4836245449954647	0.003881832752790879	0.004084302131578596	0.9504274237642009	0.8389913700839715	0.9741417727909523	False	0.1474083181115938	0.1755548585225736
ReplogleWeissman2022_K562_gwps	MECP2	causalpath	102	74615	4027202.5	0.5291479923739247	0.47085200762607526	0.0014663063366969322	0.0013651511704163711	1.074098142735144	0.8459134594836275	0.9741417727909523	False	0.11493950129590373	0.16733821836285412
ReplogleWeissman2022_K562_gwps	CCNK	causalpath	726	74615	27682186.5	0.5110196806416187	0.4889803193583812	0.009104906011701348	0.009636187467647097	0.9448660107818062	0.8469960804731227	0.9741417727909523	False	0.060549192636623894	0.1660592118813769
ReplogleWeissman2022_K562_gwps	ELL	causalpath	121	74615	4760049.0	0.5272297518445929	0.47277024815540714	0.0016108512311072544	0.0016190323271248128	0.9949469223804277	0.8500743930605725	0.9741417727909523	False	0.09491670259006839	0.16243141207980347
ReplogleWeissman2022_K562_gwps	NR3C1	causalpath	157	74615	6139494.0	0.5240910986375497	0.47590890136245034	0.001993077066245362	0.002099716471406409	0.9492124738681413	0.851889653909808	0.9741417727909523	False	0.1619648475703181	0.16029827473087452
ReplogleWeissman2022_K562_gwps	TP53	causalpath	219	74615	8505960.0	0.5205387656637406	0.4794612343362594	0.0031042597840311255	0.002926477269690248	1.0607496651971928	0.8534516416487105	0.9741417727909523	False	0.15008991208973663	0.1584663972295471
ReplogleWeissman2022_K562_gwps	GLI2	causalpath	226	74615	8803792.5	0.5220777869167923	0.4779222130832077	0.00284983755837522	0.0030197351718977564	0.9437375783467249	0.8748880091947877	0.9935914074272463	False	-0.006527798609739151	0.13365939030754775
ReplogleWeissman2022_K562_gwps	EZH2	causalpath	196	74615	7672899.0	0.5246591687670177	0.4753408312329823	0.0024797480079780066	0.002619935570972183	0.9464919807389932	0.883825972091805	0.9954610858195413	False	0.08765369007931631	0.12349509987432569
ReplogleWeissman2022_K562_gwps	ATF3	causalpath	306	74615	11875099.0	0.520103371599483	0.47989662840051706	0.0038382643733637432	0.004084302131578596	0.939760147440474	0.8882733447193938	0.9954610858195413	False	0.09758905914655354	0.11847576272706901
ReplogleWeissman2022_K562_gwps	KAT2B	causalpath	154	74615	6077587.0	0.5289130958835442	0.47108690411645576	0.002021951135917753	0.0020596771389212107	0.9816835355937302	0.8928426002891323	0.9954610858195413	False	0.13175065090641846	0.11334497311582062
ReplogleWeissman2022_K562_gwps	TP63	causalpath	149	74615	5891209.0	0.5298976805768493	0.47010231942315067	0.0018083650678930715	0.0019929377775399926	0.9073866170198496	0.8966962444206596	0.9954610858195413	False	0.22547987546474552	0.1090381092556563
ReplogleWeissman2022_K562_gwps	RAD51D	causalpath	362	74615	14028399.0	0.5193658570718269	0.48063414292817314	0.004608443376342889	0.004828147298504875	0.9544951906852509	0.8985577942795859	0.9954610858195413	False	0.17175425283887644	0.1069642517558379
ReplogleWeissman2022_K562_gwps	SP3	causalpath	145	74615	5769339.0	0.5332512876443907	0.4667487123556094	0.0018760803276019844	0.0019395398608881755	0.9672811399415473	0.9170758621037403	0.9984915547777272	False	0.14343604140577143	0.08656508157198471
ReplogleWeissman2022_K562_gwps	NFKB2	causalpath	253	74615	9929538.0	0.5259959226797694	0.4740040773202307	0.003067802659602871	0.003379280867660416	0.9078270731982124	0.9236468361862733	0.9984915547777272	False	0.14341243840481493	0.07942549232166354
ReplogleWeissman2022_K562_gwps	MCM5	causalpath	168	74615	6665620.0	0.5317470954072173	0.4682529045927827	0.002046106521946485	0.002246499872965781	0.9107975239924047	0.9248554257768289	0.9984915547777272	False	0.23025345813461742	0.07811785014275831
ReplogleWeissman2022_K562_gwps	PML	causalpath	161	74615	6400484.0	0.5327958052162592	0.46720419478374076	0.0019953791400413655	0.0021530972504546914	0.9267482644455475	0.9251697470236895	0.9984915547777272	False	0.2772927884052666	0.07777804800978601
ReplogleWeissman2022_K562_gwps	KAT2A	causalpath	104	74615	4218477.0	0.543620972273053	0.45637902772694705	0.001376658028701857	0.001391881582997631	0.9890626081401352	0.9382099671462272	0.9984915547777272	False	0.24589553188660812	0.0637815094539235
ReplogleWeissman2022_K562_gwps	JUND	causalpath	135	74615	5423794.0	0.5384473879494988	0.46155261205050124	0.0015692362518456076	0.001806020066889632	0.8688919246330309	0.938956352430929	0.9984915547777272	False	0.20131829094760254	0.06298628388839826
ReplogleWeissman2022_K562_gwps	SREBF1	causalpath	126	74615	5077714.0	0.5400967293482203	0.4599032706517797	0.001684323309735492	0.0016858217042854658	0.9991111785154001	0.9403615533932735	0.9984915547777272	False	0.4229467246318272	0.061490846400292114
ReplogleWeissman2022_K562_gwps	STAT4	causalpath	112	74615	4534626.0	0.5426218875944132	0.4573781124055868	0.0013651524725348033	0.0014987889250204075	0.9108370429920379	0.9407811197548602	0.9984915547777272	False	0.14601274716037263	0.061044770326921474
ReplogleWeissman2022_K562_gwps	USF1	causalpath	160	74615	6395698.0	0.5357248877571534	0.4642751122428466	0.0019637817423328024	0.002139752591106653	0.9177611236433456	0.9410561998568845	0.9984915547777272	False	0.2540910731256569	0.060752417634032725
ReplogleWeissman2022_K562_gwps	TWIST2	causalpath	230	74615	9133491.5	0.5322097783112733	0.4677902216887268	0.0027884742689616793	0.003073017569643931	0.9074058985236386	0.9544431703800316	0.99999988097155	False	0.13323061321988028	0.046627176216349805
ReplogleWeissman2022_K562_gwps	HDAC2	causalpath	97	74615	4025186.5	0.5561451188264708	0.4438548811735292	0.0011200840017148031	0.0012983188778241783	0.8627187209908904	0.9722075130440209	0.99999988097155	False	0.27786090241874906	0.02818600652158314
ReplogleWeissman2022_K562_gwps	ARNTL	causalpath	265	74615	10575831.5	0.5348629379241111	0.4651370620758889	0.0032432444017623315	0.0035389957264957265	0.9164307200149562	0.9752005231081475	0.99999988097155	False	0.19679527987680756	0.02511216440407525
ReplogleWeissman2022_K562_gwps	GTF2H4	causalpath	146	74615	5994130.0	0.5502336652349641	0.44976633476503586	0.0017527665021232614	0.0019528898757373498	0.8975244963372406	0.9821649081437204	0.99999988097155	False	0.3924541300809433	0.01799605382656743
ReplogleWeissman2022_K562_gwps	TNRC6A	causalpath	370	74615	14693056.5	0.5322115327147827	0.4677884672852173	0.004990117607614921	0.004934320197372808	1.0113080238027157	0.983865005452131	0.99999988097155	False	0.14678107850608474	0.016266580922402712
ReplogleWeissman2022_K562_gwps	CCNT1	causalpath	165	74615	6793706.0	0.5518190143748007	0.44818098562519937	0.001914199869425449	0.002206472318801819	0.8675385832462732	0.9893679056273335	0.99999988097155	False	0.3135340956238273	0.010689018932434157
ReplogleWeissman2022_K562_gwps	SIRT1	causalpath	179	74615	7361726.0	0.551188915015141	0.44881108498485894	0.0021351847752876327	0.0023932400994732196	0.8921732406863867	0.9910956905246349	0.99999988097155	False	0.3221418456406349	0.008944189753042371
ReplogleWeissman2022_K562_gwps	TWIST1	causalpath	191	74615	7845935.0	0.5505353309291361	0.449464669070864	0.0022922700920628147	0.0025532711279843863	0.8977777827583817	0.9921596911064784	0.99999988097155	False	0.205683219017883	0.007871205715000867
ReplogleWeissman2022_K562_gwps	CBFB	causalpath	153	74615	6366508.5	0.5576783041836986	0.4423216958163015	0.0017582811260588899	0.0020463299807404237	0.8592363610011181	0.9932239480000812	0.99999988097155	False	0.2984461982653412	0.006799113677395349
ReplogleWeissman2022_K562_gwps	EGR1	causalpath	373	74615	14980384.0	0.5382548736777297	0.4617451263222702	0.0044359254430235175	0.004974129194004374	0.8917994024703687	0.9946596187938312	0.99999988097155	False	0.19682630494922213	0.005354692014736994
ReplogleWeissman2022_K562_gwps	ELOA	causalpath	202	74615	8332760.0	0.55285515149384	0.4471448485061601	0.002300234187743436	0.0026999211409171713	0.8519634714079241	0.9953235728684715	0.99999988097155	False	0.2740726634790532	0.004687395826448096
ReplogleWeissman2022_K562_gwps	DNMT1	causalpath	495	74615	20282418.0	0.5491467106906361	0.45085328930936375	0.005988255856722836	0.006590334176541073	0.9086422169665702	0.9999200872030848	0.99999988097155	False	0.21193753939314736	7.991599011289058e-05
ReplogleWeissman2022_K562_gwps	STAT5A	causalpath	470	74615	19954872.0	0.5690166115135711	0.4309833884864289	0.005598532646980452	0.0062595724845175464	0.8943953697841005	0.99999988097155	0.99999988097155	False	0.37897675783731466	1.1902845706912328e-07
ReplogleWeissman2022_K562_gwps	TFAM	collectri	147	74615	2600189.0	0.23706172410664997	0.7629382758933501	0.05018510184497089	0.0019662395334528234	25.523391728800775	1.3322317001140482e-28	5.941753382508655e-26	True	-3.2984408603831166	64.18552709780789
ReplogleWeissman2022_K562_gwps	SREBF2	collectri	188	74615	3843995.0	0.2740304485008861	0.725969551499114	0.006317100215605043	0.0025132681844311057	2.5135002522760854	4.1273057376132564e-27	9.203891794877561e-25	True	-1.5299038684977126	60.75217268052216
ReplogleWeissman2022_K562_gwps	ZBTB4	collectri	353	74615	10610482.0	0.40284155549004247	0.5971584445099576	0.007780813518599526	0.004708675701632696	1.6524420052758337	1.408162388450643e-10	2.0934680841632893e-08	True	-0.7761044065296672	22.683565346148487
ReplogleWeissman2022_K562_gwps	SFPQ	collectri	183	74615	5168343.0	0.37850715640836075	0.6214928435916393	0.008223481510745307	0.002446589481002166	3.361202022080478	6.489998027563439e-09	6.396549497293877e-07	True	-0.966106249096633	18.853003610149806
ReplogleWeissman2022_K562_gwps	SRF	collectri	365	74615	11278559.0	0.4141280123813659	0.5858719876186341	0.006527614043118359	0.004867964790610829	1.3409328793233277	7.171019615800311e-09	6.396549497293877e-07	True	-0.4690959456752294	18.753217986615283
ReplogleWeissman2022_K562_gwps	BHLHE40	collectri	415	74615	13294908.0	0.4293496333386888	0.5706503666613112	0.007286097242672756	0.005531120884979342	1.3172912677535829	3.315044213183842e-07	2.4641828651333224e-05	True	-0.37362541570030716	14.919624690099075
ReplogleWeissman2022_K562_gwps	MAX	collectri	209	74615	6340715.0	0.4065985295489734	0.5934014704510266	0.005604027120072187	0.0027932214262803377	2.0062953360396234	1.4989066445040453e-06	9.550176620697202e-05	True	-0.6302885856541424	13.410774619299515
ReplogleWeissman2022_K562_gwps	MTF1	collectri	167	74615	4999645.0	0.4012329157940903	0.5987670842059096	0.003963379171971233	0.0022331577117488165	1.7747869535230703	5.016936955768307e-06	0.0002796942352840831	True	-0.4794080940240916	12.202690978662638
ReplogleWeissman2022_K562_gwps	MYC	collectri	98	74615	2738189.0	0.3744649746248429	0.6255350253751571	0.0021027417909405097	0.0013116860519588292	1.6030831370054928	8.4593778457929e-06	0.000419209168802626	True	-2.668876729977496	11.680234927736809
ReplogleWeissman2022_K562_gwps	TFDP1	collectri	315	74615	10260892.0	0.4365645020097878	0.5634354979902122	0.004585514885245889	0.004203923662084612	1.0907702550840461	4.973343153636706e-05	0.0022181110465219708	True	-0.3011594276701727	9.908833184272842
ReplogleWeissman2022_K562_gwps	HSF1	collectri	234	74615	7517579.0	0.4305622995765728	0.5694377004234272	0.0045864395292639325	0.0031262942724685702	1.4670530441276755	0.00011950326070864148	0.004845314025095828	True	-0.5122793307722925	9.03216690070019
ReplogleWeissman2022_K562_gwps	KLF1	collectri	155	74615	4809978.5	0.41589652690261625	0.5841034730973838	0.002898758768882934	0.002073023940082921	1.3983238267701739	0.00014537589423327808	0.005403137402336835	True	-0.47798333995926834	8.83618779592663
ReplogleWeissman2022_K562_gwps	ETS2	collectri	90	74615	2683289.0	0.3995754502743714	0.6004245497256286	0.002364223692343513	0.0012047386386453383	1.9624370104058018	0.0004864051527805262	0.01668743831847036	True	-0.6804994355566276	7.628468633658466
ReplogleWeissman2022_K562_gwps	SP1	collectri	197	74615	6373024.0	0.4335639701737957	0.5664360298262043	0.0033851528524154917	0.0026332673902582475	1.2855332751010546	0.0006278727421552119	0.019244355366172562	True	-1.0665420793979357	7.373173051910546
ReplogleWeissman2022_K562_gwps	SSRP1	collectri	314	74615	10484020.0	0.44747837199108287	0.5525216280089171	0.005796670623948315	0.0041906337999973306	1.3832443731905202	0.0006472316827188081	0.019244355366172562	True	-0.422541095432196	7.3428062398971505
ReplogleWeissman2022_K562_gwps	ZEB1	collectri	433	74615	14775634.0	0.4573325209516627	0.5426674790483372	0.006598565266816215	0.0057696407632448566	1.1436700372841184	0.0010821613668860078	0.030165248101947467	True	-0.17373497348489345	6.828794972075159
ReplogleWeissman2022_K562_gwps	HINFP	collectri	102	74615	3162716.5	0.4155602025035706	0.5844397974964294	0.0017856727837530523	0.0013651511704163711	1.308040327290949	0.0015775115441672323	0.04138647933521092	True	-0.35975661259496183	6.451906645561589
ReplogleWeissman2022_K562_gwps	MYB	collectri	181	74615	5904381.0	0.4371894324567772	0.5628105675432228	0.003409115900407912	0.0024199155035028613	1.4087747673309954	0.001729469247901189	0.04285240469799613	True	-0.5631125607261924	6.359940710663786
ReplogleWeissman2022_K562_gwps	REST	collectri	469	74615	16222229.0	0.463565964131154	0.536434035868846	0.007645005258018797	0.006246337435405679	1.2239180699212866	0.003217849872407148	0.07537083219471073	True	-0.2005292116622648	5.7390418839529245
ReplogleWeissman2022_K562_gwps	NFE2	collectri	144	74615	4671874.0	0.4348129658171205	0.5651870341828796	0.0024160396569361453	0.0019261894888909696	1.2543104771728422	0.0033932415666792317	0.07537083219471073	True	-0.3701555527501392	5.685969600111846
ReplogleWeissman2022_K562_gwps	ESRRA	collectri	204	74615	6783206.5	0.44563442008848037	0.5543655799115196	0.003442977771356211	0.0027265801467541667	1.2627458523289232	0.003613802217020738	0.07537083219471073	True	-0.28104041850800177	5.622994815199339
ReplogleWeissman2022_K562_gwps	ATF4	collectri	103	74615	3257138.0	0.42381155302722257	0.5761884469727774	0.0017184819310387127	0.001378516555582323	1.2466168244985487	0.003717843740546269	0.07537083219471073	True	-0.704076402785484	5.594611418391181
ReplogleWeissman2022_K562_gwps	STAT5B	collectri	126	74615	4057639.0	0.4315953109560293	0.5684046890439707	0.0021301915809132546	0.0016858217042854658	1.2635924519764885	0.003934781183395101	0.0763005394693137	True	-0.343394837829546	5.537900006436551
ReplogleWeissman2022_K562_gwps	TFAP4	collectri	46	74615	1341668.0	0.39089587418312555	0.6091041258168746	0.0008354691621486201	0.0006161181875410188	1.3560209372864809	0.0051952388322906076	0.09654485496673379	True	-0.4104446661872469	5.260012681995759
ReplogleWeissman2022_K562_gwps	JUN	collectri	212	74615	7147621.0	0.45185543652384125	0.5481445634761588	0.0035449270077064048	0.0028332019190933752	1.2512087415360715	0.007657162680429265	0.13660378221885808	False	-0.569788383603158	4.872113771102014
ReplogleWeissman2022_K562_gwps	KLF2	collectri	251	74615	8544688.0	0.45624313708110664	0.5437568629188934	0.00375934126136283	0.003352656746720808	1.121302162841393	0.008255850077617881	0.14161958210067596	False	-0.1686279939056291	4.796833229611071
ReplogleWeissman2022_K562_gwps	KDM5C	collectri	220	74615	7469999.5	0.45506323369052043	0.5449367663094796	0.0036242186713766117	0.002939800895303	1.2328109285112214	0.010525526134437801	0.17074800521305358	False	-0.2414706181692865	4.553951911642883
ReplogleWeissman2022_K562_gwps	CEBPA	collectri	88	74615	2818016.0	0.4291752206782697	0.5708247793217304	0.0025626264381906887	0.0011779982062300042	2.17540775922908	0.010719605708442825	0.17074800521305358	False	-0.4962456865928165	4.535680904944757
ReplogleWeissman2022_K562_gwps	ATF5	collectri	49	74615	1491663.0	0.4079890376039178	0.5920109623960822	0.001432438870565148	0.0006562734383370835	2.1826860373852286	0.012860556866421404	0.19778649525599817	False	-0.633692823157645	4.353590258900115
ReplogleWeissman2022_K562_gwps	RUNX1	collectri	179	74615	6056714.0	0.4534797435026806	0.5465202564973194	0.0027574645762106107	0.0023932400994732196	1.1521888576150638	0.015641492444034934	0.22940409781315096	False	-0.2482392015699974	4.157828123607212
ReplogleWeissman2022_K562_gwps	IRF3	collectri	339	74615	11794978.0	0.4663063114350816	0.5336936885649184	0.005171573712770107	0.004522773968033728	1.1434517288111228	0.016011151172567482	0.22940409781315096	False	-0.1534228991709956	4.134469851212559
ReplogleWeissman2022_K562_gwps	TBPL1	collectri	144	74615	4820401.0	0.44863642624732886	0.5513635737526711	0.002729913573355907	0.0019261894888909696	1.4172611724341269	0.016459486838611728	0.22940409781315096	False	-0.2893635493032226	4.1068532604882355
ReplogleWeissman2022_K562_gwps	ZNF76	collectri	232	74615	7983598.5	0.46119496749983246	0.5388050325001675	0.0034728181838584544	0.0030996566328643765	1.120388028479542	0.020461607818892526	0.2708214339953537	False	-0.09483794352558728	3.889204938022596
ReplogleWeissman2022_K562_gwps	SMAD1	collectri	338	74615	11800028.0	0.467886154845366	0.532113845154634	0.004823495577497043	0.0045094926153723	1.0696315503554314	0.020645580170049384	0.2708214339953537	False	-0.17169734497530872	3.8802540178326277
ReplogleWeissman2022_K562_gwps	MSX2	collectri	275	74615	9541294.5	0.4649951935084951	0.535004806491505	0.004255848458004527	0.003672052343437041	1.158983603708942	0.022364824695344544	0.27467998386763703	False	-0.20269784685662398	3.8002658804761547
ReplogleWeissman2022_K562_gwps	YY1	collectri	176	74615	5996469.0	0.45662194720778787	0.5433780527922121	0.002899305728373944	0.002353224318434036	1.232056674606907	0.023232665842409305	0.27467998386763703	False	-0.18253289169086945	3.762195980178432
ReplogleWeissman2022_K562_gwps	ELK1	collectri	143	74615	4821848.0	0.4519093584831037	0.5480906415168963	0.0023756448836335237	0.0019128387597314	1.2419472742005242	0.023283597071664316	0.27467998386763703	False	-0.27681502846710804	3.7600061546672214
ReplogleWeissman2022_K562_gwps	NCOR2	collectri	427	74615	15042904.5	0.47214748433057063	0.5278525156694295	0.006260134568038825	0.005690146851096719	1.1001710029385703	0.02340322732504531	0.27467998386763703	False	-0.1383398284829143	3.7548813462548214
ReplogleWeissman2022_K562_gwps	PPARA	collectri	283	74615	9841540.0	0.46606928522836544	0.5339307147716346	0.004170621827559819	0.00377847205532858	1.1037852778818915	0.024215568516564066	0.27692675790737364	False	-0.175336589497077	3.72075952553494
ReplogleWeissman2022_K562_gwps	LMO2	collectri	271	74615	9418505.5	0.46578614007007185	0.5342138599299282	0.004176556689995439	0.003618833960953983	1.1541166947859722	0.025734866787285274	0.28052778125218175	False	-0.15313446648553483	3.659908522215461
ReplogleWeissman2022_K562_gwps	SRSF2	collectri	140	74615	4726460.5	0.4524617321296943	0.5475382678703057	0.002822479383887684	0.0018727844291351748	1.5071031881608845	0.025788428321388904	0.28052778125218175	False	-0.2706092748564532	3.657829402342206
ReplogleWeissman2022_K562_gwps	EWSR1	collectri	158	74615	5384883.0	0.45676523453305024	0.5432347654669498	0.0027111571079119615	0.002113062201596833	1.2830465217082347	0.03001518579099186	0.318732687209104	False	-0.28865280978936775	3.5060518323593954
ReplogleWeissman2022_K562_gwps	E2F3	collectri	385	74615	13575832.0	0.4725846183569162	0.5274153816430838	0.00592220439637401	0.0051333333333333335	1.1536761811118201	0.031539312233587836	0.3271286803762831	False	-0.364332709817015	3.45652050384899
ReplogleWeissman2022_K562_gwps	TBX21	collectri	82	74615	2713881.0	0.4435583965167535	0.5564416034832464	0.0012205914212042516	0.0010977683173353683	1.1118843584109022	0.038403662132519285	0.3892734843432637	False	-0.12836613089298932	3.2596024559013412
ReplogleWeissman2022_K562_gwps	NCOR1	collectri	190	74615	6569608.0	0.4634039296458663	0.5365960703541337	0.002768932071588565	0.002539937169975269	1.0901577032378031	0.040474642657373036	0.40011938516469364	False	-0.15691661256265513	3.2070796081819815
ReplogleWeissman2022_K562_gwps	PAX2	collectri	171	74615	5897312.5	0.46220207200079316	0.5377979279992069	0.006094197791373121	0.0022865242157623085	2.665267111260995	0.04167090293777109	0.40011938516469364	False	-0.3070369298471365	3.1779521650095353
ReplogleWeissman2022_K562_gwps	SMAD6	collectri	161	74615	5534255.0	0.4606882618559954	0.5393117381440047	0.0024820661968762755	0.0021530972504546914	1.152788707687083	0.042165047315561886	0.40011938516469364	False	-0.172609198054176	3.166163663803621
ReplogleWeissman2022_K562_gwps	TFE3	collectri	217	74615	7551424.5	0.4663833176203127	0.5336166823796873	0.0031591944568572796	0.0028998289501817403	1.0894416571223224	0.04336204397683347	0.40290565861807764	False	-0.16432496875642041	3.1381707832746675
ReplogleWeissman2022_K562_gwps	TFAP2A	collectri	282	74615	9908579.0	0.47090806090650683	0.5290919390934932	0.004282396556316729	0.0037651708346128684	1.1373711165902625	0.04559637391774848	0.4068952228220564	False	-0.20783652350069762	3.087927084971249
ReplogleWeissman2022_K562_gwps	SP7	collectri	107	74615	3616174.0	0.4529386677154565	0.5470613322845435	0.0017499947167501594	0.0014319745188833275	1.2220850955607983	0.04598176851007208	0.4068952228220564	False	-0.2318910433315666	3.079510297792769
ReplogleWeissman2022_K562_gwps	SMARCA5	collectri	140	74615	4794636.5	0.4589881869788725	0.5410118130211276	0.0021595502422890205	0.0018727844291351748	1.1531227025879696	0.04652837749758941	0.4068952228220564	False	-0.26213537588880165	3.06769288376172
ReplogleWeissman2022_K562_gwps	EGR3	collectri	294	74615	10372219.5	0.47282259818086586	0.5271774018191342	0.004351704733482377	0.003924762044614132	1.1087818023143925	0.053568606879314105	0.4562598465617139	False	-0.10477983015884891	2.926792075040373
ReplogleWeissman2022_K562_gwps	PARK7	collectri	8	74615	200988.0	0.33670843664142597	0.6632915633585741	0.0002486027578100262	0.00010720555324765823	2.3189354495071983	0.05481860587276711	0.4562598465617139	False	-0.6513447760304568	2.9037256194274574
ReplogleWeissman2022_K562_gwps	KAT7	collectri	125	74615	4278761.0	0.4587561214233063	0.5412438785766936	0.001977263445396854	0.0016724645437516724	1.1822453592716868	0.05524222357473666	0.4562598465617139	False	-0.16496392462650275	2.8960276982689765
ReplogleWeissman2022_K562_gwps	ID1	collectri	80	74615	2679270.0	0.4488490920056289	0.5511509079943712	0.0013338466432820154	0.0010710221567708682	1.2453959377493766	0.05659790773815408	0.4589575791130313	False	-0.25659684483282497	2.8717832602132454
ReplogleWeissman2022_K562_gwps	MLXIPL	collectri	288	74615	10170808.0	0.4733003491999672	0.5266996508000328	0.004336506058861809	0.003844972831528777	1.1278378934962712	0.05860517925657974	0.4667483919363315	False	-0.06014589224744504	2.8369322030866524
ReplogleWeissman2022_K562_gwps	SOX2	collectri	7	74615	173719.0	0.3326006835086779	0.6673993164913221	0.00047700048767867055	9.380611615877355e-05	5.084961484508251	0.06249649264566003	0.4890076442099013	False	-0.9235908680991032	2.772644841483876
ReplogleWeissman2022_K562_gwps	MXD1	collectri	57	74615	1885353.0	0.4432938205595742	0.5567061794404258	0.0009628944211043425	0.000763338332976216	1.2614254774158504	0.06910632377280845	0.5314038000460789	False	-0.2202087181424168	2.6721090361468325
ReplogleWeissman2022_K562_gwps	NRF1	collectri	109	74615	3736747.0	0.4594529594425697	0.5405470405574303	0.0017997137617184948	0.0014587013543172207	1.233778083767457	0.07141221227956407	0.5398279097743318	False	-0.25284227079082816	2.639286383932299
ReplogleWeissman2022_K562_gwps	ATF6	collectri	127	74615	4392256.0	0.46350858290405184	0.5364914170959482	0.001974393730626604	0.001699178507398785	1.1619695764920759	0.07731798266770334	0.566710149823864	False	-0.2881614128059274	2.559828715674261
ReplogleWeissman2022_K562_gwps	NR5A2	collectri	267	74615	9459711.0	0.47483252983291757	0.5251674701670824	0.003944493876055115	0.00356560989289816	1.1062606383024687	0.07750968416873477	0.566710149823864	False	-0.13655678215376618	2.557352393413381
ReplogleWeissman2022_K562_gwps	MEF2C	collectri	201	74615	7067455.0	0.47123859360304954	0.5287614063969505	0.0029612467690808774	0.0026865911035072712	1.1022320312216662	0.07917779140845654	0.5695692736801874	False	-0.1305989481559953	2.5360594309938023
ReplogleWeissman2022_K562_gwps	GATA3	collectri	118	74615	4079073.0	0.46329042758476563	0.5367095724152343	0.001699305524176728	0.0015789544110366236	1.0762220316805036	0.08375167125638489	0.5717500951932137	False	-0.06332852982824753	2.4798991531759476
ReplogleWeissman2022_K562_gwps	GTF3A	collectri	130	74615	4511731.5	0.46512935633688834	0.5348706436631117	0.0021909925755516676	0.0017392467723593551	1.2597364619969953	0.08439988902941181	0.5717500951932137	False	-0.2597662105079777	2.4721891921984858
ReplogleWeissman2022_K562_gwps	KLF9	collectri	327	74615	11663619.0	0.47803470660091835	0.5219652933990817	0.004743150103477337	0.004363374342825118	1.0870371714214024	0.0848869353960639	0.5717500951932137	False	-0.09722203384823268	2.4664350797666565
ReplogleWeissman2022_K562_gwps	TAF1	collectri	69	74615	2330279.5	0.45261899975429426	0.5473810002457058	0.001846502921249007	0.0009238926677735525	1.9986119445008819	0.08648130428769157	0.5717500951932137	False	-0.4142159648089925	2.447827023807335
ReplogleWeissman2022_K562_gwps	PROX1	collectri	337	74615	12034806.0	0.4786114119741478	0.5213885880258522	0.0049744425645692585	0.004496210908314655	1.1063632614231307	0.08737647472924881	0.5717500951932137	False	-0.11285517602870923	2.437529200410382
ReplogleWeissman2022_K562_gwps	ARX	collectri	435	74615	15618216.0	0.48118936979945326	0.5188106302005467	0.006028733111485298	0.005796135909393737	1.0401297011884405	0.08753679446954243	0.5717500951932137	False	-0.1036614887886308	2.435696065784031
ReplogleWeissman2022_K562_gwps	TBPL2	collectri	137	74615	4772393.5	0.46686308451510944	0.5331369154848906	0.0020232878321807925	0.0018327268835616438	1.1039767301545884	0.08974345267341766	0.5717500951932137	False	-0.18600209003888638	2.410800204988791
ReplogleWeissman2022_K562_gwps	NEUROD1	collectri	370	74615	13249888.0	0.4799371186505141	0.520062881349486	0.0053721242054271	0.004934320197372808	1.0887263068755433	0.09117665896470395	0.5717500951932137	False	-0.10786429413940644	2.3949563470627
ReplogleWeissman2022_K562_gwps	TEF	collectri	319	74615	11389459.5	0.4785047885309689	0.5214952114690311	0.00470532329542794	0.0042570795633490805	1.1052937173028128	0.09223836870227237	0.5717500951932137	False	-0.03139666427699745	2.383379088539036
ReplogleWeissman2022_K562_gwps	POU1F1	collectri	145	74615	5065139.0	0.4681631455263456	0.5318368544736544	0.0022898843361706463	0.0019395398608881755	1.1806327791180518	0.0923004637980076	0.5717500951932137	False	-0.2216976502510855	2.382706112588798
ReplogleWeissman2022_K562_gwps	ZFP42	collectri	339	74615	12128382.0	0.4794872083776365	0.5205127916223635	0.0049108860259298994	0.004522773968033728	1.0858128353615033	0.09571046678137113	0.5785091959249284	False	-0.1714345278067087	2.3464276157475443
ReplogleWeissman2022_K562_gwps	VHL	collectri	373	74615	13373538.5	0.4805198769231654	0.5194801230768347	0.005370409570934575	0.004974129194004374	1.079668291971158	0.09679669836749522	0.5785091959249284	False	-0.09133955457133286	2.335142393055099
ReplogleWeissman2022_K562_gwps	GFI1	collectri	307	74615	10962830.0	0.47858398410428693	0.5214160158957131	0.004451670134138549	0.00409759483195857	1.086410520488366	0.09728293653446107	0.5785091959249284	False	-0.09391064421234255	2.3301316748047793
ReplogleWeissman2022_K562_gwps	GATA5	collectri	287	74615	10238231.0	0.47809795276612743	0.5219020472338725	0.004191876135475982	0.003831673386558436	1.0940066421582648	0.09974178099286424	0.5796180866535	False	-0.1410635593405137	2.3051706226684177
ReplogleWeissman2022_K562_gwps	GATA1	collectri	46	74615	1531677.0	0.44625512412995405	0.5537448758700461	0.0035639226883234713	0.0006161181875410188	5.784478952889536	0.10341723670277075	0.5796180866535	False	-0.722240635043313	2.2689836315474827
ReplogleWeissman2022_K562_gwps	PAX6	collectri	282	74615	10068501.0	0.47850839985685384	0.5214916001431462	0.004064604157060368	0.0037651708346128684	1.0795271544374125	0.10604350923684203	0.5796180866535	False	-0.13558582647188946	2.2439058045890676
ReplogleWeissman2022_K562_gwps	STAT4	collectri	112	74615	3894643.0	0.46604031648174915	0.5339596835182508	0.0016502493777381085	0.0014987889250204075	1.1010552254485324	0.10673932880284787	0.5796180866535	False	-0.16821368778993923	2.2373655962463066
ReplogleWeissman2022_K562_gwps	WT1	collectri	281	74615	10033595.0	0.4785464554344568	0.5214535445655433	0.004151500939805007	0.003751869258705405	1.1065153536926542	0.10685372129117998	0.5796180866535	False	-0.0878181932317003	2.236294470577951
ReplogleWeissman2022_K562_gwps	NFATC2	collectri	278	74615	9925147.0	0.4784824448957888	0.5215175551042113	0.004031450508616965	0.0037119623996902246	1.0860698666973037	0.10739618192406197	0.5796180866535	False	-0.12039267097944618	2.23123064759458
ReplogleWeissman2022_K562_gwps	ZNF143	collectri	185	74615	6538623.0	0.473683684354461	0.526316315645539	0.002870013409095321	0.0024732620320855616	1.1604162324342162	0.10778420593828314	0.5796180866535	False	-0.19883730287186357	2.2276241438731463
ReplogleWeissman2022_K562_gwps	CEBPG	collectri	57	74615	1925676.0	0.45277477013582	0.54722522986418	0.0009013513048526875	0.000763338332976216	1.1808018357185943	0.1084865027806749	0.5796180866535	False	-0.19218528282360847	2.221129512074531
ReplogleWeissman2022_K562_gwps	TRIM28	collectri	57	74615	1927756.5	0.4532639479150869	0.5467360520849129	0.0008572390661186978	0.000763338332976216	1.1230132551792178	0.1091657382934843	0.5796180866535	False	-0.12631473071437094	2.214888016792924
ReplogleWeissman2022_K562_gwps	HCFC1	collectri	104	74615	3611017.5	0.46533970535930597	0.5346602946406941	0.0015284133997580823	0.001391881582997631	1.0980915463127323	0.11055475065200998	0.5800872798917229	False	-0.05595753311313902	2.20224439972085
ReplogleWeissman2022_K562_gwps	ASCL1	collectri	225	74615	8009787.0	0.477103174071344	0.5228968259286559	0.00343247731248816	0.0030064136825227153	1.1417182314071728	0.11742562848726396	0.6089747709920899	False	-0.17641830830276012	2.141950094839297
ReplogleWeissman2022_K562_gwps	FLI1	collectri	143	74615	5036137.0	0.4719927797191082	0.5280072202808918	0.0019843050987799257	0.0019128387597314	1.0373614026195082	0.12321405118887263	0.6273753630944386	False	-0.026283395191941106	2.093832182528404
ReplogleWeissman2022_K562_gwps	CEBPE	collectri	165	74615	5835845.0	0.47401672017365915	0.5259832798263409	0.002510612880301875	0.002206472318801819	1.1378401890240861	0.12406626535730353	0.6273753630944386	False	-0.08382514685201262	2.086939458074113
ReplogleWeissman2022_K562_gwps	CTCFL	collectri	364	74615	13108011.0	0.4826243949711081	0.517375605028892	0.0051669460743571476	0.004854692647274571	1.064319916783584	0.12598056350701492	0.6273753630944386	False	-0.07132211807259693	2.0716276418104638
ReplogleWeissman2022_K562_gwps	MYBL1	collectri	265	74615	9487111.0	0.47980190133250056	0.5201980986674994	0.0036741883795621995	0.0035389957264957265	1.0382008523079906	0.12777445360770628	0.6273753630944386	False	-0.083153749852112	2.0574886505435006
ReplogleWeissman2022_K562_gwps	SOX17	collectri	237	74615	8464629.0	0.4786669460191006	0.5213330539808994	0.0032003429723050413	0.003166248062844012	1.0107682369745863	0.12800708081074869	0.6273753630944386	False	-0.019951975409792093	2.055669697758576
ReplogleWeissman2022_K562_gwps	IRF8	collectri	151	74615	5336199.0	0.4736187928052746	0.5263812071947254	0.0022476736943162776	0.002019634593264318	1.112911069067886	0.1309651256559774	0.627925739165579	False	-0.1551097289245543	2.0328242075894374
ReplogleWeissman2022_K562_gwps	FOXL2	collectri	372	74615	13412839.0	0.48322748532070364	0.5167725146792964	0.005875316399364571	0.004960859882379613	1.1843342764493308	0.13181910952827414	0.627925739165579	False	-0.07759797480744292	2.0263246785899525
ReplogleWeissman2022_K562_gwps	ZNF148	collectri	86	74615	2987021.0	0.46549356463956837	0.5345064353604315	0.0013879617596102222	0.001151256341949907	1.2056061791237582	0.1339605682572021	0.627925739165579	False	-0.0316587700676208	2.0102097890734756
ReplogleWeissman2022_K562_gwps	NFATC3	collectri	216	74615	7709094.0	0.4783254037391945	0.5216745962608054	0.003042061198674758	0.0028865042562574335	1.0538911183242168	0.1352388590856729	0.627925739165579	False	-0.15283681988273348	2.000712737397551
ReplogleWeissman2022_K562_gwps	YBX1	collectri	154	74615	5452085.0	0.47447764324397707	0.525522356756023	0.002703266318141273	0.0020596771389212107	1.312470904812369	0.13653395073101093	0.627925739165579	False	-0.13147056683443784	1.9911819719795263
ReplogleWeissman2022_K562_gwps	HDAC3	collectri	140	74615	4945041.5	0.47338638343496614	0.5266136165650339	0.0020614280953963	0.0018727844291351748	1.1007289805096458	0.13789970237897364	0.627925739165579	False	-0.16477638503526382	1.9812286524232545
ReplogleWeissman2022_K562_gwps	HIF1A	collectri	162	74615	5745581.0	0.47532733877526034	0.5246726612247397	0.0023645723464580997	0.002166441552883908	1.091454483648749	0.13859583558875438	0.627925739165579	False	-0.14995341393301792	1.9761932389349155
ReplogleWeissman2022_K562_gwps	MITF	collectri	395	74615	14273628.0	0.4842962820961951	0.5157037179038049	0.005410000289877665	0.0052659645380615915	1.0273522069461358	0.1404487435900446	0.627925739165579	False	-0.059551699379732204	1.9629126710749965
ReplogleWeissman2022_K562_gwps	FOXM1	collectri	220	74615	7863130.0	0.47901226294980903	0.520987737050191	0.0030336653890085394	0.002939800895303	1.0319288608475183	0.14079052447658724	0.627925739165579	False	-0.12249259085333702	1.9604821352743014
ReplogleWeissman2022_K562_gwps	BACH1	collectri	189	74615	6735288.5	0.4776043300937759	0.522395669906224	0.002678873647316151	0.0025266028554622746	1.0602670069515203	0.14339188701906497	0.629499124647665	False	-0.098744182663632	1.9421739282953006
ReplogleWeissman2022_K562_gwps	STAT2	collectri	69	74615	2383995.0	0.46305236445638337	0.5369476355436167	0.001112689598646212	0.0009238926677735525	1.2043494200767204	0.143966167520318	0.629499124647665	False	-0.2670431429977086	1.9381769547862584
ReplogleWeissman2022_K562_gwps	SPI1	collectri	82	74615	2854744.0	0.4665811327415693	0.5334188672584307	0.0012721188480519937	0.0010977683173353683	1.1588227023529238	0.14738294625081116	0.6307633796512496	False	-0.0811460585036705	1.9147210029975887
ReplogleWeissman2022_K562_gwps	ZNF91	collectri	103	74615	3614680.0	0.47033412293137133	0.5296658770686287	0.0015402423206039469	0.001378516555582323	1.1173186962221913	0.1486528316762909	0.6307633796512496	False	-0.07811345058103282	1.9061416804339568
ReplogleWeissman2022_K562_gwps	NOTO	collectri	227	74615	8131540.0	0.48008794631826635	0.5199120536817337	0.0031268884272098642	0.0030330563052831296	1.030936491934981	0.14969989100033237	0.6307633796512496	False	-0.05824947409513565	1.8991227156775117
ReplogleWeissman2022_K562_gwps	ZNF350	collectri	195	74615	6968442.5	0.4789332247417083	0.5210667752582917	0.0027984462634338	0.002606603395268012	1.073598794705039	0.15439778674120763	0.6307633796512496	False	-0.07123926854238694	1.8682229760718732
ReplogleWeissman2022_K562_gwps	FOXF2	collectri	87	74615	3041735.0	0.46857161782976364	0.5314283821702364	0.0016366049976004105	0.0011646274530802388	1.4052605348361593	0.15506920206842073	0.6307633796512496	False	-0.04469065905139989	1.8638837967411617
ReplogleWeissman2022_K562_gwps	MAFK	collectri	293	74615	10556364.0	0.4828592920335767	0.5171407079664233	0.004260780515908389	0.003911464730068885	1.0893056207701899	0.15520184396620273	0.6307633796512496	False	-0.07989794345897136	1.8630287900780669
ReplogleWeissman2022_K562_gwps	DLX3	collectri	136	74615	4819093.5	0.47489795656921213	0.5251020434307878	0.00196881113217993	0.0018193736538641622	1.0821367716292791	0.1554669439091349	0.6307633796512496	False	-0.06923743606115368	1.8613221493235201
ReplogleWeissman2022_K562_gwps	THRA	collectri	294	74615	10593600.0	0.4829143343995777	0.5170856656004224	0.00424611121393066	0.003924762044614132	1.0818773636882033	0.15556944341174317	0.6307633796512496	False	-0.05031322832167404	1.8606630656246541
ReplogleWeissman2022_K562_gwps	NFAT5	collectri	78	74615	2721477.0	0.4676101423203212	0.5323898576796788	0.0011062759537942028	0.0010442745638814881	1.0593726899583384	0.16098631796851048	0.6406723104832637	False	-0.13649912690319183	1.8264358991708582
ReplogleWeissman2022_K562_gwps	BRD4	collectri	237	74615	8513517.5	0.48143154550603084	0.518568454493969	0.0033006035535918417	0.003166248062844012	1.0424336590441203	0.16140546378641057	0.6406723104832637	False	-0.057271982037198535	1.8238356712631947
ReplogleWeissman2022_K562_gwps	SMAD5	collectri	127	74615	4499047.5	0.47477813933045276	0.5252218606695472	0.001971576643617997	0.001699178507398785	1.160311665333042	0.1626125699246912	0.6406723104832637	False	-0.17468059571439312	1.816384779046458
ReplogleWeissman2022_K562_gwps	AHR	collectri	128	74615	4536549.0	0.47499549772163774	0.5250045022783623	0.001879157493753031	0.0017125349531059765	1.0972958480904906	0.1637592901235248	0.6406723104832637	False	-0.0787717858405803	1.8093576724972869
ReplogleWeissman2022_K562_gwps	NR4A1	collectri	151	74615	5377976.0	0.4773267452836259	0.522673254716374	0.00217774994741123	0.002019634593264318	1.0782890898552848	0.16748224673056167	0.6456050426677296	False	-0.08066810780693232	1.7868779230026064
ReplogleWeissman2022_K562_gwps	GABPA	collectri	193	74615	6911977.0	0.479975237306255	0.520024762693745	0.0026684314692546275	0.0025799379745481766	1.0343006287668404	0.16791521289115835	0.6456050426677296	False	-0.102468036811554	1.7842961121469811
ReplogleWeissman2022_K562_gwps	POU4F1	collectri	247	74615	8893715.0	0.48256976907911353	0.5174302309208865	0.003605837394545039	0.003299404237129652	1.092875299718343	0.17172436119930945	0.654607393973436	False	0.023875041773300652	1.7618646387941364
ReplogleWeissman2022_K562_gwps	IRF7	collectri	169	74615	6045656.0	0.4794359368228306	0.5205640631771695	0.002254306469446134	0.002259841677364142	0.9975506213672171	0.17742663111458623	0.6664333681219258	False	-0.0018936877862113302	1.7291981013509206
ReplogleWeissman2022_K562_gwps	GLI1	collectri	183	74615	6557785.0	0.4802638974788248	0.5197361025211752	0.00248684775919397	0.002446589481002166	1.0164548562414786	0.17781518118051381	0.6664333681219258	False	-0.02373825333781307	1.7270105760798369
ReplogleWeissman2022_K562_gwps	SP2	collectri	233	74615	8397040.0	0.4829966934699699	0.5170033065300301	0.003253106810195415	0.003112975630611372	1.045015186821916	0.18467779562365744	0.6822900903492144	False	-0.06300130382524832	1.6891426176087734
ReplogleWeissman2022_K562_gwps	EBF1	collectri	113	74615	4011791.0	0.4758101617803248	0.5241898382196751	0.0016982488655383694	0.0015121507333261963	1.1230685064066483	0.18594450558885772	0.6822900903492144	False	-0.13515879780901657	1.6823070068354071
ReplogleWeissman2022_K562_gwps	MBD1	collectri	269	74615	9720891.5	0.4843147238849639	0.5156852761150361	0.0038650350796902095	0.0035922226376796113	1.075945304488928	0.18685183891900914	0.6822900903492144	False	-0.08253660896838644	1.67743928141318
ReplogleWeissman2022_K562_gwps	E2F1	collectri	224	74615	8071253.0	0.4829106676175798	0.5170893323824203	0.003301216494464729	0.002993091837143735	1.1029452733448477	0.18816520428913314	0.6822900903492144	False	-0.21915213357155588	1.6704349558048142
ReplogleWeissman2022_K562_gwps	PPARD	collectri	90	74615	3179342.0	0.4734439753698616	0.5265560246301384	0.0012297358538586058	0.0012047386386453383	1.0207490773611905	0.191553489918031	0.688974649221305	False	-0.16361724882739534	1.6525881886434177
ReplogleWeissman2022_K562_gwps	SATB2	collectri	354	74615	12858403.5	0.48680793042703957	0.5131920695729604	0.005397549076622059	0.004721951740052555	1.143075866455591	0.19550531012216732	0.697562946515893	False	-0.0568575731726524	1.6321677381753739
ReplogleWeissman2022_K562_gwps	ENO1	collectri	123	74615	4385909.0	0.4778904610060642	0.5221095389939359	0.0018470072443746042	0.001645749150365276	1.1222896539030014	0.1980202934218973	0.7009289751283032	False	-0.08092872619911669	1.6193857615097667
ReplogleWeissman2022_K562_gwps	THRB	collectri	303	74615	10993165.0	0.4862436856833174	0.5137563143166826	0.004129680295786918	0.004044421901278732	1.0210804897681989	0.20388919194336708	0.716020311864108	False	-0.0007477944568524027	1.5901786094600527
ReplogleWeissman2022_K562_gwps	HNF1A	collectri	78	74615	2755914.0	0.47352718312980996	0.52647281687019	0.0013004568504962938	0.0010442745638814881	1.2453208145399959	0.2091191437502819	0.7174266107083231	False	-0.1620647461936778	1.5648511236522804
ReplogleWeissman2022_K562_gwps	CREBBP	collectri	147	74615	5272725.0	0.4807193935672507	0.5192806064327493	0.0020070619647345905	0.0019662395334528234	1.0207616776019557	0.20926285306345466	0.7174266107083231	False	-0.053270687256308444	1.5641641470618965
ReplogleWeissman2022_K562_gwps	ARNT	collectri	93	74615	3301563.0	0.4757847271909782	0.5242152728090218	0.0013304752076790586	0.0012448466027734648	1.0687864711321193	0.2094192086602416	0.7174266107083231	False	-0.03834749748696258	1.5634172528509918
ReplogleWeissman2022_K562_gwps	CTCF	collectri	109	74615	3887134.0	0.47794384261225975	0.5220561573877404	0.002962945537079965	0.0014587013543172207	2.0312214891079203	0.2126965771567696	0.7174266107083231	False	-0.40997866934308647	1.5478886492572408
ReplogleWeissman2022_K562_gwps	NFE2L1	collectri	92	74615	3270277.0	0.476398701741403	0.523601298258597	0.0013675126360821795	0.001231477639310908	1.1104648533020802	0.2146618562555454	0.7174266107083231	False	-0.17630496277587646	1.5386912505444321
ReplogleWeissman2022_K562_gwps	RB1	collectri	433	74615	15801198.0	0.4890755764115686	0.5109244235884314	0.007226364203717862	0.0057696407632448566	1.2524807869760233	0.21617196628437013	0.7174266107083231	False	-0.06604705655488402	1.5316810478440601
ReplogleWeissman2022_K562_gwps	ATF2	collectri	187	74615	6745274.0	0.48342805008670175	0.5165719499132981	0.005125443188936386	0.0024999331568674637	2.0502320931487676	0.2165086149089399	0.7174266107083231	False	-0.43594962347444627	1.5301249406040571
ReplogleWeissman2022_K562_gwps	PKNOX1	collectri	253	74615	9170500.0	0.4857875168950282	0.5142124831049717	0.0037278515173720214	0.003379280867660416	1.1031493573225633	0.21715827902606194	0.7174266107083231	False	-0.02027706875600372	1.5271287948885106
ReplogleWeissman2022_K562_gwps	KLF6	collectri	209	74615	7557090.0	0.48459861098775947	0.5154013890122404	0.003128533052057854	0.0027932214262803377	1.1200447707520425	0.22058592651920222	0.7178081324699539	False	-0.19454622019545117	1.5114679705749534
ReplogleWeissman2022_K562_gwps	TBX5	collectri	156	74615	5613289.0	0.48224380881688395	0.517756191183116	0.0022436534224417807	0.002086370384239879	1.0753859618550923	0.2207062582679763	0.7178081324699539	False	-0.04559271064269121	1.5109226096739237
ReplogleWeissman2022_K562_gwps	SMARCC1	collectri	109	74615	3894335.5	0.47882930541919466	0.5211706945808052	0.0014967493949533308	0.0014587013543172207	1.0260835026467219	0.22210206789429066	0.7178081324699539	False	-0.05628832357071399	1.5046182374799364
ReplogleWeissman2022_K562_gwps	FOXA1	collectri	238	74615	8628986.5	0.4859109535390917	0.5140890464609082	0.0033084611841626725	0.003179565281284651	1.0405388446139854	0.2261042149616414	0.7223380964891203	False	-0.09797606881229773	1.486759257847907
ReplogleWeissman2022_K562_gwps	IRF1	collectri	273	74615	9917676.0	0.4868790928966497	0.5131209071033503	0.0037218234076279084	0.003645443862835167	1.0209520562287135	0.22674290024322163	0.7223380964891203	False	-0.13065112191403394	1.4839385014220872
ReplogleWeissman2022_K562_gwps	NFKBIB	collectri	243	74615	8816353.0	0.48624657328745724	0.5137534267125428	0.0037098595713651785	0.0032461460364957653	1.1428504847459033	0.2291878016046781	0.7228623317410735	False	-0.13673696768703972	1.4732135171779512
ReplogleWeissman2022_K562_gwps	ZNF362	collectri	44	74615	1537554.0	0.4683295462160302	0.5316704537839698	0.0007537693029006504	0.0005893462275144322	1.2789923269377195	0.2334571699331996	0.7228623317410735	False	-0.19724987367554195	1.4547566451081466
ReplogleWeissman2022_K562_gwps	REL	collectri	168	74615	6064977.0	0.48383104699361484	0.5161689530063851	0.0025640593431125883	0.002246499872965781	1.1413574396189803	0.23417643896390689	0.7228623317410735	False	-0.15248799066347665	1.4516804350829038
ReplogleWeissman2022_K562_gwps	ERG	collectri	440	74615	16088491.0	0.4900455977045805	0.5099544022954194	0.007153860138669987	0.005862367597095464	1.2203022106997177	0.23539521216454473	0.7228623317410735	False	-0.06730878328481704	1.4464894235108723
ReplogleWeissman2022_K562_gwps	NFIC	collectri	298	74615	10851287.0	0.48802137325069583	0.5119786267493042	0.004180951832279915	0.0039779477527264965	1.0510323644684068	0.23733986701555188	0.7228623317410735	False	-0.010100858552422598	1.4382621270572928
ReplogleWeissman2022_K562_gwps	HES1	collectri	239	74615	8678078.0	0.48663070147818777	0.5133692985218123	0.0034759766848454104	0.003192882143906805	1.0886642626251815	0.2373584833716781	0.7228623317410735	False	-0.028298535722067693	1.438183692589928
ReplogleWeissman2022_K562_gwps	MYBL2	collectri	62	74615	2192268.0	0.47388810949973303	0.526111890500267	0.0009240882006721924	0.0008302422432609772	1.11303442841286	0.2382528313137619	0.7228623317410735	False	-0.2066304206153921	1.4344228527251028
ReplogleWeissman2022_K562_gwps	ZBTB17	collectri	315	74615	11482667.0	0.488546687812251	0.511453312187749	0.004582989560241739	0.004203923662084612	1.0901695484092493	0.24112713994653384	0.7266398947037438	False	-0.042012222397092805	1.4224309329525608
ReplogleWeissman2022_K562_gwps	VDR	collectri	125	74615	4499082.0	0.4823782885478791	0.5176217114521209	0.001681145860768392	0.0016724645437516724	1.005190733070637	0.24764845008999825	0.7392381937630209	False	-0.09024742223734573	1.3957450784370962
ReplogleWeissman2022_K562_gwps	RARB	collectri	118	74615	4243326.0	0.48194585311945953	0.5180541468805405	0.0018453446729102447	0.0015789544110366236	1.168713080005096	0.24862271090684562	0.7392381937630209	False	-0.08175938655897161	1.3918187488615645
ReplogleWeissman2022_K562_gwps	IRF4	collectri	185	74615	6710016.5	0.4861001066737179	0.5138998933262822	0.002660950252778029	0.0024732620320855616	1.0758869130151165	0.2565226537879799	0.7576761827115168	False	-0.03726484414484191	1.3605382994096737
ReplogleWeissman2022_K562_gwps	HSF2	collectri	55	74615	1949366.0	0.4750119705396794	0.5249880294603205	0.0008477521258905769	0.0007365742600776751	1.1509391134590796	0.2605306802164864	0.7641502909490435	False	-0.1118862410637315	1.345034650380051
ReplogleWeissman2022_K562_gwps	JDP2	collectri	249	74615	9073088.5	0.48834827347990095	0.5116517265200989	0.0035823302687642256	0.0033260312032485574	1.0770585270713453	0.26243778455384803	0.7641502909490435	False	-0.056572136889071686	1.3377412362654935
ReplogleWeissman2022_K562_gwps	NFYA	collectri	127	74615	4584630.0	0.48380953989007086	0.5161904601099292	0.0017921529482522003	0.001699178507398785	1.0547172886477634	0.2638545847671585	0.7641502909490435	False	-0.04503181514683219	1.332357142866198
ReplogleWeissman2022_K562_gwps	ETV3	collectri	312	74615	11405362.5	0.48992359496698434	0.5100764050330157	0.004532869953740417	0.004164053011597955	1.0885716250766289	0.2691887699201604	0.7684867879508099	False	-0.07593935388215581	1.3123423985744391
ReplogleWeissman2022_K562_gwps	ZKSCAN7	collectri	111	74615	4002584.5	0.4832717257899862	0.5167282742100137	0.0019310917852035198	0.0014854267590932206	1.3000249075776418	0.2709058082935779	0.7684867879508099	False	-0.004888501896280567	1.305984089391598
ReplogleWeissman2022_K562_gwps	ESR2	collectri	300	74615	10965601.0	0.48987473474949184	0.5101252652505082	0.004218723900167344	0.004004538476940532	1.0534856699367887	0.27216013613249723	0.7684867879508099	False	-0.08054253997786265	1.3013646501418195
ReplogleWeissman2022_K562_gwps	HOXA10	collectri	220	74615	8013744.0	0.4881874836280787	0.5118125163719214	0.0029444936483556073	0.002939800895303	1.0015962826122358	0.27224419842203584	0.7684867879508099	False	-0.07102221655642314	1.3010558271407113
ReplogleWeissman2022_K562_gwps	NR2F1	collectri	117	74615	4230238.0	0.48456584255016205	0.515434157449838	0.0017506091408810885	0.001565594390622491	1.1181754044130385	0.2816797262231857	0.7901204899090619	False	-0.10232152642828685	1.266984576078493
ReplogleWeissman2022_K562_gwps	BCL6	collectri	151	74615	5482118.0	0.4865699553513777	0.5134300446486224	0.002200192991352801	0.002019634593264318	1.0894015178243943	0.283965460431544	0.791553720952929	False	-0.02093363048565515	1.2589026664158125
ReplogleWeissman2022_K562_gwps	LMX1B	collectri	39	74615	1380409.0	0.4743697991570403	0.5256302008429596	0.0005763092858075968	0.0005224100517052	1.1031741903251366	0.2896687185305775	0.8024363258673142	False	-0.20104756964779585	1.2390173588751527
ReplogleWeissman2022_K562_gwps	NR1H2	collectri	221	74615	8076788.0	0.48980167575151234	0.5101983242484877	0.0029576803066653896	0.0029531241648404513	1.0015428209484665	0.2999974542101319	0.8214922305893972	False	-0.07199007417655023	1.203981290328169
ReplogleWeissman2022_K562_gwps	TCF12	collectri	247	74615	9037363.0	0.49036405776372693	0.5096359422362731	0.0033776531516195793	0.003299404237129652	1.0237160738321658	0.30023146543962276	0.8214922305893972	False	-0.050252946011305935	1.2032015503533477
ReplogleWeissman2022_K562_gwps	E2F5	collectri	52	74615	1859541.0	0.47926561477121016	0.5207343852287898	0.0007534020258894122	0.0006964254623863286	1.0818128666747064	0.30231240004861415	0.8221422586687921	False	-0.08708474683238265	1.1962943590217257
ReplogleWeissman2022_K562_gwps	NEUROD2	collectri	79	74615	2849913.5	0.4834799226747939	0.5165200773252061	0.001270436935499144	0.001057648539373979	1.2011900817743428	0.30558368075969466	0.8232369838816536	False	0.019287598700354645	1.1855316237710867
ReplogleWeissman2022_K562_gwps	DBP	collectri	77	74615	2777855.0	0.48349579790978975	0.5165042020902103	0.0014218748525035344	0.0010309002302790124	1.3792555387427792	0.30803790703601164	0.8232369838816536	False	-0.013332827159003892	1.1775324287893978
ReplogleWeissman2022_K562_gwps	NPM1	collectri	90	74615	3256213.0	0.4848910332298391	0.5151089667701608	0.0013999604456398978	0.0012047386386453383	1.1620449454614286	0.30986735640044094	0.8232369838816536	False	-0.09343012182337104	1.1716109556500398
ReplogleWeissman2022_K562_gwps	MTA1	collectri	143	74615	5207202.0	0.488025196006165	0.511974803993835	0.0019677404831016246	0.0019128387597314	1.0287016995504283	0.3100982360809816	0.8232369838816536	False	-0.07183310024753897	1.1708661411183499
ReplogleWeissman2022_K562_gwps	TCF3	collectri	92	74615	3333578.0	0.4856200962039921	0.514379903796008	0.0016293244136391279	0.001231477639310908	1.3230645540188948	0.31650522934004455	0.8307831817180024	False	-0.1690743655410211	1.150415515132995
ReplogleWeissman2022_K562_gwps	HOXA7	collectri	153	74615	5580943.0	0.48886620162148264	0.5111337983785174	0.0021371567558702183	0.0020463299807404237	1.0443852047248658	0.31683278084918187	0.8307831817180024	False	0.007511290118425699	1.149381149492304
ReplogleWeissman2022_K562_gwps	GATA4	collectri	173	74615	6320372.0	0.4896326770291736	0.5103673229708263	0.002356783709666	0.0023132053270578166	1.0188389599913341	0.31852897774389777	0.8307831817180024	False	-0.023097218602405812	1.144041826181058
ReplogleWeissman2022_K562_gwps	SMAD2	collectri	316	74615	11614946.0	0.4926108453775796	0.5073891546224204	0.0043334985916587306	0.004217213169449226	1.0275739967455075	0.3248951398514651	0.8424606533357758	False	-0.03165712902253969	1.1242527953248924
ReplogleWeissman2022_K562_gwps	SNAI2	collectri	154	74615	5625746.5	0.4895908520883392	0.5104091479116608	0.0021575227577508944	0.0020596771389212107	1.0475053186641339	0.32743522383039	0.8441393631696759	False	-0.014248031785640956	1.116465033300689
ReplogleWeissman2022_K562_gwps	GATA2	collectri	327	74615	12028458.0	0.4929876731134195	0.5070123268865805	0.004531610875206624	0.004363374342825118	1.0385565205190668	0.33058388368980685	0.8473586903773209	False	-0.027746932118735853	1.106894843453139
ReplogleWeissman2022_K562_gwps	NR2F2	collectri	127	74615	4637497.0	0.48938851986127213	0.5106114801387279	0.001970077101928998	0.001699178507398785	1.159429155530529	0.33947412321648884	0.8487040402070734	False	-0.010442498872024392	1.080357555163737
ReplogleWeissman2022_K562_gwps	FOSL1	collectri	189	74615	6934796.0	0.4917515556931224	0.5082484443068775	0.0024952654291168575	0.0025266028554622746	0.9875970114267588	0.3474109505672945	0.8487040402070734	False	-0.020788532301908462	1.0572469041771215
ReplogleWeissman2022_K562_gwps	TP73	collectri	194	74615	7120176.0	0.4918841807187549	0.508115819281245	0.002781892082436274	0.0025932708631314413	1.072734870077192	0.3478724977418912	0.8487040402070734	False	-0.03870074799070464	1.0559192521425016
ReplogleWeissman2022_K562_gwps	HNF4A	collectri	345	74615	12715046.0	0.49393829386988475	0.5060617061301153	0.004549995036294797	0.004602454642475987	0.9886018200598783	0.34859187043188494	0.8487040402070734	False	0.026503455564678195	1.0538534667880979
ReplogleWeissman2022_K562_gwps	ETV6	collectri	250	74615	9194421.0	0.4928993365945185	0.5071006634054815	0.0036540692053688706	0.0033393441528083885	1.094247564239762	0.3488933030246862	0.8487040402070734	False	-0.013067584969536552	1.0529891255145085
ReplogleWeissman2022_K562_gwps	NONO	collectri	205	74615	7528312.5	0.4921728286504871	0.5078271713495129	0.0027611828354698158	0.002739909115209837	1.0077643890236665	0.3491269001844348	0.8487040402070734	False	-0.053869055683221076	1.0523198120264596
ReplogleWeissman2022_K562_gwps	HLF	collectri	519	74615	19172053.0	0.49507970071672996	0.5049202992832701	0.006999366046499776	0.006907658317140043	1.01327623995706	0.3493959396365789	0.8487040402070734	False	-0.0289988005608927	1.0515495023096966
ReplogleWeissman2022_K562_gwps	RUNX3	collectri	253	74615	9306247.0	0.49297842230432426	0.5070215776956757	0.003547274670883845	0.003379280867660416	1.0497128856115878	0.3496631679084863	0.8487040402070734	False	-0.09616178611228243	1.0507849652854597
ReplogleWeissman2022_K562_gwps	ZHX2	collectri	237	74615	8715880.0	0.49287495783559543	0.5071250421644046	0.003320370828479997	0.003166248062844012	1.0486767816598512	0.3516743353716475	0.8487040402070734	False	-0.020050512340524823	1.045049715233822
ReplogleWeissman2022_K562_gwps	NANOG	collectri	254	74615	9352421.0	0.4934739009329255	0.5065260990670746	0.003416851471404133	0.0033925923947161042	1.0071506016242364	0.35954252718046475	0.8487040402070734	False	-0.010185083640715187	1.0229228134614274
ReplogleWeissman2022_K562_gwps	BHLHE41	collectri	93	74615	3395008.0	0.4892509866057951	0.510749013394205	0.001320384187867238	0.0012448466027734648	1.0606802355611356	0.3598500287655992	0.8487040402070734	False	-0.07084626910757275	1.0220679210905774
ReplogleWeissman2022_K562_gwps	CUX1	collectri	272	74615	10023828.0	0.493899468250746	0.506100531749254	0.0037034565834356877	0.0036321390895616063	1.0196351219255453	0.36395958598036293	0.8487040402070734	False	-0.047366337600277544	1.010712445035884
ReplogleWeissman2022_K562_gwps	NFATC4	collectri	87	74615	3176625.5	0.4893511597079568	0.5106488402920433	0.0012765867203781939	0.0011646274530802388	1.0961331170769177	0.36547194268626654	0.8487040402070734	False	-0.0616159742779054	1.0065657669350867
ReplogleWeissman2022_K562_gwps	RELB	collectri	447	74615	16520203.0	0.4953152656417784	0.5046847343582216	0.00629827707322721	0.005955077136234046	1.0576314847216572	0.3661452273390966	0.8487040402070734	False	-0.046479619110636236	1.0047252282750276
ReplogleWeissman2022_K562_gwps	MAF	collectri	119	74615	4359244.0	0.49095091497699395	0.509049085023006	0.0017140544900647444	0.0015923140739154869	1.076455027399148	0.3662965837693863	0.8487040402070734	False	-0.09494324440861328	1.0043119355597605
ReplogleWeissman2022_K562_gwps	ZBTB16	collectri	33	74615	1189089.0	0.48291898411847484	0.5170810158815251	0.00049490004613576	0.0004420748044153896	1.119493898301279	0.36699360714176793	0.8487040402070734	False	-0.06960153366020887	1.0024108503115234
ReplogleWeissman2022_K562_gwps	CEBPB	collectri	167	74615	6136025.0	0.49243000295729655	0.5075699970427034	0.0022355668987297443	0.0022331577117488165	1.001078825274298	0.3674946161188333	0.8487040402070734	False	0.06503219784379757	1.0010466104533384
ReplogleWeissman2022_K562_gwps	HDAC5	collectri	125	74615	4582842.0	0.49135878844736314	0.5086412115526369	0.0017025971496959346	0.0016724645437516724	1.0180168877461933	0.36891878925993715	0.8487040402070734	False	-0.022060254106273436	0.9971787424698981
ReplogleWeissman2022_K562_gwps	RXRA	collectri	92	74615	3363174.0	0.48993150345687575	0.5100684965431243	0.00156967871499632	0.001231477639310908	1.274630301752501	0.36906522269356257	0.8487040402070734	False	-0.02010004290187166	0.9967818952938744
ReplogleWeissman2022_K562_gwps	TRPS1	collectri	245	74615	9028283.5	0.4938703576317614	0.5061296423682387	0.003376644474400514	0.003272775848250067	1.031737164708663	0.3699552229984565	0.8487040402070734	False	-0.06836803142057349	0.9943732995903382
ReplogleWeissman2022_K562_gwps	TP53	collectri	219	74615	8065772.0	0.49360060487060364	0.5063993951293964	0.0030534612611602258	0.002926477269690248	1.043391415605773	0.3716166644115393	0.8487040402070734	False	0.06698822825350757	0.9898924280222908
ReplogleWeissman2022_K562_gwps	HOXA9	collectri	143	74615	5251603.0	0.49218651080207065	0.5078134891979293	0.001980772477017257	0.0019128387597314	1.035514607250742	0.3732124125379498	0.8487040402070734	False	-0.028032578708709406	0.9856075508140516
ReplogleWeissman2022_K562_gwps	NFIL3	collectri	157	74615	5771384.5	0.49266783928198726	0.5073321607180128	0.002261461049211377	0.002099716471406409	1.0770316278447967	0.3748759998224068	0.8487040402070734	False	-0.03965056825791926	0.9811599748344083
ReplogleWeissman2022_K562_gwps	IRF9	collectri	129	74615	4736063.5	0.4920414198570751	0.5079585801429248	0.001874402436957585	0.001725891041421385	1.0860491143252538	0.3768896279857213	0.8489534044526853	False	-0.012321939470963106	0.9758028983614657
ReplogleWeissman2022_K562_gwps	PAX3	collectri	333	74615	12304204.0	0.4952028621800115	0.5047971378199885	0.0044771359698377415	0.004443080535838181	1.0076648248270241	0.38110948059213434	0.8525500707437125	False	0.03657072524524249	0.9646685944971995
ReplogleWeissman2022_K562_gwps	NR0B1	collectri	167	74615	6150788.0	0.4936147673827444	0.5063852326172557	0.0022940795498615886	0.0022331577117488165	1.0272805802260438	0.38762340771586096	0.8525500707437125	False	-0.013483335774172923	0.9477210093652246
ReplogleWeissman2022_K562_gwps	NRL	collectri	323	74615	11939981.0	0.49542163705577175	0.5045783629442282	0.004306330842532943	0.0043102297899597	0.9990954200549031	0.38797035677474584	0.8525500707437125	False	-0.02533495255713591	0.9468263423425853
ReplogleWeissman2022_K562_gwps	NR5A1	collectri	288	74615	10641469.0	0.495202642081202	0.504797357918798	0.004015711144430141	0.003844972831528777	1.0444055967057322	0.38917115633317245	0.8525500707437125	False	-0.05674239661166683	0.9437360415574516
ReplogleWeissman2022_K562_gwps	EOMES	collectri	90	74615	3302972.5	0.49185411035910265	0.5081458896408974	0.0013611650084854611	0.0012047386386453383	1.129842577321182	0.3935764430839817	0.8525500707437125	False	-0.09994170027790492	0.9324799654833725
ReplogleWeissman2022_K562_gwps	PITX1	collectri	212	74615	7824677.0	0.4946572910753187	0.5053427089246814	0.0029788077312627916	0.0028332019190933752	1.0513926703169856	0.3939293494650571	0.8525500707437125	False	0.010904625257811414	0.9315837018417887
ReplogleWeissman2022_K562_gwps	CXXC1	collectri	162	74615	5973406.0	0.4941751195230165	0.5058248804769835	0.0023040225044769834	0.002166441552883908	1.0635054988720702	0.39876623667707245	0.8525500707437125	False	-0.02453925161808716	0.9193799067727096
ReplogleWeissman2022_K562_gwps	ELK3	collectri	126	74615	4639502.0	0.4934858198009039	0.506514180199096	0.0016961080895860712	0.0016858217042854658	1.0061017041567664	0.40010206294053624	0.8525500707437125	False	-0.07282416050867183	0.9160356070699152
ReplogleWeissman2022_K562_gwps	MECOM	collectri	119	74615	4380366.0	0.4933297369071598	0.5066702630928402	0.001699693064315258	0.0015923140739154869	1.0674358106599706	0.40057566730770316	0.8525500707437125	False	-0.06230370341383278	0.9148525982150177
ReplogleWeissman2022_K562_gwps	ELF1	collectri	48	74615	1753625.0	0.4896314972413947	0.5103685027586053	0.0008888040544950244	0.0006428887132850274	1.3825161900158751	0.4017735850067876	0.8525500707437125	False	-0.2087415261036411	0.9118665704080053
ReplogleWeissman2022_K562_gwps	E4F1	collectri	242	74615	8948783.0	0.49558992359123943	0.5044100764087606	0.0032770346056075787	0.0032328305970049562	1.0136734688924236	0.4062251130573968	0.8525500707437125	False	-0.013786912471283974	0.9008478073810784
ReplogleWeissman2022_K562_gwps	DLX2	collectri	310	74615	11476075.0	0.4961414832700335	0.5038585167299665	0.004150211778197275	0.004137470804137471	1.003079411230422	0.4071615707485432	0.8525500707437125	False	0.03384154999779512	0.8985451925889957
ReplogleWeissman2022_K562_gwps	HOXB2	collectri	169	74615	6239881.0	0.494838474583731	0.505161525416269	0.0023589577703455045	0.002259841677364142	1.0438597508728888	0.4081376972443652	0.8525500707437125	False	0.03523433871535244	0.8961506682700173
ReplogleWeissman2022_K562_gwps	JARID2	collectri	148	74615	5460696.5	0.49449303723075755	0.5055069627692426	0.0022263625716416637	0.001979588834048928	1.1246590874570654	0.40832884326988894	0.8525500707437125	False	-0.012745647528430385	0.895682440805618
ReplogleWeissman2022_K562_gwps	HESX1	collectri	149	74615	5498121.5	0.49454056550696257	0.5054594344930373	0.0020791237442851756	0.0019929377775399926	1.0432456887096433	0.40880609154449854	0.8525500707437125	False	0.01104780307914275	0.8945143391652602
ReplogleWeissman2022_K562_gwps	KLF8	collectri	83	74615	3051375.5	0.49271004812656777	0.5072899518734322	0.0013209635353367065	0.0011111408605317412	1.1888353513564012	0.4090711101774764	0.8525500707437125	False	-0.10323511958741394	0.8938662745372323
ReplogleWeissman2022_K562_gwps	FOXJ1	collectri	163	74615	6019933.0	0.49496889760073076	0.5050311023992692	0.0021925322708871743	0.002179785498408623	1.0058477187263872	0.41204070098774015	0.8547448960024749	False	0.0011503256352239505	0.8866331457067088
ReplogleWeissman2022_K562_gwps	NCOA2	collectri	200	74615	7397141.0	0.49568726127454266	0.5043127387254573	0.0028814712952520832	0.0026732607097507185	1.077886374771423	0.4164457644216946	0.8598833839447954	False	-0.038804844002667524	0.875999043329194
ReplogleWeissman2022_K562_gwps	AIRE	collectri	153	74615	5655843.5	0.495427157885424	0.5045728421145759	0.002058950828006004	0.0020463299807404237	1.0061675523421758	0.4224083961298758	0.8618637173533806	False	0.04414777389843678	0.8617826695862237
ReplogleWeissman2022_K562_gwps	NR4A3	collectri	224	74615	8293842.5	0.49622840701314364	0.5037715929868563	0.003236902811848695	0.002993091837143735	1.0814578997140378	0.4226000360213352	0.8618637173533806	False	-0.03770575494326518	0.8613290885627607
ReplogleWeissman2022_K562_gwps	NR1H4	collectri	161	74615	5953508.0	0.4955881600081245	0.5044118399918754	0.0022743678913768727	0.0021530972504546914	1.0563238102210997	0.4232021392385434	0.8618637173533806	False	-0.042196610104687234	0.8599053435393316
ReplogleWeissman2022_K562_gwps	SNAI1	collectri	176	74615	6516325.0	0.4962081868744403	0.5037918131255597	0.0024721143801282558	0.002353224318434036	1.0505221966146159	0.430912927504343	0.8677503936330341	False	-0.03755205402761512	0.8418492336399299
ReplogleWeissman2022_K562_gwps	NR1H3	collectri	188	74615	6965028.0	0.4965224321730985	0.5034775678269015	0.0028140655275231837	0.0025132681844311057	1.1196837428474293	0.4344858317795879	0.8677503936330341	False	-0.0655163390297761	0.8335919429105604
ReplogleWeissman2022_K562_gwps	PDX1	collectri	291	74615	10796001.0	0.4972144983423498	0.5027855016576502	0.0042044584585204554	0.0038848690358582755	1.0822651728313857	0.4347547487508142	0.8677503936330341	False	-0.05796050744295127	0.8329732028613059
ReplogleWeissman2022_K562_gwps	ONECUT1	collectri	93	74615	3437725.0	0.4954068879747579	0.5045931120252422	0.001217051493100591	0.0012448466027734648	0.9776718596404187	0.43906000713837434	0.8677503936330341	False	0.00888367474896528	0.8231191847280487
ReplogleWeissman2022_K562_gwps	GATA6	collectri	103	74615	3810221.0	0.49577748298872726	0.5042225170112729	0.0013730730119247859	0.001378516555582323	0.9960511583009334	0.4410354423678037	0.8677503936330341	False	-0.038652984075774686	0.8186300385836796
ReplogleWeissman2022_K562_gwps	ATF3	collectri	306	74615	11361798.0	0.49762191011900303	0.502378089880997	0.004021333990158809	0.004084302131578596	0.984582888485909	0.44282591902611096	0.8677503936330341	False	-0.0051941862489202975	0.8145785454747478
ReplogleWeissman2022_K562_gwps	TFAP2C	collectri	140	74615	5188822.5	0.49672341830922545	0.5032765816907746	0.0018579487407548096	0.0018727844291351748	0.9920782722508985	0.4466333747026928	0.8677503936330341	False	0.06946088221472083	0.8060172117308074
ReplogleWeissman2022_K562_gwps	POU2F2	collectri	247	74615	9170561.0	0.4975913332163134	0.5024086667836867	0.0032992810203996067	0.003299404237129652	0.99996265485488	0.44792115742847677	0.8677503936330341	False	-0.008434364810665774	0.8031380499377009
ReplogleWeissman2022_K562_gwps	SOX4	collectri	342	74615	12707136.0	0.49796111265901805	0.502038887340982	0.004485121387105245	0.004562615899782542	0.9830153327872745	0.44815828713164796	0.8677503936330341	False	0.07044257774587867	0.8026087894794991
ReplogleWeissman2022_K562_gwps	HMGA1	collectri	226	74615	8389648.0	0.49751841162213817	0.5024815883778618	0.0030777939371140484	0.0030197351718977564	1.0192264426882853	0.44866471228695964	0.8677503936330341	False	-0.030066350317764213	0.801479413427662
ReplogleWeissman2022_K562_gwps	ETS1	collectri	350	74615	13006422.0	0.4980393448272561	0.5019606551727439	0.004666473183528905	0.004668845461215234	0.9994918920092695	0.4495628334321642	0.8677503936330341	False	0.08473943477392216	0.799479649673393
ReplogleWeissman2022_K562_gwps	MYF5	collectri	60	74615	2217522.0	0.49532533672853984	0.5046746632714602	0.000857508218263051	0.0008034817542684968	1.0672404366465555	0.45011129399748134	0.8677503936330341	False	0.15349057534513155	0.7982604068019168
ReplogleWeissman2022_K562_gwps	NFYC	collectri	27	74615	993627.0	0.49321182067948804	0.5067881793205119	0.0004135364650929366	0.00036172664183703544	1.1432292158321102	0.45138585498399975	0.8677503936330341	False	-0.07785912400405814	0.7954327509691673
ReplogleWeissman2022_K562_gwps	ESR1	collectri	175	74615	6499527.0	0.4977572108250926	0.5022427891749074	0.002879589388659595	0.0023398850113651557	1.230654230730578	0.45911849070491034	0.877611946492592	False	-0.31781364200598594	0.7784469525525877
ReplogleWeissman2022_K562_gwps	ZGLP1	collectri	191	74615	7096135.0	0.4979231959661691	0.5020768040338309	0.0027826900507002747	0.0025532711279843863	1.089852942055941	0.4604511109400594	0.877611946492592	False	-0.014714020300044761	0.7755485940908622
ReplogleWeissman2022_K562_gwps	CDX1	collectri	171	74615	6362169.0	0.4986352163327302	0.5013647836672698	0.002396280873822403	0.0022865242157623085	1.0480015288285511	0.47538060376386576	0.9022116990582304	False	-0.06372297878833966	0.743639524711968
ReplogleWeissman2022_K562_gwps	TBX15	collectri	295	74615	10985304.5	0.4990728451247477	0.5009271548752523	0.0039054557866541146	0.003938059004138299	0.9917209931466432	0.47804798562413187	0.9034296677473	False	-0.03534926524351728	0.7380441631942488
ReplogleWeissman2022_K562_gwps	BRCA1	collectri	195	74615	7262670.0	0.4991551502842798	0.5008448497157203	0.002566431243599499	0.002606603395268012	0.9845883145316848	0.4837224297565552	0.9037171005689472	False	-0.01691158750090866	0.7262440290136011
ReplogleWeissman2022_K562_gwps	MAFG	collectri	254	74615	9464013.0	0.49936197414444017	0.5006380258555598	0.003414018724025795	0.0033925923947161042	1.0063156214530993	0.4858584153398859	0.9037171005689472	False	0.15435354234735688	0.7218380239865805
ReplogleWeissman2022_K562_gwps	NFIB	collectri	158	74615	5885155.5	0.49920015573615445	0.5007998442638455	0.0022694512799236836	0.002113062201596833	1.0740106364160353	0.4861240395970725	0.9037171005689472	False	0.07861135489834667	0.721291462137753
ReplogleWeissman2022_K562_gwps	RFX1	collectri	181	74615	6742883.5	0.49927628492930376	0.5007237150706962	0.0025377914655329483	0.0024199155035028613	1.0487107760000132	0.48656386901155246	0.9037171005689472	False	-0.05484676017551873	0.7203871033181067
ReplogleWeissman2022_K562_gwps	SALL4	collectri	67	74615	2495559.5	0.4991912714121545	0.5008087285878454	0.000939361610247154	0.0008971371950403042	1.0470657280071336	0.4908531263677749	0.9037171005689472	False	-0.04770391339646459	0.7116103275702674
ReplogleWeissman2022_K562_gwps	DDIT3	collectri	262	74615	9767487.0	0.4996379378519658	0.5003620621480342	0.0033480852033979935	0.003499071811103543	0.9568495258581358	0.4919163033178539	0.9037171005689472	False	0.07458106473849233	0.7094466921686761
ReplogleWeissman2022_K562_gwps	STAT3	collectri	170	74615	6340298.0	0.49984414110078795	0.500155858899212	0.0023623291918580458	0.0022731831249582137	1.0392164036064937	0.49719555940092375	0.9037171005689472	False	0.06409337060872314	0.6987718505984095
ReplogleWeissman2022_K562_gwps	NR4A2	collectri	217	74615	8094710.0	0.4999371582109205	0.5000628417890794	0.002964001108935959	0.0028998289501817403	1.0221296358704872	0.4987231449606911	0.9037171005689472	False	0.02897048703619999	0.6957041569180848
ReplogleWeissman2022_K562_gwps	SRY	collectri	63	74615	2351276.0	0.5001922035762416	0.4998077964237584	0.0008911022615520202	0.0008436219502396958	1.056281502987012	0.5021085529148017	0.9037171005689472	False	-0.04632978079896788	0.6889389418009552
ReplogleWeissman2022_K562_gwps	SPIB	collectri	372	74615	13881129.0	0.5000986785931221	0.4999013214068779	0.0050237129711854876	0.004960859882379613	1.012669797231952	0.5026260657679261	0.9037171005689472	False	-0.034906096460443264	0.6879087933632143
ReplogleWeissman2022_K562_gwps	ARID3A	collectri	53	74615	1979996.5	0.5006824971962995	0.49931750280370046	0.0007113165608737496	0.0007098087534151175	1.0021242446664367	0.5068929811434812	0.9037171005689472	False	0.017181419071038206	0.6794553802292486
ReplogleWeissman2022_K562_gwps	E2F6	collectri	304	74615	11358994.0	0.5007721214515213	0.4992278785484787	0.004029801062589319	0.004057715666252886	0.9931206112109513	0.5185606388147074	0.9037171005689472	False	0.0005672608356865946	0.6566983076884179
ReplogleWeissman2022_K562_gwps	HSF4	collectri	137	74615	5122950.0	0.5011565452045561	0.49884345479544384	0.0018232059604119434	0.0018327268835616438	0.9948050507497342	0.5186845156406967	0.9037171005689472	False	0.0683550014682496	0.6564594503150261
ReplogleWeissman2022_K562_gwps	OVOL1	collectri	212	74615	7924494.0	0.5009674821315457	0.49903251786845426	0.0028984595322091716	0.0028332019190933752	1.023033167059508	0.5194342116076187	0.9037171005689472	False	0.018165151334446163	0.6550151143685241
ReplogleWeissman2022_K562_gwps	MAZ	collectri	173	74615	6468161.0	0.5010817378922786	0.49891826210772133	0.0023212419429697907	0.0023132053270578166	1.003474233704189	0.5196327070352336	0.9037171005689472	False	0.04231733817269582	0.6546330496016298
ReplogleWeissman2022_K562_gwps	GLI2	collectri	226	74615	8449038.0	0.5010403255887598	0.4989596744112402	0.0029873758523570014	0.0030197351718977564	0.9892840538329661	0.5215707461460845	0.9037171005689472	False	0.10646842189157929	0.6509103547851369
ReplogleWeissman2022_K562_gwps	FOXO4	collectri	293	74615	10952444.5	0.5009764344339623	0.4990235655660376	0.004550134704869679	0.003911464730068885	1.1632815374483887	0.5230405206230351	0.9037171005689472	False	-0.05176402143982162	0.6480963406277264
ReplogleWeissman2022_K562_gwps	SIM2	collectri	156	74615	5835856.5	0.5013648266228177	0.4986351733771824	0.0021429460803472785	0.002086370384239879	1.0271168036772202	0.5235219915018954	0.9037171005689472	False	0.0073426024102549135	0.6471762409542728
ReplogleWeissman2022_K562_gwps	NKX2-5	collectri	156	74615	5836863.0	0.5014512961407017	0.4985487038592983	0.0021364773137088214	0.002086370384239879	1.024016315534117	0.5250086768373977	0.9037171005689472	False	0.021800202046952554	0.6443404892177588
ReplogleWeissman2022_K562_gwps	NR2E1	collectri	34	74615	1277160.0	0.5034313397006595	0.4965686602993405	0.000606416095579771	0.0004554649091079586	1.3314222093804213	0.5276282855672839	0.9037171005689472	False	0.07679895808048623	0.6393632478109044
ReplogleWeissman2022_K562_gwps	ZNF699	collectri	283	74615	10584651.5	0.5012610789567838	0.49873892104321627	0.003987994042647107	0.00377847205532858	1.0554515116826255	0.5292368171455387	0.9037171005689472	False	-0.020006927040651747	0.6363192778356499
ReplogleWeissman2022_K562_gwps	IKZF1	collectri	120	74615	4496454.0	0.5021838772364806	0.4978161227635194	0.0016324338365209488	0.0016056733792734327	1.0166661897699427	0.5329976352663626	0.9037171005689472	False	0.07273288052155814	0.62923829147461
ReplogleWeissman2022_K562_gwps	KLF11	collectri	335	74615	12531443.5	0.5013374526549721	0.49866254734502785	0.004480678274748944	0.004469646430953969	1.0024681692311443	0.5337144080373412	0.9037171005689472	False	-0.01455589097022183	0.627894399496723
ReplogleWeissman2022_K562_gwps	NFKB2	collectri	253	74615	9469381.0	0.5016200951445351	0.4983799048554649	0.003227102129305367	0.003379280867660416	0.9549671233866965	0.5355055365636149	0.9037171005689472	False	0.052576782889842494	0.6245440500934117
ReplogleWeissman2022_K562_gwps	HDAC1	collectri	161	74615	6031885.0	0.5021125004838503	0.49788749951614975	0.0021097167226197763	0.0021530972504546914	0.9798520350969963	0.5369509550003508	0.9037171005689472	False	0.04216743471250447	0.6218485201147277
ReplogleWeissman2022_K562_gwps	TBX2	collectri	204	74615	7639614.5	0.5018976169171683	0.4981023830828318	0.0029183255941151124	0.0027265801467541667	1.070324522676954	0.5373508158426828	0.9037171005689472	False	0.012519378117010278	0.6211041094255721
ReplogleWeissman2022_K562_gwps	TTF1	collectri	30	74615	1130353.0	0.504971297102906	0.495028702897094	0.0006175327433691953	0.0004019023377319311	1.5365243876264527	0.5375679032732288	0.9037171005689472	False	-0.0929932568202633	0.6207001952883694
ReplogleWeissman2022_K562_gwps	MTA3	collectri	103	74615	3863408.5	0.5026981222053142	0.4973018777946859	0.001389146690060616	0.001378516555582323	1.0077112853198942	0.5377606841591147	0.9037171005689472	False	0.01560774561228915	0.6203416427673925
ReplogleWeissman2022_K562_gwps	ZFPM1	collectri	158	74615	5920894.0	0.5022316244485405	0.49776837555145953	0.0022497526881584047	0.002113062201596833	1.0646883402004328	0.5386647413454121	0.9037171005689472	False	0.003975575460418063	0.618661902810596
ReplogleWeissman2022_K562_gwps	RARG	collectri	317	74615	11864078.5	0.5015896956638187	0.4984103043361813	0.004240238456867097	0.004230502322105376	1.0023014134068304	0.5389882258998653	0.9037171005689472	False	-0.04701812084392109	0.6180615526533538
ReplogleWeissman2022_K562_gwps	USF2	collectri	405	74615	15155454.0	0.5015194541858081	0.4984805458141919	0.005400943356909006	0.005398560383897627	1.000441408976083	0.5420663663466497	0.9054741550209955	False	-0.006656618756506381	0.6123668379044892
ReplogleWeissman2022_K562_gwps	SMAD4	collectri	158	74615	5927653.0	0.502804947252436	0.4971950527475641	0.002125657405554698	0.002113062201596833	1.0059606404148191	0.5485536463692647	0.9094817547312224	False	0.05231780736967406	0.6004701984537651
ReplogleWeissman2022_K562_gwps	SMARCA1	collectri	81	74615	3046083.5	0.5040001224392209	0.4959998775607791	0.002006129651465945	0.0010843954160865373	1.8499982771098797	0.5495979298419396	0.9094817547312224	False	-0.22431469361236733	0.598568304744229
ReplogleWeissman2022_K562_gwps	CTNNB1	collectri	39	74615	1472098.0	0.5058782089942044	0.49412179100579556	0.0005381697809124706	0.0005224100517052	1.0301673544676815	0.5505831250615023	0.9094817547312224	False	-0.05142043343899104	0.596777335015179
ReplogleWeissman2022_K562_gwps	SOX11	collectri	255	74615	9561794.0	0.5025428046981039	0.4974571953018962	0.003700897614848775	0.003405903566181381	1.08661256636756	0.5561705019220059	0.9153211950450725	False	-0.03426347257494072	0.5866803736084454
ReplogleWeissman2022_K562_gwps	ID3	collectri	199	74615	7470232.5	0.5031006739116746	0.4968993260883254	0.002868713225040645	0.0026599299596332237	1.0784920161718132	0.5601384068418458	0.9184622406303795	False	-0.04823377411896092	0.5795713707160014
ReplogleWeissman2022_K562_gwps	TFAP2B	collectri	36	74615	1363373.5	0.5075586157087866	0.4924413842912134	0.0006118630494269667	0.0004822440422767277	1.2687830139659024	0.5624043006492303	0.9187996999617463	False	-0.05036321200679074	0.5755342915568289
ReplogleWeissman2022_K562_gwps	EHF	collectri	68	74615	2571339.0	0.5067856171484207	0.49321438285157926	0.0009306413284181254	0.0009105151105338565	1.0221042107389833	0.5768141647102961	0.9381424482860112	False	-0.050812077657196225	0.5502351359094998
ReplogleWeissman2022_K562_gwps	E2F2	collectri	213	74615	8008996.0	0.5039324557769005	0.49606754422309957	0.002899824453338933	0.0028465280376329715	1.0187233060772098	0.5786847396556434	0.9381424482860112	False	-0.07871400487263704	0.5469974407938563
ReplogleWeissman2022_K562_gwps	NR2C2	collectri	197	74615	7412487.0	0.5042798038390642	0.49572019616093577	0.002641256825966707	0.0026332673902582475	1.0030340389046766	0.5823130465339216	0.9381424482860112	False	0.013570215206062095	0.5407470952141635
ReplogleWeissman2022_K562_gwps	HIC1	collectri	221	74615	8311883.0	0.5040585715572214	0.49594142844277855	0.0028396830592846076	0.0029531241648404513	0.9615860697946736	0.5826579779713568	0.9381424482860112	False	0.043291813439699456	0.5401549234944225
ReplogleWeissman2022_K562_gwps	HOXA1	collectri	96	74615	3627299.0	0.5063910015859189	0.4936089984140812	0.0011961361553544847	0.0012849513458526858	0.9308805031530094	0.5858098255900861	0.9398243964502819	False	0.06358273381106158	0.5347600717860372
ReplogleWeissman2022_K562_gwps	HOXD1	collectri	211	74615	7945050.0	0.5046473953339624	0.4953526046660377	0.0027780143536122086	0.0028198754443642584	0.98515498589283	0.5923471233094106	0.9409120818571265	False	-0.021620832405935923	0.523662458996621
ReplogleWeissman2022_K562_gwps	FOXO3	collectri	379	74615	14240276.0	0.5035621202029698	0.4964378797970303	0.005292345065260332	0.005053737632343921	1.0472140523064204	0.5946864600376053	0.9409120818571265	False	0.07713438594264588	0.5197209702476184
ReplogleWeissman2022_K562_gwps	ZNF331	collectri	193	74615	7274518.0	0.505150480584444	0.49484951941555594	0.0025726743769815654	0.0025799379745481766	0.9971845844209168	0.5977571945974103	0.9409120818571265	False	0.11882018626687643	0.5145706365849608
ReplogleWeissman2022_K562_gwps	ABL1	collectri	225	74615	8474726.0	0.5047972778782938	0.49520272212170624	0.003000546650711594	0.0030064136825227153	0.9980484948411364	0.598294433977656	0.9409120818571265	False	0.08525049441167151	0.5136722816920086
ReplogleWeissman2022_K562_gwps	HOXB7	collectri	266	74615	10013983.0	0.5045440277635723	0.49545597223642773	0.003560185627757262	0.0035523029874066853	1.0022190225266598	0.6011295176017053	0.9409120818571265	False	0.0557693539832539	0.5089448641674587
ReplogleWeissman2022_K562_gwps	KMT2A	collectri	203	74615	7653278.0	0.5052720880156891	0.49472791198431093	0.0026268972576842147	0.002713250821994707	0.9681733942138797	0.6025122013432301	0.9409120818571265	False	0.06722223391468178	0.5066473626302964
ReplogleWeissman2022_K562_gwps	EPAS1	collectri	228	74615	8592795.0	0.5050954549141735	0.4949045450858265	0.0028981214961611235	0.0030463770826931044	0.9513338032332761	0.6049267398230865	0.9409120818571265	False	0.10516259771302405	0.5026479194849369
ReplogleWeissman2022_K562_gwps	TEAD1	collectri	59	74615	2247668.0	0.5105684888643057	0.4894315111356943	0.000775807583629123	0.0007901009722259421	0.9819094152529005	0.6106834643921283	0.9409120818571265	False	0.23575421319933232	0.4931765156021372
ReplogleWeissman2022_K562_gwps	FOXP3	collectri	214	74615	8073768.0	0.5056340930170514	0.4943659069829486	0.002873292155190445	0.0028598537999973274	1.0046989657978775	0.6122176168151018	0.9409120818571265	False	0.08300244029330807	0.4906674766432624
ReplogleWeissman2022_K562_gwps	JUNB	collectri	261	74615	9836690.0	0.5051057754198243	0.4948942245801756	0.003989606999082893	0.0034857631283722423	1.1445433473690831	0.6122706651830596	0.9409120818571265	False	-0.12491787314711729	0.49058083086841764
ReplogleWeissman2022_K562_gwps	ZIC1	collectri	136	74615	5145625.0	0.5070760295004553	0.49292397049954473	0.0017132045411533871	0.0018193736538641622	0.9416452401158592	0.6124067902836743	0.9409120818571265	False	0.07425440810597346	0.4903585272723685
ReplogleWeissman2022_K562_gwps	NR2C1	collectri	116	74615	4398262.0	0.5081558898899408	0.4918441101100592	0.0016540579566536907	0.001552234012658736	1.0655983203335082	0.6194575067808683	0.9409120818571265	False	0.03897121064473338	0.4789111730324913
ReplogleWeissman2022_K562_gwps	NFE2L2	collectri	139	74615	5263032.0	0.5074521151021286	0.4925478848978714	0.0019424048235417415	0.001859432271182813	1.0446225192736642	0.6194626554480444	0.9409120818571265	False	-0.059534489637549315	0.47890286149259864
ReplogleWeissman2022_K562_gwps	FOSB	collectri	308	74615	11607461.0	0.5050802343806432	0.4949197656193569	0.0039557368570880425	0.004110887177502236	0.9622586770896344	0.6210408208582996	0.9409120818571265	False	0.06869602083107887	0.4763584651377118
ReplogleWeissman2022_K562_gwps	USF1	collectri	160	74615	6054056.0	0.5071078201434028	0.49289217985659717	0.0020274927111071928	0.002139752591106653	0.9475360467065022	0.6221435668151536	0.9409120818571265	False	0.08955310597250185	0.4745843980612394
ReplogleWeissman2022_K562_gwps	RELA	collectri	184	74615	6956600.0	0.5067025222227726	0.49329747777722743	0.0026408054101818225	0.002459925934838701	1.0735304558488594	0.6234518298020955	0.9409120818571265	False	0.010384071039402115	0.47248377458179025
ReplogleWeissman2022_K562_gwps	NR1I3	collectri	95	74615	3610776.5	0.5093905204611744	0.49060947953882555	0.0011867384555027563	0.0012715834560299826	0.9332761053748518	0.6243253682106082	0.9409120818571265	False	0.004709180493520671	0.47108362309222485
ReplogleWeissman2022_K562_gwps	OTX2	collectri	105	74615	3988878.0	0.5091377643331004	0.4908622356668995	0.0013934010440690937	0.0014052462526766595	0.9915707239318351	0.6271237929778808	0.9409120818571265	False	-0.025924169899842593	0.4666113208710121
ReplogleWeissman2022_K562_gwps	EP300	collectri	95	74615	3612433.0	0.5096242113022287	0.4903757886977714	0.0012922801585671657	0.0012715834560299826	1.0162763225952942	0.6273127033204442	0.9409120818571265	False	0.058657039458786024	0.4663101332946797
ReplogleWeissman2022_K562_gwps	ZNF382	collectri	186	74615	7035948.0	0.5069714858856107	0.4930285141143893	0.0024848101291086683	0.0024865977727570486	0.9992810885347178	0.6289040222567113	0.9409120818571265	False	0.08099520190537296	0.46377662175157147
ReplogleWeissman2022_K562_gwps	SOX9	collectri	149	74615	5646708.0	0.507905503283747	0.49209449671625294	0.0019976853439171256	0.0019929377775399926	1.0023821949840266	0.6307908351463696	0.9409120818571265	False	0.07963636188638508	0.4607809529360706
ReplogleWeissman2022_K562_gwps	KLF5	collectri	167	74615	6329498.0	0.5079566525329025	0.49204334746709755	0.002197735854210184	0.0022331577117488165	0.9841382194583592	0.6390008764516961	0.948712131448442	False	0.025362552865660203	0.4478494530066444
ReplogleWeissman2022_K562_gwps	NFYB	collectri	89	74615	3393400.0	0.5109976531212282	0.4890023468787717	0.0011434376096681187	0.0011913686014135788	0.9597681257600803	0.6402743308654283	0.948712131448442	False	-0.024567722197323387	0.4458585524919165
ReplogleWeissman2022_K562_gwps	RARA	collectri	208	74615	7875205.0	0.5074256181732896	0.49257438182671043	0.0026475210841452523	0.0027798938828969702	0.952382067687501	0.6444826788985103	0.9517856781083961	False	0.11130547341118904	0.43930733221848595
ReplogleWeissman2022_K562_gwps	DNMT3B	collectri	375	74615	14156687.0	0.5059460608903482	0.4940539391096518	0.005116458073665451	0.005000666755567409	1.023155175851126	0.6546384173870067	0.9535266025170543	False	0.0004289572317144764	0.423672230297696
ReplogleWeissman2022_K562_gwps	ATF1	collectri	347	74615	13106020.0	0.5061919196737296	0.49380808032627044	0.0048744764280713206	0.004629012032763267	1.0530273832884216	0.6549176285394502	0.9535266025170543	False	-0.077517161084491	0.42324580921011756
ReplogleWeissman2022_K562_gwps	APEX1	collectri	204	74615	7735211.0	0.5081779934382116	0.49182200656178837	0.0029209348473097007	0.0027265801467541667	1.0712814918669828	0.6569200004688259	0.9535266025170543	False	-0.028439131990250593	0.4201930327991041
ReplogleWeissman2022_K562_gwps	FOXH1	collectri	285	74615	10780095.5	0.5069342155227242	0.4930657844772757	0.003660840480533268	0.0038050734312416556	0.9620945683927781	0.6572394998847237	0.9535266025170543	False	0.10749191671274691	0.41970679133129624
ReplogleWeissman2022_K562_gwps	GLI3	collectri	322	74615	12172912.5	0.5066551777384778	0.4933448222615222	0.004437743686544543	0.004296942765256148	1.0327676976353677	0.6601266708393309	0.9535266025170543	False	-0.019075056955495214	0.41532353686287343
ReplogleWeissman2022_K562_gwps	DNMT3A	collectri	102	74615	3898457.0	0.5122316781701624	0.48776832182983765	0.0012992496214869784	0.0013651511704163711	0.9517258232219858	0.6655438186717436	0.9535266025170543	False	0.040092389613626676	0.40715080008126764
ReplogleWeissman2022_K562_gwps	SOX10	collectri	95	74615	3635025.5	0.5128114496520736	0.48718855034792635	0.0012324845034590694	0.0012715834560299826	0.9692517605623903	0.6675712744597556	0.9535266025170543	False	-0.0689702132653479	0.4041091161912581
ReplogleWeissman2022_K562_gwps	BCL11B	collectri	151	74615	5748706.5	0.510231240012195	0.48976875998780495	0.0019815808620374273	0.002019634593264318	0.9811581108019224	0.668248369682925	0.9535266025170543	False	0.1069327564531787	0.40309536364745396
ReplogleWeissman2022_K562_gwps	MXI1	collectri	352	74615	13312355.5	0.5068577599861105	0.49314224001388945	0.004633932759933353	0.004695399309029306	0.986909196630465	0.6717145848232515	0.9535266025170543	False	0.01011878818801099	0.3979217536455822
ReplogleWeissman2022_K562_gwps	JUND	collectri	135	74615	5148342.0	0.5111018785320199	0.48889812146798006	0.001686629948168293	0.001806020066889632	0.9338932490783697	0.6723593086566985	0.9535266025170543	False	0.1306535112714343	0.39696239585130755
ReplogleWeissman2022_K562_gwps	HDAC7	collectri	48	74615	1857690.0	0.5186875963278161	0.48131240367218386	0.0006871907607360939	0.0006428887132850274	1.068910911850812	0.6731103088343163	0.9535266025170543	False	-0.006658414876524167	0.3958460566254386
ReplogleWeissman2022_K562_gwps	VSX2	collectri	37	74615	1439194.5	0.5213046793359063	0.4786953206640937	0.0004712790444205457	0.0004956330707817607	0.9508627898400698	0.673214902332115	0.9535266025170543	False	0.1710675545961511	0.3956906803506105
ReplogleWeissman2022_K562_gwps	PITX2	collectri	388	74615	14672021.0	0.5067947076781084	0.49320529232189153	0.005180951244651408	0.005173126408277003	1.0015125933056432	0.6781147360925873	0.9535266025170543	False	-0.013362144639588305	0.38843877808385907
ReplogleWeissman2022_K562_gwps	TET1	collectri	157	74615	5983740.5	0.5107953737892733	0.4892046262107267	0.002180853204987961	0.002099716471406409	1.0386417569640753	0.6801433108677599	0.9535266025170543	False	0.07364795986386125	0.3854517517407976
ReplogleWeissman2022_K562_gwps	RBPJ	collectri	122	74615	4664426.0	0.5124036721838773	0.4875963278161228	0.00153236824432971	0.001632390917483977	0.9387262743972913	0.6823227264388932	0.9535266025170543	False	0.07416933457848494	0.38225252714315827
ReplogleWeissman2022_K562_gwps	HEY2	collectri	169	74615	6438779.5	0.5106116328117473	0.4893883671882527	0.002174879635038231	0.002259841677364142	0.9624035421698169	0.6893627028900808	0.9535266025170543	False	0.014269321057302872	0.37198772718956324
ReplogleWeissman2022_K562_gwps	KAT5	collectri	236	74615	8969621.0	0.5093730301423011	0.49062696985769894	0.0032104036286995786	0.003152930488570627	1.0182284831008142	0.6907620112697079	0.9535266025170543	False	-0.021351089635337953	0.3699599265933361
ReplogleWeissman2022_K562_gwps	PAX8	collectri	117	74615	4481432.0	0.5133396449351686	0.4866603550648314	0.0015725309533892195	0.001565594390622491	1.0044306257152407	0.6912665912208644	0.9535266025170543	False	-0.01572324573454866	0.3692297246674611
ReplogleWeissman2022_K562_gwps	TCF7L2	collectri	184	74615	7011324.0	0.5106884907743809	0.4893115092256191	0.002506109189321654	0.002459925934838701	1.0187742459351652	0.692034538389364	0.9535266025170543	False	-0.012721136501666851	0.36811941364268935
ReplogleWeissman2022_K562_gwps	KLF13	collectri	223	74615	8483236.5	0.5098360823227396	0.4901639176772605	0.0029175906497133004	0.002979769635746546	0.9791329553508699	0.694589391225448	0.9535266025170543	False	0.02666981215193219	0.36443441200295495
ReplogleWeissman2022_K562_gwps	CREM	collectri	99	74615	3802994.0	0.5148305408842835	0.4851694591157165	0.006339686150950756	0.0013250528682710067	4.784477889718533	0.6952649372923443	0.9535266025170543	False	-0.019465359100971993	0.36346230132022483
ReplogleWeissman2022_K562_gwps	TFDP3	collectri	101	74615	3879888.5	0.5148393436140505	0.4851606563859495	0.00144145626033978	0.0013517854274854115	1.0663351083915544	0.6973646065585466	0.9535266025170543	False	-0.02135961473218731	0.36044689658974355
ReplogleWeissman2022_K562_gwps	ZBED1	collectri	283	74615	10749280.0	0.5090574489683082	0.49094255103169177	0.003932496485170427	0.00377847205532858	1.0407636810823133	0.7008422537092401	0.9535266025170543	False	-0.024657861784531453	0.35547244764266284
ReplogleWeissman2022_K562_gwps	HLX	collectri	56	74615	2174527.5	0.5204161122332737	0.47958388776672634	0.0007598038528133641	0.0007499564757402472	1.0131305980969056	0.7016139746606697	0.9535266025170543	False	0.027014781586091295	0.35437191984905553
ReplogleWeissman2022_K562_gwps	CREB5	collectri	363	74615	13760416.5	0.5080410570404661	0.4919589429595339	0.004891357915957585	0.00484142014991064	1.0103146937263576	0.7017752700193687	0.9535266025170543	False	0.005031702328298172	0.35414205438582685
ReplogleWeissman2022_K562_gwps	PRDM1	collectri	214	74615	8152682.0	0.5105762227409111	0.48942377725908887	0.003478274483486452	0.0028598537999973274	1.2162420622654566	0.7037393083781822	0.9535266025170543	False	-0.045690736537100304	0.35134729200146475
ReplogleWeissman2022_K562_gwps	E2F4	collectri	155	74615	5927218.0	0.5124990434769451	0.4875009565230549	0.002162901370259915	0.002073023940082921	1.0433557126086053	0.7048821315348489	0.9535266025170543	False	0.09453875632059126	0.3497246794598305
ReplogleWeissman2022_K562_gwps	KMT2B	collectri	262	74615	9963289.5	0.5096538567189435	0.49034614328105647	0.0032619773942495047	0.003499071811103543	0.9322407685084739	0.705524167781677	0.9535266025170543	False	0.08494947036296549	0.34881425202982436
ReplogleWeissman2022_K562_gwps	DLX4	collectri	178	74615	6802589.5	0.512186489899085	0.48781351010091506	0.0024878864871044387	0.002379901862473761	1.045373561966305	0.7131289592369281	0.9559333566863147	False	0.1495738145830149	0.33809300642758505
ReplogleWeissman2022_K562_gwps	MYOD1	collectri	426	74615	16146686.0	0.507981220657277	0.492018779342723	0.005536763265359826	0.005676896629842353	0.9753151459996872	0.7153282436244721	0.9559333566863147	False	0.09948315698350005	0.33501375964175817
ReplogleWeissman2022_K562_gwps	MAFB	collectri	176	74615	6733461.0	0.5127427613263236	0.4872572386736764	0.002481830892150422	0.002353224318434036	1.0546512173569444	0.7206996307583429	0.9559333566863147	False	0.08282848543288567	0.3275328293894019
ReplogleWeissman2022_K562_gwps	TADA2A	collectri	123	74615	4728845.0	0.5152569095884619	0.484743090411538	0.0015581699165035765	0.001645749150365276	0.9467845790214984	0.7209520676316763	0.9559333566863147	False	0.1776542714601081	0.3271826243070019
ReplogleWeissman2022_K562_gwps	FOXC2	collectri	166	74615	6356986.5	0.513235936441605	0.48676406355839497	0.002160640405681212	0.002219815193698934	0.9733424709472693	0.7224408506151172	0.9559333566863147	False	0.121905816978381	0.3251197300076271
ReplogleWeissman2022_K562_gwps	ELK4	collectri	120	74615	4617844.5	0.5157413053675535	0.4842586946324466	0.0014884713179043156	0.0016056733792734327	0.9270075328631586	0.7246992921105487	0.9559333566863147	False	0.041940470651037356	0.3219984796708161
ReplogleWeissman2022_K562_gwps	PURA	collectri	319	74615	12132352.5	0.5097159147363992	0.4902840852636008	0.004133593326397272	0.0042570795633490805	0.9709927345462481	0.7256963412639235	0.9559333566863147	False	0.07473763123433168	0.32062361437546016
ReplogleWeissman2022_K562_gwps	NKX2-1	collectri	109	74615	4201999.0	0.5166581725026389	0.4833418274973611	0.0014500582338818511	0.0014587013543172207	0.9940747841154811	0.7264205198224007	0.9559333566863147	False	0.16844964606772736	0.3196262034398532
ReplogleWeissman2022_K562_gwps	RUNX2	collectri	152	74615	5832295.0	0.5142446135777694	0.48575538642223065	0.00210050353365322	0.0020329824655262348	1.0332128138200678	0.7283208717401013	0.9559333566863147	False	0.12591380436050506	0.31701357000592084
ReplogleWeissman2022_K562_gwps	IRF2	collectri	57	74615	2225957.0	0.5233783715470409	0.4766216284529591	0.0007430736359713636	0.000763338332976216	0.9734525358816433	0.729462942923909	0.9559333566863147	False	0.09404380032049195	0.3154467102205769
ReplogleWeissman2022_K562_gwps	ZNF263	collectri	329	74615	12516412.0	0.5098680623349812	0.4901319376650188	0.004387452202398801	0.0043899444918872755	0.999432273120291	0.7320648331832333	0.9559333566863147	False	0.045927379262302115	0.31188619902045955
ReplogleWeissman2022_K562_gwps	CDX2	collectri	316	74615	12030507.0	0.5102355382100691	0.489764461789931	0.0041470496013469955	0.004217213169449226	0.9833625749320625	0.7353133884004218	0.9559333566863147	False	0.07473097204445292	0.3074584918668165
ReplogleWeissman2022_K562_gwps	LRRFIP1	collectri	282	74615	10749405.5	0.5108685816505817	0.48913141834941826	0.0037971197996442317	0.0037651708346128684	1.0084853958650852	0.7360021163933508	0.9559333566863147	False	0.09749430164476806	0.3065222847229512
ReplogleWeissman2022_K562_gwps	XBP1	collectri	269	74615	10263701.0	0.5113586049029379	0.48864139509706206	0.0034056380935527067	0.0035922226376796113	0.9480587472029772	0.7402711823963749	0.9559333566863147	False	0.08022798882593508	0.30073869721717195
ReplogleWeissman2022_K562_gwps	KDM5A	collectri	185	74615	7095126.5	0.5139989966512784	0.4860010033487216	0.0023535814762545063	0.0024732620320855616	0.951610240128849	0.7449783010293585	0.9559333566863147	False	0.013084389786447579	0.29440018716184096
ReplogleWeissman2022_K562_gwps	PBX1	collectri	282	74615	10761528.0	0.5114447069424464	0.48855529305755363	0.0035994790993606487	0.0037651708346128684	0.9559935677475692	0.7468166552602902	0.9559333566863147	False	0.004061438822089064	0.29193556539361515
ReplogleWeissman2022_K562_gwps	SOX6	collectri	425	74615	16152510.5	0.5093601428509485	0.4906398571490514	0.005457591308633246	0.0056636460554371	0.9636180042349148	0.747469918550615	0.9559333566863147	False	0.09842966972166964	0.29106121726870865
ReplogleWeissman2022_K562_gwps	DLX5	collectri	209	74615	8005531.5	0.5133549349179055	0.48664506508209454	0.0028345124344145334	0.0027932214262803377	1.0147825760413065	0.7479032627823086	0.9559333566863147	False	0.08863637754735829	0.29048163720236314
ReplogleWeissman2022_K562_gwps	AR	collectri	265	74615	10121235.0	0.5118721386134357	0.4881278613865643	0.003333474695090655	0.0035389957264957265	0.941926736484484	0.7480285683487082	0.9559333566863147	False	0.19576577737419765	0.29031410875743663
ReplogleWeissman2022_K562_gwps	PAX5	collectri	220	74615	8424722.0	0.5132237607597789	0.486776239240221	0.002945296335435393	0.002939800895303	1.0018693239195802	0.7512557468839285	0.9573144660292345	False	0.0964000832180075	0.2860091433996782
ReplogleWeissman2022_K562_gwps	ELF4	collectri	241	74615	9230190.0	0.5132954978015778	0.48670450219842215	0.003187710608081513	0.0032195148017526987	0.9901214326910777	0.7623372630059718	0.9668779237649499	False	0.03137412884358512	0.27136621884498613
ReplogleWeissman2022_K562_gwps	LHX2	collectri	72	74615	2817530.0	0.5244570275562703	0.4755429724437297	0.0010150789188375054	0.0009640231901134066	1.0529611001557884	0.7637872446784678	0.9668779237649499	False	0.10693548702555514	0.26946600414887667
ReplogleWeissman2022_K562_gwps	FOSL2	collectri	87	74615	3391161.5	0.5223998903181928	0.4776001096818072	0.0010933979289053607	0.0011646274530802388	0.9388392193688305	0.7652643656704647	0.9668779237649499	False	0.03656839537114664	0.2675339288134247
ReplogleWeissman2022_K562_gwps	HBP1	collectri	179	74615	6889096.0	0.5158020482798664	0.4841979517201336	0.0031899137439243925	0.0023932400994732196	1.3328849640395588	0.7677600174275636	0.9671349925413945	False	-0.06158271505024837	0.2642780719735314
ReplogleWeissman2022_K562_gwps	KLF4	collectri	458	74615	17428166.0	0.5099881282870702	0.49001187171292987	0.005969955942453629	0.0061007286241391715	0.9785644158686054	0.7698047586372085	0.9671349925413945	False	0.05552352215240052	0.2616183564976505
ReplogleWeissman2022_K562_gwps	KDM2A	collectri	295	74615	11283134.5	0.5126035456586749	0.48739645434132506	0.0037938456310691636	0.003938059004138299	0.9633795804182749	0.7732049375213624	0.9686780958835046	False	0.049524180979079555	0.25721114584144616
ReplogleWeissman2022_K562_gwps	TCF7	collectri	62	74615	2443825.5	0.5282656345584754	0.4717343654415246	0.0007684471355166934	0.0008302422432609772	0.9255697861125824	0.779837783156534	0.9742511240555018	False	0.06123177017521525	0.24866935123945977
ReplogleWeissman2022_K562_gwps	RORA	collectri	126	74615	4891287.0	0.5202672129630516	0.4797327870369484	0.002494193261600398	0.0016858217042854658	1.4795118933752012	0.7844795059479689	0.9773124571307099	False	-0.07830501029075804	0.24273483086223796
ReplogleWeissman2022_K562_gwps	MAFA	collectri	138	74615	5355171.5	0.520077606107487	0.4799223938925129	0.00188750045299121	0.0018460797559964148	1.0224371113221153	0.7928743740282094	0.9807512218697871	False	0.06685040861405453	0.2320904885245762
ReplogleWeissman2022_K562_gwps	MEF2A	collectri	83	74615	3257643.0	0.5260163619027474	0.47398363809725264	0.0012550998028386968	0.0011111408605317412	1.129559579186084	0.7940638667218798	0.9807512218697871	False	-0.10205286458151801	0.23059138429242695
ReplogleWeissman2022_K562_gwps	NFKB1	collectri	318	74615	12180083.0	0.5133304000367505	0.48666959996324943	0.004027479468766946	0.00424379112006726	0.9490286762047596	0.7943806827648218	0.9807512218697871	False	0.09179565461214792	0.23019248330813336
ReplogleWeissman2022_K562_gwps	SP3	collectri	145	74615	5624437.0	0.5198582146975163	0.4801417853024838	0.001924439248189176	0.0019395398608881755	0.992214332376709	0.7960357451050739	0.9807512218697871	False	0.14443708860125903	0.2281111882350974
ReplogleWeissman2022_K562_gwps	POU5F1	collectri	433	74615	16535115.0	0.5117916312204033	0.4882083687795967	0.005720978245090512	0.0057696407632448566	0.9915657629042789	0.801647159760315	0.9849438932592299	False	0.05115020906469288	0.221086718345752
ReplogleWeissman2022_K562_gwps	POU2F1	collectri	240	74615	9244966.0	0.5162593535705511	0.4837406464294489	0.003101488733369631	0.0032061986507247345	0.9673414130682655	0.8081677524619457	0.9861500865045689	False	0.1123108328886431	0.21298562757683442
ReplogleWeissman2022_K562_gwps	MEF2D	collectri	163	74615	6328088.0	0.5203059139163864	0.47969408608361375	0.002058561307378559	0.002179785498408623	0.9443871008782445	0.8151618650924992	0.9861500865045689	False	0.2623081370532994	0.20436857798566888
ReplogleWeissman2022_K562_gwps	ERF	collectri	399	74615	15284861.5	0.5134078075306204	0.48659219246937957	0.0051203173501864225	0.005319007118671181	0.9626453275861763	0.822591464782926	0.9861500865045689	False	0.04319309618927372	0.19529559914175135
ReplogleWeissman2022_K562_gwps	KLF15	collectri	117	74615	4579469.0	0.5245695997287501	0.47543040027125	0.0014349462247233698	0.001565594390622491	0.9165504381711699	0.8228581138718041	0.9861500865045689	False	0.16285426101759565	0.19497149429567
ReplogleWeissman2022_K562_gwps	PML	collectri	161	74615	6260418.5	0.5211363258932084	0.47886367410679176	0.002076378347132256	0.0021530972504546914	0.9643681197836123	0.8233606669500813	0.9861500865045689	False	0.24666436368295783	0.1943609398544943
ReplogleWeissman2022_K562_gwps	HOXB13	collectri	187	74615	7251986.0	0.5197436681202364	0.4802563318797635	0.0024111353220963253	0.0024999331568674637	0.9644799163820819	0.824901488301405	0.9861500865045689	False	0.15829251919974255	0.19249130789668226
ReplogleWeissman2022_K562_gwps	SMAD3	collectri	146	74615	5693754.0	0.5226605249412739	0.47733947505872615	0.0019116227346518471	0.0019528898757373498	0.9788686798993612	0.8283253590040751	0.9861500865045689	False	0.1386681462020032	0.18834925612270806
ReplogleWeissman2022_K562_gwps	BCL11A	collectri	138	74615	5389783.0	0.5234389673755229	0.47656103262447713	0.0018232529490953063	0.0018460797559964148	0.9876349833603002	0.8296898724879012	0.9861500865045689	False	0.05469229883091279	0.18670329562009164
ReplogleWeissman2022_K562_gwps	ELF3	collectri	301	74615	11586885.5	0.5159101549638087	0.4840898450361913	0.003894669778383093	0.0040178333066367665	0.969345784443016	0.8300268471178229	0.9861500865045689	False	0.03860407962810204	0.18629723278952373
ReplogleWeissman2022_K562_gwps	ARID3B	collectri	267	74615	10301020.5	0.5170622679567849	0.4829377320432151	0.0034589847145336	0.00356560989289816	0.97009622993897	0.832600740726692	0.9861500865045689	False	0.03709202759016113	0.183201054566731
ReplogleWeissman2022_K562_gwps	MYCN	collectri	219	74615	8478443.0	0.5188548093302087	0.48114519066979133	0.002792537009067347	0.002926477269690248	0.9542315732262368	0.8327659388551131	0.9861500865045689	False	0.07820592153527517	0.18300266206736335
ReplogleWeissman2022_K562_gwps	ZBTB7A	collectri	962	74615	36544952.0	0.5091270601422716	0.4908729398577285	0.012385504722081876	0.012728740225200789	0.9730346053854282	0.835064056341934	0.9861500865045689	False	0.015511641109246136	0.180246842891707
ReplogleWeissman2022_K562_gwps	KAT6A	collectri	145	74615	5662791.0	0.5234032169735677	0.47659678302643227	0.001822989619707293	0.0019395398608881755	0.9399083032366705	0.835287770856934	0.9861500865045689	False	0.18314881322259227	0.17997897774773583
ReplogleWeissman2022_K562_gwps	FOXA2	collectri	85	74615	3371359.0	0.5315693501149036	0.4684306498850964	0.0012364117293134675	0.0011378848728246318	1.086587719761365	0.8431926232151227	0.9861500865045689	False	0.17161606129657175	0.17055984979222327
ReplogleWeissman2022_K562_gwps	TCF4	collectri	159	74615	6206676.0	0.523161537401428	0.47683846259857204	0.0027860736575003164	0.002126407574825474	1.3102256079618155	0.8439032429233466	0.9861500865045689	False	0.06617339528141464	0.16971743204405373
ReplogleWeissman2022_K562_gwps	ESRRG	collectri	519	74615	19863030.5	0.5129228046295969	0.48707719537040306	0.006699846170628718	0.006907658317140043	0.9699156882158345	0.8452577411101538	0.9861500865045689	False	0.07880778881850888	0.16811367906855032
ReplogleWeissman2022_K562_gwps	PLAGL1	collectri	324	74615	12484000.0	0.5163956871611722	0.4836043128388278	0.0040656749407074165	0.004323516460054177	0.9403630073508429	0.8475814392800936	0.9861500865045689	False	0.12233374438339376	0.16536835079838766
ReplogleWeissman2022_K562_gwps	POU4F2	collectri	178	74615	6937691.0	0.5223586696352136	0.4776413303647864	0.0024674262700228734	0.002379901862473761	1.0367764776057347	0.8489902729901635	0.9861500865045689	False	0.09577817356801065	0.16370754975625287
ReplogleWeissman2022_K562_gwps	UBTF	collectri	504	74615	19302369.0	0.5132795173956468	0.4867204826043532	0.0064519713745094555	0.006709354490874479	0.9616381700035235	0.8492877539357356	0.9861500865045689	False	0.07031649211968806	0.16335721730903494
ReplogleWeissman2022_K562_gwps	PGR	collectri	143	74615	5603242.0	0.525142538223018	0.474857461776982	0.001749400341284874	0.0019128387597314	0.9145571378585636	0.850950515453123	0.9861500865045689	False	0.18572036210601814	0.16140130080319764
ReplogleWeissman2022_K562_gwps	NR3C2	collectri	103	74615	4072890.0	0.5299553891204624	0.47004461087953764	0.0012515223297326044	0.001378516555582323	0.907876169252046	0.8536929946150731	0.9861500865045689	False	0.1559021097961966	0.1581836409090295
ReplogleWeissman2022_K562_gwps	MYOG	collectri	239	74615	9270522.0	0.519852509268639	0.480147490731361	0.003085668119046307	0.003192882143906805	0.9664209262890889	0.8557621167723399	0.9861500865045689	False	0.09476061058344419	0.15576284242891675
ReplogleWeissman2022_K562_gwps	MSC	collectri	116	74615	4574847.0	0.5285577458540046	0.4714422541459954	0.0014736101057968632	0.001552234012658736	0.9493479035888395	0.8564813514846029	0.9861500865045689	False	0.0750792259559156	0.154922734385991
ReplogleWeissman2022_K562_gwps	NCOA1	collectri	186	74615	7254822.0	0.5227423353861651	0.47725766461383495	0.002325736658634681	0.0024865977727570486	0.9353087516265204	0.85838638390037	0.9861500865045689	False	0.13514637070644417	0.15270094997648437
ReplogleWeissman2022_K562_gwps	KDM5B	collectri	193	74615	7524184.0	0.5224875604962121	0.4775124395037878	0.002441936830360505	0.0025799379745481766	0.9465098984746564	0.8601100259701693	0.9861500865045689	False	0.07231842471807769	0.15069496074323058
ReplogleWeissman2022_K562_gwps	ISL1	collectri	522	74615	20010637.0	0.513764707362417	0.48623529263758297	0.006612722858596865	0.006947309581165071	0.9518393820428979	0.8611759434576383	0.9861500865045689	False	0.08423817710783685	0.1494564476284394
ReplogleWeissman2022_K562_gwps	STAT6	collectri	23	74615	971374.0	0.5660209364593318	0.4339790635406682	0.0002702127291847196	0.0003081540234197058	0.8768755513430043	0.8636029330729093	0.9861500865045689	False	0.6816275393936692	0.14664218401456441
ReplogleWeissman2022_K562_gwps	FOS	collectri	400	74615	15403161.0	0.516087951484286	0.483912048515714	0.005081837467659183	0.005332266879957342	0.953035094091134	0.8668500888802105	0.9861500865045689	False	0.11571594863826645	0.1428892250178461
ReplogleWeissman2022_K562_gwps	TFCP2	collectri	328	74615	12672330.0	0.5177933718290476	0.4822066281709524	0.004226695947833768	0.004376659594625248	0.9657355927393478	0.8673305538664308	0.9861500865045689	False	0.08165613709334063	0.14233511319503997
ReplogleWeissman2022_K562_gwps	ARID4A	collectri	247	74615	9593626.0	0.5205466875710971	0.4794533124289029	0.003099633701371632	0.003299404237129652	0.9394525431258425	0.8689618475253265	0.9861500865045689	False	0.0907131153473061	0.1404560585639475
ReplogleWeissman2022_K562_gwps	SP4	collectri	94	74615	3745716.0	0.5340486839535146	0.46595131604648543	0.0012257746333212184	0.0012582152083416992	0.9742169902212223	0.8734442471477439	0.9887211528626746	False	0.08870097022816348	0.1353109784081396
ReplogleWeissman2022_K562_gwps	HEY1	collectri	156	74615	6140142.5	0.5275063703077507	0.4724936296922493	0.001982167603904761	0.002086370384239879	0.9500554737920697	0.8827587561477861	0.9899555729331274	False	0.1339243941008184	0.12470332505230508
ReplogleWeissman2022_K562_gwps	MZF1	collectri	283	74615	10991490.5	0.5205278971511947	0.47947210284880526	0.0036033298664804106	0.00377847205532858	0.9536473510234975	0.8837610294264637	0.9899555729331274	False	0.1376206547124793	0.12356858159297913
ReplogleWeissman2022_K562_gwps	TAL1	collectri	404	74615	15601460.0	0.5175564597939389	0.48244354020606117	0.005035588134412393	0.0053853023900611845	0.9350613521175329	0.8885989427850174	0.9899555729331274	False	0.17491999520601992	0.11810927823456205
ReplogleWeissman2022_K562_gwps	HMGA2	collectri	185	74615	7266594.0	0.5264207798229108	0.4735792201770892	0.0024252306494241672	0.0024732620320855616	0.9805797436590686	0.8931245909495373	0.9899555729331274	False	0.15527186197507448	0.11302918829722854
ReplogleWeissman2022_K562_gwps	STAT1	collectri	126	74615	5001967.0	0.5320398149655001	0.4679601850344998	0.001539518786991221	0.0016858217042854658	0.9132156639564354	0.8933961765343996	0.9899555729331274	False	0.2827090916997313	0.11272514975270394
ReplogleWeissman2022_K562_gwps	EZH2	collectri	196	74615	7690005.0	0.5258288465825249	0.47417115341747496	0.002438439733787933	0.002619935570972183	0.9307250761449442	0.8945298058288255	0.9899555729331274	False	0.1397239124009223	0.11145705537125784
ReplogleWeissman2022_K562_gwps	LITAF	collectri	371	74615	14376054.0	0.5193254935081848	0.4806745064918152	0.004781076451982549	0.004947590216840477	0.966344471235481	0.9008237770571558	0.9899555729331274	False	0.04044626827341293	0.10444562645532816
ReplogleWeissman2022_K562_gwps	AP1	collectri	402	74615	15557033.0	0.5186502320535632	0.4813497679464368	0.005130470028163825	0.005358785341989149	0.9573942042357355	0.9017988102933884	0.9899555729331274	False	0.1549434030122503	0.10336383225374317
ReplogleWeissman2022_K562_gwps	CREB1	collectri	196	74615	7704722.0	0.5268351688326607	0.47316483116733926	0.0027352518018196464	0.002619935570972183	1.0440149109486203	0.903152129471436	0.9899555729331274	False	0.18005834075595106	0.10186426857937131
ReplogleWeissman2022_K562_gwps	LEF1	collectri	197	74615	7746233.0	0.5269849185208265	0.4730150814791735	0.002468446344659471	0.0026332673902582475	0.9374081621150474	0.9049524031214353	0.9899555729331274	False	0.16756134165349326	0.09987292990126673
ReplogleWeissman2022_K562_gwps	TWIST2	collectri	230	74615	9012892.0	0.5251824292236379	0.4748175707763621	0.002808073978722836	0.003073017569643931	0.9137838997283072	0.9067385233892131	0.9899555729331274	False	0.10717264286751128	0.09790115776251261
ReplogleWeissman2022_K562_gwps	HAND2	collectri	227	74615	8903957.5	0.5256916488488189	0.47430835115118103	0.0029562390142294686	0.0030330563052831296	0.9746733052993917	0.9096920458267126	0.9899555729331274	False	0.14159383312374058	0.09464914792466303
ReplogleWeissman2022_K562_gwps	TWIST1	collectri	191	74615	7527323.0	0.5281788924857901	0.47182110751420997	0.002366203492606635	0.0025532711279843863	0.9267341281043557	0.9110628829719067	0.9899555729331274	False	0.09866505618729161	0.09314335779054675
ReplogleWeissman2022_K562_gwps	NR1I2	collectri	133	74615	5297316.0	0.5337994184684387	0.46620058153156124	0.001551104630290985	0.0017793118210520683	0.871744127105192	0.9113438620571712	0.9899555729331274	False	0.3529905446965832	0.0928349973345099
ReplogleWeissman2022_K562_gwps	DNMT1	collectri	495	74615	19117143.0	0.5175968760851157	0.48240312391488427	0.006390047397721541	0.006590334176541073	0.9696090101876059	0.9117693866261595	0.9899555729331274	False	0.16135021229428187	0.09236818642517902
ReplogleWeissman2022_K562_gwps	KLF10	collectri	483	74615	18663452.0	0.5178675517067669	0.4821324482932331	0.006211362510723368	0.006431596047830834	0.965757560725266	0.9124334665832752	0.9899555729331274	False	0.15187159779551532	0.09164010951719385
ReplogleWeissman2022_K562_gwps	MBD2	collectri	149	74615	5915977.0	0.5321254925170686	0.4678745074829314	0.0020262310630794382	0.0019929377775399926	1.0167056322152423	0.9126184366632553	0.9899555729331274	False	0.0821106707198837	0.09143740834438406
ReplogleWeissman2022_K562_gwps	NCOA3	collectri	85	74615	3443140.0	0.5428872131845434	0.45711278681545664	0.001276970114948563	0.0011378848728246318	1.1222313833724429	0.9144881077319473	0.9899555729331274	False	0.28785729355363693	0.08939081535611287
ReplogleWeissman2022_K562_gwps	TP63	collectri	149	74615	5924719.0	0.5329118108302711	0.467088189169729	0.001796159020896633	0.0019929377775399926	0.9012619667001065	0.9177769756166853	0.9911102448548224	False	0.30768119504745106	0.08580086382911813
ReplogleWeissman2022_K562_gwps	NFATC1	collectri	282	74615	11040493.0	0.5247025986351688	0.47529740136483123	0.0036414099813712785	0.0037651708346128684	0.9671300828892363	0.9242548748395315	0.9941054286614232	False	0.15157866011439733	0.0787674068059955
ReplogleWeissman2022_K562_gwps	ID2	collectri	319	74615	12456100.0	0.5233175021536889	0.47668249784631117	0.003932676754249537	0.0042570795633490805	0.9237968648994822	0.9250084145616382	0.9941054286614232	False	0.14081099894569635	0.07795244468769508
ReplogleWeissman2022_K562_gwps	PPARG	collectri	121	74615	4870720.0	0.5394878281514529	0.4605121718485471	0.0014862613223687305	0.0016190323271248128	0.9179936048640449	0.9336400035198916	0.9974272934533978	False	0.10763068742909601	0.06866435025607696
ReplogleWeissman2022_K562_gwps	SATB1	collectri	382	74615	14894033.0	0.5225439279400399	0.47745607205996016	0.004777696876932932	0.005093537074816326	0.937991970364762	0.9360506863002004	0.9974272934533978	False	0.116242092236195	0.06608565194058465
ReplogleWeissman2022_K562_gwps	HHEX	collectri	226	74615	8927713.0	0.5294264540274293	0.47057354597257073	0.0033818257808540825	0.0030197351718977564	1.1199080675438071	0.9370056579632113	0.9974272934533978	False	-0.004811453291901926	0.06506595838071706
ReplogleWeissman2022_K562_gwps	GTF2I	collectri	225	74615	8890439.0	0.5295592336959354	0.4704407663040646	0.0029059732167859144	0.0030064136825227153	0.9665912690855903	0.9374388562039708	0.9974272934533978	False	0.10148147909409426	0.06460374331358884
ReplogleWeissman2022_K562_gwps	FOXO1	collectri	184	74615	7317653.0	0.5330007808198025	0.4669992191801975	0.002492551872009763	0.002459925934838701	1.0132629754046645	0.9392813077363836	0.9974272934533978	False	0.18110438085817046	0.06264026238580744
ReplogleWeissman2022_K562_gwps	EGR2	collectri	200	74615	7941655.5	0.5321755344099712	0.4678244655900288	0.0024332567926345474	0.0026732607097507185	0.9102205347047683	0.9422742648524443	0.9979419491671919	False	0.25827889672900567	0.059458895134159966
ReplogleWeissman2022_K562_gwps	CRX	collectri	254	74615	10023825.0	0.5289000596764177	0.47109994032358227	0.0031676867555402687	0.0033925923947161042	0.9337068492147416	0.9443993996172172	0.9979419491671919	False	0.17253513470066528	0.05720610950031504
ReplogleWeissman2022_K562_gwps	YBX3	collectri	229	74615	9069539.0	0.5307910446844017	0.4692089553155982	0.0028715366065788957	0.003059697504141949	0.938503431365899	0.9464785751070004	0.9979419491671919	False	0.18025570646353217	0.05500694450337682
ReplogleWeissman2022_K562_gwps	TBP	collectri	297	74615	11712720.0	0.5285367242078359	0.47146327579216407	0.003719255226177204	0.003964651858180265	0.9381038636477667	0.9554562052195982	0.9986814806952087	False	0.21989229268504074	0.045566350763961594
ReplogleWeissman2022_K562_gwps	CREBZF	collectri	273	74615	10803178.5	0.5303502300821875	0.46964976991781254	0.003306053719159923	0.003645443862835167	0.9069001865217887	0.9585392668649232	0.9986814806952087	False	0.16982887520937429	0.04234475034033727
ReplogleWeissman2022_K562_gwps	NR3C1	collectri	157	74615	6332702.0	0.5405840853536477	0.45941591464635234	0.0021680246867031155	0.002099716471406409	1.0325321138481869	0.9607702115122934	0.9986814806952087	False	0.1655927571787831	0.0400200125351548
ReplogleWeissman2022_K562_gwps	NKX3-1	collectri	112	74615	4580118.0	0.5480655459932415	0.4519344540067585	0.001394171340491119	0.0014987889250204075	0.930198587150713	0.9608622971945323	0.9986814806952087	False	0.19492527296333256	0.03992417143974015
ReplogleWeissman2022_K562_gwps	GRHL3	collectri	115	74615	4706259.0	0.5484686899999709	0.4515313100000291	0.0013764128669370521	0.001538873277131005	0.8944289873583121	0.964001805571604	0.9986814806952087	False	0.3677307916540298	0.036662111373756315
ReplogleWeissman2022_K562_gwps	MECP2	collectri	102	74615	4199285.5	0.551758569808678	0.44824143019132195	0.0019268441285477881	0.0013651511704163711	1.4114511054186774	0.9648185125882468	0.9986814806952087	False	0.12095160102570432	0.03581526518724337
ReplogleWeissman2022_K562_gwps	KAT2B	collectri	154	74615	6232840.5	0.542424314946596	0.45757568505340396	0.0018229539908643363	0.0020596771389212107	0.8850678372917894	0.965808988440484	0.9986814806952087	False	0.3130796714454557	0.03478919885532985
ReplogleWeissman2022_K562_gwps	TEAD4	collectri	143	74615	5813790.5	0.5448753953277172	0.45512460467228283	0.001717072834028121	0.0019128387597314	0.8976568596242955	0.9685038399050927	0.9986814806952087	False	0.16184834454984526	0.03200283134677415
ReplogleWeissman2022_K562_gwps	DMTF1	collectri	40	74615	1747102.5	0.5853724117134624	0.41462758828653756	0.0004722250899379302	0.0005357980041524346	0.8813491022329044	0.9696975015060149	0.9986814806952087	False	0.30846023054545735	0.03077111023882625
ReplogleWeissman2022_K562_gwps	POU3F2	collectri	102	74615	4221685.0	0.5547017171808749	0.4452982828191251	0.0012088542285173293	0.0013651511704163711	0.8855094254130322	0.9720925247749388	0.9986814806952087	False	0.3629710320401772	0.028304288954314177
ReplogleWeissman2022_K562_gwps	NEUROD6	collectri	29	74615	1305576.0	0.603362086295859	0.39663791370414103	0.00031027580473653	0.00038851079792079737	0.7986285230604672	0.9730607125416288	0.9986814806952087	False	0.6820281146488109	0.027308801474899436
ReplogleWeissman2022_K562_gwps	LYL1	collectri	86	74615	3596976.5	0.56054825624251	0.43945174375748997	0.001245338992590072	0.001151256341949907	1.081721721924081	0.974050323099587	0.9986814806952087	False	0.21848505723871528	0.02629231024758516
ReplogleWeissman2022_K562_gwps	ZEB2	collectri	61	74615	2616843.0	0.5749388939726663	0.4250611060273337	0.0006747306699051716	0.000816862177942043	0.8260030738662065	0.9786519802591258	0.9998782080621429	False	0.35561995725603285	0.02157918457565467
ReplogleWeissman2022_K562_gwps	NFIA	collectri	50	74615	2194253.0	0.5881533203779401	0.4118466796220599	0.0005465474034952113	0.0006696578048617156	0.8161592376393991	0.9845583161407646	0.9998782080621429	False	0.39333075745336166	0.015562148385256729
ReplogleWeissman2022_K562_gwps	FOXN1	collectri	115	74615	4796215.0	0.5589521864411224	0.4410478135588776	0.0013857460308138812	0.001538873277131005	0.9004939207193159	0.9856753337240658	0.9998782080621429	False	0.3167243292660609	0.01442825474471484
ReplogleWeissman2022_K562_gwps	SIRT1	collectri	179	74615	7312415.0	0.5474968899943359	0.4525031100056641	0.0021286897820750957	0.0023932400994732196	0.889459349500138	0.98604919276429	0.9998782080621429	False	0.2893321384147389	0.014049034382354771
ReplogleWeissman2022_K562_gwps	SREBF1	collectri	126	74615	5296380.0	0.5633553830297112	0.4366446169702888	0.001579064758061245	0.0016858217042854658	0.9366736435099645	0.9930811086343929	0.9998782080621429	False	0.49625796777736736	0.0069429378754533345
ReplogleWeissman2022_K562_gwps	ZNF236	collectri	80	74615	3466175.5	0.580676723849092	0.419323276150908	0.0008660055084462108	0.0010710221567708682	0.8085785181673714	0.993775114040482	0.9998782080621429	False	0.425909001216023	0.006244341342504606
ReplogleWeissman2022_K562_gwps	STAT5A	collectri	470	74615	18787517.0	0.5357292826580703	0.4642707173419297	0.005734928543827872	0.0062595724845175464	0.9161853398155655	0.9962617401655006	0.9998782080621429	False	0.22674448899356764	0.003745264590308479
ReplogleWeissman2022_K562_gwps	CLOCK	collectri	183	74615	7637361.0	0.559327388792523	0.44067261120747714	0.0021058589657841505	0.002446589481002166	0.8607324531296332	0.9972547338994222	0.9998782080621429	False	0.23850753447789697	0.002749041254343339
ReplogleWeissman2022_K562_gwps	ETV4	collectri	89	74615	3976506.0	0.5988051021460726	0.4011948978539273	0.0011211884449861466	0.0011913686014135788	0.9410928269016304	0.9993745974111874	0.9998782080621429	False	0.47495802625900346	0.0006255982345874891
ReplogleWeissman2022_K562_gwps	EGR1	collectri	373	74615	15355600.0	0.5517366269279711	0.4482633730720289	0.007005839598361051	0.004974129194004374	1.4084554954474489	0.9997224868088825	0.9998782080621429	False	0.26544081950613996	0.0002775517050286614
ReplogleWeissman2022_K562_gwps	CEBPD	collectri	177	74615	7656060.0	0.5797034948895857	0.4202965051104143	0.0019316683301782542	0.002366563268798802	0.816233546614079	0.9998782080621429	0.9998782080621429	False	0.3784899867557295	0.00012179935509741717
ReplogleWeissman2022_K562_gwps	TFDP1	dorothea	315	74615	9375275.0	0.39888464488075825	0.6011153551192416	0.004977483724023574	0.004203923662084612	1.1840090648923378	2.758936472025899e-10	7.449128474469927e-08	True	-0.5322733776560442	22.011005660694977
ReplogleWeissman2022_K562_gwps	ATF4	dorothea	103	74615	2526714.0	0.3287704065334738	0.6712295934665263	0.002434632196065812	0.001378516555582323	1.7661247419965564	8.956108012970442e-10	1.2090745817510096e-07	True	-1.5606622128437704	20.833515170873543
ReplogleWeissman2022_K562_gwps	HSF1	dorothea	234	74615	6822130.0	0.3907311091523381	0.6092688908476619	0.005025999854836107	0.0031262942724685702	1.6076541159599476	3.71020040046908e-09	3.339180360422172e-07	True	-0.935177142216698	19.41217994548695
ReplogleWeissman2022_K562_gwps	SREBF2	dorothea	188	74615	5459965.0	0.38922960559239556	0.6107703944076045	0.0037787448797416212	0.0025132681844311057	1.5035183682942155	7.41532289889557e-08	5.0053429567545096e-06	True	-0.6979968129422212	16.417132222595082
ReplogleWeissman2022_K562_gwps	SRF	dorothea	365	74615	11692353.0	0.4293217695586201	0.5706782304413799	0.005933330658995196	0.004867964790610829	1.2188524186615337	1.5343684832546494e-06	8.285589809575108e-05	True	-0.5650289882096253	13.387391673138557
ReplogleWeissman2022_K562_gwps	NRF1	dorothea	109	74615	3233056.0	0.3975214664636264	0.6024785335363736	0.0022722716051593803	0.0014587013543172207	1.5577359947149498	0.00010630730780947192	0.004783828851426236	True	-0.7091002714667863	9.14917652794762
ReplogleWeissman2022_K562_gwps	NR2C2	dorothea	197	74615	6244024.0	0.42478795549812215	0.5752120445018778	0.003617539727593309	0.0026332673902582475	1.3737836654858406	0.0001300829085983575	0.005017483617365218	True	-0.6942433214080073	8.947338552341282
ReplogleWeissman2022_K562_gwps	ATF6	dorothea	127	74615	3877825.0	0.40922140478603813	0.5907785952139618	0.002496813876143726	0.001699178507398785	1.4694241159900345	0.00019944496984185877	0.006731267732162733	True	-0.5934228456707593	8.519972200077
ReplogleWeissman2022_K562_gwps	MYC	dorothea	98	74615	2923155.0	0.3997602659639209	0.6002397340360791	0.0020765166755122274	0.0013116860519588292	1.5830896977300513	0.00029602963144471055	0.008880888943341316	True	-1.9878495604130961	8.125051002418378
ReplogleWeissman2022_K562_gwps	SMAD4	dorothea	158	74615	5187476.0	0.4400204594555851	0.5599795405444149	0.0025524721865750944	0.002113062201596833	1.207949384853035	0.004541503594757931	0.12262059705846415	False	-0.23594154945623882	5.394497133486938
ReplogleWeissman2022_K562_gwps	ZNF143	dorothea	185	74615	6212784.0	0.45007861979784514	0.5499213802021549	0.003085231528579791	0.0024732620320855616	1.2474341531771262	0.009406607484463323	0.20793002378231365	False	-0.3001275495710002	4.666342912762381
ReplogleWeissman2022_K562_gwps	MYB	dorothea	181	74615	6077192.5	0.44998524654922895	0.550014753450771	0.0031132046805708836	0.0024199155035028613	1.2864931341877337	0.009953813728748902	0.20793002378231365	False	-0.26126978121325395	4.609799511926726
ReplogleWeissman2022_K562_gwps	RFX5	dorothea	162	74615	5409471.0	0.4475212262453434	0.5524787737546566	0.0026319908794413863	0.002166441552883908	1.2148912468641269	0.01040795463345116	0.20793002378231365	False	-0.3289253697564831	4.565184896596655
ReplogleWeissman2022_K562_gwps	ESR1	dorothea	175	74615	5874305.0	0.4498754559117757	0.5501245440882244	0.0026798769543424964	0.0023398850113651557	1.1453028423730018	0.010886947476846745	0.20793002378231365	False	-0.2677350309946436	4.520190686486506
ReplogleWeissman2022_K562_gwps	PBX2	dorothea	34	74615	983069.0	0.38750645470276834	0.6124935452972317	0.001660216304810496	0.0004554649091079586	3.64510255699408	0.011551667987906314	0.20793002378231365	False	-0.9595819392989373	4.460925437903767
ReplogleWeissman2022_K562_gwps	POU5F1	dorothea	433	74615	15245192.0	0.47186618792480384	0.5281338120751962	0.006304577217614481	0.0057696407632448566	1.092715729855731	0.021582793593840757	0.3433190713643176	False	-0.12792913143511628	3.835858874618463
ReplogleWeissman2022_K562_gwps	ZNF384	dorothea	127	74615	4246948.0	0.4481744345382412	0.5518255654617588	0.0021997619706591925	0.001699178507398785	1.294603222133932	0.021616385974790365	0.3433190713643176	False	-0.5197350715110448	3.834303641947102
ReplogleWeissman2022_K562_gwps	FOSL1	dorothea	189	74615	6473282.0	0.45902525379842274	0.5409747462015773	0.0031299258263924926	0.0025266028554622746	1.2387882090871114	0.025654856803217826	0.3848228520482674	False	-0.31531211565364786	3.6630223762363014
ReplogleWeissman2022_K562_gwps	ARID2	dorothea	195	74615	6719949.0	0.46185454564198786	0.5381454543580121	0.003047167507338541	0.002606603395268012	1.1690184678153654	0.03267834368906001	0.4560374197162795	False	-0.21328277712118623	3.4210426929840487
ReplogleWeissman2022_K562_gwps	JUN	dorothea	212	74615	7335099.0	0.4637073455056713	0.5362926544943287	0.0035906129494051803	0.0028332019190933752	1.2673339394582144	0.03378054960861329	0.4560374197162795	False	-0.4149914629913595	3.387870097497622
ReplogleWeissman2022_K562_gwps	IKZF1	dorothea	120	74615	4074852.0	0.4550975005025799	0.5449024994974201	0.0017764919646853761	0.0016056733792734327	1.1063843915063465	0.04432634195177493	0.5503459054447316	False	-0.23403570620733596	3.1161761522004023
ReplogleWeissman2022_K562_gwps	SPI1	dorothea	82	74615	2731986.0	0.44651748896367205	0.553482511036328	0.0013048562763093461	0.0010977683173353683	1.1886445033107222	0.04679608790509429	0.5503459054447316	False	-0.66019185512067	3.061955671324012
ReplogleWeissman2022_K562_gwps	MITF	dorothea	395	74615	14017137.0	0.47559368471232494	0.5244063152876751	0.005551804104579831	0.0052659645380615915	1.0542805718595776	0.046881317871217874	0.5503459054447316	False	-0.07985556304018149	3.060136022521091
ReplogleWeissman2022_K562_gwps	TGIF2	dorothea	163	74615	5635110.0	0.4633281108874225	0.5366718891125775	0.0025625087458866183	0.002179785498408623	1.175578398772451	0.05260594186688896	0.5858584437833999	False	-0.2457905015848513	2.944926202369501
ReplogleWeissman2022_K562_gwps	SP1	dorothea	197	74615	6863706.0	0.46694561694192627	0.5330543830580737	0.003169114878138808	0.0026332673902582475	1.2034914835701547	0.05424615220216665	0.5858584437833999	False	-0.34483423033081695	2.914223216226019
ReplogleWeissman2022_K562_gwps	FOXM1	dorothea	220	74615	7708418.0	0.46958739712341535	0.5304126028765846	0.0032035671440082377	0.002939800895303	1.0897224873720748	0.05934246524690515	0.616248677564015	False	-0.4221197983987878	2.8244301205451787
ReplogleWeissman2022_K562_gwps	PAX6	dorothea	282	74615	9976659.0	0.4741435824466303	0.5258564175533696	0.004121159527720327	0.0037651708346128684	1.0945478196725862	0.0666418489819843	0.6441188889482136	False	-0.0828901939819095	2.7084225356803624
ReplogleWeissman2022_K562_gwps	ETS2	dorothea	90	74615	3050965.5	0.4543271013424468	0.5456728986575533	0.0015629616297719966	0.0012047386386453383	1.2973449839124112	0.06679751440944437	0.6441188889482136	False	-0.24325017602060672	2.7060894085712808
ReplogleWeissman2022_K562_gwps	NEUROD1	dorothea	370	74615	13214407.0	0.47865192673743234	0.5213480732625677	0.005184296835290933	0.004934320197372808	1.0506608059305151	0.07795408822579268	0.6943768486860512	False	-0.13112292360303648	2.551635238082722
ReplogleWeissman2022_K562_gwps	TEAD4	dorothea	143	74615	4973569.0	0.4661288319668002	0.5338711680331998	0.0023628364518967467	0.0019128387597314	1.2352512410552237	0.08049544901570876	0.6943768486860512	False	-0.1527392304650558	2.519554630122075
ReplogleWeissman2022_K562_gwps	IRF1	dorothea	273	74615	9686861.0	0.47554791028623367	0.5244520897137663	0.003909007706695404	0.003645443862835167	1.0722995206556976	0.08120913565957893	0.6943768486860512	False	-0.20098640036306267	2.510727530020176
ReplogleWeissman2022_K562_gwps	STAT4	dorothea	112	74615	3861405.5	0.4620630546328295	0.5379369453671704	0.0017040380931512126	0.0014987889250204075	1.1369433445259882	0.0822965153998283	0.6943768486860512	False	0.0006202458586368476	2.4974265124162836
ReplogleWeissman2022_K562_gwps	NFYB	dorothea	89	74615	3045428.0	0.4585980316937809	0.5414019683062191	0.0017705771950702397	0.0011913686014135788	1.4861707728149123	0.08815411343005525	0.7026517770215218	False	-0.43541994250595895	2.428668707244512
ReplogleWeissman2022_K562_gwps	STAT5B	dorothea	126	74615	4375157.0	0.46536846818961675	0.5346315318103833	0.001912540026600318	0.0016858217042854658	1.1344853502232886	0.08923493890679624	0.7026517770215218	False	-0.15460691727258158	2.416482624307146
ReplogleWeissman2022_K562_gwps	NCOA3	dorothea	85	74615	2907680.0	0.45846009515512964	0.5415399048448704	0.0014466706056132797	0.0011378848728246318	1.2713681675213175	0.09243445073113088	0.7026517770215218	False	-0.23933449782811259	2.381255526412824
ReplogleWeissman2022_K562_gwps	ARID3A	dorothea	53	74615	1770487.0	0.4477037471599494	0.5522962528400506	0.0008218882273704454	0.0007098087534151175	1.157900946439555	0.09368690360286958	0.7026517770215218	False	-0.2022653108877197	2.367796868952849
ReplogleWeissman2022_K562_gwps	CEBPB	dorothea	167	74615	5871925.0	0.47123537552650513	0.5287646244734949	0.0024424955619364516	0.0022331577117488165	1.0937407372019865	0.0991814244625801	0.7237563406728819	False	-0.07277161172684246	2.3108045356268274
ReplogleWeissman2022_K562_gwps	RELA	dorothea	184	74615	6493579.0	0.47297715228025605	0.5270228477197441	0.0029185663312673946	0.002459925934838701	1.1864447989808142	0.10236087743488209	0.7273009712478464	False	-0.31396036321388043	2.279250695678812
ReplogleWeissman2022_K562_gwps	THAP1	dorothea	183	74615	6467255.0	0.4736338706269597	0.5263661293730402	0.002949459360947835	0.002446589481002166	1.2055391326785583	0.10859512085363615	0.751812375140558	False	-0.21062610356362133	2.2201288001744888
ReplogleWeissman2022_K562_gwps	ZNF217	dorothea	232	74615	8267100.5	0.4775722559714581	0.5224277440285419	0.003199326919559	0.0030996566328643765	1.0321552670182434	0.11866583515592743	0.7706954707553041	False	-0.11189679306407066	2.1314438439357373
ReplogleWeissman2022_K562_gwps	JUND	dorothea	135	74615	4743629.0	0.4709239776531876	0.5290760223468124	0.0020108968395544996	0.001806020066889632	1.113441027827399	0.12115745245512372	0.7706954707553041	False	-0.1723555010134607	2.1106643193306884
ReplogleWeissman2022_K562_gwps	ETV6	dorothea	250	74615	8929604.5	0.4787029149634792	0.5212970850365207	0.0036019219544134993	0.0033393441528083885	1.0786315484686664	0.12210215925146795	0.7706954707553041	False	-0.10564351990068725	2.1028972137346367
ReplogleWeissman2022_K562_gwps	MAF	dorothea	119	74615	4167408.0	0.46934577892002477	0.5306542210799752	0.0018785413427047787	0.0015923140739154869	1.179755535342008	0.12354296980227825	0.7706954707553041	False	-0.12137004411367229	2.091166249807285
ReplogleWeissman2022_K562_gwps	SOX9	dorothea	149	74615	5256819.0	0.4728360842931073	0.5271639157068926	0.002133822861460862	0.0019929377775399926	1.0706921638540932	0.12559481745641993	0.7706954707553041	False	-0.048855027884982374	2.0746942880890007
ReplogleWeissman2022_K562_gwps	ONECUT1	dorothea	93	74615	3235771.0	0.4663035121509051	0.533696487849095	0.001534265427438092	0.0012448466027734648	1.232493565086505	0.1303000641248236	0.7720589050930561	False	-0.29115736670384207	2.0379153027192745
ReplogleWeissman2022_K562_gwps	KLF5	dorothea	167	74615	5920088.0	0.4751005661397168	0.5248994338602833	0.002319005194247577	0.0022331577117488165	1.0384421942288762	0.13276941365871664	0.7720589050930561	False	-0.0020143979520219034	2.019141387302225
ReplogleWeissman2022_K562_gwps	KMT2A	dorothea	203	74615	7238115.0	0.477862881676019	0.522137118323981	0.0029412585889917516	0.002713250821994707	1.0840349020255413	0.13761353114990627	0.7720589050930561	False	-0.03826909895528247	1.9833060214723954
ReplogleWeissman2022_K562_gwps	CREB3L1	dorothea	141	74615	4983007.0	0.47363767576633337	0.5263623242336667	0.002427048385626296	0.0018861362298678366	1.2867831852190026	0.13932575017966387	0.7720589050930561	False	-0.21519702869103413	1.9709405611544268
ReplogleWeissman2022_K562_gwps	CEBPA	dorothea	88	74615	3066238.0	0.4669786723361742	0.5330213276638258	0.0014471629226397334	0.0011779982062300042	1.2284933160222273	0.1417647571627108	0.7720589050930561	False	-0.7840445476484119	1.9535862348250523
ReplogleWeissman2022_K562_gwps	ZBTB33	dorothea	105	74615	3681606.0	0.46991776835373966	0.5300822316462603	0.001601434887333252	0.0014052462526766595	1.1396115693480056	0.1429738713135289	0.7720589050930561	False	-0.13315377473712173	1.9450933835044237
ReplogleWeissman2022_K562_gwps	NR1H3	dorothea	188	74615	6705982.5	0.4780556145661203	0.5219443854338798	0.0026944956487867117	0.0025132681844311057	1.0721082873201724	0.14894211277879893	0.788517067652465	False	-0.15052489244628764	1.9041975533645112
ReplogleWeissman2022_K562_gwps	SOX11	dorothea	255	74615	9167529.0	0.4818212707585212	0.5181787292414788	0.003628788955214282	0.003405903566181381	1.065440898340758	0.15768545266042977	0.793427621557885	False	-0.10961669125875814	1.8471530361899684
ReplogleWeissman2022_K562_gwps	ZFX	dorothea	156	74615	5549771.0	0.4767869078362947	0.5232130921637054	0.002166073224418884	0.002086370384239879	1.0382016734809256	0.15785925201371842	0.793427621557885	False	-0.08736624550971515	1.84605145300198
ReplogleWeissman2022_K562_gwps	STAT2	dorothea	69	74615	2395235.0	0.4652355521629388	0.5347644478370612	0.0010297791683589377	0.0009238926677735525	1.114609092894477	0.158685524311577	0.793427621557885	False	-0.15996579840822278	1.8408308697777955
ReplogleWeissman2022_K562_gwps	PKNOX1	dorothea	253	74615	9108183.0	0.4824864078289634	0.5175135921710365	0.003652721034973244	0.003379280867660416	1.0809166737010942	0.16768405240534728	0.823176257262614	False	-0.11069044966265251	1.785673710647767
ReplogleWeissman2022_K562_gwps	RXRA	dorothea	92	74615	3237456.0	0.4716174915289792	0.5283825084710209	0.0013293403037704498	0.001231477639310908	1.079467674714989	0.1729781529188969	0.8299473673295268	False	-0.08465290375085244	1.7545899761646149
ReplogleWeissman2022_K562_gwps	ARNT	dorothea	93	74615	3276242.0	0.4721357448522487	0.5278642551477513	0.00144508047388003	0.0012448466027734648	1.1608502370175189	0.176117867096093	0.8299473673295268	False	-0.10604592731575414	1.7366018086829464
ReplogleWeissman2022_K562_gwps	HINFP	dorothea	102	74615	3604917.5	0.47366251332001	0.5263374866799899	0.0016261010661530544	0.0013651511704163711	1.1911509152917428	0.1785778071225021	0.8299473673295268	False	-0.10802957736394433	1.7227308784930317
ReplogleWeissman2022_K562_gwps	ZNF644	dorothea	158	74615	5653454.0	0.47954639724425047	0.5204536027557496	0.002265874450282278	0.002113062201596833	1.0723179131073213	0.1867270369756152	0.8299473673295268	False	-0.05275674786483877	1.678107423838192
ReplogleWeissman2022_K562_gwps	TCF12	dorothea	247	74615	8913868.0	0.48366326359251444	0.5163367364074856	0.003391588501828907	0.003299404237129652	1.0279396697324519	0.1872867784764165	0.8299473673295268	False	-0.04538052950687897	1.6751142621122315
ReplogleWeissman2022_K562_gwps	ASCL1	dorothea	225	74615	8108615.0	0.48298986649988457	0.5170101335001154	0.0031850533800567293	0.0030064136825227153	1.0594195331708693	0.1887436220362359	0.8299473673295268	False	-0.16366942898299106	1.6673656819604146
ReplogleWeissman2022_K562_gwps	ATF2	dorothea	187	74615	6718224.0	0.4814893995952843	0.5185106004047157	0.003252114807048051	0.0024999331568674637	1.3008807047957662	0.1905805065719654	0.8299473673295268	False	-0.27669479485256016	1.6576805670114487
ReplogleWeissman2022_K562_gwps	FOXJ2	dorothea	210	74615	7565815.0	0.48284782518515684	0.5171521748148432	0.003040732190507834	0.00280654861343134	1.0834418388321365	0.1949452629457718	0.835479698339022	False	-0.015282385013559142	1.6350364626650031
ReplogleWeissman2022_K562_gwps	ELF3	dorothea	301	74615	10924885.5	0.4864343719687975	0.5135656280312025	0.0040009987278712255	0.0040178333066367665	0.9958100355388728	0.2079231552726858	0.8412247588103643	False	-0.05522133452397995	1.5705867133471287
ReplogleWeissman2022_K562_gwps	NFKB2	dorothea	253	74615	9161563.0	0.48531409853850555	0.5146859014614945	0.0035938142352105094	0.003379280867660416	1.0634849176353376	0.20959808788039624	0.8412247588103643	False	-0.10499883052286191	1.5625634492848952
ReplogleWeissman2022_K562_gwps	ESRRA	dorothea	204	74615	7366425.0	0.4839499627499596	0.5160500372500404	0.00299297630040751	0.0027265801467541667	1.0977034010793603	0.21388258414908934	0.8412247588103643	False	-0.13290168109157197	1.5423280867364748
ReplogleWeissman2022_K562_gwps	TFAP2A	dorothea	282	74615	10234426.0	0.48639403310516444	0.5136059668948355	0.003963184256819999	0.0037651708346128684	1.0525908201526506	0.21476670011664833	0.8412247588103643	False	-0.09212954061032848	1.5382029557553207
ReplogleWeissman2022_K562_gwps	MAFF	dorothea	293	74615	10650129.0	0.487148202639305	0.512851797360695	0.003984174065144747	0.003911464730068885	1.0185887743066988	0.22345970906191348	0.8412247588103643	False	-0.006463997181145417	1.4985241538332124
ReplogleWeissman2022_K562_gwps	SP2	dorothea	233	74615	8443254.0	0.485654916985878	0.5143450830141221	0.003363211085425732	0.003112975630611372	1.0803846494504086	0.2244231182638784	0.8412247588103643	False	-0.06252173194566685	1.494222088073753
ReplogleWeissman2022_K562_gwps	ZC3H8	dorothea	16	74615	532060.0	0.4456711117067614	0.5543288882932387	0.0002757795698961591	0.00021438812289799146	1.2863565675575155	0.22560259694256923	0.8412247588103643	False	-0.13389409341364145	1.4889802481542338
ReplogleWeissman2022_K562_gwps	SATB1	dorothea	382	74615	13936900.0	0.4889637661812312	0.5110362338187688	0.005222369673367193	0.005093537074816326	1.0252933465798935	0.22731589910660477	0.8412247588103643	False	-0.05882220558516634	1.481414602894524
ReplogleWeissman2022_K562_gwps	NFIC	dorothea	298	74615	10858257.0	0.4883348391991642	0.5116651608008358	0.004367312377488791	0.0039779477527264965	1.0978807789758986	0.24315871634226738	0.8412247588103643	False	-0.06784820951893539	1.414040895181731
ReplogleWeissman2022_K562_gwps	RUNX3	dorothea	253	74615	9203622.0	0.48754208361817275	0.5124579163818272	0.003805813333550883	0.003379280867660416	1.126219891922085	0.2465889159736268	0.8412247588103643	False	-0.14589325414202972	1.4000326366520541
ReplogleWeissman2022_K562_gwps	ELF1	dorothea	48	74615	1688821.0	0.4715375036297438	0.5284624963702562	0.0007511075749407632	0.0006428887132850274	1.1683321847458792	0.24734374519769903	0.8412247588103643	False	-0.16641233139396247	1.3969762288822447
ReplogleWeissman2022_K562_gwps	IRF4	dorothea	185	74615	6705246.0	0.4857545128053739	0.514245487194626	0.002704245036496962	0.0024732620320855616	1.0933920471890417	0.2513122121983323	0.8412247588103643	False	-0.06232853636264342	1.3810592395197003
ReplogleWeissman2022_K562_gwps	CDX2	dorothea	316	74615	11532443.0	0.489111744083765	0.510888255916235	0.004484216783213726	0.004217213169449226	1.0633128094398345	0.25172526842712784	0.8412247588103643	False	-0.08981777019064942	1.3794169908303355
ReplogleWeissman2022_K562_gwps	ZBTB11	dorothea	304	74615	11091344.0	0.48897251505094574	0.5110274849490543	0.004218271692722006	0.004057715666252886	1.0395680820626314	0.25312534384514174	0.8412247588103643	False	-0.12341241846210117	1.373870482721696
ReplogleWeissman2022_K562_gwps	PROX1	dorothea	337	74615	12309609.5	0.4895400543760642	0.5104599456239358	0.004871669485864606	0.004496210908314655	1.0835055528324151	0.253446276005627	0.8412247588103643	False	-0.013755533813974444	1.3726034073829025
ReplogleWeissman2022_K562_gwps	MAX	dorothea	209	74615	7602228.0	0.487493086520374	0.512506913479626	0.0031798267122271806	0.0027932214262803377	1.1384083919410841	0.2658331950560396	0.8412247588103643	False	-0.0791347755999279	1.3248862531567507
ReplogleWeissman2022_K562_gwps	NFE2L2	dorothea	139	74615	5028235.0	0.4848134090730498	0.5151865909269502	0.002043127122274721	0.001859432271182813	1.09879082660809	0.26774250714046655	0.8412247588103643	False	-0.06598104479380446	1.317729554581926
ReplogleWeissman2022_K562_gwps	ZHX2	dorothea	237	74615	8640343.0	0.48860341030510773	0.5113965896948923	0.0034889142915645625	0.003166248062844012	1.1019080698404669	0.2718900483168475	0.8412247588103643	False	-0.07072935586984376	1.3023575285400173
ReplogleWeissman2022_K562_gwps	CUX1	dorothea	272	74615	9932047.0	0.48937718523715856	0.5106228147628414	0.007892802808292241	0.0036321390895616063	2.1730453084727244	0.272327785527274	0.8412247588103643	False	-0.1543248871748329	1.3007488443786221
ReplogleWeissman2022_K562_gwps	HBP1	dorothea	179	74615	6504129.0	0.48697870670933885	0.5130212932906612	0.0025976397365738615	0.0023932400994732196	1.0854070751804772	0.2733330834556844	0.8412247588103643	False	-0.07731261655776576	1.2970641415788862
ReplogleWeissman2022_K562_gwps	FOXK2	dorothea	155	74615	5621994.0	0.48610774016294395	0.513892259837056	0.0021877595444609304	0.002073023940082921	1.0553469750925404	0.27474842656991316	0.8412247588103643	False	-0.05432794397454299	1.291899412484911
ReplogleWeissman2022_K562_gwps	NFYA	dorothea	127	74615	4594397.0	0.48484023762927914	0.5151597623707208	0.0017580657152925004	0.001699178507398785	1.0346562810424573	0.2771582118031637	0.8412247588103643	False	-0.07275116344681619	1.2831667741013117
ReplogleWeissman2022_K562_gwps	MEIS2	dorothea	123	74615	4448378.0	0.48469710911677233	0.5153028908832276	0.0016668930046750735	0.001645749150365276	1.0128475559626475	0.278458191632696	0.8412247588103643	False	-0.049766622473031874	1.2784873506946914
ReplogleWeissman2022_K562_gwps	NFE2L1	dorothea	92	74615	3312175.0	0.48250220698134483	0.5174977930186552	0.0018592987754033536	0.001231477639310908	1.5098112349354167	0.28061147956884064	0.8412247588103643	False	-0.1610169232198003	1.2707842013564425
ReplogleWeissman2022_K562_gwps	SPIB	dorothea	372	74615	13638661.5	0.4913632453043905	0.5086367546956094	0.0050297139102552955	0.004960859882379613	1.0138794542696608	0.28243898610962953	0.8412247588103643	False	-0.04319059496720024	1.2642927300953217
ReplogleWeissman2022_K562_gwps	TBX21	dorothea	82	74615	2947470.5	0.48173640950374524	0.5182635904962547	0.0013380810333101342	0.0010977683173353683	1.218910231038623	0.2834626764974637	0.8412247588103643	False	-0.22417231349864236	1.2606748170475557
ReplogleWeissman2022_K562_gwps	KMT2B	dorothea	262	74615	9575525.0	0.4898184727402191	0.5101815272597809	0.003636764467565964	0.003499071811103543	1.039351194801285	0.2843761238157794	0.8412247588103643	False	-0.023823761440137092	1.257457537405067
ReplogleWeissman2022_K562_gwps	EPAS1	dorothea	228	74615	8321012.0	0.48911970336616856	0.5108802966338315	0.003608276755017404	0.0030463770826931044	1.1844484963849455	0.28493583637164455	0.8412247588103643	False	-0.023693641887983667	1.2554912595983854
ReplogleWeissman2022_K562_gwps	TCF3	dorothea	92	74615	3315901.0	0.483044993284367	0.516955006715633	0.0014429643685585926	0.001231477639310908	1.1717341204555085	0.286716665650029	0.8412247588103643	False	-0.07984235695934691	1.2492607785529906
ReplogleWeissman2022_K562_gwps	EHF	dorothea	68	74615	2438789.0	0.48066131632576636	0.5193386836742336	0.0009837211027788639	0.0009105151105338565	1.0804006341004984	0.2899956931816763	0.8412247588103643	False	-0.16017385173382195	1.237889207209564
ReplogleWeissman2022_K562_gwps	KLF1	dorothea	155	74615	5636355.0	0.48734946921076583	0.5126505307892342	0.0021911444018897835	0.002073023940082921	1.0569797866406394	0.2928708419562009	0.8412247588103643	False	-0.12391754154560833	1.2280235795876078
ReplogleWeissman2022_K562_gwps	USF2	dorothea	405	74615	14881731.0	0.49246149989700216	0.5075385001029978	0.0061369948730274765	0.005398560383897627	1.1367835935173365	0.3001004596440898	0.8473933899077585	False	-0.08557718793543198	1.203637994900568
ReplogleWeissman2022_K562_gwps	KLF13	dorothea	223	74615	8154022.0	0.4900505404574574	0.5099494595425426	0.003375922953787593	0.002979769635746546	1.1329476323567529	0.30365611400603215	0.8473933899077585	False	-0.043375190478464706	1.1918594217975182
ReplogleWeissman2022_K562_gwps	DEAF1	dorothea	100	74615	3621120.0	0.48530724385177243	0.5146927561482276	0.0013792834664088426	0.0013384193267750785	1.0305316419273667	0.3052880140528901	0.8473933899077585	False	-0.15718212630869405	1.1864996395832559
ReplogleWeissman2022_K562_gwps	MAFK	dorothea	293	74615	10747751.0	0.4916135365181767	0.5083864634818233	0.0038555983945741707	0.003911464730068885	0.9857172851220545	0.3098397192052216	0.8473933899077585	False	-0.05466645169489641	1.1717001500334046
ReplogleWeissman2022_K562_gwps	HIF1A	dorothea	162	74615	5908280.0	0.4887872974272045	0.5112127025727955	0.0025755006009119327	0.002166441552883908	1.1888161014468617	0.31071090963284476	0.8473933899077585	False	-0.13093776037189653	1.1688923501231616
ReplogleWeissman2022_K562_gwps	MXI1	dorothea	352	74615	12937566.0	0.49258793625459174	0.5074120637454083	0.004646401614478383	0.004695399309029306	0.9895647438426163	0.31540381872146817	0.8515903105479641	False	0.055452246533857316	1.1539014969758665
ReplogleWeissman2022_K562_gwps	RARG	dorothea	317	74615	11646685.5	0.49239875102286373	0.5076012489771361	0.004541500699962219	0.004230502322105376	1.073513345266779	0.31994970603286155	0.8553110953353725	False	-0.06727749557386989	1.1395914641879585
ReplogleWeissman2022_K562_gwps	MEF2A	dorothea	83	74615	3009126.0	0.48588795980006605	0.514112040199934	0.0011145709392834221	0.0011111408605317412	1.0030869882240128	0.32811816270348204	0.8650914804899881	False	-0.12878749089102004	1.1143814833284544
ReplogleWeissman2022_K562_gwps	GATA6	dorothea	103	74615	3746449.0	0.48747961217095653	0.5125203878290434	0.0014222914488761396	0.001378516555582323	1.0317550725934699	0.3300163795943288	0.8650914804899881	False	-0.008527730268409703	1.108612990619064
ReplogleWeissman2022_K562_gwps	SIX5	dorothea	293	74615	10776833.5	0.4929438009312423	0.5070561990687578	0.00405705863414208	0.003911464730068885	1.0372223486904946	0.338126521374015	0.8778284689517697	False	-0.07395537241407976	1.0843351299489554
ReplogleWeissman2022_K562_gwps	OTX2	dorothea	105	74615	3828964.5	0.48872651037229203	0.5112734896277079	0.0014699465350597528	0.0014052462526766595	1.0460419533301402	0.34461990025519995	0.8861654577990856	False	-0.07887062570876155	1.065313207701385
ReplogleWeissman2022_K562_gwps	NR2F1	dorothea	117	74615	4274783.0	0.48966838889776637	0.5103316111022337	0.0016085394451421137	0.001565594390622491	1.02743051123385	0.3494456767803924	0.8900974785915655	False	-0.046922982606766	1.0514071606324722
ReplogleWeissman2022_K562_gwps	ATF3	dorothea	306	74615	11275901.0	0.4938598093305986	0.5061401906694014	0.004302985136352932	0.004084302131578596	1.0535423183029349	0.3552022461450246	0.8942275200343378	False	-0.1203421986469985	1.0350679442776278
ReplogleWeissman2022_K562_gwps	ZEB1	dorothea	433	74615	16001988.0	0.4952903890471472	0.5047096109528528	0.006075609458959172	0.0057696407632448566	1.053030805256277	0.3674931781180127	0.8942275200343378	False	-0.08813982012741152	1.0010505234457225
ReplogleWeissman2022_K562_gwps	MEIS1	dorothea	279	74615	10288466.5	0.494219982769375	0.5057800172306249	0.003815597106020493	0.0037252650412583116	1.0242484933989204	0.3692593159063955	0.8942275200343378	False	-0.025082604063754496	0.9962561286231035
ReplogleWeissman2022_K562_gwps	FOXO4	dorothea	293	74615	10809688.0	0.49444660062724716	0.5055533993727528	0.003925765186880989	0.003911464730068885	1.0036560362419151	0.3712102088834833	0.8942275200343378	False	-0.027310790926044617	0.9909867760682016
ReplogleWeissman2022_K562_gwps	IRF2	dorothea	57	74615	2074755.0	0.487826985543333	0.512173014456667	0.0008207625656153834	0.000763338332976216	1.0752277596426651	0.37515186326241823	0.8942275200343378	False	0.08667593443345369	0.9804243662896367
ReplogleWeissman2022_K562_gwps	ZKSCAN1	dorothea	321	74615	11853377.0	0.49489255645230146	0.5051074435476985	0.004289509324997919	0.004283655385929327	1.0013665756325358	0.3758844572710957	0.8942275200343378	False	-0.03498390347345558	0.9784734773086364
ReplogleWeissman2022_K562_gwps	CTCFL	dorothea	364	74615	13451025.0	0.49525384151464696	0.504746158485353	0.004880071706169709	0.004854692647274571	1.0052277375189522	0.3771737597274996	0.8942275200343378	False	-0.00808132155456698	0.9750492965824776
ReplogleWeissman2022_K562_gwps	MBD1	dorothea	269	74615	9927741.5	0.4946204145343868	0.5053795854656131	0.0037240942632910338	0.0035922226376796113	1.0367103152873076	0.38014847049439665	0.8942275200343378	False	-0.007086671555908404	0.9671933907423363
ReplogleWeissman2022_K562_gwps	FLI1	dorothea	143	74615	5256804.0	0.4926739547392231	0.5073260452607768	0.0019446255643908953	0.0019128387597314	1.0166176079911506	0.3808746844590698	0.8942275200343378	False	0.0561468605395527	0.9652848701398304
ReplogleWeissman2022_K562_gwps	CTCF	dorothea	109	74615	4007085.0	0.49269245736677636	0.5073075426332236	0.001870791096461834	0.0014587013543172207	1.2825045311193952	0.3958553480618858	0.9108496540562572	False	-0.26532043379114334	0.9267064171316284
ReplogleWeissman2022_K562_gwps	ESR2	dorothea	300	74615	11094114.0	0.49561589492729347	0.5043841050727066	0.004143894479889127	0.004004538476940532	1.0347995165363133	0.39646182698970395	0.9108496540562572	False	-0.0008042200292572403	0.9251755174733528
ReplogleWeissman2022_K562_gwps	NFATC1	dorothea	282	74615	10427096.0	0.4955507301547471	0.504449269845253	0.004067538785997979	0.0037651708346128684	1.080306568988974	0.39807503399495686	0.9108496540562572	False	-0.06519269421788626	0.9211147638412791
ReplogleWeissman2022_K562_gwps	STAT1	dorothea	126	74615	4641878.0	0.49373854569860737	0.5062614543013927	0.001651085480033067	0.0016858217042854658	0.9793950782789799	0.40390038182709487	0.9164126310362656	False	0.20023063392213925	0.9065870110626476
ReplogleWeissman2022_K562_gwps	ETV1	dorothea	128	74615	4720012.0	0.49420483481873617	0.5057951651812638	0.0017134048432451852	0.0017125349531059765	1.0005079546771476	0.4102410148917565	0.9230422835064522	False	0.017577924392386028	0.8910104507953341
ReplogleWeissman2022_K562_gwps	ATF1	dorothea	347	74615	12862259.0	0.4967771737377713	0.5032228262622287	0.004732959730308144	0.004629012032763267	1.0224556982805737	0.41781694471210595	0.9252298752282914	False	0.013067712611882255	0.8727118736880538
ReplogleWeissman2022_K562_gwps	FOXA1	dorothea	238	74615	8811661.0	0.4961976239936436	0.5038023760063565	0.0034008158586852208	0.003179565281284651	1.0695851658410287	0.4196149108422249	0.9252298752282914	False	-0.11625914364048894	0.8684178672424152
ReplogleWeissman2022_K562_gwps	GATA1	dorothea	46	74615	1687769.0	0.491732633314784	0.508267366685216	0.000755565962623778	0.0006161181875410188	1.2263328333794323	0.4230195976338331	0.9252298752282914	False	0.006035965347998325	0.8603367709054408
ReplogleWeissman2022_K562_gwps	PDX1	dorothea	291	74615	10786782.5	0.4967899363352725	0.5032100636647274	0.003934348987534559	0.0038848690358582755	1.0127365816503908	0.42492038714188196	0.9252298752282914	False	-0.07225082230759802	0.8558534519771642
ReplogleWeissman2022_K562_gwps	RUNX1	dorothea	179	74615	6628191.0	0.49626750653353885	0.5037324934664611	0.002456872599840417	0.0023932400994732196	1.0265884314662803	0.4314129363256162	0.931851942463331	False	-0.10105484589094135	0.8406895586300938
ReplogleWeissman2022_K562_gwps	E2F3	dorothea	385	74615	14301106.5	0.4978319529428556	0.5021680470571444	0.005379357065664072	0.0051333333333333335	1.0479267011033906	0.4415726615163828	0.9462271318208203	False	-0.03731062833709806	0.8174126937336645
ReplogleWeissman2022_K562_gwps	NCOA1	dorothea	186	74615	6900246.0	0.4971935505487308	0.5028064494512692	0.002608084815005709	0.0024865977727570486	1.048856732512054	0.44732585032851924	0.9510077132968519	False	-0.024976578543400716	0.8044679782871802
ReplogleWeissman2022_K562_gwps	HNF1B	dorothea	204	74615	7584629.5	0.4982852827521144	0.5017147172478855	0.002717224287130611	0.0027265801467541667	0.996568646758947	0.4644293295071368	0.9680018095046351	False	0.006637287398333774	0.7669458754525156
ReplogleWeissman2022_K562_gwps	NR4A1	dorothea	151	74615	5611411.0	0.4980454634008662	0.5019545365991338	0.00213358841160067	0.002019634593264318	1.0564229879585145	0.46688067875157674	0.9680018095046351	False	-0.051148111913311096	0.7616815598457043
ReplogleWeissman2022_K562_gwps	ZBED1	dorothea	283	74615	10531834.0	0.49875978195727466	0.5012402180427253	0.0038131089134313474	0.00377847205532858	1.009166895399933	0.47124706323462084	0.9680018095046351	False	0.029055591600309526	0.7523727721022082
ReplogleWeissman2022_K562_gwps	MYBL2	dorothea	62	74615	2301059.0	0.4974047421927183	0.5025952578072816	0.0008467254654749238	0.0008302422432609772	1.019853509439853	0.4717958233411926	0.9680018095046351	False	0.021823998825271647	0.7512089646522561
ReplogleWeissman2022_K562_gwps	LEF1	dorothea	197	74615	7329260.0	0.4986177776885814	0.5013822223114186	0.0027109406170232	0.0026332673902582475	1.0294969007144144	0.4732453290911549	0.9680018095046351	False	0.08077631457261447	0.748141358796341
ReplogleWeissman2022_K562_gwps	KLF9	dorothea	327	74615	12179862.0	0.49919298269342255	0.5008070173065774	0.004516638252167152	0.004363374342825118	1.0351250883605831	0.47988547464204395	0.9742035951379839	False	0.0404565568840485	0.7342077980441373
ReplogleWeissman2022_K562_gwps	EBF1	dorothea	113	74615	4212994.0	0.49967342683592886	0.5003265731640711	0.0016232165539386467	0.0015121507333261963	1.0734489083427186	0.4952070862590935	0.9949027450736468	False	0.011204883259225602	0.7027792478209749
ReplogleWeissman2022_K562_gwps	ZNF24	dorothea	174	74615	6489687.5	0.49986000935068214	0.5001399906493178	0.002322740703589561	0.0023265453475778525	0.9983646809239061	0.4974513725368234	0.9949027450736468	False	-0.006065794107128902	0.698257470805287
ReplogleWeissman2022_K562_gwps	WT1	dorothea	281	74615	10502119.5	0.5008924579150433	0.49910754208495667	0.004081089983997784	0.003751869258705405	1.0877484535284627	0.5206272068955485	0.9999995011210674	False	-0.04438090106332726	0.652721027134987
ReplogleWeissman2022_K562_gwps	CREM	dorothea	99	74615	3705409.0	0.5016199656553473	0.4983800343446527	0.0014809986179583146	0.0013250528682710067	1.1176902095165406	0.5222497982364366	0.9999995011210674	False	0.005460630902322483	0.6496092648807466
ReplogleWeissman2022_K562_gwps	ZNF639	dorothea	263	74615	9834878.0	0.5011723297464373	0.49882767025356267	0.0036454175288988437	0.003512380138358396	1.037876706193489	0.5262094596483347	0.9999995011210674	False	-0.02489719138572332	0.6420559332506952
ReplogleWeissman2022_K562_gwps	HOXA9	dorothea	143	74615	5365895.0	0.5028980936640255	0.4971019063359745	0.001896592395183424	0.0019128387597314	0.9915066732805763	0.5477341641936647	0.9999995011210674	False	0.048377135429286074	0.6019652115704615
ReplogleWeissman2022_K562_gwps	ZNF263	dorothea	329	74615	12328462.0	0.502211738596528	0.497788261403472	0.005056746511087101	0.0043899444918872755	1.151893041115233	0.5551427195379225	0.9999995011210674	False	-0.07381693028040583	0.5885300459731123
ReplogleWeissman2022_K562_gwps	ETS1	dorothea	350	74615	13121745.0	0.5024552703879916	0.49754472961200835	0.004718611501834092	0.004668845461215234	1.0106591749571219	0.5630662900966341	0.9999995011210674	False	0.42972577572424897	0.5743579133747795
ReplogleWeissman2022_K562_gwps	FOSL2	dorothea	87	74615	3279578.0	0.5052107331042647	0.4947892668957353	0.0012021918142323623	0.0011646274530802388	1.0322544012274244	0.5668134739389631	0.9999995011210674	False	-0.09097563646488532	0.5677249995022123
ReplogleWeissman2022_K562_gwps	BCL6	dorothea	151	74615	5679634.0	0.5041006526660256	0.49589934733397445	0.0020949073615294383	0.002019634593264318	1.0372704886894701	0.5692163009434772	0.9999995011210674	False	0.009584707035753148	0.5634947748358957
ReplogleWeissman2022_K562_gwps	JUNB	dorothea	261	74615	9810544.0	0.5037632002645509	0.4962367997354491	0.004180435650950128	0.0034857631283722423	1.1992885049829185	0.583258813479844	0.9999995011210674	False	-0.10053024814918007	0.5391242572134661
ReplogleWeissman2022_K562_gwps	PRDM1	dorothea	214	74615	8053806.0	0.504383937232936	0.49561606276706405	0.002910040459070112	0.0028598537999973274	1.017548679961483	0.5877808600282628	0.9999995011210674	False	0.10689752177533597	0.5314010875753438
ReplogleWeissman2022_K562_gwps	FOXP1	dorothea	805	74615	30172484.0	0.5023299146800366	0.4976700853199634	0.010635116221053014	0.010673561389551844	0.9963980936544327	0.5900875848242483	0.9999995011210674	False	0.040429295998921026	0.5274843042451547
ReplogleWeissman2022_K562_gwps	NR2F6	dorothea	297	74615	11167902.0	0.5039518010636418	0.49604819893635815	0.004043906671589955	0.003964651858180265	1.0199903588624468	0.593070719953144	0.9999995011210674	False	0.0389018114952494	0.5224416291639705
ReplogleWeissman2022_K562_gwps	RUNX2	dorothea	152	74615	5737276.0	0.50586660647464	0.49413339352536	0.001977743459591413	0.0020329824655262348	0.972828587126784	0.5988218058446347	0.9999995011210674	False	0.01011517743172611	0.5127912111935031
ReplogleWeissman2022_K562_gwps	KLF4	dorothea	458	74615	17204746.0	0.503450346421675	0.49654965357832503	0.006147816707816936	0.0061007286241391715	1.007718436039172	0.600642082551821	0.9999995011210674	False	0.036529720891356636	0.5097560583686715
ReplogleWeissman2022_K562_gwps	ETV4	dorothea	89	74615	3373136.0	0.5079461836679223	0.4920538163320777	0.0018816559043500147	0.0011913686014135788	1.5794069963883541	0.6023866028399758	0.9999995011210674	False	-0.12741810093939343	0.5068558423852322
ReplogleWeissman2022_K562_gwps	STAT5A	dorothea	470	74615	17663056.0	0.5036650835993561	0.49633491640064387	0.006263036217364992	0.0062595724845175464	1.0005533497464902	0.6081052144376613	0.9999995011210674	False	-0.003650913859329903	0.4974073619254619
ReplogleWeissman2022_K562_gwps	TEAD1	dorothea	59	74615	2250399.0	0.5111888485184398	0.4888111514815601	0.0008547351091772802	0.0007901009722259421	1.0818049075034615	0.6169954908785655	0.9999995011210674	False	0.018306158848975174	0.48289356324192134
ReplogleWeissman2022_K562_gwps	BCL11A	dorothea	138	74615	5226551.0	0.5075863830464986	0.49241361695350144	0.0018093923759783558	0.0018460797559964148	0.9801268716051452	0.6211243000277855	0.9999995011210674	False	0.0413998361526126	0.4762240560028746
ReplogleWeissman2022_K562_gwps	CREB1	dorothea	196	74615	7407996.0	0.5065455733992317	0.49345442660076827	0.0024586612217912364	0.002619935570972183	0.9384433911399194	0.6243883904752101	0.9999995011210674	False	0.11922558279512226	0.470982683602743
ReplogleWeissman2022_K562_gwps	ZEB2	dorothea	61	74615	2333031.0	0.5125833925626961	0.4874166074373038	0.0007685149898004372	0.000816862177942043	0.9408135307924173	0.6331890484116547	0.9999995011210674	False	0.16369017916906933	0.4569862467476326
ReplogleWeissman2022_K562_gwps	RBPJ	dorothea	122	74615	4640674.0	0.5097944310850343	0.4902055689149657	0.001524875913014227	0.001632390917483977	0.9341364845159368	0.6459654470385878	0.9999995011210674	False	0.1381624786532897	0.4370092641864112
ReplogleWeissman2022_K562_gwps	TFAP4	dorothea	46	74615	1771507.5	0.5161299016108779	0.48387009838912215	0.0005753506073258032	0.0006161181875410188	0.9338315585554737	0.6476010531199603	0.9999995011210674	False	0.24916462860055544	0.43448043099103495
ReplogleWeissman2022_K562_gwps	SIX2	dorothea	203	74615	7690882.0	0.5077547172364938	0.49224528276350626	0.0026198853106447137	0.002713250821994707	0.9655890599596857	0.648865516765067	0.9999995011210674	False	0.005747349820281807	0.4325297998287442
ReplogleWeissman2022_K562_gwps	CEBPD	dorothea	177	74615	6735005.0	0.5099628185514266	0.4900371814485735	0.002198805962427488	0.002366563268798802	0.9291135341348964	0.6767429494745347	0.9999995011210674	False	0.20334037148308703	0.3904637687547268
ReplogleWeissman2022_K562_gwps	PPARA	dorothea	283	74615	10724766.0	0.507896530813417	0.492103469186583	0.003731303613630662	0.00377847205532858	0.9875165302251213	0.6769906618406882	0.9999995011210674	False	0.11504392152311387	0.3900977996056302
ReplogleWeissman2022_K562_gwps	RELB	dorothea	447	74615	16895830.0	0.5065774630425746	0.49342253695742544	0.005853183951867085	0.005955077136234046	0.9828896952909332	0.6844895420683852	0.9999995011210674	False	0.0011890693143102732	0.3790819125757735
ReplogleWeissman2022_K562_gwps	SOX10	dorothea	95	74615	3645330.0	0.514265157633748	0.48573484236625203	0.0012533361957994238	0.0012715834560299826	0.9856499704018417	0.6848730497051833	0.9999995011210674	False	0.04729095505099689	0.3785217867929767
ReplogleWeissman2022_K562_gwps	GATA2	dorothea	327	74615	12388706.0	0.5077524769863485	0.4922475230136515	0.004520965953855858	0.004363374342825118	1.0361169128864396	0.6860081704502632	0.9999995011210674	False	0.011590924345129823	0.376865741049827
ReplogleWeissman2022_K562_gwps	ZNF592	dorothea	108	74615	4141874.0	0.5139809044452883	0.4860190955547117	0.0015598670267790223	0.0014453381154396906	1.0792402207593415	0.6925129735805992	0.9999995011210674	False	0.049244059930234854	0.36742830668371285
ReplogleWeissman2022_K562_gwps	MAFB	dorothea	176	74615	6713107.0	0.5111928353426377	0.48880716465736235	0.0023803307282223053	0.002353224318434036	1.0115188380367865	0.6962958218514474	0.9999995011210674	False	0.18573555745830683	0.3619806775522172
ReplogleWeissman2022_K562_gwps	ELF5	dorothea	263	74615	9995809.0	0.5093731599141754	0.4906268400858247	0.0033824560157628423	0.003512380138358396	0.9630096636817115	0.7004309682512627	0.9999995011210674	False	0.1155564017220115	0.3560594644547195
ReplogleWeissman2022_K562_gwps	ELK1	dorothea	143	74615	5470497.0	0.5127015181427833	0.4872984818572167	0.0019405204622889411	0.0019128387597314	1.0144715295090676	0.7004345213891219	0.9999995011210674	False	0.025426439921269632	0.35605439167951664
ReplogleWeissman2022_K562_gwps	BATF	dorothea	235	74615	8945368.5	0.5101574465233589	0.4898425534766411	0.003141927878970848	0.003139612558450234	1.000737454216885	0.7049006873180723	0.9999995011210674	False	0.15560650104136578	0.34969835514522496
ReplogleWeissman2022_K562_gwps	CREB3	dorothea	124	74615	4758576.0	0.5143149889864747	0.48568501101352535	0.001590717955289259	0.0016591070257830584	0.9587795908093865	0.7094350860585189	0.9999995011210674	False	0.06629801136405597	0.3432862790856792
ReplogleWeissman2022_K562_gwps	HNF4A	dorothea	345	74615	13092614.0	0.5086055859693286	0.4913944140306714	0.0043377961970815174	0.004602454642475987	0.9424962403861755	0.7096729912992503	0.9999995011210674	False	0.1552955581814569	0.3429509906791709
ReplogleWeissman2022_K562_gwps	RFX2	dorothea	149	74615	5705638.0	0.5132060910436437	0.48679390895635627	0.001857776072148213	0.0019929377775399926	0.932179666161671	0.7115608835918887	0.9999995011210674	False	0.04947934391258921	0.340294294358611
ReplogleWeissman2022_K562_gwps	PGR	dorothea	143	74615	5479911.0	0.5135838094760563	0.4864161905239436	0.0018309873087580936	0.0019128387597314	0.9572094351618011	0.7129978658594118	0.9999995011210674	False	-0.011496404907002865	0.33827685175687633
ReplogleWeissman2022_K562_gwps	E2F1	dorothea	224	74615	8547496.0	0.5114047347814017	0.4885952652185983	0.0031345426997461817	0.002993091837143735	1.0472591120817165	0.7225391068849739	0.9999995011210674	False	0.09885886714525707	0.3249837332839381
ReplogleWeissman2022_K562_gwps	PAX5	dorothea	220	74615	8401781.0	0.5118262230967451	0.4881737769032549	0.002870124638497602	0.002939800895303	0.9762989878271274	0.7279902628392139	0.9999995011210674	False	0.03989843305620105	0.31746760609576025
ReplogleWeissman2022_K562_gwps	PPARG	dorothea	121	74615	4658172.0	0.5159457114011706	0.4840542885988294	0.0018579355180053754	0.0016190323271248128	1.1475592468896672	0.7281140906820919	0.9999995011210674	False	0.047841407279045844	0.31729752509452286
ReplogleWeissman2022_K562_gwps	USF1	dorothea	160	74615	6134968.0	0.5138852777591637	0.4861147222408363	0.002006801290673593	0.002139752591106653	0.9378660406882371	0.7283296112585306	0.9999995011210674	False	0.20090003172099355	0.31700157053380124
ReplogleWeissman2022_K562_gwps	TFAP2C	dorothea	140	74615	5379645.0	0.5149907621026029	0.48500923789739714	0.0025274259328593174	0.0018727844291351748	1.3495551829349877	0.7303462872564106	0.9999995011210674	False	0.13517810500970684	0.31423649121106034
ReplogleWeissman2022_K562_gwps	NANOG	dorothea	254	74615	9693129.0	0.5114511183656154	0.4885488816343846	0.0033373133785572543	0.0033925923947161042	0.9837059659023742	0.7360235481441273	0.9999995011210674	False	0.07681416733553162	0.30649316600403975
ReplogleWeissman2022_K562_gwps	TCF7	dorothea	62	74615	2420366.0	0.5231945492236492	0.4768054507763509	0.0007408437646210387	0.0008302422432609772	0.8923224163000857	0.7364368997926259	0.9999995011210674	False	0.13320246564477564	0.3059317225235906
ReplogleWeissman2022_K562_gwps	E2F6	dorothea	304	74615	11581572.0	0.5105846855965888	0.4894153144034112	0.004032654683411383	0.004057715666252886	0.99382386916611	0.7382630596796526	0.9999995011210674	False	0.029124468738610278	0.3034550684642469
ReplogleWeissman2022_K562_gwps	TEAD2	dorothea	167	74615	6408463.0	0.5142937739076561	0.4857062260923439	0.002274183499031082	0.0022331577117488165	1.0183712001469603	0.7386401097511093	0.9999995011210674	False	0.04352883040550057	0.30294447293238996
ReplogleWeissman2022_K562_gwps	TCF7L2	dorothea	184	74615	7053746.0	0.5137784103324603	0.4862215896675397	0.002511965531396892	0.002459925934838701	1.0211549444725876	0.7410672790106243	0.9999995011210674	False	0.08975706523068017	0.2996638629215237
ReplogleWeissman2022_K562_gwps	GABPA	dorothea	193	74615	7395183.0	0.5135295900649239	0.486470409935076	0.002659732998159577	0.0025799379745481766	1.0309290472866406	0.7422398553139002	0.9999995011210674	False	0.06344761617287692	0.29808283291041543
ReplogleWeissman2022_K562_gwps	NCOA2	dorothea	200	74615	7663275.0	0.5135210748509013	0.48647892514909863	0.0024768843439272126	0.0026732607097507185	0.926540510954572	0.7458560727335045	0.9999995011210674	False	0.036640187931069046	0.29322262938476856
ReplogleWeissman2022_K562_gwps	NR1H2	dorothea	221	74615	8459153.0	0.5129894847850944	0.4870105152149056	0.0029775007659495383	0.0029531241648404513	1.0082545127628944	0.7479126467536288	0.9999995011210674	False	0.03091019678581102	0.29046909024219175
ReplogleWeissman2022_K562_gwps	CEBPG	dorothea	57	74615	2236046.0	0.5257505487232119	0.474249451276788	0.0009293963010896362	0.000763338332976216	1.2175417648239528	0.7495917867134756	0.9999995011210674	False	0.00417183038573965	0.2882265050103269
ReplogleWeissman2022_K562_gwps	MEF2C	dorothea	201	74615	7705484.0	0.5137806244526213	0.48621937554737865	0.002780603426513834	0.0026865911035072712	1.0349931639704428	0.7504425357980254	0.9999995011210674	False	-0.027607586626954624	0.2870921987307966
ReplogleWeissman2022_K562_gwps	HNF4G	dorothea	145	74615	5596093.0	0.5172384215986894	0.4827615784013106	0.0018798508340983784	0.0019395398608881755	0.9692251610841018	0.7637357592257099	0.9999995011210674	False	0.015389438998610014	0.2695334145284858
ReplogleWeissman2022_K562_gwps	RARA	dorothea	208	74615	7984673.0	0.5144790050464177	0.48552099495358225	0.002622465879291114	0.0027798938828969702	0.9433690600298029	0.7649638726394741	0.9999995011210674	False	0.269586356348116	0.2679266715786282
ReplogleWeissman2022_K562_gwps	E2F4	dorothea	155	74615	5979661.0	0.5170335463983935	0.4829664536016065	0.0022173905236770918	0.002073023940082921	1.069640577131201	0.7684808612039928	0.9999995011210674	False	0.02838445213124091	0.2633396204072969
ReplogleWeissman2022_K562_gwps	ZNF740	dorothea	148	74615	5716970.0	0.517699868333119	0.482300131666881	0.0020285676896172923	0.001979588834048928	1.0247419336409298	0.7719176336976481	0.9999995011210674	False	0.1523473493621917	0.2588774267508601
ReplogleWeissman2022_K562_gwps	PRDM14	dorothea	201	74615	7727188.0	0.5152277878849404	0.4847722121150596	0.0025919925808802965	0.0026865911035072712	0.964788641448459	0.7724260399852548	0.9999995011210674	False	0.1838350193074201	0.2582190159131213
ReplogleWeissman2022_K562_gwps	TWIST1	dorothea	191	74615	7349834.0	0.5157248044323864	0.48427519556761356	0.002471023715404882	0.0025532711279843863	0.9677874348407205	0.7739316755904406	0.9999995011210674	False	0.13534696690672327	0.2562716837197821
ReplogleWeissman2022_K562_gwps	FOXO3	dorothea	379	74615	14457697.0	0.5112505231339699	0.48874947686603015	0.004857609848633282	0.005053737632343921	0.9611915382279799	0.7754148514009591	0.9999995011210674	False	0.06138119690561643	0.254357100716246
ReplogleWeissman2022_K562_gwps	SNAPC4	dorothea	260	74615	9972120.0	0.5140294537600709	0.48597054623992914	0.0034269954086634186	0.0034724540901502504	0.9869087739372057	0.7829741419954339	0.9999995011210674	False	0.054880563587781823	0.2446556078081237
ReplogleWeissman2022_K562_gwps	SMAD1	dorothea	338	74615	12920435.0	0.512311720877229	0.48768827912277096	0.004628878607033963	0.0045094926153723	1.0264743734704633	0.7829872843962661	0.9999995011210674	False	0.06625756905476905	0.2446388227192818
ReplogleWeissman2022_K562_gwps	TCF4	dorothea	159	74615	6151708.0	0.5185282774426543	0.48147172255734577	0.002012095196080279	0.002126407574825474	0.9462415483755143	0.7905879138977256	0.9999995011210674	False	0.08403758682426155	0.23497841548946963
ReplogleWeissman2022_K562_gwps	ZNF274	dorothea	75	74615	2950935.0	0.5273175634925953	0.47268243650740466	0.000964638026446205	0.0010041504886865711	0.960650855936894	0.7936590516330866	0.9999995011210674	False	0.0932872877532219	0.23110131595982977
ReplogleWeissman2022_K562_gwps	NFKB1	dorothea	318	74615	12181631.0	0.513395640598679	0.48660435940132085	0.003995154853623682	0.00424379112006726	0.9414117567502621	0.7955234703279632	0.9999995011210674	False	0.13696087284872113	0.2287549277703077
ReplogleWeissman2022_K562_gwps	ZNF197	dorothea	277	74615	10634635.0	0.5145370785435028	0.48546292145649717	0.0035692967421008344	0.003698659402873471	0.9650244462433779	0.7986398890642091	0.9999995011210674	False	0.09167214618747177	0.22484513685985552
ReplogleWeissman2022_K562_gwps	FOXP2	dorothea	186	74615	7188487.5	0.517962638317557	0.48203736168244304	0.002388737350161126	0.0024865977727570486	0.960644852308615	0.8016607028244752	0.9999995011210674	False	0.09132028227867649	0.22106982444224588
ReplogleWeissman2022_K562_gwps	SREBF1	dorothea	126	74615	4914606.0	0.5227475644818003	0.47725243551819974	0.0015936276339915012	0.0016858217042854658	0.9453120872393556	0.8115916070481004	0.9999995011210674	False	0.3590286263524985	0.2087580123258158
ReplogleWeissman2022_K562_gwps	SOX13	dorothea	141	74615	5487515.5	0.5215914982964561	0.478408501703544	0.0018453882669849885	0.0018861362298678366	0.9783960658633319	0.8125417910855056	0.9999995011210674	False	0.05089578150580647	0.20758793091882738
ReplogleWeissman2022_K562_gwps	MAFG	dorothea	254	74615	9784964.0	0.5162967274001291	0.48370327259987095	0.0034237734109146675	0.0033925923947161042	1.0091909114242923	0.8154576713614192	0.9999995011210674	False	0.08636539531384375	0.20400576340439855
ReplogleWeissman2022_K562_gwps	AR	dorothea	265	74615	10205637.0	0.5161406920304102	0.4838593079695898	0.0034010406669989736	0.0035389957264957265	0.9610185854523892	0.8182143272615082	0.9999995011210674	False	0.1090418162881934	0.20063096293187743
ReplogleWeissman2022_K562_gwps	KDM5B	dorothea	193	74615	7477565.0	0.5192502861841043	0.4807497138158957	0.0023905298107184166	0.0025799379745481766	0.9265842180322452	0.8225749153623443	0.9999995011210674	False	0.06857168120259403	0.19531571798296035
ReplogleWeissman2022_K562_gwps	KLF3	dorothea	120	74615	4698025.0	0.5246962183653867	0.4753037816346133	0.001444199316649852	0.0016056733792734327	0.8994352994152224	0.8255237261824501	0.9999995011210674	False	0.0005937835107496237	0.19173727444510094
ReplogleWeissman2022_K562_gwps	MYOD1	dorothea	426	74615	16312652.5	0.513202593343797	0.4867974066562029	0.005492369927497203	0.005676896629842353	0.9674951449045014	0.8267179551230931	0.9999995011210674	False	0.04682303450729981	0.1902916879281618
ReplogleWeissman2022_K562_gwps	ZBTB7A	dorothea	962	74615	36531514.0	0.5089398482549994	0.4910601517450006	0.012183330196618967	0.012728740225200789	0.957151295498827	0.8300558319220686	0.9999995011210674	False	0.08008299452277363	0.1862623130778557
ReplogleWeissman2022_K562_gwps	EOMES	dorothea	90	74615	3556903.0	0.5296675526964343	0.4703324473035657	0.0011166418336763626	0.0012047386386453383	0.9268747576088074	0.83670861476479	0.9999995011210674	False	0.045568659454292795	0.17827939961217135
ReplogleWeissman2022_K562_gwps	CLOCK	dorothea	183	74615	7114053.5	0.5210026038948936	0.47899739610510633	0.002284261866198613	0.002446589481002166	0.9336514703165237	0.8371973932615002	0.9999995011210674	False	0.11441053332609183	0.17769540205405493
ReplogleWeissman2022_K562_gwps	ERG	dorothea	440	74615	16863619.0	0.5136555225917284	0.4863444774082715	0.005771758186078707	0.005862367597095464	0.9845438878548576	0.8387519055772299	0.9999995011210674	False	0.09146256979667572	0.175840318773664
ReplogleWeissman2022_K562_gwps	BHLHE22	dorothea	211	74615	8183883.0	0.5198174007297492	0.48018259927025075	0.002590135144148369	0.0028198754443642584	0.9185282099338666	0.8403772246281223	0.9999995011210674	False	0.07609955483848024	0.1739044110114069
ReplogleWeissman2022_K562_gwps	KLF6	dorothea	209	74615	8108553.5	0.5199612235953172	0.4800387764046828	0.0029361630924018443	0.0027932214262803377	1.0511744843343331	0.8409220484146718	0.9999995011210674	False	0.0222154490481597	0.17325631246719736
ReplogleWeissman2022_K562_gwps	NR5A2	dorothea	267	74615	10313284.0	0.5176778373679018	0.4823221626320982	0.003404661229027787	0.00356560989289816	0.9548608320301826	0.841064893211914	0.9999995011210674	False	0.13969552116090841	0.1730864600217943
ReplogleWeissman2022_K562_gwps	SMAD3	dorothea	146	74615	5711611.0	0.5242997157095923	0.4757002842904076	0.002117105756256686	0.0019528898757373498	1.0840886537226444	0.8452120279483474	0.9999995011210674	False	0.18425256550683058	0.16816776245135234
ReplogleWeissman2022_K562_gwps	HMBOX1	dorothea	145	74615	5681216.0	0.5251062118876901	0.47489378811230987	0.0019339208794535434	0.0019395398608881755	0.9971029306754959	0.8522753348994538	0.9999995011210674	False	0.3800327811166507	0.15984564133121748
ReplogleWeissman2022_K562_gwps	ATF7	dorothea	27	74615	1124659.0	0.558252858500798	0.44174714149920197	0.0003642302406831533	0.00036172664183703544	1.0069212453730345	0.8527634372974371	0.9999995011210674	False	0.3979405436508202	0.1592731002027975
ReplogleWeissman2022_K562_gwps	MYCN	dorothea	219	74615	8512299.0	0.5209266930976272	0.4790733069023728	0.007265010413315534	0.002926477269690248	2.482510453287921	0.8579624877459211	0.9999995011210674	False	0.09332644903582016	0.15319490102579655
ReplogleWeissman2022_K562_gwps	TP53	dorothea	219	74615	8517067.0	0.5212184801310349	0.4787815198689651	0.0028797686450773817	0.002926477269690248	0.9840393003914191	0.8612928325476831	0.9999995011210674	False	0.1450933446973416	0.1493207248892495
ReplogleWeissman2022_K562_gwps	NR3C1	dorothea	157	74615	6153875.0	0.5253187167587672	0.4746812832412328	0.002002968404807213	0.002099716471406409	0.9539232711098402	0.8638542578355342	0.9999995011210674	False	0.15578000840586143	0.14635120746739338
ReplogleWeissman2022_K562_gwps	YY1	dorothea	176	74615	6882525.0	0.5240937570437336	0.4759062429562664	0.002217736282923981	0.002353224318434036	0.9424245132736787	0.8656271181164035	0.9999995011210674	False	0.04859841210796353	0.1443010426879505
ReplogleWeissman2022_K562_gwps	SMAD5	dorothea	127	74615	5007285.0	0.5284117261258713	0.47158827387412866	0.0016268602915940405	0.001699178507398785	0.9574393064119825	0.8661125901568147	0.9999995011210674	False	0.26879063406302867	0.1437403671420707
ReplogleWeissman2022_K562_gwps	SP4	dorothea	94	74615	3738989.0	0.5330895761362227	0.46691042386377735	0.0012479796119249631	0.0012582152083416992	0.99186498752449	0.8666367245073257	0.9999995011210674	False	0.16986002979334477	0.14313539288288502
ReplogleWeissman2022_K562_gwps	MEF2B	dorothea	113	74615	4472119.0	0.5304064107255001	0.4695935892744999	0.001368648382555552	0.0015121507333261963	0.9051004985098344	0.8683937927291292	0.9999995011210674	False	0.24040391901466915	0.14110998894328758
ReplogleWeissman2022_K562_gwps	ZHX1	dorothea	130	74615	5128461.0	0.5287100448971387	0.47128995510286137	0.001857709139977621	0.0017392467723593551	1.0681113051355944	0.8713881885757712	0.9999995011210674	False	0.021628489312296127	0.1376677199284473
ReplogleWeissman2022_K562_gwps	MBD2	dorothea	149	74615	5857628.5	0.5268772090467082	0.47312279095329174	0.0025100426437920723	0.0019929377775399926	1.2594686457749698	0.8718877539691376	0.9999995011210674	False	0.23750781369511412	0.13709458587106788
ReplogleWeissman2022_K562_gwps	FOXK1	dorothea	161	74615	6322114.0	0.5262720474418786	0.4737279525581214	0.002013782167342635	0.0021530972504546914	0.9352954990385892	0.8756526341811423	0.9999995011210674	False	0.020198697659559055	0.13278580300996037
ReplogleWeissman2022_K562_gwps	E2F2	dorothea	213	74615	8313199.0	0.523073152668833	0.47692684733116697	0.0026343406804138127	0.0028465280376329715	0.9254574856056563	0.8779579995481797	0.9999995011210674	False	0.199969807580556	0.13015652299671265
ReplogleWeissman2022_K562_gwps	IRF9	dorothea	129	74615	5107138.0	0.5305932728575161	0.4694067271424839	0.0016610239233230248	0.001725891041421385	0.9624152877895826	0.8854413704025941	0.9999995011210674	False	0.19908479439033888	0.1216690346767482
ReplogleWeissman2022_K562_gwps	AHR	dorothea	128	74615	5078713.0	0.5317623173959659	0.468237682604034	0.0017276432679316973	0.0017125349531059765	1.0088221935548347	0.8932044160986233	0.9999995011210674	False	0.12584944452896604	0.11293981489644495
ReplogleWeissman2022_K562_gwps	GATA3	dorothea	118	74615	4697299.0	0.5335069174303799	0.46649308256962013	0.0014816417679643754	0.0015789544110366236	0.938368934282048	0.8961392841306651	0.9999995011210674	False	0.5071515079603903	0.10965942704977853
ReplogleWeissman2022_K562_gwps	FOS	dorothea	400	74615	15470840.0	0.5183555585338069	0.4816444414661931	0.005470457553558107	0.005332266879957342	1.0259159334504035	0.8976560132229865	0.9999995011210674	False	0.04697734028110735	0.10796834283742002
ReplogleWeissman2022_K562_gwps	POU2F2	dorothea	247	74615	9645242.0	0.5233473531198343	0.4766526468801657	0.0030530100376005044	0.003299404237129652	0.9253216090479714	0.8977769108058793	0.9999995011210674	False	0.20501478975317963	0.10783367049020223
ReplogleWeissman2022_K562_gwps	VDR	dorothea	125	74615	4971519.0	0.5330315888226228	0.46696841117737725	0.0015195971032280096	0.0016724645437516724	0.9085974999620915	0.8994160428733439	0.9999995011210674	False	0.25864677727995944	0.10600956749824879
ReplogleWeissman2022_K562_gwps	IRF3	dorothea	339	74615	13172349.0	0.5207597229198381	0.4792402770801619	0.004318231708600833	0.004522773968033728	0.9547750427329404	0.9067606708041371	0.9999995011210674	False	0.13140142460548396	0.09787673270073588
ReplogleWeissman2022_K562_gwps	BACH2	dorothea	311	74615	12112063.0	0.5219532291486436	0.4780467708513564	0.003965348907963446	0.004150762085257454	0.9553303288683895	0.9096057278102143	0.9999995011210674	False	0.11070385203625453	0.09474403950075778
ReplogleWeissman2022_K562_gwps	NFE2	dorothea	144	74615	5736850.0	0.5339306588636482	0.46606934113635173	0.001747376757289572	0.0019261894888909696	0.9071676319320215	0.9205978557932439	0.9999995011210674	False	0.13947970453618144	0.08273197674222123
ReplogleWeissman2022_K562_gwps	MNT	dorothea	174	74615	6892728.0	0.5309036964463557	0.46909630355364434	0.002224901303694556	0.0023265453475778525	0.9563111701265066	0.9208012838958464	0.9999995011210674	False	0.1854451162913697	0.08251102724893063
ReplogleWeissman2022_K562_gwps	TP73	dorothea	194	74615	7669747.0	0.5298502760908057	0.4701497239091944	0.0023431396458384866	0.0025932708631314413	0.9035460503377905	0.9248369957411805	0.9999995011210674	False	0.23558673889600998	0.07813777781877038
ReplogleWeissman2022_K562_gwps	TP63	dorothea	149	74615	5937834.0	0.5340914681944496	0.4659085318055504	0.0018233562464117403	0.0019929377775399926	0.9149087678303849	0.9250810711508564	0.9999995011210674	False	0.22491558188872557	0.07787390082285327
ReplogleWeissman2022_K562_gwps	SOX2	dorothea	7	74615	343939.0	0.6585022161380802	0.34149778386191976	0.00011855405411659151	9.380611615877355e-05	1.263820089469756	0.9254368482353934	0.9999995011210674	False	1.4699782997560449	0.07748938459072881
ReplogleWeissman2022_K562_gwps	POU4F2	dorothea	178	74615	7058873.0	0.5314828102612136	0.4685171897387864	0.002185097518993696	0.002379901862473761	0.9181460603263792	0.9271215714408061	0.9999995011210674	False	0.26221959194185757	0.07567057698720099
ReplogleWeissman2022_K562_gwps	POU2F1	dorothea	240	74615	9459177.0	0.528221369697782	0.471778630302218	0.003077237077384094	0.0032061986507247345	0.9597774226149431	0.9347431362417861	0.9999995011210674	False	0.15932392796291855	0.06748350803308613
ReplogleWeissman2022_K562_gwps	NR2F2	dorothea	127	74615	5111780.0	0.5394389361451778	0.4605610638548222	0.0015500399886295077	0.001699178507398785	0.9122290459066666	0.9380145350374709	0.9999995011210674	False	0.2590711138888835	0.06398983432041534
ReplogleWeissman2022_K562_gwps	HOXB13	dorothea	187	74615	7449285.5	0.5338839554633572	0.46611604453664285	0.0023295814310643893	0.0024999331568674637	0.9318574877351788	0.9455433260900794	0.9999995011210674	False	0.13438137869869304	0.055995568464339986
ReplogleWeissman2022_K562_gwps	TBP	dorothea	297	74615	11694498.0	0.5277144560934683	0.47228554390653166	0.003859417273316298	0.003964651858180265	0.973456790500574	0.9506551477569095	0.9999995011210674	False	0.19606830445483936	0.05060390285471002
ReplogleWeissman2022_K562_gwps	FOXA2	dorothea	85	74615	3508518.0	0.5531955016141684	0.4468044983858316	0.0010227458806976726	0.0011378848728246318	0.8988131445660723	0.9552419971162687	0.9999995011210674	False	0.3476232286843825	0.04579057048004764
ReplogleWeissman2022_K562_gwps	BHLHE40	dorothea	415	74615	16231651.0	0.524189667602932	0.47581033239706794	0.005180501215960377	0.005531120884979342	0.9366096535747158	0.9556509663075873	0.9999995011210674	False	0.1427985637789334	0.045362530599854615
ReplogleWeissman2022_K562_gwps	ZNF584	dorothea	281	74615	11105008.5	0.5296468967747366	0.4703531032252634	0.0033829104672074475	0.003751869258705405	0.9016600083699964	0.957133306551121	0.9999995011210674	False	0.14851332382441018	0.04381260093834783
ReplogleWeissman2022_K562_gwps	SP3	dorothea	145	74615	5872887.0	0.5428220728475138	0.45717792715248623	0.0019425705436357892	0.0019395398608881755	1.001562578222149	0.9628293554674848	0.9999995011210674	False	0.165734252960417	0.03787908385430194
ReplogleWeissman2022_K562_gwps	STAT3	dorothea	170	74615	6851205.0	0.5401220382276076	0.4598779617723924	0.0022085673967795543	0.0022731831249582137	0.9715747809891704	0.9648594874212828	0.9999995011210674	False	0.22535511368924246	0.03577279713501709
ReplogleWeissman2022_K562_gwps	SOX6	dorothea	425	74615	16744260.0	0.5280206235144329	0.4719793764855671	0.0052309048298205445	0.0056636460554371	0.923593172775844	0.9769996302744791	0.9999995011210674	False	0.1578581928333142	0.023269005368822933
ReplogleWeissman2022_K562_gwps	MAZ	dorothea	173	74615	7042985.0	0.545612758208902	0.4543872417910979	0.002067378503995664	0.0023132053270578166	0.893728922293802	0.9810457813567096	0.9999995011210674	False	0.16544600208909938	0.0191361524560405
ReplogleWeissman2022_K562_gwps	BACH1	dorothea	189	74615	7699824.0	0.5460002616606516	0.4539997383393483	0.002291420177914078	0.0025266028554622746	0.9069174338025646	0.9856620062741138	0.9999995011210674	False	0.21701879213800795	0.014441775971834889
ReplogleWeissman2022_K562_gwps	SNAI2	dorothea	154	74615	6336934.0	0.5514832416795828	0.44851675832041704	0.001774457993386088	0.0020596771389212107	0.8615224006979507	0.9864781809470208	0.9999995011210674	False	0.2457777869498074	0.013614071405200186
ReplogleWeissman2022_K562_gwps	ELK4	dorothea	120	74615	5005067.0	0.5589880274296947	0.4410119725703053	0.001624419404010894	0.0016056733792734327	1.0116748679896181	0.9873446548523188	0.9999995011210674	False	0.2673984369978004	0.012736106123574177
ReplogleWeissman2022_K562_gwps	GRHL2	dorothea	293	74615	11772964.0	0.5385078671194726	0.46149213288052726	0.003487856963651114	0.003911464730068885	0.8917009878265448	0.9886627086837853	0.9999995011210674	False	0.2642703595635715	0.01140204831461213
ReplogleWeissman2022_K562_gwps	RFX1	dorothea	181	74615	7418682.5	0.5493157693841276	0.45068423061587237	0.002111595866103539	0.0024199155035028613	0.872590742547405	0.9891492305853462	0.9999995011210674	False	0.19870619568328673	0.010910068362712294
ReplogleWeissman2022_K562_gwps	PBX3	dorothea	172	74615	7067098.0	0.5506637950783012	0.44933620492169885	0.001956487786740501	0.002299864949790739	0.8506968145753596	0.9892491902378561	0.9999995011210674	False	0.2464537041397572	0.010809017278620416
ReplogleWeissman2022_K562_gwps	GFI1B	dorothea	40	74615	1817656.0	0.6090115928432621	0.3909884071567378	0.0006782938243892433	0.0005357980041524346	1.265950636494474	0.9915222689655514	0.9999995011210674	False	0.29986084771440313	0.00851387140002107
ReplogleWeissman2022_K562_gwps	FOXO1	dorothea	184	74615	7584128.0	0.5524101984389431	0.4475898015610569	0.0022911231180645654	0.002459925934838701	0.9313789027614751	0.9930468763229438	0.9999995011210674	False	0.34313466063350523	0.006977409280832875
ReplogleWeissman2022_K562_gwps	XBP1	dorothea	269	74615	10922232.0	0.5441679680600814	0.45583203193991856	0.0031846028943422026	0.0035922226376796113	0.886527149219039	0.9938791673535041	0.9999995011210674	False	0.16199450124915443	0.006139641733431564
ReplogleWeissman2022_K562_gwps	E2F7	dorothea	134	74615	5669049.0	0.5669950522133019	0.43300494778669807	0.0015868064930962156	0.001792666122623714	0.8851656608391718	0.9963633867930005	0.9999995011210674	False	0.4235726348355901	0.003643241760010023
ReplogleWeissman2022_K562_gwps	THAP11	dorothea	157	74615	6730347.0	0.574528609921589	0.425471390078411	0.0018271201168448498	0.002099716471406409	0.8701746839281727	0.9993842920289877	0.9999995011210674	False	0.5446490527401932	0.0006158975970052274
ReplogleWeissman2022_K562_gwps	E2F5	dorothea	52	74615	2453275.0	0.6322906303640741	0.36770936963592593	0.0005433531377821712	0.0006964254623863286	0.7802028603611804	0.9995224834289449	0.9999995011210674	False	0.711901326937552	0.0004776306184006961
ReplogleWeissman2022_K562_gwps	LYL1	dorothea	86	74615	3946726.0	0.6150527747865399	0.38494722521346003	0.0008803607924748249	0.001151256341949907	0.7646957157983941	0.9998895761973791	0.9999995011210674	False	1.0458510208248495	0.00011042989977788459
ReplogleWeissman2022_K562_gwps	TAL1	dorothea	404	74615	16819312.0	0.557956984467461	0.442043015532539	0.004625458922182133	0.0053853023900611845	0.8589042150573797	0.9999714515514031	0.9999995011210674	False	1.044798396478928	2.8548856111613586e-05
ReplogleWeissman2022_K562_gwps	EGR1	dorothea	373	74615	15709905.0	0.5644670344407817	0.4355329655592183	0.005557723504096374	0.004974129194004374	1.117325925268576	0.9999915469475991	0.9999995011210674	False	0.8912297653157848	8.453088128185083e-06
ReplogleWeissman2022_K562_gwps	REST	dorothea	469	74615	19786392.0	0.5654153867607806	0.4345846132392193	0.005262153378193916	0.006246337435405679	0.8424382180134584	0.9999995011210674	0.9999995011210674	False	0.369679257677522	4.9887905704894e-07
ReplogleWeissman2022_K562_gwps	TFAM	ensemble	147	74615	2600189.0	0.23706172410664997	0.7629382758933501	0.05018510184497089	0.0019662395334528234	25.523391728800775	1.3322317001140482e-28	8.099968736693414e-26	True	-3.2984408603831166	64.18552709780789
ReplogleWeissman2022_K562_gwps	MAX	ensemble	209	74615	4430140.0	0.2840828533842144	0.7159171466157856	0.008338397479441765	0.0027932214262803377	2.9852260909174673	1.7602375594508017e-27	5.351122180730438e-25	True	-2.313988245634963	61.60434873393706
ReplogleWeissman2022_K562_gwps	PPARGC1B	ensemble	336	74615	9494777.0	0.37872096603836203	0.6212790339616381	0.00687848765846497	0.0044829288468466065	1.5343735966952619	7.731143458900332e-15	1.5668450743371342e-12	True	-0.5443275947038698	32.49351961842575
ReplogleWeissman2022_K562_gwps	SREBF2	ensemble	188	74615	4758597.0	0.3392305323354924	0.6607694676645075	0.004632668394117067	0.0025132681844311057	1.8432845419422283	1.206325537028189e-14	1.8336148162828474e-12	True	-1.1819205002906057	32.0486123088357
ReplogleWeissman2022_K562_gwps	ZBTB4	ensemble	353	74615	10610482.0	0.40284155549004247	0.5971584445099576	0.007780813518599526	0.004708675701632696	1.6524420052758337	1.408162388450643e-10	1.712325464355982e-08	True	-0.7761044065296672	22.683565346148487
ReplogleWeissman2022_K562_gwps	TFDP1	ensemble	315	74615	9422131.0	0.40087820122129575	0.5991217987787043	0.005001395538153867	0.004203923662084612	1.1896970402345055	5.960152129031735e-10	6.039620824085492e-08	True	-0.5796087651142667	21.24075492418363
ReplogleWeissman2022_K562_gwps	MLX	ensemble	143	74615	3803836.0	0.3565000569356262	0.6434999430643737	0.002835610659444248	0.0019128387597314	1.4824096620890426	1.4364288566694003e-09	1.2476410640785648e-07	True	-0.5869032121877331	20.36110576420072
ReplogleWeissman2022_K562_gwps	SFPQ	ensemble	183	74615	5168343.0	0.37850715640836075	0.6214928435916393	0.008223481510745307	0.002446589481002166	3.361202022080478	6.489998027563439e-09	4.932398500948213e-07	True	-0.966106249096633	18.853003610149806
ReplogleWeissman2022_K562_gwps	HSF1	ensemble	234	74615	6879817.0	0.39403507807314014	0.6059649219268599	0.004926490196256808	0.0031262942724685702	1.575824208118059	1.0333805687622156e-08	6.981059842304746e-07	True	-0.9133581727795526	18.387845210468754
ReplogleWeissman2022_K562_gwps	ATR	ensemble	74	74615	1754188.5	0.31770086443744555	0.6822991355625545	0.002613730155107423	0.0009907750806678359	2.6380661020921394	2.8132371058139924e-08	1.7104481603349075e-06	True	-1.112777670719413	17.386344928692136
ReplogleWeissman2022_K562_gwps	ATF4	ensemble	103	74615	2692670.0	0.35036423218476204	0.6496357678152379	0.0021655063558683233	0.001378516555582323	1.5708961543472755	7.319273585224365e-08	4.04556212710583e-06	True	-1.3321134578612863	16.43016965789467
ReplogleWeissman2022_K562_gwps	RUVBL1	ensemble	63	74615	1502128.0	0.31955104988677324	0.6804489501132267	0.004457418125394207	0.0008436219502396958	5.283667789971247	3.53562653820346e-07	1.7913841126897533e-05	True	-3.8962611703964547	14.855205128784702
ReplogleWeissman2022_K562_gwps	SRF	ensemble	365	74615	11689228.0	0.42920702528688365	0.5707929747131164	0.005951479819186667	0.004867964790610829	1.2225807036784009	1.478817570888813e-06	6.916316023849217e-05	True	-0.5465064549501675	13.424267728098414
ReplogleWeissman2022_K562_gwps	TRRAP	ensemble	308	74615	9782320.0	0.4256621218358135	0.5743378781641866	0.00600882887572602	0.004110887177502236	1.4616866423896773	3.241053296623266e-06	0.00014075431459621043	True	-0.696611730690007	12.639612189440454
ReplogleWeissman2022_K562_gwps	MTF1	ensemble	167	74615	5043174.0	0.40472621733682	0.59527378266318	0.00506354981327412	0.0022331577117488165	2.267439413989612	1.0210532719746092e-05	0.0004138669262403749	True	-0.4680912818499036	11.492090750875956
ReplogleWeissman2022_K562_gwps	MYC	ensemble	98	74615	2768916.0	0.37866708969991536	0.6213329103000846	0.0021046594662806825	0.0013116860519588292	1.604545129634986	1.6045829569041936e-05	0.0006097415236235936	True	-2.835245782941175	11.040061582087576
ReplogleWeissman2022_K562_gwps	NRF1	ensemble	109	74615	3237623.0	0.39808300345443	0.6019169965455701	0.002127948646989719	0.0014587013543172207	1.4587966486023831	0.0001151428585712708	0.004118050471254861	True	-0.6524775280384879	9.069336952107381
ReplogleWeissman2022_K562_gwps	NCOA6	ensemble	263	74615	8555379.5	0.4359707843737268	0.5640292156262732	0.004449109119428703	0.003512380138358396	1.2666935081543058	0.0001648930769349398	0.005569721709802412	True	-0.3167023354264162	8.710213312694604
ReplogleWeissman2022_K562_gwps	TAF12	ensemble	47	74615	1258521.0	0.35886943045220787	0.6411305695477921	0.004339652324210158	0.0006295036296911414	6.893768549578273	0.0004032061544919356	0.012510347208213523	True	-1.5109264454138038	7.816062577206707
ReplogleWeissman2022_K562_gwps	MYB	ensemble	181	74615	5782169.0	0.42814025441094855	0.5718597455890514	0.0035061406193879164	0.0024199155035028613	1.448869026341097	0.0004115245792175501	0.012510347208213523	True	-0.642096463296836	7.795641808847122
ReplogleWeissman2022_K562_gwps	NR2C2	ensemble	197	74615	6357334.0	0.4324965618771963	0.5675034381228037	0.0035459701336610196	0.0026332673902582475	1.346604658068265	0.0005232164114535481	0.01473762935662277	True	-0.6045841811270691	7.555515390856146
ReplogleWeissman2022_K562_gwps	SSRP1	ensemble	314	74615	10462924.0	0.4465779536653334	0.5534220463346666	0.0059938419669623155	0.0041906337999973306	1.430294855867896	0.0005332694832988502	0.01473762935662277	True	-0.4923301994853881	7.5364836643860365
ReplogleWeissman2022_K562_gwps	STAT5B	ensemble	126	74615	3916008.0	0.4165305712179665	0.5834694287820335	0.0023346722823003613	0.0016858217042854658	1.3848868337413596	0.0005915952808323823	0.015458971965743175	True	-0.5571615425670793	7.432687804116203
ReplogleWeissman2022_K562_gwps	ETS2	ensemble	90	74615	2696419.0	0.40153067226577915	0.5984693277342209	0.002401998749764369	0.0012047386386453383	1.993792406679413	0.0006102225775951253	0.015458971965743175	True	-0.6836038850707682	7.401686786046427
ReplogleWeissman2022_K562_gwps	ESRRA	ensemble	204	74615	6680268.0	0.4388716982470801	0.56112830175292	0.0036712139614712546	0.0027265801467541667	1.3464537126633225	0.0012625658417783842	0.030013737042801983	True	-0.38651911655168103	6.674609246270951
ReplogleWeissman2022_K562_gwps	CARM1	ensemble	155	74615	4973211.5	0.43001052715768906	0.5699894728423109	0.002835204275846264	0.002073023940082921	1.3676659593872589	0.0012834821761724532	0.030013737042801983	True	-0.31951782148232905	6.6581784446428
ReplogleWeissman2022_K562_gwps	POLR2I	ensemble	105	74615	3264414.5	0.41666771969124045	0.5833322803087595	0.00210158398110274	0.0014052462526766595	1.4955271911237784	0.001558660605763809	0.03509872771497763	True	-0.4919558166657281	6.463928412565644
ReplogleWeissman2022_K562_gwps	KLF2	ensemble	251	74615	8398315.0	0.4484275589460158	0.5515724410539842	0.0038301599622563177	0.003352656746720808	1.1424253216505238	0.0023595060813452503	0.05123498919492544	True	-0.1991438403318578	6.049302969413889
ReplogleWeissman2022_K562_gwps	NELFE	ensemble	139	74615	4485216.5	0.4324565382874294	0.5675434617125705	0.0028412404771534444	0.001859432271182813	1.5280150404973278	0.0029246679173499796	0.06088166443202685	True	-0.35612272351427765	5.834574337273544
ReplogleWeissman2022_K562_gwps	JUN	ensemble	212	74615	7046340.0	0.44545269490301787	0.5545473050969821	0.0035992104563486527	0.0028332019190933752	1.2703684944207578	0.0030040294950013247	0.06088166443202685	True	-0.6523511728336137	5.8078007265527765
ReplogleWeissman2022_K562_gwps	NCOR1	ensemble	190	74615	6292235.0	0.4438387229885341	0.5561612770114659	0.0028980941200456617	0.002539937169975269	1.1410101613158723	0.003700543191700927	0.07257839550174722	True	-0.23097521727932063	5.599275661539464
ReplogleWeissman2022_K562_gwps	LIN9	ensemble	56	74615	1661112.0	0.39754358085792785	0.6024564191420723	0.0009987276886011362	0.0007499564757402472	1.3317142006345615	0.003964757294583638	0.07533038859708913	True	-0.4434930907755379	5.530310637727584
ReplogleWeissman2022_K562_gwps	CTDP1	ensemble	113	74615	3610875.0	0.42826035003282337	0.5717396499671766	0.0022601756969110073	0.0015121507333261963	1.4946761900775731	0.004147102296436191	0.07640721806767285	True	-0.44982328562910906	5.48534543044649
ReplogleWeissman2022_K562_gwps	RBL1	ensemble	253	74615	8566630.0	0.4537988022308986	0.5462011977691014	0.003979227627992145	0.003379280867660416	1.177536814436822	0.005521103369128961	0.0987303190714826	True	-0.30127437524940115	5.199177552955852
ReplogleWeissman2022_K562_gwps	SUPT5H	ensemble	129	74615	4211994.0	0.43759453567070655	0.5624054643292934	0.002802564898170163	0.001725891041421385	1.6238365174327958	0.0070774247908960124	0.12294497922470787	False	-0.34859777997975383	4.95084516754178
ReplogleWeissman2022_K562_gwps	E2F3	ensemble	385	74615	13339366.0	0.46435306434502305	0.5356469356549769	0.006109765926270378	0.0051333333333333335	1.1902141414812424	0.007830986006822962	0.1322566525596767	False	-0.5283327120580285	4.849666850110226
ReplogleWeissman2022_K562_gwps	KLF1	ensemble	155	74615	5137922.0	0.4442522799834851	0.5557477200165148	0.002567424240084876	0.002073023940082921	1.2384923253622333	0.008158190508055404	0.13405891429453204	False	-0.3407737969811012	4.808732886060411
ReplogleWeissman2022_K562_gwps	KDM5C	ensemble	220	74615	7469999.5	0.45506323369052043	0.5449367663094796	0.0036242186713766117	0.002939800895303	1.2328109285112214	0.010525526134437801	0.1681216801011276	False	-0.2414706181692865	4.553951911642883
ReplogleWeissman2022_K562_gwps	PBX2	ensemble	34	74615	979782.0	0.3862107839852419	0.6137892160147581	0.0018068731569165334	0.0004554649091079586	3.9670963026665382	0.010784120927539435	0.1681216801011276	False	-0.9242804640919666	4.529680511267914
ReplogleWeissman2022_K562_gwps	LIN52	ensemble	15	74615	371006.0	0.33148473273917217	0.6685152672608278	0.00041856246816743845	0.00020099155835454912	2.0824877999557287	0.011888738222817101	0.1793850332602394	False	-0.909336543909726	4.432163694783911
ReplogleWeissman2022_K562_gwps	SP1	ensemble	197	74615	6667228.0	0.45357899824853876	0.5464210017514612	0.003202889766655832	0.0026332673902582475	1.2163177117921629	0.012096688098141144	0.1793850332602394	False	-0.8394328672804682	4.414823574742532
ReplogleWeissman2022_K562_gwps	ATF5	ensemble	49	74615	1491663.0	0.4079890376039178	0.5920109623960822	0.001432438870565148	0.0006562734383370835	2.1826860373852286	0.012860556866421404	0.18617187082819553	False	-0.633692823157645	4.353590258900115
ReplogleWeissman2022_K562_gwps	RFX5	ensemble	162	74615	5437752.0	0.44986089084460723	0.5501391091553928	0.002660329740502688	0.002166441552883908	1.2279720802812932	0.013613018797036764	0.19248175415345006	False	-0.33797183411706727	4.296728679637595
ReplogleWeissman2022_K562_gwps	ZNF384	ensemble	127	74615	4209662.0	0.4442396955289119	0.5557603044710882	0.0021906663423136522	0.001699178507398785	1.2892502658047795	0.014817731071720736	0.20475410208195924	False	-0.48925722091078033	4.21193076990923
ReplogleWeissman2022_K562_gwps	ZNF143	ensemble	185	74615	6267418.0	0.45403652261790706	0.545963477382093	0.003096164993348775	0.0024732620320855616	1.2518548189323695	0.015272146413521185	0.2063436670982418	False	-0.3971507988325336	4.181724605548518
ReplogleWeissman2022_K562_gwps	HINFP	ensemble	102	74615	3339459.5	0.43878307337141115	0.5612169266285888	0.0017615020424189857	0.0013651511704163711	1.2903347853276408	0.016167739232575296	0.21292272335906234	False	-0.3450729259392234	4.124737427624486
ReplogleWeissman2022_K562_gwps	TBPL1	ensemble	144	74615	4820401.0	0.44863642624732886	0.5513635737526711	0.002729913573355907	0.0019261894888909696	1.4172611724341269	0.016459486838611728	0.21292272335906234	False	-0.2893635493032226	4.1068532604882355
ReplogleWeissman2022_K562_gwps	FOSL1	ensemble	189	74615	6434919.0	0.45630490486082526	0.5436950951391748	0.002957319720081346	0.0025266028554622746	1.1704727213807673	0.01884232574599707	0.23866945944929624	False	-0.284265705390723	3.971649570213144
ReplogleWeissman2022_K562_gwps	NEUROD1	ensemble	370	74615	12945003.0	0.4688935816470495	0.5311064183529505	0.005367885633052238	0.004934320197372808	1.0878673086335733	0.01933934238592778	0.2399657177682467	False	-0.1480064258758681	3.9456137923309718
ReplogleWeissman2022_K562_gwps	ZNF76	ensemble	232	74615	7983598.5	0.46119496749983246	0.5388050325001675	0.0034728181838584544	0.0030996566328643765	1.120388028479542	0.020461607818892526	0.2488131510777331	False	-0.09483794352558728	3.889204938022596
ReplogleWeissman2022_K562_gwps	MSX2	ensemble	275	74615	9551831.0	0.4655086900635383	0.5344913099364617	0.004389199295535157	0.003672052343437041	1.195298673609556	0.023979814230625944	0.2858770010239328	False	-0.1706517680881861	3.730542876259067
ReplogleWeissman2022_K562_gwps	ARNT	ensemble	93	74615	3063471.0	0.44147354268038297	0.558526457319617	0.0015518255261552155	0.0012448466027734648	1.2465998000860627	0.02535437338215074	0.2958370645170652	False	-0.33412286449290707	3.674804043818863
ReplogleWeissman2022_K562_gwps	SRSF2	ensemble	140	74615	4726460.5	0.4524617321296943	0.5475382678703057	0.002822479383887684	0.0018727844291351748	1.5071031881608845	0.025788428321388904	0.2958370645170652	False	-0.2706092748564532	3.657829402342206
ReplogleWeissman2022_K562_gwps	AGO3	ensemble	186	74615	6372037.0	0.4591337323709739	0.5408662676290261	0.002830944248750311	0.0024865977727570486	1.1384809717783442	0.026910485865258453	0.3029921371495767	False	-0.19134095018274874	3.615239259212765
ReplogleWeissman2022_K562_gwps	GTF2F2	ensemble	61	74615	1956846.0	0.42993289047712685	0.5700671095228731	0.0014437663146614388	0.000816862177942043	1.7674539887484852	0.02905109616143967	0.3211466630210058	False	-0.5202496244591948	3.5386990627837305
ReplogleWeissman2022_K562_gwps	EWSR1	ensemble	158	74615	5384883.0	0.45676523453305024	0.5432347654669498	0.0027111571079119615	0.002113062201596833	1.2830465217082347	0.03001518579099186	0.32587916001648304	False	-0.28865280978936775	3.5060518323593954
ReplogleWeissman2022_K562_gwps	LIN54	ensemble	673	74615	24072532.5	0.4793807319375668	0.5206192680624332	0.00952138557532877	0.008939007544362979	1.0651501889975519	0.03253778807527664	0.33877654382728833	False	-0.14862681483685292	3.425353155061718
ReplogleWeissman2022_K562_gwps	ARID2	ensemble	195	74615	6719949.0	0.46185454564198786	0.5381454543580121	0.003047167507338541	0.002606603395268012	1.1690184678153654	0.03267834368906001	0.33877654382728833	False	-0.21328277712118623	3.4210426929840487
ReplogleWeissman2022_K562_gwps	FOXM1	ensemble	220	74615	7618891.0	0.46413352177541684	0.5358664782245832	0.0031673522431108396	0.002939800895303	1.077403659605453	0.03287469750955594	0.33877654382728833	False	-0.46830521846552575	3.4150519897567775
ReplogleWeissman2022_K562_gwps	PPARA	ensemble	283	74615	9896935.0	0.4686926458055948	0.5313073541944052	0.004211571953865035	0.00377847205532858	1.1146230254437575	0.03430502343924067	0.34762423751763877	False	-0.18719935017203568	3.3724634795793307
ReplogleWeissman2022_K562_gwps	MITF	ensemble	395	74615	13960443.0	0.47367008873398214	0.5263299112660179	0.005575660060720832	0.0052659645380615915	1.0588107877333408	0.03530634281242602	0.3519058431140167	False	-0.10945353258219628	3.343692648112397
ReplogleWeissman2022_K562_gwps	TFDP2	ensemble	192	74615	6626163.0	0.4625245007706225	0.5374754992293775	0.003018785758556891	0.0025666047295039235	1.1761786783352361	0.036207487420649914	0.3550669734154056	False	-0.25519448782149445	3.3184893467132017
ReplogleWeissman2022_K562_gwps	ERCC3	ensemble	267	74615	9343059.0	0.46897715388432154	0.5310228461156784	0.003955538461632863	0.00356560989289816	1.1093581688539027	0.03980466056847037	0.3838774088812852	False	-0.1956453706941512	3.22377127383707
ReplogleWeissman2022_K562_gwps	SMAD6	ensemble	161	74615	5530435.5	0.460370315029158	0.5396296849708421	0.0024879187474031216	0.0021530972504546914	1.1555069084212162	0.040925477619734134	0.3838774088812852	False	-0.15525708759029594	3.1960024851825537
ReplogleWeissman2022_K562_gwps	NCOR2	ensemble	427	74615	15155774.0	0.4756900881197956	0.5243099118802044	0.0061410204411561885	0.005690146851096719	1.0792376017452991	0.0413540713040655	0.3838774088812852	False	-0.11631000582451811	3.1855844027688045
ReplogleWeissman2022_K562_gwps	PAX2	ensemble	171	74615	5897312.5	0.46220207200079316	0.5377979279992069	0.006094197791373121	0.0022865242157623085	2.665267111260995	0.04167090293777109	0.3838774088812852	False	-0.3070369298471365	3.1779521650095353
ReplogleWeissman2022_K562_gwps	CREBBP	ensemble	147	74615	5035983.0	0.45913539844672036	0.5408646015532796	0.0022248637918655897	0.0019662395334528234	1.1315324272616003	0.043208219846371985	0.39209847263573383	False	-0.2431787744981126	3.1417245276103425
ReplogleWeissman2022_K562_gwps	PAX6	ensemble	282	74615	9905789.0	0.4707754653557292	0.5292245346442709	0.004196556705587293	0.0037651708346128684	1.1145727219091188	0.04486364311762324	0.4008203933501751	False	-0.1847583834676878	3.104127542362189
ReplogleWeissman2022_K562_gwps	SP7	ensemble	107	74615	3616174.0	0.4529386677154565	0.5470613322845435	0.0017499947167501594	0.0014319745188833275	1.2220850955607983	0.04598176851007208	0.4008203933501751	False	-0.2318910433315666	3.079510297792769
ReplogleWeissman2022_K562_gwps	SMARCA5	ensemble	140	74615	4794636.5	0.4589881869788725	0.5410118130211276	0.0021595502422890205	0.0018727844291351748	1.1531227025879696	0.04652837749758941	0.4008203933501751	False	-0.26213537588880165	3.06769288376172
ReplogleWeissman2022_K562_gwps	HCFC1	ensemble	104	74615	3512765.5	0.45267829988814373	0.5473217001118563	0.00163887669928477	0.001391881582997631	1.177454116287103	0.047404440603723993	0.4008203933501751	False	-0.22314833678921311	3.0490393710462738
ReplogleWeissman2022_K562_gwps	POLR2F	ensemble	176	74615	6088362.5	0.46361949674998326	0.5363805032500167	0.0033288971782097047	0.002353224318434036	1.4146110730425114	0.04746557289673126	0.4008203933501751	False	-0.2584021817378343	3.0477506118438056
ReplogleWeissman2022_K562_gwps	TFE3	ensemble	217	74615	7573504.0	0.46774696900309454	0.5322530309969056	0.0030648065362589008	0.0028998289501817403	1.0568921784392906	0.05014469294982939	0.41764347004789415	False	-0.1420590178119512	2.9928425937067114
ReplogleWeissman2022_K562_gwps	TGIF2	ensemble	163	74615	5635110.0	0.4633281108874225	0.5366718891125775	0.0025625087458866183	0.002179785498408623	1.175578398772451	0.05260594186688896	0.43222179263606064	False	-0.2457905015848513	2.944926202369501
ReplogleWeissman2022_K562_gwps	EGR3	ensemble	294	74615	10372219.5	0.47282259818086586	0.5271774018191342	0.004351704733482377	0.003924762044614132	1.1087818023143925	0.053568606879314105	0.433388647421889	False	-0.10477983015884891	2.926792075040373
ReplogleWeissman2022_K562_gwps	PARK7	ensemble	8	74615	200988.0	0.33670843664142597	0.6632915633585741	0.0002486027578100262	0.00010720555324765823	2.3189354495071983	0.05481860587276711	0.433388647421889	False	-0.6513447760304568	2.9037256194274574
ReplogleWeissman2022_K562_gwps	KAT7	ensemble	125	74615	4278761.0	0.4587561214233063	0.5412438785766936	0.001977263445396854	0.0016724645437516724	1.1822453592716868	0.05524222357473666	0.433388647421889	False	-0.16496392462650275	2.8960276982689765
ReplogleWeissman2022_K562_gwps	ASCL1	ensemble	225	74615	7878777.0	0.46929955996336753	0.5307004400366325	0.003560399425726066	0.0030064136825227153	1.1842679689837279	0.055599201478466025	0.433388647421889	False	-0.25106314951278363	2.8895864397268265
ReplogleWeissman2022_K562_gwps	ID1	ensemble	80	74615	2679270.0	0.4488490920056289	0.5511509079943712	0.0013338466432820154	0.0010710221567708682	1.2453959377493766	0.05659790773815408	0.4355889608202238	False	-0.25659684483282497	2.8717832602132454
ReplogleWeissman2022_K562_gwps	CHEK1	ensemble	196	74615	6862804.0	0.46926631538496255	0.5307336846150374	0.0029047614862985197	0.002619935570972183	1.1087148548544825	0.06827957282049193	0.5187240105415745	False	-0.14950090745715536	2.6841446373658613
ReplogleWeissman2022_K562_gwps	MXD1	ensemble	57	74615	1885353.0	0.4432938205595742	0.5567061794404258	0.0009628944211043425	0.000763338332976216	1.2614254774158504	0.06910632377280845	0.5187240105415745	False	-0.2202087181424168	2.6721090361468325
ReplogleWeissman2022_K562_gwps	ZNF350	ensemble	195	74615	6836685.0	0.4698776797818545	0.5301223202181454	0.002926169842981574	0.002606603395268012	1.12259879976129	0.07280310857388954	0.5398084147917663	False	-0.13028025548212244	2.6199966245003337
ReplogleWeissman2022_K562_gwps	TFAP2A	ensemble	282	74615	9997339.0	0.4751264053821437	0.5248735946178562	0.0041652789758987105	0.0037651708346128684	1.1062656009144884	0.07433952263050378	0.5409846612039587	False	-0.17836941702435166	2.599112535568895
ReplogleWeissman2022_K562_gwps	RAD51	ensemble	239	74615	8436301.0	0.4730728478715145	0.5269271521284855	0.0035056713357296135	0.003192882143906805	1.097964527885793	0.07474130187686272	0.5409846612039587	False	-0.15315955994577138	2.593722436333358
ReplogleWeissman2022_K562_gwps	SPI1	ensemble	82	74615	2780367.0	0.45442490965819665	0.5455750903418033	0.0012957353783459116	0.0010977683173353683	1.1803359214183482	0.07652544694037881	0.5429044340260708	False	-0.44643555739870944	2.570131953718467
ReplogleWeissman2022_K562_gwps	ATF6	ensemble	127	74615	4392256.0	0.46350858290405184	0.5364914170959482	0.001974393730626604	0.001699178507398785	1.1619695764920759	0.07731798266770334	0.5429044340260708	False	-0.2881614128059274	2.559828715674261
ReplogleWeissman2022_K562_gwps	NPM1	ensemble	90	74615	3067166.0	0.45673955936771726	0.5432604406322827	0.0015924385536023615	0.0012047386386453383	1.3218124682984935	0.07768533842149368	0.5429044340260708	False	-0.2063453035013613	2.555088734117692
ReplogleWeissman2022_K562_gwps	RBL2	ensemble	558	74615	20104578.5	0.482874898793496	0.517125101206504	0.007603030982424611	0.0074228778949888925	1.0242699785695435	0.0813390026522185	0.5619785637789642	False	-0.14157231199411868	2.509129640045916
ReplogleWeissman2022_K562_gwps	GTF3A	ensemble	130	74615	4511731.5	0.46512935633688834	0.5348706436631117	0.0021909925755516676	0.0017392467723593551	1.2597364619969953	0.08439988902941181	0.5765745228076672	False	-0.2597662105079777	2.4721891921984858
ReplogleWeissman2022_K562_gwps	TAF1	ensemble	69	74615	2330279.5	0.45261899975429426	0.5473810002457058	0.001846502921249007	0.0009238926677735525	1.9986119445008819	0.08648130428769157	0.5831057965736678	False	-0.4142159648089925	2.447827023807335
ReplogleWeissman2022_K562_gwps	ARX	ensemble	435	74615	15618216.0	0.48118936979945326	0.5188106302005467	0.006028733111485298	0.005796135909393737	1.0401297011884405	0.08753679446954243	0.5831057965736678	False	-0.1036614887886308	2.435696065784031
ReplogleWeissman2022_K562_gwps	PROX1	ensemble	337	74615	12039693.5	0.4788057826416952	0.5211942173583048	0.004858969283137345	0.004496210908314655	1.0806809071504755	0.08935320518788498	0.5831057965736678	False	-0.0680548275212214	2.4151581657438217
ReplogleWeissman2022_K562_gwps	TBPL2	ensemble	137	74615	4772393.5	0.46686308451510944	0.5331369154848906	0.0020232878321807925	0.0018327268835616438	1.1039767301545884	0.08974345267341766	0.5831057965736678	False	-0.18600209003888638	2.410800204988791
ReplogleWeissman2022_K562_gwps	TEF	ensemble	319	74615	11389459.5	0.4785047885309689	0.5214952114690311	0.00470532329542794	0.0042570795633490805	1.1052937173028128	0.09223836870227237	0.5831057965736678	False	-0.03139666427699745	2.383379088539036
ReplogleWeissman2022_K562_gwps	POU1F1	ensemble	145	74615	5065139.0	0.4681631455263456	0.5318368544736544	0.0022898843361706463	0.0019395398608881755	1.1806327791180518	0.0923004637980076	0.5831057965736678	False	-0.2216976502510855	2.382706112588798
ReplogleWeissman2022_K562_gwps	ETV6	ensemble	250	74615	8876620.5	0.4758625209408296	0.5241374790591704	0.0037181957673455375	0.0033393441528083885	1.1134509044892946	0.09344341822433916	0.5831057965736678	False	-0.05714071056530401	2.3703991785471485
ReplogleWeissman2022_K562_gwps	VHL	ensemble	373	74615	13373538.5	0.4805198769231654	0.5194801230768347	0.005370409570934575	0.004974129194004374	1.079668291971158	0.09679669836749522	0.5831057965736678	False	-0.09133955457133286	2.335142393055099
ReplogleWeissman2022_K562_gwps	SMAD1	ensemble	338	74615	12094439.0	0.4795599263596521	0.5204400736403478	0.004716453415251196	0.0045094926153723	1.0458944758382334	0.09700403262310886	0.5831057965736678	False	-0.10768281709566559	2.3330027279087937
ReplogleWeissman2022_K562_gwps	SMARCD3	ensemble	561	74615	20264411.0	0.4841110331908192	0.5158889668091807	0.00791546880702448	0.007462488028094073	1.0607010392814122	0.09700847305815186	0.5831057965736678	False	-0.0614674231003622	2.332956953178673
ReplogleWeissman2022_K562_gwps	GFI1	ensemble	307	74615	10962830.0	0.47858398410428693	0.5214160158957131	0.004451670134138549	0.00409759483195857	1.086410520488366	0.09728293653446107	0.5831057965736678	False	-0.09391064421234255	2.3301316748047793
ReplogleWeissman2022_K562_gwps	GTF2H3	ensemble	120	74615	4171199.5	0.46585801559114565	0.5341419844088543	0.001767663514174875	0.0016056733792734327	1.1008861060988275	0.09772698419206782	0.5831057965736678	False	-0.03463525352925929	2.3255775636763625
ReplogleWeissman2022_K562_gwps	NFYB	ensemble	89	74615	3058564.0	0.46057612598605424	0.5394238740139456	0.0017377913554633016	0.0011913686014135788	1.4586512968374212	0.0989419155531191	0.5831057965736678	False	-0.4623055430566685	2.3132223126147955
ReplogleWeissman2022_K562_gwps	STAT2	ensemble	69	74615	2344351.0	0.45535216041379567	0.5446478395862044	0.0011369908584961072	0.0009238926677735525	1.230652540230772	0.09954717106859517	0.5831057965736678	False	-0.33437495005005285	2.3071236660671173
ReplogleWeissman2022_K562_gwps	GATA5	ensemble	287	74615	10238231.0	0.47809795276612743	0.5219020472338725	0.004191876135475982	0.003831673386558436	1.0940066421582648	0.09974178099286424	0.5831057965736678	False	-0.1410635593405137	2.3051706226684177
ReplogleWeissman2022_K562_gwps	MAF	ensemble	119	74615	4144571.0	0.4667738086322112	0.5332261913677888	0.0017866542923573282	0.0015923140739154869	1.122048923403635	0.10481740588996352	0.5984293400503303	False	-0.12466149954647518	2.255535434149777
ReplogleWeissman2022_K562_gwps	CREB3L1	ensemble	141	74615	4940671.0	0.46961361466402235	0.5303863853359776	0.0027214642577572416	0.0018861362298678366	1.4428778869000025	0.10588342929793199	0.5984293400503303	False	-0.262679810979502	2.2454165136141864
ReplogleWeissman2022_K562_gwps	GTF2H2	ensemble	370	74615	13285851.5	0.48123978766677955	0.5187602123332204	0.0056579312558699005	0.004934320197372808	1.1466485816794716	0.1062059029266017	0.5984293400503303	False	-0.06715606001300511	2.2423755886059724
ReplogleWeissman2022_K562_gwps	WT1	ensemble	281	74615	10033595.0	0.4785464554344568	0.5214535445655433	0.004151500939805007	0.003751869258705405	1.1065153536926542	0.10685372129117998	0.5984293400503303	False	-0.0878181932317003	2.236294470577951
ReplogleWeissman2022_K562_gwps	TRIM28	ensemble	57	74615	1924623.0	0.45252718340110815	0.5474728165988918	0.0011069903700199528	0.000763338332976216	1.4501962264935073	0.10728420734454935	0.5984293400503303	False	-0.26245070134414744	2.2322738224280934
ReplogleWeissman2022_K562_gwps	CEBPA	ensemble	88	74615	3038426.0	0.46274298977173733	0.5372570102282628	0.0015367538477388427	0.0011779982062300042	1.3045468487231224	0.1131422017529986	0.6253678060529377	False	-1.0240286817135111	2.179109828826935
ReplogleWeissman2022_K562_gwps	POLR2L	ensemble	77	74615	2648448.5	0.4609721244379155	0.5390278755620845	0.0012513618734401797	0.0010309002302790124	1.213853520142778	0.1178640440639851	0.6299268000300609	False	-0.22274186898409307	2.138223487722668
ReplogleWeissman2022_K562_gwps	HNF1B	ensemble	204	74615	7246019.0	0.476039683446923	0.5239603165530771	0.0029040794126775904	0.0027265801467541667	1.0650995959662972	0.11823227720928298	0.6299268000300609	False	-0.10258374533167681	2.1351041384511666
ReplogleWeissman2022_K562_gwps	ZNF217	ensemble	232	74615	8267100.5	0.4775722559714581	0.5224277440285419	0.003199326919559	0.0030996566328643765	1.0321552670182434	0.11866583515592743	0.6299268000300609	False	-0.11189679306407066	2.1314438439357373
ReplogleWeissman2022_K562_gwps	IKZF1	ensemble	120	74615	4200078.0	0.46908329424378475	0.5309167057562152	0.001778150868978737	0.0016056733792734327	1.1074175432760494	0.12054749408381071	0.6299268000300609	False	-0.18254123412682222	2.11571146193053
ReplogleWeissman2022_K562_gwps	ARID3A	ensemble	53	74615	1795043.0	0.4539132325813389	0.5460867674186611	0.0008322969888392628	0.0007098087534151175	1.1725651238235864	0.1226500132594941	0.6299268000300609	False	-0.14922030261726626	2.098420400169254
ReplogleWeissman2022_K562_gwps	ZEB1	ensemble	433	74615	15633527.0	0.4838858565578902	0.5161141434421099	0.006387651034989046	0.0057696407632448566	1.1071141682999028	0.12339206529219265	0.6299268000300609	False	-0.1709907477692539	2.0923884702897957
ReplogleWeissman2022_K562_gwps	ESR1	ensemble	175	74615	6199279.0	0.4747631364815577	0.5252368635184423	0.00270704559161432	0.0023398850113651557	1.1569139416962	0.12401755949847926	0.6299268000300609	False	-0.38294527603580997	2.0873321145439845
ReplogleWeissman2022_K562_gwps	CEBPE	ensemble	165	74615	5835845.0	0.47401672017365915	0.5259832798263409	0.002510612880301875	0.002206472318801819	1.1378401890240861	0.12406626535730353	0.6299268000300609	False	-0.08382514685201262	2.086939458074113
ReplogleWeissman2022_K562_gwps	POLR2G	ensemble	39	74615	1299720.0	0.44664147753338934	0.5533585224666107	0.0012725969918008786	0.0005224100517052	2.4360116878436613	0.12424642324520319	0.6299268000300609	False	-0.6143742851809179	2.0854884011786736
ReplogleWeissman2022_K562_gwps	NELFCD	ensemble	421	74615	15195177.0	0.48372387599176964	0.5162761240082303	0.007657977274737659	0.005610640226024841	1.3649025719411283	0.12432765790066991	0.6299268000300609	False	-0.11165154851911102	2.084834795959785
ReplogleWeissman2022_K562_gwps	MYBL1	ensemble	265	74615	9487111.0	0.47980190133250056	0.5201980986674994	0.0036741883795621995	0.0035389957264957265	1.0382008523079906	0.12777445360770628	0.63631269922171	False	-0.083153749852112	2.0574886505435006
ReplogleWeissman2022_K562_gwps	SOX17	ensemble	237	74615	8464629.0	0.4786669460191006	0.5213330539808994	0.0032003429723050413	0.003166248062844012	1.0107682369745863	0.12800708081074869	0.63631269922171	False	-0.019951975409792093	2.055669697758576
ReplogleWeissman2022_K562_gwps	POLR2K	ensemble	18	74615	568940.0	0.42361157646287984	0.5763884235371203	0.0004148397276896266	0.00024118017498961586	1.7200407442588834	0.1308171394013115	0.63631269922171	False	-0.6346837724879425	2.0339548133651753
ReplogleWeissman2022_K562_gwps	IRF8	ensemble	151	74615	5336199.0	0.4736187928052746	0.5263812071947254	0.0022476736943162776	0.002019634593264318	1.112911069067886	0.1309651256559774	0.63631269922171	False	-0.1551097289245543	2.0328242075894374
ReplogleWeissman2022_K562_gwps	TEAD4	ensemble	143	74615	5047676.0	0.473074228592556	0.526925771407444	0.0022453194076529374	0.0019128387597314	1.1738153026385894	0.13257237070046735	0.63631269922171	False	-0.11290016335573687	2.0206265886997
ReplogleWeissman2022_K562_gwps	MED1	ensemble	179	74615	6357266.0	0.4759827449435969	0.5240172550564031	0.0030488600308089704	0.0023932400994732196	1.2739465762252857	0.13311760664072175	0.63631269922171	False	-0.20753248526645038	2.0165222810317864
ReplogleWeissman2022_K562_gwps	PKNOX1	ensemble	253	74615	9058332.0	0.4798456583055204	0.5201543416944796	0.0037130793803278692	0.003379280867660416	1.0987779725153632	0.13379802258609014	0.63631269922171	False	-0.12075973573119478	2.0114239102754676
ReplogleWeissman2022_K562_gwps	ZNF148	ensemble	86	74615	2987021.0	0.46549356463956837	0.5345064353604315	0.0013879617596102222	0.001151256341949907	1.2056061791237582	0.1339605682572021	0.63631269922171	False	-0.0316587700676208	2.0102097890734756
ReplogleWeissman2022_K562_gwps	YBX1	ensemble	154	74615	5452085.0	0.47447764324397707	0.525522356756023	0.002703266318141273	0.0020596771389212107	1.312470904812369	0.13653395073101093	0.6435088530577879	False	-0.13147056683443784	1.9911819719795263
ReplogleWeissman2022_K562_gwps	THAP1	ensemble	183	74615	6509401.0	0.4767204619414268	0.5232795380585731	0.002887238715804777	0.002446589481002166	1.1801075489877906	0.1379513673776685	0.6451879335817111	False	-0.1898495834963425	1.9808540662427874
ReplogleWeissman2022_K562_gwps	ERCC2	ensemble	124	74615	4367624.5	0.4720602858112504	0.5279397141887495	0.0028312839518618866	0.0016591070257830584	1.7065107361145608	0.1407713823655169	0.6533511486888113	False	-0.010755318059107732	1.9606181061612338
ReplogleWeissman2022_K562_gwps	TCF12	ensemble	247	74615	8854034.0	0.4804166923269545	0.5195833076730455	0.0034330477273867713	0.003299404237129652	1.040505339949913	0.14357424544219222	0.6583517701138215	False	-0.06634280739906984	1.940902987741375
ReplogleWeissman2022_K562_gwps	YY1	ensemble	176	74615	6262159.0	0.4768538345324179	0.5231461654675821	0.0025751393819357943	0.002353224318434036	1.0943025540588636	0.14401444971239846	0.6583517701138215	False	-0.12226558501813661	1.9378416392153923
ReplogleWeissman2022_K562_gwps	ZFX	ensemble	156	74615	5536620.0	0.47565709101593306	0.524342908984067	0.002166000511297114	0.002086370384239879	1.038166821988439	0.14637062168746984	0.6614421090513276	False	-0.09885155568215453	1.9216133691258281
ReplogleWeissman2022_K562_gwps	RBMX	ensemble	88	74615	3072078.0	0.4678680864802958	0.5321319135197041	0.0014753802186177676	0.0011779982062300042	1.2524469144477623	0.14833723056798775	0.6614421090513276	False	-0.26825057717170253	1.9082670123370964
ReplogleWeissman2022_K562_gwps	ZNF91	ensemble	103	74615	3614680.0	0.47033412293137133	0.5296658770686287	0.0015402423206039469	0.001378516555582323	1.1173186962221913	0.1486528316762909	0.6614421090513276	False	-0.07811345058103282	1.9061416804339568
ReplogleWeissman2022_K562_gwps	NOTO	ensemble	227	74615	8131540.0	0.48008794631826635	0.5199120536817337	0.0031268884272098642	0.0030330563052831296	1.030936491934981	0.14969989100033237	0.6614421090513276	False	-0.05824947409513565	1.8991227156775117
ReplogleWeissman2022_K562_gwps	ACTL6A	ensemble	59	74615	2030151.0	0.46115846656906584	0.5388415334309342	0.0008845798380048486	0.0007901009722259421	1.1195782173419333	0.15078143433097108	0.6614421090513276	False	-0.07227873705799334	1.8919239455036023
ReplogleWeissman2022_K562_gwps	ZBTB33	ensemble	105	74615	3693051.0	0.47137860062607095	0.528621399373929	0.001582059797283585	0.0014052462526766595	1.1258238862193284	0.15499673179824436	0.6614421090513276	False	-0.1552057750096975	1.8643512474578028
ReplogleWeissman2022_K562_gwps	FOXF2	ensemble	87	74615	3041735.0	0.46857161782976364	0.5314283821702364	0.0016366049976004105	0.0011646274530802388	1.4052605348361593	0.15506920206842073	0.6614421090513276	False	-0.04469065905139989	1.8638837967411617
ReplogleWeissman2022_K562_gwps	ZFP42	ensemble	339	74615	12243936.5	0.48405557575099867	0.5159444242490013	0.004929549729900543	0.004522773968033728	1.089939440870104	0.1551189585685095	0.6614421090513276	False	-0.16607683680085025	1.863562981785405
ReplogleWeissman2022_K562_gwps	DLX3	ensemble	136	74615	4819093.5	0.47489795656921213	0.5251020434307878	0.00196881113217993	0.0018193736538641622	1.0821367716292791	0.1554669439091349	0.6614421090513276	False	-0.06923743606115368	1.8613221493235201
ReplogleWeissman2022_K562_gwps	THRA	ensemble	294	74615	10593600.0	0.4829143343995777	0.5170856656004224	0.00424611121393066	0.003924762044614132	1.0818773636882033	0.15556944341174317	0.6614421090513276	False	-0.05031322832167404	1.8606630656246541
ReplogleWeissman2022_K562_gwps	TBL1XR1	ensemble	73	74615	2540386.0	0.4663915863992238	0.5336084136007764	0.0011440585142503954	0.0009773993144815767	1.1705129083881305	0.1600572208320662	0.6675817821914125	False	-0.17121320158999753	1.8322238974823337
ReplogleWeissman2022_K562_gwps	BHLHE40	ensemble	415	74615	15046546.0	0.4859175413710057	0.5140824586289943	0.005933796228645705	0.005531120884979342	1.0728017615308125	0.16083626784700794	0.6675817821914125	False	-0.09387320142104545	1.8273684013567781
ReplogleWeissman2022_K562_gwps	NFAT5	ensemble	78	74615	2721477.0	0.4676101423203212	0.5323898576796788	0.0011062759537942028	0.0010442745638814881	1.0593726899583384	0.16098631796851048	0.6675817821914125	False	-0.13649912690319183	1.8264358991708582
ReplogleWeissman2022_K562_gwps	BRD4	ensemble	237	74615	8513517.5	0.48143154550603084	0.518568454493969	0.0033006035535918417	0.003166248062844012	1.0424336590441203	0.16140546378641057	0.6675817821914125	False	-0.057271982037198535	1.8238356712631947
ReplogleWeissman2022_K562_gwps	SMAD4	ensemble	158	74615	5627856.0	0.47737508238493465	0.5226249176150654	0.002245562291696911	0.002113062201596833	1.0627052483357793	0.16253100562208794	0.667694942015064	False	-0.11754453346014121	1.8168864915848466
ReplogleWeissman2022_K562_gwps	ATF2	ensemble	187	74615	6692076.0	0.4796153946766306	0.5203846053233694	0.005337104031816218	0.0024999331568674637	2.1348986940530303	0.16741751827230583	0.6831533631514225	False	-0.6472552542457197	1.787264477224651
ReplogleWeissman2022_K562_gwps	POLR2C	ensemble	77	74615	2692199.0	0.4685870585890689	0.531412941410931	0.0014282139171778083	0.0010309002302790124	1.3854045961278554	0.16994635407762454	0.6888492218613048	False	-0.25876307889604144	1.7722724559820175
ReplogleWeissman2022_K562_gwps	POU4F1	ensemble	247	74615	8893715.0	0.48256976907911353	0.5174302309208865	0.003605837394545039	0.003299404237129652	1.092875299718343	0.17172436119930945	0.6897168958127307	False	0.023875041773300652	1.7618646387941364
ReplogleWeissman2022_K562_gwps	SP2	ensemble	233	74615	8381586.0	0.482107781317487	0.517892218682513	0.0033096419738776676	0.003112975630611372	1.0631763195742303	0.17242922395318266	0.6897168958127307	False	-0.10074065000541067	1.7577684226287043
ReplogleWeissman2022_K562_gwps	NELFA	ensemble	154	74615	5496671.5	0.47835786474465025	0.5216421352553497	0.002649024621461312	0.0020596771389212107	1.2861358566366288	0.17633016189023376	0.7004895566082366	False	-0.11907590034904056	1.735397121453308
ReplogleWeissman2022_K562_gwps	IRF7	ensemble	169	74615	6045656.0	0.4794359368228306	0.5205640631771695	0.002254306469446134	0.002259841677364142	0.9975506213672171	0.17742663111458623	0.7004895566082366	False	-0.0018936877862113302	1.7291981013509206
ReplogleWeissman2022_K562_gwps	SMARCC1	ensemble	109	74615	3861724.5	0.4748196091618934	0.5251803908381066	0.0015402148089755316	0.0014587013543172207	1.0558808384026388	0.18140551629109497	0.7098016613520532	False	-0.1061904621866186	1.7070203322204904
ReplogleWeissman2022_K562_gwps	LMO2	ensemble	271	74615	9788095.0	0.4840639514081263	0.5159360485918737	0.0038919160707428665	0.003618833960953983	1.0754613537773074	0.18217147367087122	0.7098016613520532	False	-0.07509378163558393	1.7028068724355812
ReplogleWeissman2022_K562_gwps	NFKB2	ensemble	253	74615	9131845.0	0.48373985139526515	0.5162601486047349	0.0034965474290213003	0.003379280867660416	1.0347016320789197	0.1855512292468694	0.7098016613520532	False	-0.0435697101741649	1.684424266615398
ReplogleWeissman2022_K562_gwps	TCEA1	ensemble	115	74615	4084283.5	0.4759834978979049	0.524016502102095	0.001707828538251967	0.001538873277131005	1.1097915362049522	0.18632391442290658	0.7098016613520532	False	-0.09129498859802002	1.680268644487053
ReplogleWeissman2022_K562_gwps	ZNF644	ensemble	158	74615	5653454.0	0.47954639724425047	0.5204536027557496	0.002265874450282278	0.002113062201596833	1.0723179131073213	0.1867270369756152	0.7098016613520532	False	-0.05275674786483877	1.678107423838192
ReplogleWeissman2022_K562_gwps	NFIL3	ensemble	157	74615	5617671.5	0.47954629945396987	0.5204537005460302	0.0022531861913122593	0.002099716471406409	1.073090687240766	0.18678991088211927	0.7098016613520532	False	-0.09367720483237453	1.6777707649130293
ReplogleWeissman2022_K562_gwps	NFIC	ensemble	298	74615	10793394.0	0.4854177169874708	0.5145822830125293	0.004435334906751569	0.0039779477527264965	1.1149806841257726	0.19207579227448418	0.7137208344532978	False	-0.093433399924349	1.6498652334185975
ReplogleWeissman2022_K562_gwps	ENO1	ensemble	123	74615	4381445.0	0.4774040617173578	0.5225959382826423	0.0018851300108253441	0.001645749150365276	1.1454540386102812	0.19286548942227266	0.7137208344532978	False	-0.08787831037162225	1.6457622790556037
ReplogleWeissman2022_K562_gwps	APC	ensemble	357	74615	12967669.5	0.4868190605331458	0.5131809394668543	0.00501683693653739	0.004761777730352665	1.0535638622019083	0.19471279757190707	0.7137208344532978	False	-0.07225639713315402	1.6362296390675926
ReplogleWeissman2022_K562_gwps	FOXJ2	ensemble	210	74615	7565815.0	0.48284782518515684	0.5171521748148432	0.003040732190507834	0.00280654861343134	1.0834418388321365	0.1949452629457718	0.7137208344532978	False	-0.015282385013559142	1.6350364626650031
ReplogleWeissman2022_K562_gwps	SATB2	ensemble	354	74615	12858403.5	0.48680793042703957	0.5131920695729604	0.005397549076622059	0.004721951740052555	1.143075866455591	0.19550531012216732	0.7137208344532978	False	-0.0568575731726524	1.6321677381753739
ReplogleWeissman2022_K562_gwps	NFATC3	ensemble	216	74615	7787316.5	0.4831788675695732	0.5168211324304268	0.0029506143267529956	0.0028865042562574335	1.0222102809502474	0.19623381370559112	0.7137208344532978	False	-0.1350592563542404	1.6284484036544047
ReplogleWeissman2022_K562_gwps	TBX21	ensemble	82	74615	2894001.0	0.47299732120821847	0.5270026787917816	0.0011751735902855915	0.0010977683173353683	1.070511483823937	0.19861807519583585	0.7137208344532978	False	-0.1771017029382432	1.616371518441829
ReplogleWeissman2022_K562_gwps	RUNX3	ensemble	253	74615	9150155.0	0.4847097842707188	0.5152902157292811	0.0038160436168665425	0.003379280867660416	1.1292472470654715	0.20015780076670003	0.7137208344532978	False	-0.16377391386961063	1.6086492197004962
ReplogleWeissman2022_K562_gwps	GLI1	ensemble	183	74615	6582465.0	0.4820713542633607	0.5179286457366394	0.0024560765163045063	0.002446589481002166	1.003877657194232	0.20069888915440204	0.7137208344532978	False	-0.018031202346405376	1.6059495580511558
ReplogleWeissman2022_K562_gwps	ZBTB17	ensemble	315	74615	11430607.0	0.4863317197593148	0.5136682802406851	0.00594216384811284	0.004203923662084612	1.4134804353622068	0.2008541959054735	0.7137208344532978	False	-0.11024477691386232	1.605176027653339
ReplogleWeissman2022_K562_gwps	POLR2H	ensemble	43	74615	1486767.0	0.4633917676631515	0.5366082323368486	0.0008245824275735995	0.0005759597096091511	1.4316668576230183	0.20289152742784505	0.7137208344532978	False	-0.2664333826680033	1.595083790401014
ReplogleWeissman2022_K562_gwps	EP300	ensemble	95	74615	3370373.0	0.4754755816701171	0.5245244183298828	0.0014791763071005074	0.0012715834560299826	1.1632553884576726	0.20397541091404514	0.7137208344532978	False	-0.11057155499093009	1.5897558271378884
ReplogleWeissman2022_K562_gwps	HDAC3	ensemble	140	74615	5012031.0	0.47979925522443784	0.5202007447755622	0.002028326690611995	0.0018727844291351748	1.083054012547855	0.2040613852246565	0.7137208344532978	False	-0.1119988485590186	1.5893344224376398
ReplogleWeissman2022_K562_gwps	CEBPG	ensemble	57	74615	1992067.0	0.4683849609280858	0.5316150390719142	0.0008918148691309856	0.000763338332976216	1.1683087703113852	0.20425563354420034	0.7137208344532978	False	-0.1621960491810745	1.5883829640106384
ReplogleWeissman2022_K562_gwps	RARB	ensemble	118	74615	4212293.0	0.4784212062599309	0.5215787937400691	0.0017212162917203564	0.0015789544110366236	1.090098789229978	0.20858054748316351	0.7187302832470975	False	0.027310843722242593	1.567429993481107
ReplogleWeissman2022_K562_gwps	HNF1A	ensemble	78	74615	2755914.0	0.47352718312980996	0.52647281687019	0.0013004568504962938	0.0010442745638814881	1.2453208145399959	0.2091191437502819	0.7187302832470975	False	-0.1620647461936778	1.5648511236522804
ReplogleWeissman2022_K562_gwps	JUND	ensemble	135	74615	4833843.0	0.4798799764718146	0.5201200235281854	0.0018816865428866354	0.001806020066889632	1.0418968080057482	0.20923562522160571	0.7187302832470975	False	-0.14911653558552806	1.564294268643217
ReplogleWeissman2022_K562_gwps	MAFK	ensemble	293	74615	10642914.0	0.48681818088256923	0.5131818191174309	0.003965712486112729	0.003911464730068885	1.0138689109547177	0.21766874553365456	0.7378857881542935	False	-0.07524632813131245	1.5247808877288203
ReplogleWeissman2022_K562_gwps	SOX11	ensemble	255	74615	9246442.0	0.48596873098901155	0.5140312690109884	0.0039920916970794616	0.003405903566181381	1.1721094327856443	0.21921445046263038	0.7378857881542935	False	-0.10163045369881338	1.5177048024377577
ReplogleWeissman2022_K562_gwps	ZHX2	ensemble	237	74615	8585247.0	0.48548778243082424	0.5145122175691759	0.003402096911116306	0.003166248062844012	1.0744884303412563	0.21984902956204483	0.7378857881542935	False	-0.0698118215587767	1.514814197456282
ReplogleWeissman2022_K562_gwps	TBX5	ensemble	156	74615	5613289.0	0.48224380881688395	0.517756191183116	0.0022436534224417807	0.002086370384239879	1.0753859618550923	0.2207062582679763	0.7378857881542935	False	-0.04559271064269121	1.5109226096739237
ReplogleWeissman2022_K562_gwps	RBBP4	ensemble	141	74615	5064627.0	0.4813957036190031	0.5186042963809969	0.002047016861366313	0.0018861362298678366	1.0852964006262418	0.22226984665876387	0.7378857881542935	False	-0.02840300594152964	1.5038631097729367
ReplogleWeissman2022_K562_gwps	ZC3H8	ensemble	16	74615	532060.0	0.4456711117067614	0.5543288882932387	0.0002757795698961591	0.00021438812289799146	1.2863565675575155	0.22560259694256923	0.7378857881542935	False	-0.13389409341364145	1.4889802481542338
ReplogleWeissman2022_K562_gwps	NFKBIA	ensemble	253	74615	9182343.5	0.48641490083879857	0.5135850991612014	0.0036772991441963443	0.003379280867660416	1.0881898510975965	0.22606419554240859	0.7378857881542935	False	-0.11308949657759436	1.4869362689721148
ReplogleWeissman2022_K562_gwps	NR5A2	ensemble	267	74615	9696929.0	0.4867397459267184	0.5132602540732816	0.0036602553223553944	0.00356560989289816	1.0265439664742195	0.22685743803464553	0.7378857881542935	False	-0.004129776048426412	1.4834334850709396
ReplogleWeissman2022_K562_gwps	NFKBIB	ensemble	243	74615	8816353.0	0.48624657328745724	0.5137534267125428	0.0037098595713651785	0.0032461460364957653	1.1428504847459033	0.2291878016046781	0.7378857881542935	False	-0.13673696768703972	1.4732135171779512
ReplogleWeissman2022_K562_gwps	GTF2H1	ensemble	201	74615	7273269.0	0.48496170891171697	0.515038291088283	0.003543015123273237	0.0026865911035072712	1.3187772112577638	0.2303783492040961	0.7378857881542935	False	-0.04354230922429476	1.4680323250442349
ReplogleWeissman2022_K562_gwps	POU5F1	ensemble	433	74615	15823518.0	0.48976642066689063	0.5102335793331093	0.0061497476718801024	0.0057696407632448566	1.0658805156564848	0.23100751129376224	0.7378857881542935	False	-0.030943628182118193	1.4653050525657778
ReplogleWeissman2022_K562_gwps	ZNF362	ensemble	44	74615	1537554.0	0.4683295462160302	0.5316704537839698	0.0007537693029006504	0.0005893462275144322	1.2789923269377195	0.2334571699331996	0.7378857881542935	False	-0.19724987367554195	1.4547566451081466
ReplogleWeissman2022_K562_gwps	REL	ensemble	168	74615	6064977.0	0.48383104699361484	0.5161689530063851	0.0025640593431125883	0.002246499872965781	1.1413574396189803	0.23417643896390689	0.7378857881542935	False	-0.15248799066347665	1.4516804350829038
ReplogleWeissman2022_K562_gwps	SPIB	ensemble	372	74615	13576449.5	0.4891219190410415	0.5108780809589585	0.00513265674173815	0.004960859882379613	1.0346304599266631	0.23422966222417863	0.7378857881542935	False	-0.07106619316266954	1.4514531824473562
ReplogleWeissman2022_K562_gwps	SOX9	ensemble	149	74615	5368145.0	0.482849544889718	0.517150455110282	0.002125978138346729	0.0019929377775399926	1.0667559029218447	0.23438771622900967	0.7378857881542935	False	-0.05739687568810088	1.4507786278188193
ReplogleWeissman2022_K562_gwps	RUNX1	ensemble	179	74615	6470706.0	0.48447625183577375	0.5155237481642263	0.002563262937248736	0.0023932400994732196	1.0710429504390053	0.23619255664384425	0.7378857881542935	False	-0.21540545070192257	1.4431078886542656
ReplogleWeissman2022_K562_gwps	NFATC2	ensemble	278	74615	10113765.0	0.4875755496922572	0.5124244503077429	0.003876812645455337	0.0037119623996902246	1.0444105376118222	0.2369112246709124	0.7378857881542935	False	-0.08410685608544674	1.440069787467038
ReplogleWeissman2022_K562_gwps	THRB	ensemble	303	74615	11035170.0	0.48810162796082596	0.5118983720391741	0.004121926253502781	0.004044421901278732	1.0191632708248228	0.23699428091477198	0.7378857881542935	False	-0.007694527682566635	1.4397192692994667
ReplogleWeissman2022_K562_gwps	SUPT4H1	ensemble	142	74615	5114448.0	0.48270775898438273	0.5172922410156172	0.002164988642765251	0.0018994876733951335	1.1397750420225483	0.2378710764444762	0.7378857881542935	False	-0.10813819923967992	1.4360264476921802
ReplogleWeissman2022_K562_gwps	ASF1B	ensemble	678	74615	24898677.0	0.49217600200201744	0.5078239979979826	0.00905697356402232	0.009004821165314173	1.005791608489576	0.23913675896767855	0.7380464439205511	False	-0.05031948411209407	1.430719677448319
ReplogleWeissman2022_K562_gwps	BHLHE41	ensemble	93	74615	3327390.5	0.4795067007051971	0.5204932992948029	0.0013688493039238944	0.0012448466027734648	1.0996128365327558	0.24693128337461134	0.7582536378371905	False	-0.10406975958392904	1.3986451860214266
ReplogleWeissman2022_K562_gwps	FOXL2	ensemble	372	74615	13597701.5	0.4898875698117721	0.5101124301882279	0.006103501401703233	0.004960859882379613	1.230331343036345	0.25016840115973493	0.7587491314926341	False	-0.07927912409590618	1.385620983250726
ReplogleWeissman2022_K562_gwps	SMAD2	ensemble	316	74615	11530926.0	0.4890474053728973	0.5109525946271026	0.004378270519115321	0.004217213169449226	1.038190469201994	0.2504664076726997	0.7587491314926341	False	-0.04359444761468039	1.3844304685565623
ReplogleWeissman2022_K562_gwps	GTF2H5	ensemble	97	74615	3476473.0	0.4803314056831943	0.5196685943168057	0.0013856564961744193	0.0012983188778241783	1.0672697746616826	0.25122683461217343	0.7587491314926341	False	-0.15780954751053433	1.3813990244081469
ReplogleWeissman2022_K562_gwps	ZBTB11	ensemble	304	74615	11091344.0	0.48897251505094574	0.5110274849490543	0.004218271692722006	0.004057715666252886	1.0395680820626314	0.25312534384514174	0.7587491314926341	False	-0.12341241846210117	1.373870482721696
ReplogleWeissman2022_K562_gwps	FLI1	ensemble	143	74615	5163767.0	0.48395441588499283	0.5160455841150072	0.0019376170650023312	0.0019128387597314	1.012953682135974	0.25333235804770515	0.7587491314926341	False	0.07438744576648518	1.3730529841889707
ReplogleWeissman2022_K562_gwps	NR4A1	ensemble	151	74615	5461985.0	0.4847830341448131	0.5152169658551868	0.002335517221993164	0.002019634593264318	1.1564058319174892	0.2587871850032192	0.7627855882055198	False	-0.1330473757377728	1.3517492345705049
ReplogleWeissman2022_K562_gwps	SUPT16H	ensemble	100	74615	3591488.5	0.4813359914226362	0.5186640085773638	0.001650982032224449	0.0013384193267750785	1.2335312253764972	0.2590962418464042	0.7627855882055198	False	-0.1608500882839768	1.3505556961645608
ReplogleWeissman2022_K562_gwps	HSF2	ensemble	55	74615	1949366.0	0.4750119705396794	0.5249880294603205	0.0008477521258905769	0.0007365742600776751	1.1509391134590796	0.2605306802164864	0.7627855882055198	False	-0.1118862410637315	1.345034650380051
ReplogleWeissman2022_K562_gwps	TFAP4	ensemble	46	74615	1622616.0	0.472750262943982	0.5272497370560181	0.0007163669710413894	0.0006161181875410188	1.1627103135852428	0.2610801579584394	0.7627855882055198	False	-0.1750122685283486	1.3429278001960012
ReplogleWeissman2022_K562_gwps	ATF3	ensemble	306	74615	11179072.0	0.4896189108447328	0.5103810891552673	0.004158296244950841	0.004084302131578596	1.0181167090456276	0.26507675484818505	0.7627855882055198	False	-0.09984017222669775	1.3277358539972057
ReplogleWeissman2022_K562_gwps	GATA4	ensemble	173	74615	6277952.0	0.4863464435353892	0.5136535564646109	0.002400669520191772	0.0023132053270578166	1.037810821249146	0.26717708650793515	0.7627855882055198	False	-0.022572596094892386	1.3198435950838074
ReplogleWeissman2022_K562_gwps	ONECUT1	ensemble	93	74615	3340642.0	0.481416360255044	0.5185836397449559	0.001413515514553292	0.0012448466027734648	1.1354937318413691	0.26748970835543834	0.7627855882055198	False	-0.15639623984252668	1.3186741868238112
ReplogleWeissman2022_K562_gwps	ETV3	ensemble	312	74615	11405362.5	0.48992359496698434	0.5100764050330157	0.004532869953740417	0.004164053011597955	1.0885716250766289	0.2691887699201604	0.7627855882055198	False	-0.07593935388215581	1.3123423985744391
ReplogleWeissman2022_K562_gwps	NFYC	ensemble	27	74615	938667.0	0.46593103859069146	0.5340689614093086	0.0004371330827779423	0.00036172664183703544	1.20846250239671	0.269897900388635	0.7627855882055198	False	-0.3354052735419826	1.3097115382080178
ReplogleWeissman2022_K562_gwps	IRF1	ensemble	273	74615	9967409.0	0.4893205880540867	0.5106794119459134	0.0037859473514116476	0.003645443862835167	1.0385422170421812	0.2708878644220679	0.7627855882055198	False	-0.17395433645801187	1.306050328155246
ReplogleWeissman2022_K562_gwps	ZKSCAN7	ensemble	111	74615	4002584.5	0.4832717257899862	0.5167282742100137	0.0019310917852035198	0.0014854267590932206	1.3000249075776418	0.2709058082935779	0.7627855882055198	False	-0.004888501896280567	1.305984089391598
ReplogleWeissman2022_K562_gwps	RB1	ensemble	433	74615	15879987.0	0.4915142380617733	0.5084857619382267	0.0066133538911714255	0.0057696407632448566	1.146233216685065	0.2709609531709367	0.7627855882055198	False	-0.039596124403773324	1.3057805527236535
ReplogleWeissman2022_K562_gwps	NFE2L1	ensemble	92	74615	3306700.5	0.4817047073528169	0.5182952926471831	0.00215975580955573	0.001231477639310908	1.7537921441791295	0.27175706289079643	0.7627855882055198	False	-0.2765768637667104	1.3028467629200478
ReplogleWeissman2022_K562_gwps	HOXA10	ensemble	220	74615	8013744.0	0.4881874836280787	0.5118125163719214	0.0029444936483556073	0.002939800895303	1.0015962826122358	0.27224419842203584	0.7627855882055198	False	-0.07102221655642314	1.3010558271407113
ReplogleWeissman2022_K562_gwps	AHR	ensemble	128	74615	4629537.0	0.4847317270320981	0.5152682729679019	0.001862334153934286	0.0017125349531059765	1.0874722005274247	0.2749623397355504	0.7643052367853997	False	-0.02698326694352556	1.2911211371097628
ReplogleWeissman2022_K562_gwps	MAFF	ensemble	293	74615	10710604.0	0.48991439331686504	0.510085606683135	0.003957413312477674	0.003911464730068885	1.0117471549866128	0.27530073496053054	0.7643052367853997	False	0.014093414945565298	1.2898911971657603
ReplogleWeissman2022_K562_gwps	PPARD	ensemble	90	74615	3240925.0	0.4826144579210317	0.5173855420789684	0.0012152596525964367	0.0012047386386453383	1.0087330260801868	0.28400094618440586	0.7807509210429799	False	-0.14126897584380269	1.258777709191249
ReplogleWeissman2022_K562_gwps	NFYA	ensemble	127	74615	4599879.0	0.4854187453600398	0.5145812546399602	0.001775457233442405	0.001699178507398785	1.0448915318263956	0.28476636944253236	0.7807509210429799	False	-0.04191054348967974	1.2560861912394468
ReplogleWeissman2022_K562_gwps	CTCFL	ensemble	364	74615	13347061.0	0.49142598673189036	0.5085740132681096	0.004901325634246044	0.004854692647274571	1.0096057547531156	0.28594110418071383	0.7807509210429799	False	-0.05912631058524061	1.251969418806726
ReplogleWeissman2022_K562_gwps	NKX2-5	ensemble	156	74615	5670037.0	0.4871190916791667	0.5128809083208332	0.00532810520010399	0.002086370384239879	2.5537676533139453	0.2888573109155457	0.7807509210429799	False	-0.10087196428326532	1.241822446652643
ReplogleWeissman2022_K562_gwps	RXRB	ensemble	115	74615	4162422.5	0.48508983797989097	0.5149101620201091	0.0017390475306476132	0.001538873277131005	1.1300784518721403	0.2894658272938454	0.7807509210429799	False	-0.008042532156275421	1.2397180293721748
ReplogleWeissman2022_K562_gwps	LMX1B	ensemble	39	74615	1380409.0	0.4743697991570403	0.5256302008429596	0.0005763092858075968	0.0005224100517052	1.1031741903251366	0.2896687185305775	0.7807509210429799	False	-0.20104756964779585	1.2390173588751527
ReplogleWeissman2022_K562_gwps	MEIS2	ensemble	123	74615	4457226.0	0.48566119086105425	0.5143388091389457	0.0016628517058415132	0.001645749150365276	1.0103919576518945	0.2910157378716499	0.7807509210429799	False	-0.03384741327459967	1.2343779312398637
ReplogleWeissman2022_K562_gwps	TBX3	ensemble	261	74615	9547942.5	0.4902788336448944	0.5097211663551057	0.003656142839371751	0.0034857631283722423	1.0488787403862039	0.2921099241182269	0.7807509210429799	False	-0.06797674905539894	1.2306250950946231
ReplogleWeissman2022_K562_gwps	POLR2E	ensemble	437	74615	16057351.0	0.4924547382896581	0.507545261710342	0.0058480503851270505	0.00582262964344721	1.0043658524131702	0.29294542608529794	0.7807509210429799	False	0.01476600972589552	1.2277689464079955
ReplogleWeissman2022_K562_gwps	CUX1	ensemble	272	74615	9954910.0	0.49050370332412263	0.5094962966758774	0.004368799152355037	0.0036321390895616063	1.2028171401559251	0.2940657251954645	0.7807509210429799	False	-0.15245783357684006	1.2239519815415563
ReplogleWeissman2022_K562_gwps	IRF4	ensemble	185	74615	6744882.0	0.4886259012480282	0.5113740987519719	0.00259620999476747	0.0024732620320855616	1.0497108519384148	0.2962407166507297	0.7831058944506246	False	-0.05560299142115073	1.2165829232238536
ReplogleWeissman2022_K562_gwps	NR2F1	ensemble	117	74615	4245025.0	0.486259665714199	0.513740334285801	0.0016426400319749393	0.001565594390622491	1.0492117510218049	0.3034717126933496	0.79874805765176	False	-0.10885805371712214	1.1924668764726083
ReplogleWeissman2022_K562_gwps	NEUROD2	ensemble	79	74615	2849913.5	0.4834799226747939	0.5165200773252061	0.001270436935499144	0.001057648539373979	1.2011900817743428	0.30558368075969466	0.7991546195137081	False	0.019287598700354645	1.1855316237710867
ReplogleWeissman2022_K562_gwps	AGO1	ensemble	164	74615	5978564.0	0.48857010703726284	0.5114298929627371	0.0023876838928565233	0.0021931290870431538	1.0887110599019387	0.3062549775439046	0.7991546195137081	False	-0.08243076459191587	1.1833372640506956
ReplogleWeissman2022_K562_gwps	DBP	ensemble	77	74615	2777855.0	0.48349579790978975	0.5165042020902103	0.0014218748525035344	0.0010309002302790124	1.3792555387427792	0.30803790703601164	0.8003719977687823	False	-0.013332827159003892	1.1775324287893978
ReplogleWeissman2022_K562_gwps	MTA1	ensemble	143	74615	5207202.0	0.488025196006165	0.511974803993835	0.0019677404831016246	0.0019128387597314	1.0287016995504283	0.3100982360809816	0.802296712924412	False	-0.07183310024753897	1.1708661411183499
ReplogleWeissman2022_K562_gwps	ESR2	ensemble	300	74615	11008542.0	0.4917930710983046	0.5082069289016954	0.0043432753254190794	0.004004538476940532	1.0845882366792345	0.31156323329598196	0.8026713806947332	False	-0.06656201957641811	1.1661529652207832
ReplogleWeissman2022_K562_gwps	FOXK2	ensemble	155	74615	5653001.0	0.4887887716082341	0.5112112283917659	0.002183846591071288	0.002073023940082921	1.053459416867098	0.31454496852374675	0.8036248959563616	False	-0.05754212042437358	1.1566282288856498
ReplogleWeissman2022_K562_gwps	MLXIPL	ensemble	288	74615	10568277.5	0.4917966626832555	0.5082033373167444	0.00436167003258044	0.003844972831528777	1.1343825362860163	0.31514331600111734	0.8036248959563616	False	-0.08505761452928667	1.1547277721925053
ReplogleWeissman2022_K562_gwps	HOXA7	ensemble	153	74615	5580943.0	0.48886620162148264	0.5111337983785174	0.0021371567558702183	0.0020463299807404237	1.0443852047248658	0.31683278084918187	0.8036248959563616	False	0.007511290118425699	1.149381149492304
ReplogleWeissman2022_K562_gwps	EBF1	ensemble	113	74615	4107182.0	0.4871238137483329	0.5128761862516672	0.001622029764013557	0.0015121507333261963	1.0726640726124343	0.31782572888004146	0.8036248959563616	False	-0.04401404485527057	1.1462520688109217
ReplogleWeissman2022_K562_gwps	CTNNB1	ensemble	39	74615	1391514.0	0.47818597003077334	0.5218140299692267	0.0005691784820148213	0.0005224100517052	1.0895243691367813	0.3185421051405973	0.8036248959563616	False	-0.12815603799340336	1.1440006144637032
ReplogleWeissman2022_K562_gwps	ADNP	ensemble	153	74615	5584291.0	0.48915947178084973	0.5108405282191503	0.0021377548395091817	0.0020463299807404237	1.0446774760811928	0.3212847170349422	0.8071946609803508	False	0.007597860525091621	1.1354275800204372
ReplogleWeissman2022_K562_gwps	KMT2A	ensemble	203	74615	7437010.0	0.49099399908033653	0.5090060009196635	0.0028235653266799397	0.002713250821994707	1.040657687741575	0.3285607626041585	0.8220779574622568	False	0.01580670318332816	1.1130334882866173
ReplogleWeissman2022_K562_gwps	MBD1	ensemble	269	74615	9882683.0	0.4923755077800865	0.5076244922199136	0.0036943904738704772	0.0035922226376796113	1.028441398681475	0.33272310207406675	0.8261300838211353	False	-0.03914035996224235	1.100444660213729
ReplogleWeissman2022_K562_gwps	EPAS1	ensemble	228	74615	8365415.0	0.4917297683665036	0.5082702316334964	0.0030072467322066415	0.0030463770826931044	0.9871551192041301	0.33289781338187197	0.8261300838211353	False	0.07464741827465302	1.0999197028160252
ReplogleWeissman2022_K562_gwps	RXRA	ensemble	92	74615	3343973.0	0.4871343913247424	0.5128656086752577	0.0013726887148720925	0.001231477639310908	1.1146679980646674	0.3346130021089331	0.8270109970822411	False	-0.15444770839478086	1.0947806325205154
ReplogleWeissman2022_K562_gwps	SIX5	ensemble	293	74615	10776833.5	0.4929438009312423	0.5070561990687578	0.00405705863414208	0.003911464730068885	1.0372223486904946	0.338126521374015	0.8298153566368749	False	-0.07395537241407976	1.0843351299489554
ReplogleWeissman2022_K562_gwps	MEF2C	ensemble	201	74615	7372555.0	0.49158182817734686	0.5084181718226531	0.0028144565986400654	0.0026865911035072712	1.0475939546460453	0.3398494274020777	0.8298153566368749	False	-0.10864671472695163	1.0792526200457637
ReplogleWeissman2022_K562_gwps	TCF3	ensemble	92	74615	3347365.0	0.4876285220654432	0.5123714779345568	0.0017005306292362217	0.001231477639310908	1.380886323025548	0.3406086787786642	0.8298153566368749	False	-0.2554334632786225	1.0770210302247918
ReplogleWeissman2022_K562_gwps	JDP2	ensemble	249	74615	9150772.5	0.49252952303753644	0.5074704769624636	0.0034521725505847357	0.0033260312032485574	1.0379254852488982	0.34175730413988337	0.8298153566368749	False	0.011758017103487485	1.0736544308489495
ReplogleWeissman2022_K562_gwps	MXI1	ensemble	352	74615	12968005.0	0.493746877912679	0.506253122087321	0.0046597903717046155	0.004695399309029306	0.9924162068056248	0.3425749790596099	0.8298153566368749	False	0.05880197246248814	1.0712647282763141
ReplogleWeissman2022_K562_gwps	ELF1	ensemble	48	74615	1730989.0	0.48331127565949655	0.5166887243405035	0.0008896022575427654	0.0006428887132850274	1.3837577782274062	0.3444329560717382	0.8298153566368749	False	-0.2724423776290445	1.0658558197414687
ReplogleWeissman2022_K562_gwps	HES1	ensemble	239	74615	8786302.0	0.49269945553142114	0.5073005444685789	0.0034243580570668198	0.003192882143906805	1.0724974811869445	0.3481416564223962	0.8298153566368749	False	-0.0069641773076281124	1.055145823348527
ReplogleWeissman2022_K562_gwps	NONO	ensemble	205	74615	7528312.5	0.4921728286504871	0.5078271713495129	0.0027611828354698158	0.002739909115209837	1.0077643890236665	0.3491269001844348	0.8298153566368749	False	-0.053869055683221076	1.0523198120264596
ReplogleWeissman2022_K562_gwps	NPAS2	ensemble	183	74615	6714367.0	0.49173128800703353	0.5082687119929664	0.0024526007528311916	0.002446589481002166	1.0024570006025544	0.34929114118871246	0.8298153566368749	False	-0.02507011955901231	1.0518494891035801
ReplogleWeissman2022_K562_gwps	HLF	ensemble	519	74615	19172053.0	0.49507970071672996	0.5049202992832701	0.006999366046499776	0.006907658317140043	1.01327623995706	0.3493959396365789	0.8298153566368749	False	-0.0289988005608927	1.0515495023096966
ReplogleWeissman2022_K562_gwps	PDX1	ensemble	291	74615	10718279.0	0.4936349779958656	0.5063650220041345	0.004004146402813478	0.0038848690358582755	1.0307030599627023	0.3536837337713482	0.8367303896224891	False	-0.05581944107956306	1.039352172600205
ReplogleWeissman2022_K562_gwps	CEBPB	ensemble	167	74615	6130216.0	0.49196381745655643	0.5080361825434435	0.002244693425735406	0.0022331577117488165	1.0051656512775158	0.3596695880221695	0.843819083453071	False	0.08639632622842296	1.0225694800279639
ReplogleWeissman2022_K562_gwps	CTCF	ensemble	109	74615	3987395.0	0.4902714669247089	0.509728533075291	0.0018986594629529386	0.0014587013543172207	1.3016094468779393	0.3625752866378896	0.843819083453071	False	-0.3517978180115132	1.0145231389744875
ReplogleWeissman2022_K562_gwps	KLF5	ensemble	167	74615	6133051.0	0.4921913326733921	0.507808667326608	0.0022655460401443846	0.0022331577117488165	1.0145033770902836	0.3634813701495228	0.843819083453071	False	0.021499967052355542	1.012027234630009
ReplogleWeissman2022_K562_gwps	CDC6	ensemble	116	74615	4246642.0	0.49063838046801167	0.5093616195319883	0.0016724401079165705	0.001552234012658736	1.0774407043509762	0.3635253323106159	0.843819083453071	False	-0.08223661328240153	1.0119062944488582
ReplogleWeissman2022_K562_gwps	NFATC4	ensemble	87	74615	3176625.5	0.4893511597079568	0.5106488402920433	0.0012765867203781939	0.0011646274530802388	1.0961331170769177	0.36547194268626654	0.843819083453071	False	-0.0616159742779054	1.0065657669350867
ReplogleWeissman2022_K562_gwps	ZBTB16	ensemble	33	74615	1189089.0	0.48291898411847484	0.5170810158815251	0.00049490004613576	0.0004420748044153896	1.119493898301279	0.36699360714176793	0.843819083453071	False	-0.06960153366020887	1.0024108503115234
ReplogleWeissman2022_K562_gwps	HDAC5	ensemble	125	74615	4582842.0	0.49135878844736314	0.5086412115526369	0.0017025971496959346	0.0016724645437516724	1.0180168877461933	0.36891878925993715	0.843819083453071	False	-0.022060254106273436	0.9971787424698981
ReplogleWeissman2022_K562_gwps	TRPS1	ensemble	245	74615	9028283.5	0.4938703576317614	0.5061296423682387	0.003376644474400514	0.003272775848250067	1.031737164708663	0.3699552229984565	0.843819083453071	False	-0.06836803142057349	0.9943732995903382
ReplogleWeissman2022_K562_gwps	KLF9	ensemble	327	74615	12074088.0	0.49485782367836856	0.5051421763216315	0.004676574884079562	0.004363374342825118	1.0717794341366684	0.3739504466365155	0.843819083453071	False	-0.04592524576213586	0.9836319859702158
ReplogleWeissman2022_K562_gwps	ZKSCAN1	ensemble	321	74615	11853377.0	0.49489255645230146	0.5051074435476985	0.004289509324997919	0.004283655385929327	1.0013665756325358	0.3758844572710957	0.843819083453071	False	-0.03498390347345558	0.9784734773086364
ReplogleWeissman2022_K562_gwps	CDK7	ensemble	29	74615	1045447.5	0.48314566498831935	0.5168543350116805	0.00045206836534391785	0.00038851079792079737	1.1635927952666	0.3766229728544813	0.843819083453071	False	-0.15662251234253552	0.9765106639438168
ReplogleWeissman2022_K562_gwps	MYBL2	ensemble	62	74615	2259902.0	0.48850810504676695	0.511491894953233	0.0008350450281784355	0.0008302422432609772	1.0057847995045326	0.3770180534868889	0.843819083453071	False	-0.16757832180927096	0.9754622054475562
ReplogleWeissman2022_K562_gwps	NCOA2	ensemble	200	74615	7367532.0	0.4937031427997052	0.5062968572002948	0.002710507514584219	0.0026732607097507185	1.0139330985180917	0.37901626810532485	0.843819083453071	False	0.005985623530406408	0.9701761510601574
ReplogleWeissman2022_K562_gwps	NR1H3	ensemble	188	74615	6924323.0	0.49362065696105256	0.5063793430389474	0.002873151150932197	0.0025132681844311057	1.1431932209743676	0.3810907680948833	0.843819083453071	False	-0.09324797290067975	0.9647176957597274
ReplogleWeissman2022_K562_gwps	PAX3	ensemble	333	74615	12304204.0	0.4952028621800115	0.5047971378199885	0.0044771359698377415	0.004443080535838181	1.0076648248270241	0.38110948059213434	0.843819083453071	False	0.03657072524524249	0.9646685944971995
ReplogleWeissman2022_K562_gwps	POLR2A	ensemble	223	74615	8222146.5	0.49414477126078293	0.5058552287392171	0.00346493507961429	0.002979769635746546	1.1628197824581805	0.3811588269520361	0.843819083453071	False	-0.060500322435962275	0.9645391220805128
ReplogleWeissman2022_K562_gwps	NANOG	ensemble	254	74615	9372366.0	0.494526284797393	0.505473715202607	0.0034693442009329483	0.0033925923947161042	1.0226233503135784	0.38144794946226235	0.843819083453071	False	-0.004101782352155543	0.9637808740999796
ReplogleWeissman2022_K562_gwps	GABPA	ensemble	193	74615	7110124.0	0.4937347815504738	0.5062652184495262	0.0027551440554325147	0.0025799379745481766	1.0679109663150028	0.3816615920223594	0.843819083453071	False	-0.00944833868577722	0.963220947761585
ReplogleWeissman2022_K562_gwps	NR0B1	ensemble	167	74615	6150788.0	0.4936147673827444	0.5063852326172557	0.0022940795498615886	0.0022331577117488165	1.0272805802260438	0.38762340771586096	0.8459701870336926	False	-0.013483335774172923	0.9477210093652246
ReplogleWeissman2022_K562_gwps	NRL	ensemble	323	74615	11939981.0	0.49542163705577175	0.5045783629442282	0.004306330842532943	0.0043102297899597	0.9990954200549031	0.38797035677474584	0.8459701870336926	False	-0.02533495255713591	0.9468263423425853
ReplogleWeissman2022_K562_gwps	GATA6	ensemble	103	74615	3780412.0	0.49189880220081206	0.5081011977991879	0.001399482974109564	0.001378516555582323	1.0152094064030912	0.387970878362237	0.8459701870336926	False	-0.047841684711307564	0.9468249979431191
ReplogleWeissman2022_K562_gwps	NR5A1	ensemble	288	74615	10641469.0	0.495202642081202	0.504797357918798	0.004015711144430141	0.003844972831528777	1.0444055967057322	0.38917115633317245	0.8459701870336926	False	-0.05674239661166683	0.9437360415574516
ReplogleWeissman2022_K562_gwps	RARG	ensemble	317	74615	11720208.5	0.49550715756234265	0.5044928424376574	0.0044313866244828064	0.004230502322105376	1.047484739891942	0.39107690383163735	0.8459701870336926	False	-0.029074949970626537	0.9388510533453285
ReplogleWeissman2022_K562_gwps	PITX1	ensemble	212	74615	7824677.0	0.4946572910753187	0.5053427089246814	0.0029788077312627916	0.0028332019190933752	1.0513926703169856	0.3939293494650571	0.8459701870336926	False	0.010904625257811414	0.9315837018417887
ReplogleWeissman2022_K562_gwps	KLF13	ensemble	223	74615	8233201.0	0.4948091383301245	0.5051908616698755	0.0032556687702105804	0.002979769635746546	1.0925907597534503	0.39430350685610044	0.8459701870336926	False	-0.032096859272747455	0.9306343442600931
ReplogleWeissman2022_K562_gwps	CXXC1	ensemble	162	74615	5973406.0	0.4941751195230165	0.5058248804769835	0.0023040225044769834	0.002166441552883908	1.0635054988720702	0.39876623667707245	0.8459701870336926	False	-0.02453925161808716	0.9193799067727096
ReplogleWeissman2022_K562_gwps	PARP1	ensemble	258	74615	9536542.0	0.4953875371610443	0.5046124628389557	0.0033926573848613822	0.00344583494717722	0.9845675828555283	0.3988982971160653	0.8459701870336926	False	0.007156182981641565	0.9190487890293358
ReplogleWeissman2022_K562_gwps	ELK3	ensemble	126	74615	4639502.0	0.4934858198009039	0.506514180199096	0.0016961080895860712	0.0016858217042854658	1.0061017041567664	0.40010206294053624	0.8459701870336926	False	-0.07282416050867183	0.9160356070699152
ReplogleWeissman2022_K562_gwps	CDK12	ensemble	54	74615	1974600.0	0.4900712546628247	0.5099287453371754	0.0007465388596046075	0.000723191685974099	1.0322835205151193	0.40026496409162626	0.8459701870336926	False	0.009922567879503796	0.9156285409419076
ReplogleWeissman2022_K562_gwps	MECOM	ensemble	119	74615	4380366.0	0.4933297369071598	0.5066702630928402	0.001699693064315258	0.0015923140739154869	1.0674358106599706	0.40057566730770316	0.8459701870336926	False	-0.06230370341383278	0.9148525982150177
ReplogleWeissman2022_K562_gwps	EHF	ensemble	68	74615	2494192.0	0.4915807025081694	0.5084192974918306	0.0010199955853807529	0.0009105151105338565	1.1202401515145701	0.4050142060581393	0.8459701870336926	False	-0.15611722565032246	0.9038331358040068
ReplogleWeissman2022_K562_gwps	E4F1	ensemble	242	74615	8948783.0	0.49558992359123943	0.5044100764087606	0.0032770346056075787	0.0032328305970049562	1.0136734688924236	0.4062251130573968	0.8459701870336926	False	-0.013786912471283974	0.9008478073810784
ReplogleWeissman2022_K562_gwps	DLX2	ensemble	310	74615	11476075.0	0.4961414832700335	0.5038585167299665	0.004150211778197275	0.004137470804137471	1.003079411230422	0.4071615707485432	0.8459701870336926	False	0.03384154999779512	0.8985451925889957
ReplogleWeissman2022_K562_gwps	HOXB2	ensemble	169	74615	6239881.0	0.494838474583731	0.505161525416269	0.0023589577703455045	0.002259841677364142	1.0438597508728888	0.4081376972443652	0.8459701870336926	False	0.03523433871535244	0.8961506682700173
ReplogleWeissman2022_K562_gwps	JARID2	ensemble	148	74615	5460696.5	0.49449303723075755	0.5055069627692426	0.0022263625716416637	0.001979588834048928	1.1246590874570654	0.40832884326988894	0.8459701870336926	False	-0.012745647528430385	0.895682440805618
ReplogleWeissman2022_K562_gwps	HESX1	ensemble	149	74615	5498121.5	0.49454056550696257	0.5054594344930373	0.0020791237442851756	0.0019929377775399926	1.0432456887096433	0.40880609154449854	0.8459701870336926	False	0.01104780307914275	0.8945143391652602
ReplogleWeissman2022_K562_gwps	KLF8	ensemble	83	74615	3051375.5	0.49271004812656777	0.5072899518734322	0.0013209635353367065	0.0011111408605317412	1.1888353513564012	0.4090711101774764	0.8459701870336926	False	-0.10323511958741394	0.8938662745372323
ReplogleWeissman2022_K562_gwps	FOXO3	ensemble	379	74615	14045552.0	0.4966763245699074	0.5033236754300926	0.0053263295019205705	0.005053737632343921	1.0539386666676287	0.41154396875777594	0.8463538722991419	False	0.047730205137138944	0.8878394146149196
ReplogleWeissman2022_K562_gwps	FOXJ1	ensemble	163	74615	6019933.0	0.49496889760073076	0.5050311023992692	0.0021925322708871743	0.002179785498408623	1.0058477187263872	0.41204070098774015	0.8463538722991419	False	0.0011503256352239505	0.8866331457067088
ReplogleWeissman2022_K562_gwps	NFE2L2	ensemble	139	74615	5134547.0	0.4950638216224581	0.5049361783775419	0.0020332892229239052	0.001859432271182813	1.093500018492472	0.4201896244530359	0.8561805032139952	False	-0.13110048943579333	0.8670491828012757
ReplogleWeissman2022_K562_gwps	AIRE	ensemble	153	74615	5655843.5	0.495427157885424	0.5045728421145759	0.002058950828006004	0.0020463299807404237	1.0061675523421758	0.4224083961298758	0.8561805032139952	False	0.04414777389843678	0.8617826695862237
ReplogleWeissman2022_K562_gwps	NR4A3	ensemble	224	74615	8293842.5	0.49622840701314364	0.5037715929868563	0.003236902811848695	0.002993091837143735	1.0814578997140378	0.4226000360213352	0.8561805032139952	False	-0.03770575494326518	0.8613290885627607
ReplogleWeissman2022_K562_gwps	NR1H4	ensemble	161	74615	5953508.0	0.4955881600081245	0.5044118399918754	0.0022743678913768727	0.0021530972504546914	1.0563238102210997	0.4232021392385434	0.8561805032139952	False	-0.042196610104687234	0.8599053435393316
ReplogleWeissman2022_K562_gwps	TNRC6C	ensemble	235	74615	8703911.0	0.4963870421354442	0.5036129578645558	0.003136696440612416	0.003139612558450234	0.9990711854461247	0.42404444041347744	0.8561805032139952	False	-0.03370248146732975	0.8579170169466669
ReplogleWeissman2022_K562_gwps	BCL6	ensemble	151	74615	5583510.0	0.4955690868755417	0.5044309131244583	0.0020480224322867897	0.002019634593264318	1.0140559282937358	0.42527386837274106	0.8561805032139952	False	0.027906726685721764	0.8550219214206262
ReplogleWeissman2022_K562_gwps	SNAI1	ensemble	176	74615	6516400.0	0.49621389800978355	0.5037861019902165	0.002464866280151045	0.002353224318434036	1.0474421247657775	0.4310159416149869	0.8641072319911457	False	-0.0479777130402176	0.84161020205664
ReplogleWeissman2022_K562_gwps	HOXA9	ensemble	143	74615	5290846.0	0.4958644116722251	0.5041355883277748	0.002041292711063138	0.0019128387597314	1.0671535698857209	0.43205361599557285	0.8641072319911457	False	0.003431823444587324	0.8392055873383092
ReplogleWeissman2022_K562_gwps	NR1H2	ensemble	221	74615	8191564.0	0.4967620512294939	0.5032379487705061	0.0030956458450957674	0.0029531241648404513	1.0482613233646463	0.4338827499208332	0.864570839143394	False	-0.04917992941099722	0.8349809428546515
ReplogleWeissman2022_K562_gwps	STAT1	ensemble	126	74615	4661221.0	0.49579598552995324	0.5042040144700468	0.00166113408127451	0.0016858217042854658	0.9853557330836361	0.435129402595195	0.864570839143394	False	0.2204555263644966	0.832111814900698
ReplogleWeissman2022_K562_gwps	FOXA1	ensemble	238	74615	8826608.0	0.49703931160348613	0.5029606883965139	0.0034107650132613777	0.003179565281284651	1.0727142585615712	0.43724041694199944	0.8659354185691714	False	-0.1383350931424778	0.8272720819799754
ReplogleWeissman2022_K562_gwps	AKT1	ensemble	228	74615	8461403.0	0.4973720654917465	0.5026279345082535	0.0031112691611185268	0.0030463770826931044	1.0213013939719031	0.445415843678867	0.874096614996425	False	0.07590136027186614	0.8087469529934463
ReplogleWeissman2022_K562_gwps	SOX4	ensemble	342	74615	12707136.0	0.49796111265901805	0.502038887340982	0.004485121387105245	0.004562615899782542	0.9830153327872745	0.44815828713164796	0.874096614996425	False	0.07044257774587867	0.8026087894794991
ReplogleWeissman2022_K562_gwps	HMGA1	ensemble	226	74615	8389648.0	0.49751841162213817	0.5024815883778618	0.0030777939371140484	0.0030197351718977564	1.0192264426882853	0.44866471228695964	0.874096614996425	False	-0.030066350317764213	0.801479413427662
ReplogleWeissman2022_K562_gwps	CCNH	ensemble	87	74615	3219901.0	0.496017641517645	0.5039823584823551	0.00134628634852874	0.0011646274530802388	1.155980262158551	0.4488361861960264	0.874096614996425	False	-0.026365287207358822	0.8010972992449509
ReplogleWeissman2022_K562_gwps	MYF5	ensemble	60	74615	2217522.0	0.49532533672853984	0.5046746632714602	0.000857508218263051	0.0008034817542684968	1.0672404366465555	0.45011129399748134	0.874096614996425	False	0.15349057534513155	0.7982604068019168
ReplogleWeissman2022_K562_gwps	CDX2	ensemble	316	74615	11741263.0	0.49796817757314554	0.5020318224268545	0.004454100099743162	0.004217213169449226	1.0561714385248573	0.45032044082261263	0.874096614996425	False	-0.02409165922484087	0.7977958589171528
ReplogleWeissman2022_K562_gwps	ID3	ensemble	199	74615	7387053.5	0.49749878522142305	0.5025012147785769	0.002913321765580264	0.0026599299596332237	1.0952625857795069	0.4514248965606537	0.874096614996425	False	-0.054713658696098275	0.7953462620198243
ReplogleWeissman2022_K562_gwps	ELK1	ensemble	143	74615	5306353.0	0.49731774624892633	0.5026822537510737	0.002056697034885481	0.0019128387597314	1.0752066918459355	0.4558072342806564	0.8797803125163146	False	-0.0274406119754224	0.7856852906847104
ReplogleWeissman2022_K562_gwps	ZGLP1	ensemble	191	74615	7096135.0	0.4979231959661691	0.5020768040338309	0.0027826900507002747	0.0025532711279843863	1.089852942055941	0.4604511109400594	0.8821639084551679	False	-0.014714020300044761	0.7755485940908622
ReplogleWeissman2022_K562_gwps	FOXO4	ensemble	293	74615	10895506.0	0.49837200701942325	0.5016279929805768	0.00434296556806197	0.003911464730068885	1.110316944615652	0.4616243649892043	0.8821639084551679	False	-0.027269379235409594	0.7730037814091552
ReplogleWeissman2022_K562_gwps	MSX1	ensemble	133	74615	4939200.0	0.49771282054899363	0.5022871794510063	0.0017758405638234284	0.0017793118210520683	0.9980491012381475	0.4636250562022213	0.8821639084551679	False	0.0494378142527529	0.7686791219489411
ReplogleWeissman2022_K562_gwps	TAF9	ensemble	152	74615	5646475.0	0.4978605085050628	0.5021394914949372	0.0020125211473212582	0.0020329824655262348	0.989935319880056	0.4636355898190209	0.8821639084551679	False	0.04258325332733477	0.7686564020872813
ReplogleWeissman2022_K562_gwps	NFE2	ensemble	144	74615	5349094.0	0.49784207077814263	0.5021579292218574	0.001974456072043348	0.0019261894888909696	1.0250580659020045	0.46429679392377254	0.8821639084551679	False	-0.06258802845510075	0.7672312891625862
ReplogleWeissman2022_K562_gwps	ZNF24	ensemble	174	74615	6467400.5	0.4981433812343979	0.5018566187656022	0.0035020786257878578	0.0023265453475778525	1.5052698755405063	0.4662344694945296	0.8830858487622243	False	-0.1434886206886445	0.7630666179739927
ReplogleWeissman2022_K562_gwps	OTX2	ensemble	105	74615	3899670.5	0.49775137770715067	0.5022486222928493	0.001440292087086428	0.0014052462526766595	1.0249392833056943	0.4682143513957738	0.8840817566727655	False	-0.08156384579888243	0.7588290721187765
ReplogleWeissman2022_K562_gwps	CDX1	ensemble	171	74615	6362169.0	0.4986352163327302	0.5013647836672698	0.002396280873822403	0.0022865242157623085	1.0480015288285511	0.47538060376386576	0.894834077673159	False	-0.06372297878833966	0.743639524711968
ReplogleWeissman2022_K562_gwps	TBX15	ensemble	295	74615	10985304.5	0.4990728451247477	0.5009271548752523	0.0039054557866541146	0.003938059004138299	0.9917209931466432	0.47804798562413187	0.8970777014181239	False	-0.03534926524351728	0.7380441631942488
ReplogleWeissman2022_K562_gwps	MEF2A	ensemble	83	74615	3089204.0	0.49881827114125604	0.5011817288587439	0.0011510312800358398	0.0011111408605317412	1.035900416338761	0.48513437948910126	0.9066362456288959	False	-0.09253733990946048	0.7233293553102167
ReplogleWeissman2022_K562_gwps	NFIB	ensemble	158	74615	5885155.5	0.49920015573615445	0.5007998442638455	0.0022694512799236836	0.002113062201596833	1.0740106364160353	0.4861240395970725	0.9066362456288959	False	0.07861135489834667	0.721291462137753
ReplogleWeissman2022_K562_gwps	TP53BP2	ensemble	235	74615	8758477.0	0.49949895990909365	0.5005010400909063	0.0030825898032116527	0.003139612558450234	0.9818376458314562	0.4893892676011733	0.9073847024967956	False	0.0055743911781174355	0.7145970579214767
ReplogleWeissman2022_K562_gwps	SALL4	ensemble	67	74615	2495559.5	0.4991912714121545	0.5008087285878454	0.000939361610247154	0.0008971371950403042	1.0470657280071336	0.4908531263677749	0.9073847024967956	False	-0.04770391339646459	0.7116103275702674
ReplogleWeissman2022_K562_gwps	DDIT3	ensemble	262	74615	9767487.0	0.4996379378519658	0.5003620621480342	0.0033480852033979935	0.003499071811103543	0.9568495258581358	0.4919163033178539	0.9073847024967956	False	0.07458106473849233	0.7094466921686761
ReplogleWeissman2022_K562_gwps	ZBED1	ensemble	283	74615	10551192.0	0.4996765255993724	0.5003234744006275	0.0038385539186953765	0.00377847205532858	1.015901100362001	0.4924949865525371	0.9073847024967956	False	0.01511386321999837	0.708270998010563
ReplogleWeissman2022_K562_gwps	RELA	ensemble	184	74615	6862093.0	0.4998188527193215	0.5001811472806785	0.002602670322933903	0.002459925934838701	1.0580279211148533	0.49660912999215323	0.912200456299786	False	-0.060808186750395274	0.6999520210747506
ReplogleWeissman2022_K562_gwps	NR4A2	ensemble	217	74615	8094710.0	0.4999371582109205	0.5000628417890794	0.002964001108935959	0.0028998289501817403	1.0221296358704872	0.4987231449606911	0.9133243136629524	False	0.02897048703619999	0.6957041569180848
ReplogleWeissman2022_K562_gwps	POLR2D	ensemble	332	74615	12387107.0	0.5000410541179662	0.4999589458820338	0.0044196065519846225	0.004429797056586655	0.9976995549746731	0.5010319912950317	0.9140179645874236	False	0.02046002338962072	0.6910853250556055
ReplogleWeissman2022_K562_gwps	SRY	ensemble	63	74615	2351276.0	0.5001922035762416	0.4998077964237584	0.0008911022615520202	0.0008436219502396958	1.056281502987012	0.5021085529148017	0.9140179645874236	False	-0.04632978079896788	0.6889389418009552
ReplogleWeissman2022_K562_gwps	IRF2	ensemble	57	74615	2132832.0	0.5014823462193647	0.4985176537806353	0.0007652672024742521	0.000763338332976216	1.002526886722059	0.5154576962421542	0.9174275484590949	False	0.10907844652583344	0.6627000424382921
ReplogleWeissman2022_K562_gwps	KMT2B	ensemble	262	74615	9789935.0	0.5007862242462964	0.4992137757537036	0.0034305730416390396	0.003499071811103543	0.9804237314458258	0.517551235033016	0.9174275484590949	False	0.043171680684469305	0.6586467538485571
ReplogleWeissman2022_K562_gwps	USF2	ensemble	405	74615	15129102.0	0.500647422199389	0.49935257780061104	0.005395763630616298	0.005398560383897627	0.9994819446144066	0.5179515475501245	0.9174275484590949	False	-0.01337197559261908	0.6578735786455854
ReplogleWeissman2022_K562_gwps	HSF4	ensemble	137	74615	5122950.0	0.5011565452045561	0.49884345479544384	0.0018232059604119434	0.0018327268835616438	0.9948050507497342	0.5186845156406967	0.9174275484590949	False	0.0683550014682496	0.6564594503150261
ReplogleWeissman2022_K562_gwps	OVOL1	ensemble	212	74615	7924494.0	0.5009674821315457	0.49903251786845426	0.0028984595322091716	0.0028332019190933752	1.023033167059508	0.5194342116076187	0.9174275484590949	False	0.018165151334446163	0.6550151143685241
ReplogleWeissman2022_K562_gwps	SMAD5	ensemble	127	74615	4751349.0	0.5014031608978583	0.4985968391021417	0.0017064877754277554	0.001699178507398785	1.004301648118278	0.5218241518687301	0.9174275484590949	False	0.025294966375346548	0.6504246216689216
ReplogleWeissman2022_K562_gwps	HBP1	ensemble	179	74615	6694011.0	0.5011955973625505	0.4988044026374495	0.0027289439178244373	0.0023932400994732196	1.1402716837416815	0.5220689086958757	0.9174275484590949	False	-0.10089435528007944	0.6499556908159886
ReplogleWeissman2022_K562_gwps	DEAF1	ensemble	100	74615	3742728.0	0.5016053072438518	0.4983946927561482	0.0013287361783102204	0.0013384193267750785	0.9927652356244813	0.522159489015457	0.9174275484590949	False	-0.02767030769829382	0.6497822032532926
ReplogleWeissman2022_K562_gwps	CEBPZ	ensemble	85	74615	3182951.0	0.5018626596923028	0.49813734030769713	0.0016933234466056375	0.0011378848728246318	1.4881324877816604	0.523706616505974	0.9174275484590949	False	-0.019278821217612332	0.6468236436234137
ReplogleWeissman2022_K562_gwps	ATF1	ensemble	347	74615	12970531.0	0.5009589475735288	0.49904105242647123	0.004796751701239207	0.004629012032763267	1.0362366023870127	0.524614034939741	0.9174275484590949	False	-0.02649849912465807	0.6450924583049837
ReplogleWeissman2022_K562_gwps	ZNF639	ensemble	263	74615	9834878.0	0.5011723297464373	0.49882767025356267	0.0036454175288988437	0.003512380138358396	1.037876706193489	0.5262094596483347	0.9174275484590949	False	-0.02489719138572332	0.6420559332506952
ReplogleWeissman2022_K562_gwps	NR2E1	ensemble	34	74615	1277160.0	0.5034313397006595	0.4965686602993405	0.000606416095579771	0.0004554649091079586	1.3314222093804213	0.5276282855672839	0.9174275484590949	False	0.07679895808048623	0.6393632478109044
ReplogleWeissman2022_K562_gwps	CDK9	ensemble	299	74615	11181316.5	0.5011821665598007	0.4988178334401993	0.00397759974529981	0.0039912432923085136	0.9965816298307356	0.52817046576522	0.9174275484590949	False	-0.008809287193246	0.6383361955532443
ReplogleWeissman2022_K562_gwps	ETS1	ensemble	350	74615	13087108.0	0.5011289572184835	0.4988710427815165	0.004716951041147925	0.004668845461215234	1.010303527999012	0.5290947702447737	0.9174275484590949	False	0.44761156194626744	0.6365877133681624
ReplogleWeissman2022_K562_gwps	ZNF699	ensemble	283	74615	10584651.5	0.5012610789567838	0.49873892104321627	0.003987994042647107	0.00377847205532858	1.0554515116826255	0.5292368171455387	0.9174275484590949	False	-0.020006927040651747	0.6363192778356499
ReplogleWeissman2022_K562_gwps	ELOB	ensemble	396	74615	14807479.0	0.5011408394742844	0.4988591605257155	0.005457886298010411	0.005279225713562011	1.0338421946971186	0.5312610936771716	0.9174275484590949	False	0.03897442449769639	0.6325016767456886
ReplogleWeissman2022_K562_gwps	FANCI	ensemble	20	74615	754075.5	0.5053109294377806	0.49468907056221934	0.0002831358217815304	0.00026797079118376095	1.0565921029332261	0.5327876755654334	0.9174275484590949	False	-0.0606104220346248	0.6296322914697524
ReplogleWeissman2022_K562_gwps	KLF11	ensemble	335	74615	12531443.5	0.5013374526549721	0.49866254734502785	0.004480678274748944	0.004469646430953969	1.0024681692311443	0.5337144080373412	0.9174275484590949	False	-0.01455589097022183	0.627894399496723
ReplogleWeissman2022_K562_gwps	USF1	ensemble	160	74615	5993404.0	0.5020274073577699	0.49797259264223015	0.0020377511834934053	0.002139752591106653	0.9523302796607462	0.5353567953933764	0.9174275484590949	False	0.10433712432260073	0.6248218470926267
ReplogleWeissman2022_K562_gwps	TBX2	ensemble	204	74615	7639614.5	0.5018976169171683	0.4981023830828318	0.0029183255941151124	0.0027265801467541667	1.070324522676954	0.5373508158426828	0.9174275484590949	False	0.012519378117010278	0.6211041094255721
ReplogleWeissman2022_K562_gwps	TTF1	ensemble	30	74615	1130353.0	0.504971297102906	0.495028702897094	0.0006175327433691953	0.0004019023377319311	1.5365243876264527	0.5375679032732288	0.9174275484590949	False	-0.0929932568202633	0.6207001952883694
ReplogleWeissman2022_K562_gwps	MTA3	ensemble	103	74615	3863408.5	0.5026981222053142	0.4973018777946859	0.001389146690060616	0.001378516555582323	1.0077112853198942	0.5377606841591147	0.9174275484590949	False	0.01560774561228915	0.6203416427673925
ReplogleWeissman2022_K562_gwps	HIF1A	ensemble	162	74615	6070471.0	0.502205229643859	0.497794770356141	0.0021383009601597886	0.002166441552883908	0.9870106845547438	0.5386868993419357	0.9174275484590949	False	0.13654672206676025	0.6186207686150559
ReplogleWeissman2022_K562_gwps	MDC1	ensemble	179	74615	6709199.5	0.5023327943779933	0.4976672056220068	0.0025173248768689633	0.0023932400994732196	1.0518480270421076	0.5430017826223945	0.9217624000862964	False	0.016372402942945452	0.61064267613942
ReplogleWeissman2022_K562_gwps	HIC1	ensemble	221	74615	8280611.5	0.5021621700293786	0.4978378299706214	0.0029000020161858327	0.0029531241648404513	0.9820115424582939	0.5442643118930599	0.9217624000862964	False	0.01937063212024063	0.6083202826710878
ReplogleWeissman2022_K562_gwps	FOSL2	ensemble	87	74615	3269717.0	0.5036916708837165	0.49630832911628353	0.001208148749463776	0.0011646274530802388	1.0373692860050918	0.5474469919323646	0.9244541169531527	False	-0.03609843866276194	0.6024896403670591
ReplogleWeissman2022_K562_gwps	SMARCA1	ensemble	81	74615	3046083.5	0.5040001224392209	0.4959998775607791	0.002006129651465945	0.0010843954160865373	1.8499982771098797	0.5495979298419396	0.9244541169531527	False	-0.22431469361236733	0.598568304744229
ReplogleWeissman2022_K562_gwps	KAT5	ensemble	236	74615	8847170.0	0.5024191982118377	0.4975808017881623	0.003356274633382584	0.003152930488570627	1.0644936973869483	0.5511387377524145	0.9244541169531527	False	-0.09712840621822807	0.5957687088695629
ReplogleWeissman2022_K562_gwps	JUNB	ensemble	261	74615	9782954.0	0.5023464769212481	0.4976535230787519	0.004293299381755005	0.0034857631283722423	1.2316669904532096	0.5521480881125349	0.9244541169531527	False	-0.1787917241044605	0.5939389931183102
ReplogleWeissman2022_K562_gwps	TFAP2B	ensemble	36	74615	1360443.0	0.5064676450222252	0.49353235497777476	0.0006314996732155699	0.0004822440422767277	1.3095022807004308	0.5534560831759007	0.9244541169531527	False	-0.036055899740357014	0.5915728738369804
ReplogleWeissman2022_K562_gwps	SIM2	ensemble	156	74615	5857536.5	0.5032273791789305	0.49677262082106954	0.0020428524265202553	0.002086370384239879	0.9791417870727308	0.5554706175601242	0.9252770834974123	False	0.0327218128806578	0.5879395649825171
ReplogleWeissman2022_K562_gwps	ETV1	ensemble	128	74615	4821016.0	0.5047803725792401	0.49521962742075987	0.0016806295385162265	0.0017125349531059765	0.9813694812290493	0.5742449061867925	0.9539338564325702	False	0.02110759302034479	0.5546993078279049
ReplogleWeissman2022_K562_gwps	FOXP1	ensemble	805	74615	30153697.0	0.5020171372465614	0.4979828627534386	0.01062815946196628	0.010673561389551844	0.995746318784468	0.5781619658846748	0.9539338564325702	False	0.04525999743051055	0.5479012317698775
ReplogleWeissman2022_K562_gwps	MOV10	ensemble	142	74615	5349071.5	0.5048518073528621	0.49514819264713794	0.0018195915241467815	0.0018994876733951335	0.9579380533143729	0.5792952917557433	0.9539338564325702	False	0.022607365138263898	0.5459429283841155
ReplogleWeissman2022_K562_gwps	GATA1	ensemble	46	74615	1745860.0	0.5086574852358047	0.4913425147641954	0.0019091034697956283	0.0006161181875410188	3.098599438226335	0.5805670091168856	0.9539338564325702	False	0.008018874423258077	0.5437500510575647
ReplogleWeissman2022_K562_gwps	IRF3	ensemble	339	74615	12731546.0	0.503332880665489	0.496667119334511	0.004736831904381329	0.004522773968033728	1.047328904309729	0.5839826156705765	0.9539338564325702	False	-0.009877805127340857	0.5378840642843453
ReplogleWeissman2022_K562_gwps	ZNF263	ensemble	329	74615	12357821.0	0.5034077056549864	0.4965922943450136	0.004982831947151807	0.0043899444918872755	1.135055797712295	0.5845884791527272	0.9539338564325702	False	-0.06450705578750428	0.5368471337302333
ReplogleWeissman2022_K562_gwps	HOXA1	ensemble	96	74615	3627299.0	0.5063910015859189	0.4936089984140812	0.0011961361553544847	0.0012849513458526858	0.9308805031530094	0.5858098255900861	0.9539338564325702	False	0.06358273381106158	0.5347600717860372
ReplogleWeissman2022_K562_gwps	RBPJ	ensemble	122	74615	4604589.0	0.5058303663725155	0.49416963362748445	0.0015471441945273119	0.001632390917483977	0.9477779972654731	0.5881938796902937	0.9539338564325702	False	0.08466648080150292	0.5306986580671862
ReplogleWeissman2022_K562_gwps	HDAC1	ensemble	161	74615	6070067.0	0.5052908865925831	0.49470911340741686	0.002141628197248421	0.0021530972504546914	0.9946732302947077	0.5918506662459057	0.9539338564325702	False	-0.004941510040534426	0.5245009288822586
ReplogleWeissman2022_K562_gwps	GLI2	ensemble	226	74615	8507224.0	0.5044908405923267	0.49550915940767326	0.0029420868503807016	0.0030197351718977564	0.974286380395319	0.5923194358607481	0.9539338564325702	False	0.11606668721704687	0.5237092020205601
ReplogleWeissman2022_K562_gwps	HOXD1	ensemble	211	74615	7945050.0	0.5046473953339624	0.4953526046660377	0.0027780143536122086	0.0028198754443642584	0.98515498589283	0.5923471233094106	0.9539338564325702	False	-0.021620832405935923	0.523662458996621
ReplogleWeissman2022_K562_gwps	POLE3	ensemble	129	74615	4870018.0	0.5059582861271842	0.49404171387281587	0.0016813640077905589	0.001725891041421385	0.9742005534751746	0.5926106880321591	0.9539338564325702	False	0.03787130381177345	0.5232176081764952
ReplogleWeissman2022_K562_gwps	NR2F6	ensemble	297	74615	11167902.0	0.5039518010636418	0.49604819893635815	0.004043906671589955	0.003964651858180265	1.0199903588624468	0.593070719953144	0.9539338564325702	False	0.0389018114952494	0.5224416291639705
ReplogleWeissman2022_K562_gwps	ZNF331	ensemble	193	74615	7274518.0	0.505150480584444	0.49484951941555594	0.0025726743769815654	0.0025799379745481766	0.9971845844209168	0.5977571945974103	0.9572710943642496	False	0.11882018626687643	0.5145706365849608
ReplogleWeissman2022_K562_gwps	ABL1	ensemble	225	74615	8474726.0	0.5047972778782938	0.49520272212170624	0.003000546650711594	0.0030064136825227153	0.9980484948411364	0.598294433977656	0.9572710943642496	False	0.08525049441167151	0.5136722816920086
ReplogleWeissman2022_K562_gwps	TGS1	ensemble	370	74615	13910192.5	0.5038546520788697	0.49614534792113024	0.004730254431367173	0.004934320197372808	0.9586435906380201	0.6011069482032605	0.9592467834844681	False	0.02438835926356188	0.5089824098568291
ReplogleWeissman2022_K562_gwps	BHLHE22	ensemble	211	74615	7954377.0	0.5052398203352247	0.49476017966477515	0.002751840958612646	0.0028198754443642584	0.9758732301855443	0.6038519139459442	0.960791235007061	False	0.01681096799047905	0.5044262866939547
ReplogleWeissman2022_K562_gwps	LIN37	ensemble	210	74615	7921276.5	0.505533261217105	0.49446673878289504	0.0029662235258947484	0.00280654861343134	1.0568936920241645	0.6092587278372064	0.960791235007061	False	0.03167109956368439	0.49551226103621177
ReplogleWeissman2022_K562_gwps	NELFB	ensemble	216	74615	8148251.0	0.5055737352979864	0.4944262647020136	0.0032492894722381867	0.0028865042562574335	1.1256832430419248	0.6115544558931846	0.960791235007061	False	0.0725470439334511	0.4917512748465716
ReplogleWeissman2022_K562_gwps	FOXP3	ensemble	214	74615	8073768.0	0.5056340930170514	0.4943659069829486	0.002873292155190445	0.0028598537999973274	1.0046989657978775	0.6122176168151018	0.960791235007061	False	0.08300244029330807	0.4906674766432624
ReplogleWeissman2022_K562_gwps	ZIC1	ensemble	136	74615	5145625.0	0.5070760295004553	0.49292397049954473	0.0017132045411533871	0.0018193736538641622	0.9416452401158592	0.6124067902836743	0.960791235007061	False	0.07425440810597346	0.4903585272723685
ReplogleWeissman2022_K562_gwps	TEAD1	ensemble	59	74615	2248718.0	0.5108070013640643	0.4891929986359356	0.0008049613787712867	0.0007901009722259421	1.0188082372604588	0.6131134598019118	0.960791235007061	False	0.15076636842221902	0.48920527077332543
ReplogleWeissman2022_K562_gwps	TP53	ensemble	219	74615	8263128.0	0.5056781891334421	0.4943218108665579	0.0029955541107132846	0.002926477269690248	1.0236040927904928	0.6143443923863832	0.960791235007061	False	0.07758093384433304	0.4871996084283181
ReplogleWeissman2022_K562_gwps	MEIS1	ensemble	279	74615	10517846.0	0.5052385279080163	0.49476147209198384	0.0038943503980930667	0.0037252650412583116	1.0453888125977855	0.6188818573786737	0.960791235007061	False	-0.018071357365596265	0.47984088496820043
ReplogleWeissman2022_K562_gwps	E2F1	ensemble	224	74615	8454761.0	0.5058563124036722	0.4941436875963279	0.0031508637043596074	0.002993091837143735	1.0527120034400386	0.6191201228438415	0.960791235007061	False	-0.011119290650894176	0.47945596560310083
ReplogleWeissman2022_K562_gwps	E2F6	ensemble	304	74615	11455864.0	0.5050427281095589	0.49495727189044114	0.004094315929546867	0.004057715666252886	1.0090199181767163	0.6194188489843262	0.960791235007061	False	-0.002649576227143805	0.4789735808690357
ReplogleWeissman2022_K562_gwps	NR2C1	ensemble	116	74615	4398262.0	0.5081558898899408	0.4918441101100592	0.0016540579566536907	0.001552234012658736	1.0655983203335082	0.6194575067808683	0.960791235007061	False	0.03897121064473338	0.4789111730324913
ReplogleWeissman2022_K562_gwps	RUNX2	ensemble	152	74615	5753075.0	0.5072596345450505	0.4927403654549495	0.0020732768206293915	0.0020329824655262348	1.0198203161052481	0.6216173256322896	0.9616878727339238	False	0.08061916897854987	0.4754306076783157
ReplogleWeissman2022_K562_gwps	NR1I3	ensemble	95	74615	3610776.5	0.5093905204611744	0.49060947953882555	0.0011867384555027563	0.0012715834560299826	0.9332761053748518	0.6243253682106082	0.963425948913832	False	0.004709180493520671	0.47108362309222485
ReplogleWeissman2022_K562_gwps	ZNF382	ensemble	186	74615	7035948.0	0.5069714858856107	0.4930285141143893	0.0024848101291086683	0.0024865977727570486	0.9992810885347178	0.6289040222567113	0.9640112170735534	False	0.08099520190537296	0.46377662175157147
ReplogleWeissman2022_K562_gwps	TNRC6B	ensemble	85	74615	3237262.0	0.5104259906736935	0.48957400932630646	0.0011908413844355164	0.0011378848728246318	1.0465394284392127	0.6303538971069116	0.9640112170735534	False	0.014696864065839116	0.4614738758746773
ReplogleWeissman2022_K562_gwps	APEX1	ensemble	204	74615	7713875.0	0.5067762882141398	0.4932237117858603	0.0029261762227032213	0.0027265801467541667	1.0732038176785899	0.6311173853543373	0.9640112170735534	False	-0.04821964229472224	0.46026340306999997
ReplogleWeissman2022_K562_gwps	HNF4A	ensemble	345	74615	13005844.0	0.5052348529213246	0.49476514707867536	0.00438899037794753	0.004602454642475987	0.9536194745824546	0.6315827631901594	0.9640112170735534	False	0.11474698039608638	0.4595262876789389
ReplogleWeissman2022_K562_gwps	RELB	ensemble	447	74615	16831289.0	0.504642369232905	0.49535763076709505	0.0060236273001999545	0.005955077136234046	1.0115112134398412	0.6326909837578081	0.9640112170735534	False	-0.033228937817986436	0.45777315335314095
ReplogleWeissman2022_K562_gwps	GATA2	ensemble	327	74615	12334772.0	0.5055419860687513	0.4944580139312488	0.004609042305647636	0.004363374342825118	1.056302288898609	0.6354792929286637	0.9640112170735534	False	-0.013741731366070598	0.4533757727880371
ReplogleWeissman2022_K562_gwps	STAT3	ensemble	170	74615	6439912.0	0.50769731681455	0.49230268318545	0.0022885855206496433	0.0022731831249582137	1.006775695069315	0.6358034507343666	0.9640112170735534	False	0.10318212793535111	0.45286580313047026
ReplogleWeissman2022_K562_gwps	SIN3A	ensemble	470	74615	17699356.5	0.5047001986081745	0.4952998013918256	0.006870034218345567	0.0062595724845175464	1.0975245091159083	0.6375374738913463	0.9642357814078073	False	0.05471279478826322	0.45014222110252283
ReplogleWeissman2022_K562_gwps	ELF3	ensemble	301	74615	11367659.0	0.5061490178931806	0.4938509821068195	0.003884948459200191	0.0040178333066367665	0.9669262417589419	0.6438657662852478	0.97139053573556	False	-0.03695300093091443	0.44026501204915414
ReplogleWeissman2022_K562_gwps	SIX2	ensemble	203	74615	7690882.0	0.5077547172364938	0.49224528276350626	0.0026198853106447137	0.002713250821994707	0.9655890599596857	0.648865516765067	0.9743285581947684	False	0.005747349820281807	0.4325297998287442
ReplogleWeissman2022_K562_gwps	FOSB	ensemble	308	74615	11639517.0	0.5064751003201717	0.49352489967982827	0.003964401544626142	0.004110887177502236	0.964366418597482	0.6527816698688045	0.9743285581947684	False	0.0732626612045042	0.4265125549715604
ReplogleWeissman2022_K562_gwps	DNMT3B	ensemble	375	74615	14156687.0	0.5059460608903482	0.4940539391096518	0.005116458073665451	0.005000666755567409	1.023155175851126	0.6546384173870067	0.9743285581947684	False	0.0004289572317144764	0.423672230297696
ReplogleWeissman2022_K562_gwps	FOXH1	ensemble	285	74615	10780095.5	0.5069342155227242	0.4930657844772757	0.003660840480533268	0.0038050734312416556	0.9620945683927781	0.6572394998847237	0.9743285581947684	False	0.10749191671274691	0.41970679133129624
ReplogleWeissman2022_K562_gwps	ATM	ensemble	156	74615	5930895.0	0.5095296882973623	0.49047031170263766	0.0021796995837803732	0.002086370384239879	1.0447328049925786	0.659788574321435	0.9743285581947684	False	0.01341395390629723	0.4158358372193242
ReplogleWeissman2022_K562_gwps	GLI3	ensemble	322	74615	12172912.5	0.5066551777384778	0.4933448222615222	0.004437743686544543	0.004296942765256148	1.0327676976353677	0.6601266708393309	0.9743285581947684	False	-0.019075056955495214	0.41532353686287343
ReplogleWeissman2022_K562_gwps	GTF2F1	ensemble	80	74615	3064826.5	0.5134400757220398	0.4865599242779602	0.0010380596010479757	0.0010710221567708682	0.9692232737534818	0.6613702412826912	0.9743285581947684	False	0.05526232729055908	0.41344147297149286
ReplogleWeissman2022_K562_gwps	ETV5	ensemble	18	74615	709554.5	0.5283079065126911	0.471692093487309	0.0002334213569028795	0.00024118017498961586	0.9678297849851447	0.6625971631657841	0.9743285581947684	False	-0.0017206584622357635	0.41158807049317325
ReplogleWeissman2022_K562_gwps	RARA	ensemble	208	74615	7890609.0	0.5084181490626241	0.491581850937376	0.002717347782000167	0.0027798938828969702	0.9775005437144159	0.6627515807079821	0.9743285581947684	False	0.17404101484429013	0.4113550487415618
ReplogleWeissman2022_K562_gwps	AGO2	ensemble	42	74615	1625679.0	0.5187514957735423	0.48124850422645776	0.0006028988166848878	0.0005625728330899983	1.0716813561248493	0.663068819405631	0.9743285581947684	False	0.17128415775320432	0.41087649417462946
ReplogleWeissman2022_K562_gwps	DNMT3A	ensemble	102	74615	3898457.0	0.5122316781701624	0.48776832182983765	0.0012992496214869784	0.0013651511704163711	0.9517258232219858	0.6655438186717436	0.9743285581947684	False	0.040092389613626676	0.40715080008126764
ReplogleWeissman2022_K562_gwps	RUVBL2	ensemble	5	74615	207143.0	0.5552315218119681	0.4447684781880319	6.823187690666554e-05	6.700616456714018e-05	1.0182925309550765	0.6656069864391176	0.9743285581947684	False	0.524850473584117	0.40705589307722434
ReplogleWeissman2022_K562_gwps	BATF	ensemble	235	74615	8910208.0	0.5081522310983616	0.4918477689016384	0.0031927522330575534	0.003139612558450234	1.0169255516781186	0.667213565100768	0.9743285581947684	False	0.1423168550664475	0.4046450967582367
ReplogleWeissman2022_K562_gwps	BCL11B	ensemble	151	74615	5748706.5	0.510231240012195	0.48976875998780495	0.0019815808620374273	0.002019634593264318	0.9811581108019224	0.668248369682925	0.9743285581947684	False	0.1069327564531787	0.40309536364745396
ReplogleWeissman2022_K562_gwps	VSX2	ensemble	37	74615	1439194.5	0.5213046793359063	0.4786953206640937	0.0004712790444205457	0.0004956330707817607	0.9508627898400698	0.673214902332115	0.9776029600513463	False	0.1710675545961511	0.3956906803506105
ReplogleWeissman2022_K562_gwps	NCOA1	ensemble	186	74615	7071605.0	0.5095407320301563	0.49045926796984385	0.002662323357317549	0.0024865977727570486	1.0706690830683334	0.6737099346406482	0.9776029600513463	False	0.00018195381660497212	0.39495562473765605
ReplogleWeissman2022_K562_gwps	PITX2	ensemble	388	74615	14672021.0	0.5067947076781084	0.49320529232189153	0.005180951244651408	0.005173126408277003	1.0015125933056432	0.6781147360925873	0.9779210315771036	False	-0.013362144639588305	0.38843877808385907
ReplogleWeissman2022_K562_gwps	TET1	ensemble	157	74615	5983740.5	0.5107953737892733	0.4892046262107267	0.002180853204987961	0.002099716471406409	1.0386417569640753	0.6801433108677599	0.9779210315771036	False	0.07364795986386125	0.3854517517407976
ReplogleWeissman2022_K562_gwps	MNAT1	ensemble	120	74615	4587506.0	0.5123529674551587	0.4876470325448413	0.0015864652203917524	0.0016056733792734327	0.9880373187164802	0.6802538505002003	0.9779210315771036	False	0.10242330968045699	0.38528924091554345
ReplogleWeissman2022_K562_gwps	TEAD2	ensemble	167	74615	6363640.0	0.5106966259132208	0.48930337408677926	0.002268400119791507	0.0022331577117488165	1.0157814237020866	0.6837850004570298	0.9779210315771036	False	0.03524912825429836	0.38011173758782285
ReplogleWeissman2022_K562_gwps	KLF6	ensemble	209	74615	7948505.0	0.5096981089849746	0.4903018910150254	0.0034106844252387797	0.0027932214262803377	1.2210576623639544	0.686161919326916	0.9779210315771036	False	-0.1641000196481344	0.37664164510364423
ReplogleWeissman2022_K562_gwps	FANCD2	ensemble	141	74615	5387644.0	0.5120986548918015	0.4879013451081984	0.0017831216642844553	0.0018861362298678366	0.9453832846471542	0.690485059320393	0.9779210315771036	False	0.09569385945737832	0.3703609438464017
ReplogleWeissman2022_K562_gwps	MAFG	ensemble	254	74615	9647427.0	0.5090396845539386	0.4909603154460614	0.003461988346411633	0.0033925923947161042	1.0204551397932777	0.6908355286498787	0.9779210315771036	False	0.11351208448837741	0.36985350286556296
ReplogleWeissman2022_K562_gwps	PAX8	ensemble	117	74615	4481432.0	0.5133396449351686	0.4866603550648314	0.0015725309533892195	0.001565594390622491	1.0044306257152407	0.6912665912208644	0.9779210315771036	False	-0.01572324573454866	0.3692297246674611
ReplogleWeissman2022_K562_gwps	BRCA1	ensemble	195	74615	7425799.0	0.5103668231966831	0.48963317680331686	0.002520871902629976	0.002606603395268012	0.9671098822346078	0.6917526125953976	0.9779210315771036	False	0.020551471362375562	0.368526883530911
ReplogleWeissman2022_K562_gwps	ZNF592	ensemble	108	74615	4141874.0	0.5139809044452883	0.4860190955547117	0.0015598670267790223	0.0014453381154396906	1.0792402207593415	0.6925129735805992	0.9779210315771036	False	0.049244059930234854	0.36742830668371285
ReplogleWeissman2022_K562_gwps	HNF4G	ensemble	145	74615	5540688.0	0.5121174211527219	0.4878825788472781	0.0019108257770563291	0.0019395398608881755	0.9851954144326287	0.6932086089764549	0.9779210315771036	False	0.01213306855397591	0.3664243020365356
ReplogleWeissman2022_K562_gwps	TBL1X	ensemble	106	74615	4066671.0	0.5141703511990482	0.4858296488009518	0.0013400802653828485	0.001418610564633771	0.9446428066950172	0.6932302049502166	0.9779210315771036	False	0.09376576191999636	0.3663931488784639
ReplogleWeissman2022_K562_gwps	NCOA3	ensemble	85	74615	3273535.0	0.5161452317977382	0.4838547682022618	0.0012756003838353602	0.0011378848728246318	1.121027631441193	0.6968433110985814	0.9792094244517235	False	0.016918934332151893	0.3611946982305976
ReplogleWeissman2022_K562_gwps	TFDP3	ensemble	101	74615	3879888.5	0.5148393436140505	0.4851606563859495	0.00144145626033978	0.0013517854274854115	1.0663351083915544	0.6973646065585466	0.9792094244517235	False	-0.02135961473218731	0.36044689658974355
ReplogleWeissman2022_K562_gwps	HLX	ensemble	56	74615	2174527.5	0.5204161122332737	0.47958388776672634	0.0007598038528133641	0.0007499564757402472	1.0131305980969056	0.7016139746606697	0.9795489893724132	False	0.027014781586091295	0.35437191984905553
ReplogleWeissman2022_K562_gwps	CREB5	ensemble	363	74615	13760416.5	0.5080410570404661	0.4919589429595339	0.004891357915957585	0.00484142014991064	1.0103146937263576	0.7017752700193687	0.9795489893724132	False	0.005031702328298172	0.35414205438582685
ReplogleWeissman2022_K562_gwps	PRDM1	ensemble	214	74615	8151497.0	0.510502010006507	0.48949798999349303	0.0031683728901078785	0.0028598537999973274	1.1078793224013197	0.7024397357999541	0.9795489893724132	False	0.0560136792467406	0.3531956667921524
ReplogleWeissman2022_K562_gwps	DLX4	ensemble	178	74615	6802589.5	0.512186489899085	0.48781351010091506	0.0024878864871044387	0.002379901862473761	1.045373561966305	0.7131289592369281	0.9870652520763848	False	0.1495738145830149	0.33809300642758505
ReplogleWeissman2022_K562_gwps	CCND1	ensemble	310	74615	11780487.5	0.5093020516068506	0.4906979483931493	0.0041157388799297305	0.004137470804137471	0.9947475341249518	0.714378832200114	0.9870652520763848	False	0.03852436526948817	0.33634188003784193
ReplogleWeissman2022_K562_gwps	POLR2B	ensemble	166	74615	6351160.5	0.5127655700870897	0.4872344299129103	0.0023210855409813765	0.002219815193698934	1.0456210713260743	0.7153628700376851	0.9870652520763848	False	0.03275831739707454	0.3349653544858317
ReplogleWeissman2022_K562_gwps	MAML1	ensemble	185	74615	7070659.5	0.5122265105016562	0.48777348949834376	0.002425732877757944	0.0024732620320855616	0.9807828067907794	0.717541351718793	0.9870652520763848	False	0.06822198552401242	0.33192469995153057
ReplogleWeissman2022_K562_gwps	ZFPM1	ensemble	158	74615	6051034.5	0.5132706119260304	0.4867293880739696	0.0021239873321204014	0.002113062201596833	1.0051702834470808	0.7181081556748459	0.9870652520763848	False	0.08580389124278949	0.33113508663353963
ReplogleWeissman2022_K562_gwps	EOMES	ensemble	90	74615	3475903.5	0.5176057093077799	0.4823942906922201	0.0011791512577156073	0.0012047386386453383	0.9787610523071605	0.7185107902547956	0.9870652520763848	False	-0.048195623508961394	0.3305745558238456
ReplogleWeissman2022_K562_gwps	RFX2	ensemble	149	74615	5712741.5	0.5138450308901129	0.48615496910988715	0.0018594354144573003	0.0019929377775399926	0.9330122773589636	0.7206866920451858	0.9870652520763848	False	0.03316830742683891	0.3275507825404104
ReplogleWeissman2022_K562_gwps	TADA2A	ensemble	123	74615	4728845.0	0.5152569095884619	0.484743090411538	0.0015581699165035765	0.001645749150365276	0.9467845790214984	0.7209520676316763	0.9870652520763848	False	0.1776542714601081	0.3271826243070019
ReplogleWeissman2022_K562_gwps	FOXC2	ensemble	166	74615	6356986.5	0.513235936441605	0.48676406355839497	0.002160640405681212	0.002219815193698934	0.9733424709472693	0.7224408506151172	0.9870652520763848	False	0.121905816978381	0.3251197300076271
ReplogleWeissman2022_K562_gwps	SOX10	ensemble	95	74615	3669633.0	0.517693704878023	0.48230629512197704	0.0012519209192432706	0.0012715834560299826	0.9845369671227868	0.7247563605030117	0.9880086708202492	False	-0.03728908791328857	0.32191973508502675
ReplogleWeissman2022_K562_gwps	NKX2-1	ensemble	109	74615	4201999.0	0.5166581725026389	0.4833418274973611	0.0014500582338818511	0.0014587013543172207	0.9940747841154811	0.7264205198224007	0.9880619151051894	False	0.16844964606772736	0.3196262034398532
ReplogleWeissman2022_K562_gwps	ERG	ensemble	440	74615	16692687.0	0.5084490383971051	0.49155096160289485	0.005808635855771217	0.005862367597095464	0.9908344639884289	0.7297749301593346	0.9895381939239373	False	0.05080141710226788	0.3150191072287218
ReplogleWeissman2022_K562_gwps	GABPB1	ensemble	153	74615	5872100.5	0.5143703254046151	0.48562967459538486	0.00219130776212474	0.0020463299807404237	1.0708477043041997	0.730760935973434	0.9895381939239373	False	0.004650342470295846	0.31366890969265776
ReplogleWeissman2022_K562_gwps	LRRFIP1	ensemble	282	74615	10749405.5	0.5108685816505817	0.48913141834941826	0.0037971197996442317	0.0037651708346128684	1.0084853958650852	0.7360021163933508	0.9921533085126588	False	0.09749430164476806	0.3065222847229512
ReplogleWeissman2022_K562_gwps	CREM	ensemble	99	74615	3834225.0	0.519058439382771	0.48094156061722904	0.0015736332810115596	0.0013250528682710067	1.1876003733080573	0.7442349300025828	0.9921533085126588	False	-0.025741057252967853	0.29539852786017434
ReplogleWeissman2022_K562_gwps	KDM5A	ensemble	185	74615	7095126.5	0.5139989966512784	0.4860010033487216	0.0023535814762545063	0.0024732620320855616	0.951610240128849	0.7449783010293585	0.9921533085126588	False	0.013084389786447579	0.29440018716184096
ReplogleWeissman2022_K562_gwps	ZEB2	ensemble	61	74615	2386809.0	0.524398799081185	0.4756012009188149	0.0007507017477909517	0.000816862177942043	0.9190066183284772	0.7453251317659321	0.9921533085126588	False	0.24158841621528562	0.2939347373276624
ReplogleWeissman2022_K562_gwps	TFAP2C	ensemble	140	74615	5391496.0	0.5161252524865739	0.4838747475134261	0.0022586924718400827	0.0018727844291351748	1.2060611123743241	0.74547479778944	0.9921533085126588	False	0.13834536766489774	0.2937339511308782
ReplogleWeissman2022_K562_gwps	PBX1	ensemble	282	74615	10761528.0	0.5114447069424464	0.48855529305755363	0.0035994790993606487	0.0037651708346128684	0.9559935677475692	0.7468166552602902	0.9921533085126588	False	0.004061438822089064	0.29193556539361515
ReplogleWeissman2022_K562_gwps	DLX5	ensemble	209	74615	8005531.5	0.5133549349179055	0.48664506508209454	0.0028345124344145334	0.0027932214262803377	1.0147825760413065	0.7479032627823086	0.9921533085126588	False	0.08863637754735829	0.29048163720236314
ReplogleWeissman2022_K562_gwps	CREB3	ensemble	124	74615	4786987.0	0.5173856981969811	0.4826143018030189	0.0015734691060344036	0.0016591070257830584	0.9483831251282685	0.748598974017618	0.9921533085126588	False	0.0498921017779439	0.2895518540475887
ReplogleWeissman2022_K562_gwps	TSC22D1	ensemble	120	74615	4635033.5	0.5176610489401148	0.48233895105988517	0.0015669161400279751	0.0016056733792734327	0.9758623143749228	0.7489242012022033	0.9921533085126588	False	0.1271185404498048	0.2891175005830412
ReplogleWeissman2022_K562_gwps	MYOD1	ensemble	426	74615	16192591.0	0.5094254103773392	0.4905745896226608	0.005473129780542752	0.005676896629842353	0.9641059433373443	0.7492022484439234	0.9921533085126588	False	0.10122051220393861	0.2887463072902743
ReplogleWeissman2022_K562_gwps	ZNF274	ensemble	75	74615	2924321.0	0.5225617726551856	0.4774382273448145	0.0009982909797961342	0.0010041504886865711	0.9941647104129768	0.7506423057826037	0.9921533085126588	False	0.032231837786615584	0.28682603124948713
ReplogleWeissman2022_K562_gwps	NFATC1	ensemble	282	74615	10779158.0	0.5122825777525577	0.4877174222474423	0.003798473128335373	0.0037651708346128684	1.008844829407569	0.7621248568074903	0.9999973175522411	False	0.04396820263111714	0.2716448826400327
ReplogleWeissman2022_K562_gwps	ELF4	ensemble	241	74615	9230190.0	0.5132954978015778	0.48670450219842215	0.003187710608081513	0.0032195148017526987	0.9901214326910777	0.7623372630059718	0.9999973175522411	False	0.03137412884358512	0.27136621884498613
ReplogleWeissman2022_K562_gwps	SP3	ensemble	145	74615	5595246.0	0.5171601346683088	0.4828398653316912	0.001930924874952533	0.0019395398608881755	0.995558232078975	0.7627290325440133	0.9999973175522411	False	0.11955367091206298	0.27085244505324696
ReplogleWeissman2022_K562_gwps	ZNF740	ensemble	148	74615	5716970.0	0.517699868333119	0.482300131666881	0.0020285676896172923	0.001979588834048928	1.0247419336409298	0.7719176336976481	0.9999973175522411	False	0.1523473493621917	0.2588774267508601
ReplogleWeissman2022_K562_gwps	PRDM14	ensemble	201	74615	7727188.0	0.5152277878849404	0.4847722121150596	0.0025919925808802965	0.0026865911035072712	0.964788641448459	0.7724260399852548	0.9999973175522411	False	0.1838350193074201	0.2582190159131213
ReplogleWeissman2022_K562_gwps	KDM2A	ensemble	295	74615	11283134.5	0.5126035456586749	0.48739645434132506	0.0037938456310691636	0.003938059004138299	0.9633795804182749	0.7732049375213624	0.9999973175522411	False	0.049524180979079555	0.25721114584144616
ReplogleWeissman2022_K562_gwps	AR	ensemble	265	74615	10150636.0	0.5133590671105385	0.48664093288946153	0.0033054806961611053	0.0035389957264957265	0.9340165831265795	0.7739744325567148	0.9999973175522411	False	0.2547489082998483	0.25621643881046874
ReplogleWeissman2022_K562_gwps	GTF2I	ensemble	225	74615	8639505.0	0.5146123433625946	0.48538765663740535	0.0029704087322642092	0.0030064136825227153	0.9880239534340152	0.7758145870502601	0.9999973175522411	False	0.042545081459272334	0.2538417215618276
ReplogleWeissman2022_K562_gwps	HEY2	ensemble	169	74615	6518823.0	0.5169592864673768	0.48304071353262323	0.002147687677333191	0.002259841677364142	0.9503708595365997	0.7787022455373467	0.9999973175522411	False	0.02781784677985427	0.25012653270315327
ReplogleWeissman2022_K562_gwps	SNAPC4	ensemble	260	74615	9972120.0	0.5140294537600709	0.48597054623992914	0.0034269954086634186	0.0034724540901502504	0.9869087739372057	0.7829741419954339	0.9999973175522411	False	0.054880563587781823	0.2446556078081237
ReplogleWeissman2022_K562_gwps	ZBTB7A	ensemble	962	74615	36417091.0	0.5073457609073772	0.4926542390926228	0.012433311592174968	0.012728740225200789	0.9767904264052053	0.783540680883104	0.9999973175522411	False	0.056876221767918234	0.2439322965389342
ReplogleWeissman2022_K562_gwps	HDAC7	ensemble	48	74615	1907942.5	0.5327186501820456	0.4672813498179544	0.0006521451439639983	0.0006428887132850274	1.0143981850788335	0.7837969201598538	0.9999973175522411	False	0.07393888638763763	0.24360532259424966
ReplogleWeissman2022_K562_gwps	RORA	ensemble	126	74615	4891287.0	0.5202672129630516	0.4797327870369484	0.002494193261600398	0.0016858217042854658	1.4795118933752012	0.7844795059479689	0.9999973175522411	False	-0.07830501029075804	0.24273483086223796
ReplogleWeissman2022_K562_gwps	LHX2	ensemble	72	74615	2830161.5	0.5268082639028494	0.47319173609715054	0.0010543729836594315	0.0009640231901134066	1.0937215976468329	0.7845394275984733	0.9999973175522411	False	0.09492937647624909	0.24265844982023474
ReplogleWeissman2022_K562_gwps	STAT4	ensemble	112	74615	4359193.0	0.5216292444070035	0.4783707555929964	0.0014652885622400912	0.0014987889250204075	0.9776483784867438	0.7859198336392503	0.9999973175522411	False	0.04235591674399954	0.24090048457993365
ReplogleWeissman2022_K562_gwps	MAFA	ensemble	138	74615	5355171.5	0.520077606107487	0.4799223938925129	0.00188750045299121	0.0018460797559964148	1.0224371113221153	0.7928743740282094	0.9999973175522411	False	0.06685040861405453	0.2320904885245762
ReplogleWeissman2022_K562_gwps	CREB1	ensemble	196	74615	7562478.0	0.5171087774384698	0.4828912225615301	0.0028390234897369476	0.002619935570972183	1.083623399442402	0.7963459530367629	0.9999973175522411	False	0.19777608368912175	0.22772157318742997
ReplogleWeissman2022_K562_gwps	ZNF197	ensemble	277	74615	10634635.0	0.5145370785435028	0.48546292145649717	0.0035692967421008344	0.003698659402873471	0.9650244462433779	0.7986398890642091	0.9999973175522411	False	0.09167214618747177	0.22484513685985552
ReplogleWeissman2022_K562_gwps	BCL11A	ensemble	138	74615	5360972.0	0.5206409326329263	0.4793590673670737	0.0017840803040222993	0.0018460797559964148	0.9664156156998474	0.7993165140468433	0.9999973175522411	False	0.05426154095454018	0.2239982739269805
ReplogleWeissman2022_K562_gwps	MAFB	ensemble	176	74615	6808140.0	0.5184294530103014	0.4815705469896986	0.002434575974943424	0.002353224318434036	1.0345702939886001	0.8012102805014096	0.9999973175522411	False	0.18198279094738745	0.2216318438931028
ReplogleWeissman2022_K562_gwps	TP73	ensemble	194	74615	7492139.0	0.5175805561331674	0.48241944386683255	0.002633636562755316	0.0025932708631314413	1.0155655547585691	0.8015430880448581	0.9999973175522411	False	0.04762387695860849	0.22121654912004166
ReplogleWeissman2022_K562_gwps	E2F4	ensemble	155	74615	6010858.0	0.5197310062622538	0.48026899373774623	0.0022226468918969044	0.002073023940082921	1.0721761813363324	0.802356069513286	0.9999973175522411	False	0.06621665209390243	0.22020279269499202
ReplogleWeissman2022_K562_gwps	SATB1	ensemble	382	74615	14611039.0	0.5126153346340183	0.4873846653659817	0.004917452252909292	0.005093537074816326	0.9654297555273249	0.8028767952613851	0.9999973175522411	False	0.034305791410220624	0.21955400736572123
ReplogleWeissman2022_K562_gwps	STAT5A	ensemble	470	74615	17937607.0	0.5114939526448535	0.4885060473551465	0.005963487530033902	0.0062595724845175464	0.9526988536012672	0.8052390041162278	0.9999973175522411	False	0.08860233179101604	0.21661614610625085
ReplogleWeissman2022_K562_gwps	BACH2	ensemble	311	74615	11931008.0	0.5141509049778143	0.48584909502218565	0.0040074157325298175	0.004150762085257454	0.9654650520113475	0.8058432095887147	0.9999973175522411	False	0.09311477867907972	0.2158660844449975
ReplogleWeissman2022_K562_gwps	TCF7	ensemble	62	74615	2460334.0	0.5318341680843384	0.4681658319156617	0.000731432070826464	0.0008302422432609772	0.8809863347275461	0.8072910469604604	0.9999973175522411	False	0.12895603283210114	0.21407102274490444
ReplogleWeissman2022_K562_gwps	CHD9	ensemble	183	74615	7080988.0	0.5185810292470383	0.4814189707529617	0.002409683306637304	0.002446589481002166	0.9849152566658855	0.8077582666585927	0.9999973175522411	False	0.14040545497718643	0.21349244015027247
ReplogleWeissman2022_K562_gwps	E2F2	ensemble	213	74615	8221798.0	0.5173221283968189	0.48267787160318115	0.0027258506957585195	0.0028465280376329715	0.9576054265831855	0.8090774031432699	0.9999973175522411	False	0.03530419873212494	0.21186068894387491
ReplogleWeissman2022_K562_gwps	SOX13	ensemble	141	74615	5487515.5	0.5215914982964561	0.478408501703544	0.0018453882669849885	0.0018861362298678366	0.9783960658633319	0.8125417910855056	0.9999973175522411	False	0.05089578150580647	0.20758793091882738
ReplogleWeissman2022_K562_gwps	PURA	ensemble	319	74615	12245604.0	0.5144739443038527	0.48552605569614726	0.003990723281450257	0.0042570795633490805	0.9374321579065629	0.8142326520492169	0.9999973175522411	False	0.09088647775564516	0.20550914048816882
ReplogleWeissman2022_K562_gwps	FOXP2	ensemble	186	74615	7202427.0	0.5189670415660607	0.48103295843393945	0.002396434954110301	0.0024865977727570486	0.9637404892602399	0.8145959616284051	0.9999973175522411	False	0.09975699989419115	0.205063041270409
ReplogleWeissman2022_K562_gwps	MEF2D	ensemble	163	74615	6328088.0	0.5203059139163864	0.47969408608361375	0.002058561307378559	0.002179785498408623	0.9443871008782445	0.8151618650924992	0.9999973175522411	False	0.2623081370532994	0.20436857798566888
ReplogleWeissman2022_K562_gwps	HEY1	ensemble	156	74615	6065115.0	0.5210606755704926	0.4789393244295074	0.002023002693707535	0.002086370384239879	0.9696277846872184	0.8186599765032284	0.9999973175522411	False	0.0507397212066496	0.20008645044034862
ReplogleWeissman2022_K562_gwps	MECP2	ensemble	102	74615	4004695.0	0.5261906545101456	0.47380934548985437	0.0017848690651837932	0.0013651511704163711	1.3074515876797792	0.8200798049215368	0.9999973175522411	False	0.10405554811926872	0.19835362038437665
ReplogleWeissman2022_K562_gwps	KDM5B	ensemble	193	74615	7475402.0	0.5191000851000594	0.48089991489994055	0.002407714970050199	0.0025799379745481766	0.9332452926399757	0.820689926324639	0.9999973175522411	False	0.08004548601387644	0.19760991891353108
ReplogleWeissman2022_K562_gwps	PAX5	ensemble	220	74615	8502771.0	0.5179784103854331	0.48202158961456687	0.00285850952932168	0.002939800895303	0.9723480028490361	0.8218358528476877	0.9999973175522411	False	0.12184031910747467	0.19621459626654583
ReplogleWeissman2022_K562_gwps	ERF	ensemble	399	74615	15284861.5	0.5134078075306204	0.48659219246937957	0.0051203173501864225	0.005319007118671181	0.9626453275861763	0.822591464782926	0.9999973175522411	False	0.04319309618927372	0.19529559914175135
ReplogleWeissman2022_K562_gwps	KLF15	ensemble	117	74615	4579469.0	0.5245695997287501	0.47543040027125	0.0014349462247233698	0.001565594390622491	0.9165504381711699	0.8228581138718041	0.9999973175522411	False	0.16285426101759565	0.19497149429567
ReplogleWeissman2022_K562_gwps	PML	ensemble	161	74615	6260418.5	0.5211363258932084	0.47886367410679176	0.002076378347132256	0.0021530972504546914	0.9643681197836123	0.8233606669500813	0.9999973175522411	False	0.24666436368295783	0.1943609398544943
ReplogleWeissman2022_K562_gwps	LEF1	ensemble	197	74615	7630721.0	0.5191265076121723	0.48087349238782773	0.002492816819334024	0.0026332673902582475	0.9466630045077005	0.8234828515628174	0.9999973175522411	False	0.20795991267089292	0.19421255342726326
ReplogleWeissman2022_K562_gwps	KLF4	ensemble	458	74615	17532171.0	0.5130315532396725	0.48696844676032747	0.0059058528592523234	0.0061007286241391715	0.9680569687830779	0.8322607560852746	0.9999973175522411	False	0.08686348068326691	0.18360947850685394
ReplogleWeissman2022_K562_gwps	ARID3B	ensemble	267	74615	10301020.5	0.5170622679567849	0.4829377320432151	0.0034589847145336	0.00356560989289816	0.97009622993897	0.832600740726692	0.9999973175522411	False	0.03709202759016113	0.183201054566731
ReplogleWeissman2022_K562_gwps	VDR	ensemble	125	74615	4897865.0	0.5251346244052805	0.47486537559471953	0.0015433646760056618	0.0016724645437516724	0.9228086070773054	0.834634122494976	0.9999973175522411	False	0.22381780455665984	0.18076182681144673
ReplogleWeissman2022_K562_gwps	KAT6A	ensemble	145	74615	5662791.0	0.5234032169735677	0.47659678302643227	0.001822989619707293	0.0019395398608881755	0.9399083032366705	0.835287770856934	0.9999973175522411	False	0.18314881322259227	0.17997897774773583
ReplogleWeissman2022_K562_gwps	CCNT2	ensemble	306	74615	11789982.5	0.5163754550045353	0.4836245449954647	0.003881832752790879	0.004084302131578596	0.9504274237642009	0.8389913700839715	0.9999973175522411	False	0.1474083181115938	0.1755548585225736
ReplogleWeissman2022_K562_gwps	GATA3	ensemble	118	74615	4636031.0	0.5265482584612309	0.47345174153876907	0.001513621132072707	0.0015789544110366236	0.9586224412134714	0.8409115842101142	0.9999973175522411	False	0.47347939356911506	0.17326875627181
ReplogleWeissman2022_K562_gwps	ESRRG	ensemble	519	74615	19863030.5	0.5129228046295969	0.48707719537040306	0.006699846170628718	0.006907658317140043	0.9699156882158345	0.8452577411101538	0.9999973175522411	False	0.07880778881850888	0.16811367906855032
ReplogleWeissman2022_K562_gwps	CCNK	ensemble	726	74615	27682186.5	0.5110196806416187	0.4889803193583812	0.009104906011701348	0.009636187467647097	0.9448660107818062	0.8469960804731227	0.9999973175522411	False	0.060549192636623894	0.1660592118813769
ReplogleWeissman2022_K562_gwps	PLAGL1	ensemble	324	74615	12484000.0	0.5163956871611722	0.4836043128388278	0.0040656749407074165	0.004323516460054177	0.9403630073508429	0.8475814392800936	0.9999973175522411	False	0.12233374438339376	0.16536835079838766
ReplogleWeissman2022_K562_gwps	UBTF	ensemble	504	74615	19302369.0	0.5132795173956468	0.4867204826043532	0.0064519713745094555	0.006709354490874479	0.9616381700035235	0.8492877539357356	0.9999973175522411	False	0.07031649211968806	0.16335721730903494
ReplogleWeissman2022_K562_gwps	ELF5	ensemble	263	74615	10174256.0	0.5184665821941734	0.4815334178058266	0.0032956972151662422	0.003512380138358396	0.9383088063772543	0.8498037297782832	0.9999973175522411	False	0.1373553778787106	0.1627498623038991
ReplogleWeissman2022_K562_gwps	ELL	ensemble	121	74615	4760049.0	0.5272297518445929	0.47277024815540714	0.0016108512311072544	0.0016190323271248128	0.9949469223804277	0.8500743930605725	0.9999973175522411	False	0.09491670259006839	0.16243141207980347
ReplogleWeissman2022_K562_gwps	TCF4	ensemble	159	74615	6216115.0	0.5239571519544564	0.47604284804554364	0.0030315170075631745	0.002126407574825474	1.425651903921565	0.8520684219574142	0.9999973175522411	False	0.05563217639632714	0.16008844791553917
ReplogleWeissman2022_K562_gwps	NR3C2	ensemble	103	74615	4072890.0	0.5299553891204624	0.47004461087953764	0.0012515223297326044	0.001378516555582323	0.907876169252046	0.8536929946150731	0.9999973175522411	False	0.1559021097961966	0.1581836409090295
ReplogleWeissman2022_K562_gwps	MYOG	ensemble	239	74615	9270522.0	0.519852509268639	0.480147490731361	0.003085668119046307	0.003192882143906805	0.9664209262890889	0.8557621167723399	0.9999973175522411	False	0.09476061058344419	0.15576284242891675
ReplogleWeissman2022_K562_gwps	MSC	ensemble	116	74615	4574847.0	0.5285577458540046	0.4714422541459954	0.0014736101057968632	0.001552234012658736	0.9493479035888395	0.8564813514846029	0.9999973175522411	False	0.0750792259559156	0.154922734385991
ReplogleWeissman2022_K562_gwps	FOXO1	ensemble	184	74615	7178157.0	0.522840217464142	0.477159782535858	0.002786645574705325	0.002459925934838701	1.1328168605564326	0.8581222165595499	0.9999973175522411	False	0.1275981598890546	0.15300874609569393
ReplogleWeissman2022_K562_gwps	ISL1	ensemble	522	74615	20010637.0	0.513764707362417	0.48623529263758297	0.006612722858596865	0.006947309581165071	0.9518393820428979	0.8611759434576383	0.9999973175522411	False	0.08423817710783685	0.1494564476284394
ReplogleWeissman2022_K562_gwps	STAT6	ensemble	23	74615	971374.0	0.5660209364593318	0.4339790635406682	0.0002702127291847196	0.0003081540234197058	0.8768755513430043	0.8636029330729093	0.9999973175522411	False	0.6816275393936692	0.14664218401456441
ReplogleWeissman2022_K562_gwps	NR2F2	ensemble	127	74615	5005364.0	0.5282090057043479	0.4717909942956521	0.001628122775391969	0.001699178507398785	0.9581823029791068	0.8643980537892442	0.9999973175522411	False	0.2958663434347907	0.1457219058683173
ReplogleWeissman2022_K562_gwps	IRF9	ensemble	129	74615	5082709.0	0.5280552832706602	0.47194471672933985	0.001716584512910674	0.001725891041421385	0.9946076963798094	0.8649574245885088	0.9999973175522411	False	0.12619148053979723	0.14507499339049962
ReplogleWeissman2022_K562_gwps	MEF2B	ensemble	113	74615	4470071.0	0.5301635119276	0.4698364880723999	0.0013711006390809367	0.0015121507333261963	0.9067221996215951	0.8664774190242805	0.9999973175522411	False	0.22070036185222985	0.14331923014956283
ReplogleWeissman2022_K562_gwps	FOXK1	ensemble	161	74615	6310265.0	0.5252857005506112	0.47471429944938887	0.002097998141828955	0.0021530972504546914	0.9744093730024965	0.8665474818191308	0.9999973175522411	False	0.03108765155670401	0.14323837407547607
ReplogleWeissman2022_K562_gwps	KAT2B	ensemble	154	74615	6042495.0	0.525859150565979	0.47414084943402096	0.001960435223207435	0.0020596771389212107	0.9518167610649138	0.8666088171427162	0.9999973175522411	False	0.18173976533732525	0.14316759531922912
ReplogleWeissman2022_K562_gwps	TFCP2	ensemble	328	74615	12672330.0	0.5177933718290476	0.4822066281709524	0.004226695947833768	0.004376659594625248	0.9657355927393478	0.8673305538664308	0.9999973175522411	False	0.08165613709334063	0.14233511319503997
ReplogleWeissman2022_K562_gwps	ATF7	ensemble	27	74615	1132297.0	0.5620441724308239	0.43795582756917606	0.0003570659284114749	0.00036172664183703544	0.9871153714255301	0.8679151842998631	0.9999973175522411	False	0.5017449315141798	0.1416612830363548
ReplogleWeissman2022_K562_gwps	ARID4A	ensemble	247	74615	9593626.0	0.5205466875710971	0.4794533124289029	0.003099633701371632	0.003299404237129652	0.9394525431258425	0.8689618475253265	0.9999973175522411	False	0.0907131153473061	0.1404560585639475
ReplogleWeissman2022_K562_gwps	SOX2	ensemble	7	74615	325903.0	0.6239706684791453	0.3760293315208546	0.00012737093541123656	9.380611615877355e-05	1.3578105631796136	0.8689813058955028	0.9999973175522411	False	0.9536786501757206	0.14043366615123956
ReplogleWeissman2022_K562_gwps	ZHX1	ensemble	130	74615	5128461.0	0.5287100448971387	0.47128995510286137	0.001857709139977621	0.0017392467723593551	1.0681113051355944	0.8713881885757712	0.9999973175522411	False	0.021628489312296127	0.1376677199284473
ReplogleWeissman2022_K562_gwps	MNT	ensemble	174	74615	6816322.0	0.5250186204893934	0.4749813795106066	0.002431405839321743	0.0023265453475778525	1.0450713294082403	0.8732481106173628	0.9999973175522411	False	0.08987375476523195	0.13553555891922217
ReplogleWeissman2022_K562_gwps	SP4	ensemble	94	74615	3746405.0	0.5341469187217789	0.4658530812782211	0.0012460744014866237	0.0012582152083416992	0.9903507708581294	0.8741275702531792	0.9999973175522411	False	0.19047632424031044	0.13452895258985165
ReplogleWeissman2022_K562_gwps	MZF1	ensemble	283	74615	10991490.5	0.5205278971511947	0.47947210284880526	0.0036033298664804106	0.00377847205532858	0.9536473510234975	0.8837610294264637	0.9999973175522411	False	0.1376206547124793	0.12356858159297913
ReplogleWeissman2022_K562_gwps	HMBOX1	ensemble	145	74615	5720325.0	0.5287209976731128	0.47127900232688713	0.0018825603596095996	0.0019395398608881755	0.9706221550649218	0.8843232040796433	0.9999973175522411	False	0.3557344380474606	0.12293266769083501
ReplogleWeissman2022_K562_gwps	XBP1	ensemble	269	74615	10465316.0	0.5214034771305589	0.4785965228694411	0.003305807385663769	0.0035922226376796113	0.9202679563867869	0.8875986875562347	0.9999973175522411	False	0.1858969463146828	0.11923556656806007
ReplogleWeissman2022_K562_gwps	KLF3	ensemble	120	74615	4770059.0	0.532741294199111	0.46725870580088896	0.0014399673516223182	0.0016056733792734327	0.8967996668624496	0.8927806884519611	0.9999973175522411	False	0.0961956766979819	0.11341431790717317
ReplogleWeissman2022_K562_gwps	HMGA2	ensemble	185	74615	7266594.0	0.5264207798229108	0.4735792201770892	0.0024252306494241672	0.0024732620320855616	0.9805797436590686	0.8931245909495373	0.9999973175522411	False	0.15527186197507448	0.11302918829722854
ReplogleWeissman2022_K562_gwps	EZH2	ensemble	196	74615	7690005.0	0.5258288465825249	0.47417115341747496	0.002438439733787933	0.002619935570972183	0.9307250761449442	0.8945298058288255	0.9999973175522411	False	0.1397239124009223	0.11145705537125784
ReplogleWeissman2022_K562_gwps	RAD51D	ensemble	362	74615	14028399.0	0.5193658570718269	0.48063414292817314	0.004608443376342889	0.004828147298504875	0.9544951906852509	0.8985577942795859	0.9999973175522411	False	0.17175425283887644	0.1069642517558379
ReplogleWeissman2022_K562_gwps	HOXB7	ensemble	266	74615	10372118.5	0.5225883092103374	0.4774116907896626	0.0033741705522132627	0.0035523029874066853	0.9498543801514335	0.8986534575685059	0.9999973175522411	False	0.12712264068968399	0.1068577942774397
ReplogleWeissman2022_K562_gwps	FOS	ensemble	400	74615	15478075.0	0.5185979695771628	0.4814020304228372	0.005308423822176518	0.005332266879957342	0.9955285325514288	0.9006139571261651	0.9999973175522411	False	0.10992280596625018	0.10467857364851507
ReplogleWeissman2022_K562_gwps	E2F5	ensemble	52	74615	2139720.0	0.5514770694694302	0.4485229305305697	0.0005925543972100096	0.0006964254623863286	0.8508511380092266	0.9006813344263169	0.9999973175522411	False	0.43401164226748656	0.10460376381528091
ReplogleWeissman2022_K562_gwps	LITAF	ensemble	371	74615	14376054.0	0.5193254935081848	0.4806745064918152	0.004781076451982549	0.004947590216840477	0.966344471235481	0.9008237770571558	0.9999973175522411	False	0.04044626827341293	0.10444562645532816
ReplogleWeissman2022_K562_gwps	AP1	ensemble	402	74615	15557033.0	0.5186502320535632	0.4813497679464368	0.005130470028163825	0.005358785341989149	0.9573942042357355	0.9017988102933884	0.9999973175522411	False	0.1549434030122503	0.10336383225374317
ReplogleWeissman2022_K562_gwps	PGR	ensemble	143	74615	5673119.0	0.5316914941923319	0.46830850580766814	0.001812711797016651	0.0019128387597314	0.9476553043452504	0.9051632176377398	0.9999973175522411	False	0.05560965115463304	0.09964000056256604
ReplogleWeissman2022_K562_gwps	PPARG	ensemble	121	74615	4826674.0	0.5346092309668973	0.4653907690331027	0.001496069719928792	0.0016190323271248128	0.9240517899884148	0.9062003138725151	0.9999973175522411	False	0.07262749965434817	0.098494900387964
ReplogleWeissman2022_K562_gwps	GFI1B	ensemble	40	74615	1671994.0	0.5602070629230047	0.4397929370769953	0.0006253111855742868	0.0005357980041524346	1.1670651639762093	0.9063673052523595	0.9999973175522411	False	0.10093455438210837	0.09831064091145683
ReplogleWeissman2022_K562_gwps	TWIST2	ensemble	230	74615	9012892.0	0.5251824292236379	0.4748175707763621	0.002808073978722836	0.003073017569643931	0.9137838997283072	0.9067385233892131	0.9999973175522411	False	0.10717264286751128	0.09790115776251261
ReplogleWeissman2022_K562_gwps	TWIST1	ensemble	191	74615	7520509.0	0.5277007662019308	0.47229923379806915	0.0023633604293340424	0.0025532711279843863	0.925620629721269	0.9073262292915213	0.9999973175522411	False	0.1084001333684112	0.09725321405267412
ReplogleWeissman2022_K562_gwps	ID2	ensemble	319	74615	12416735.0	0.5216636623906586	0.4783363376093413	0.004012311983621909	0.0042570795633490805	0.9425034049552481	0.9094678428375773	0.9999973175522411	False	0.16577248286573762	0.09489563861706178
ReplogleWeissman2022_K562_gwps	HAND2	ensemble	227	74615	8903957.5	0.5256916488488189	0.47430835115118103	0.0029562390142294686	0.0030330563052831296	0.9746733052993917	0.9096920458267126	0.9999973175522411	False	0.14159383312374058	0.09464914792466303
ReplogleWeissman2022_K562_gwps	NKX3-1	ensemble	112	74615	4484017.0	0.5365659193383177	0.46343408066168235	0.0014027572658230673	0.0014987889250204075	0.9359271625282174	0.9097987902063511	0.9999973175522411	False	0.17331868577328008	0.09453181358293726
ReplogleWeissman2022_K562_gwps	NR1I2	ensemble	133	74615	5297316.0	0.5337994184684387	0.46620058153156124	0.001551104630290985	0.0017793118210520683	0.871744127105192	0.9113438620571712	0.9999973175522411	False	0.3529905446965832	0.0928349973345099
ReplogleWeissman2022_K562_gwps	KLF10	ensemble	483	74615	18663452.0	0.5178675517067669	0.4821324482932331	0.006211362510723368	0.006431596047830834	0.965757560725266	0.9124334665832752	0.9999973175522411	False	0.15187159779551532	0.09164010951719385
ReplogleWeissman2022_K562_gwps	TCF7L2	ensemble	184	74615	7264893.0	0.5291578654484324	0.47084213455156765	0.002426578353384961	0.002459925934838701	0.9864436644284874	0.914409017953727	0.9999973175522411	False	0.06759385291428599	0.08947730439604726
ReplogleWeissman2022_K562_gwps	NFKB1	ensemble	318	74615	12395348.0	0.5224027576359483	0.47759724236405166	0.0038878990810107313	0.00424379112006726	0.9161381818785445	0.9163536790004884	0.9999973175522411	False	0.22547810109749788	0.08735287638428722
ReplogleWeissman2022_K562_gwps	POU2F2	ensemble	247	74615	9683338.0	0.5254144283434993	0.4745855716565007	0.003118799696752315	0.003299404237129652	0.9452614692237724	0.9164121808145107	0.9999973175522411	False	0.194909534271286	0.08728903646307862
ReplogleWeissman2022_K562_gwps	MYCN	ensemble	219	74615	8612790.0	0.5270764352901974	0.4729235647098025	0.0028401145019808765	0.002926477269690248	0.970489171877794	0.9171275804720544	0.9999973175522411	False	0.14979301538157236	0.0865086882983408
ReplogleWeissman2022_K562_gwps	TP63	ensemble	149	74615	5928859.0	0.5332841921865576	0.4667158078134423	0.001823329162443676	0.0019929377775399926	0.9148951778586509	0.9201383929089579	0.9999973175522411	False	0.30907558553812986	0.0832311931771147
ReplogleWeissman2022_K562_gwps	MCM5	ensemble	168	74615	6665620.0	0.5317470954072173	0.4682529045927827	0.002046106521946485	0.002246499872965781	0.9107975239924047	0.9248554257768289	0.9999973175522411	False	0.23025345813461742	0.07811785014275831
ReplogleWeissman2022_K562_gwps	SNAI2	ensemble	154	74615	6137363.0	0.5341152113315888	0.4658847886684112	0.001830245785565558	0.0020596771389212107	0.888608098317865	0.9285447685310101	0.9999973175522411	False	0.16891788338584354	0.07413668337864351
ReplogleWeissman2022_K562_gwps	SMAD3	ensemble	146	74615	5830719.0	0.535233284283982	0.464766715716018	0.002120338229846146	0.0019528898757373498	1.0857438794625185	0.9296659126135233	0.9999973175522411	False	0.22734877220758726	0.07292999112363538
ReplogleWeissman2022_K562_gwps	POU2F1	ensemble	240	74615	9464932.0	0.5285427416292524	0.47145725837074764	0.0030024220568958997	0.0032061986507247345	0.9364429294539274	0.9369047064528736	0.9999973175522411	False	0.1748589775975761	0.06517370260621726
ReplogleWeissman2022_K562_gwps	KAT2A	ensemble	104	74615	4218477.0	0.543620972273053	0.45637902772694705	0.001376658028701857	0.001391881582997631	0.9890626081401352	0.9382099671462272	0.9999973175522411	False	0.24589553188660812	0.0637815094539235
ReplogleWeissman2022_K562_gwps	EGR2	ensemble	200	74615	7941655.5	0.5321755344099712	0.4678244655900288	0.0024332567926345474	0.0026732607097507185	0.9102205347047683	0.9422742648524443	0.9999973175522411	False	0.25827889672900567	0.059458895134159966
ReplogleWeissman2022_K562_gwps	CRX	ensemble	254	74615	10023825.0	0.5289000596764177	0.47109994032358227	0.0031676867555402687	0.0033925923947161042	0.9337068492147416	0.9443993996172172	0.9999973175522411	False	0.17253513470066528	0.05720610950031504
ReplogleWeissman2022_K562_gwps	HOXB13	ensemble	187	74615	7451017.0	0.5340080505955527	0.46599194940444727	0.00223612058976911	0.0024999331568674637	0.8944721516358768	0.9461882429474706	0.9999973175522411	False	0.18416115794280066	0.055313741409242695
ReplogleWeissman2022_K562_gwps	YBX3	ensemble	229	74615	9069539.0	0.5307910446844017	0.4692089553155982	0.0028715366065788957	0.003059697504141949	0.938503431365899	0.9464785751070004	0.9999973175522411	False	0.18025570646353217	0.05500694450337682
ReplogleWeissman2022_K562_gwps	FOXA2	ensemble	85	74615	3509284.0	0.5533162784647465	0.4466837215352535	0.0009931623524326869	0.0011378848728246318	0.8728144438437848	0.9556042648676548	0.9999973175522411	False	0.3473563605434144	0.04541140051443221
ReplogleWeissman2022_K562_gwps	ZNF584	ensemble	281	74615	11105008.5	0.5296468967747366	0.4703531032252634	0.0033829104672074475	0.003751869258705405	0.9016600083699964	0.957133306551121	0.9999973175522411	False	0.14851332382441018	0.04381260093834783
ReplogleWeissman2022_K562_gwps	ETV4	ensemble	89	74615	3670160.0	0.5526737627687297	0.44732623723127035	0.001332002565714135	0.0011913686014135788	1.118044041225941	0.9573163052356923	0.9999973175522411	False	0.22912458402175506	0.04362142465039336
ReplogleWeissman2022_K562_gwps	CREBZF	ensemble	273	74615	10803178.5	0.5303502300821875	0.46964976991781254	0.003306053719159923	0.003645443862835167	0.9069001865217887	0.9585392668649232	0.9999973175522411	False	0.16982887520937429	0.04234475034033727
ReplogleWeissman2022_K562_gwps	POU4F2	ensemble	178	74615	7154493.0	0.5386823145329546	0.46131768546704544	0.0023258171217819023	0.002379901862473761	0.9772743819631112	0.9629209787014872	0.9999973175522411	False	0.20645585018451693	0.03778392797407614
ReplogleWeissman2022_K562_gwps	MBD2	ensemble	149	74615	6029837.0	0.5423668792868267	0.4576331207131732	0.0019985410175244822	0.0019929377775399926	1.0028115478805395	0.963247054016414	0.9999973175522411	False	0.1808386872964029	0.037445353859561756
ReplogleWeissman2022_K562_gwps	NR3C1	ensemble	157	74615	6341548.0	0.5413392143363533	0.4586607856636466	0.0020045164214592772	0.002099716471406409	0.9546605214353698	0.9634684657681678	0.9999973175522411	False	0.24135565623476554	0.0372155204975995
ReplogleWeissman2022_K562_gwps	GRHL3	ensemble	115	74615	4706259.0	0.5484686899999709	0.4515313100000291	0.0013764128669370521	0.001538873277131005	0.8944289873583121	0.964001805571604	0.9999973175522411	False	0.3677307916540298	0.036662111373756315
ReplogleWeissman2022_K562_gwps	RFX1	ensemble	181	74615	7275737.0	0.5387313809415034	0.46126861905849664	0.0022054746060288883	0.0024199155035028613	0.9113849648206449	0.9642956432506927	0.9999973175522411	False	0.17561811858315354	0.036357347519463463
ReplogleWeissman2022_K562_gwps	MAZ	ensemble	173	74615	6974875.0	0.5403363470051854	0.4596636529948146	0.002119178362565896	0.0023132053270578166	0.9161220310958279	0.9667999682426407	0.9999973175522411	False	0.15272528649223258	0.03376366300071956
ReplogleWeissman2022_K562_gwps	DNMT1	ensemble	495	74615	19355398.0	0.5240476330686074	0.4759523669313926	0.006291362324817168	0.006590334176541073	0.9546347963980151	0.9676449820176528	0.9999973175522411	False	0.19951673974906073	0.03289001309029352
ReplogleWeissman2022_K562_gwps	HHEX	ensemble	226	74615	9036242.5	0.535862412300547	0.464137587699453	0.0032130149511004104	0.0030197351718977564	1.064005539625247	0.9688931170029077	0.9999973175522411	False	0.1496755854339736	0.03160097554570496
ReplogleWeissman2022_K562_gwps	CBFB	ensemble	153	74615	6206445.5	0.5436574853310173	0.4563425146689826	0.0018951924468701563	0.0020463299807404237	0.9261421494613584	0.9691703035364186	0.9999973175522411	False	0.23083560660059	0.031314930690347444
ReplogleWeissman2022_K562_gwps	DMTF1	ensemble	40	74615	1747102.5	0.5853724117134624	0.41462758828653756	0.0004722250899379302	0.0005357980041524346	0.8813491022329044	0.9696975015060149	0.9999973175522411	False	0.30846023054545735	0.03077111023882625
ReplogleWeissman2022_K562_gwps	POU3F2	ensemble	102	74615	4221685.0	0.5547017171808749	0.4452982828191251	0.0012088542285173293	0.0013651511704163711	0.8855094254130322	0.9720925247749388	0.9999973175522411	False	0.3629710320401772	0.028304288954314177
ReplogleWeissman2022_K562_gwps	HDAC2	ensemble	97	74615	4025186.5	0.5561451188264708	0.4438548811735292	0.0011200840017148031	0.0012983188778241783	0.8627187209908904	0.9722075130440209	0.9999973175522411	False	0.27786090241874906	0.02818600652158314
ReplogleWeissman2022_K562_gwps	NEUROD6	ensemble	29	74615	1305576.0	0.603362086295859	0.39663791370414103	0.00031027580473653	0.00038851079792079737	0.7986285230604672	0.9730607125416288	0.9999973175522411	False	0.6820281146488109	0.027308801474899436
ReplogleWeissman2022_K562_gwps	SREBF1	ensemble	126	74615	5172964.0	0.5502281021412563	0.4497718978587437	0.0015425445010803604	0.0016858217042854658	0.9150104647241843	0.9744972721253594	0.9999973175522411	False	0.4728094780184057	0.025833559294099386
ReplogleWeissman2022_K562_gwps	SIRT1	ensemble	179	74615	7242113.0	0.5422332217861746	0.4577667782138254	0.0021949644296735556	0.0023932400994732196	0.9171517852123124	0.9747089332989068	0.9999973175522411	False	0.2883255973549033	0.025616382503064816
ReplogleWeissman2022_K562_gwps	ARNTL	ensemble	265	74615	10575831.5	0.5348629379241111	0.4651370620758889	0.0032432444017623315	0.0035389957264957265	0.9164307200149562	0.9752005231081475	0.9999973175522411	False	0.19679527987680756	0.02511216440407525
ReplogleWeissman2022_K562_gwps	REST	ensemble	469	74615	18418665.0	0.5263312580986091	0.4736687419013909	0.005946072656970391	0.006246337435405679	0.951929465620394	0.9755337754325151	0.9999973175522411	False	0.16261458971315917	0.024770495804862368
ReplogleWeissman2022_K562_gwps	CEBPD	ensemble	177	74615	7176520.0	0.5433935634183914	0.4566064365816086	0.0020141273942254584	0.002366563268798802	0.8510769269429971	0.9771142426306489	0.9999973175522411	False	0.43847230268468906	0.02315170170715775
ReplogleWeissman2022_K562_gwps	BACH1	ensemble	189	74615	7644681.0	0.5420900304100733	0.4579099695899267	0.002315950705693258	0.0025266028554622746	0.916626331157029	0.9773538698839765	0.9999973175522411	False	0.18178364013696982	0.02290649202274905
ReplogleWeissman2022_K562_gwps	E2F7	ensemble	134	74615	5500745.0	0.5501619757541449	0.44983802424585506	0.0016283435673835073	0.001792666122623714	0.9083362187936552	0.9777671355956016	0.9999973175522411	False	0.2942820519698787	0.022483739961243226
ReplogleWeissman2022_K562_gwps	ELK4	ensemble	120	74615	4970262.0	0.5551008510353146	0.4448991489646854	0.0014667344832115735	0.0016056733792734327	0.913470013356808	0.981656896108823	0.9999973175522411	False	0.2976060575792908	0.01851342464415285
ReplogleWeissman2022_K562_gwps	GTF2H4	ensemble	146	74615	5994130.0	0.5502336652349641	0.44976633476503586	0.0017527665021232614	0.0019528898757373498	0.8975244963372406	0.9821649081437204	0.9999973175522411	False	0.3924541300809433	0.01799605382656743
ReplogleWeissman2022_K562_gwps	TNRC6A	ensemble	370	74615	14693056.5	0.5322115327147827	0.4677884672852173	0.004990117607614921	0.004934320197372808	1.0113080238027157	0.983865005452131	0.9999973175522411	False	0.14678107850608474	0.016266580922402712
ReplogleWeissman2022_K562_gwps	NFIA	ensemble	50	74615	2194253.0	0.5881533203779401	0.4118466796220599	0.0005465474034952113	0.0006696578048617156	0.8161592376393991	0.9845583161407646	0.9999973175522411	False	0.39333075745336166	0.015562148385256729
ReplogleWeissman2022_K562_gwps	FOXN1	ensemble	115	74615	4796215.0	0.5589521864411224	0.4410478135588776	0.0013857460308138812	0.001538873277131005	0.9004939207193159	0.9856753337240658	0.9999973175522411	False	0.3167243292660609	0.01442825474471484
ReplogleWeissman2022_K562_gwps	CLOCK	ensemble	183	74615	7467678.0	0.5469005375133335	0.4530994624866665	0.002126280309877961	0.002446589481002166	0.8690793148538345	0.985922728578751	0.9999973175522411	False	0.2394401709553065	0.014177296031867834
ReplogleWeissman2022_K562_gwps	PBX3	ensemble	172	74615	7067098.0	0.5506637950783012	0.44933620492169885	0.001956487786740501	0.002299864949790739	0.8506968145753596	0.9892491902378561	0.9999973175522411	False	0.2464537041397572	0.010809017278620416
ReplogleWeissman2022_K562_gwps	CCNT1	ensemble	165	74615	6793706.0	0.5518190143748007	0.44818098562519937	0.001914199869425449	0.002206472318801819	0.8675385832462732	0.9893679056273335	0.9999973175522411	False	0.3135340956238273	0.010689018932434157
ReplogleWeissman2022_K562_gwps	GRHL2	ensemble	293	74615	11782537.0	0.5389457462985762	0.46105425370142383	0.0034672422446753604	0.003911464730068885	0.8864306555090167	0.9894107466240997	0.9999973175522411	False	0.2606874278480637	0.01064571848877497
ReplogleWeissman2022_K562_gwps	TBP	ensemble	297	74615	11938871.0	0.5387417926049568	0.4612582073950431	0.0036947904317753016	0.003964651858180265	0.9319331340914188	0.989507447946602	0.9999973175522411	False	0.2662677028024836	0.010547986987953404
ReplogleWeissman2022_K562_gwps	SOX6	ensemble	425	74615	16898674.0	0.5328899803304019	0.4671100196695981	0.005250958373304415	0.0056636460554371	0.9271339207829725	0.9904132150181755	0.9999973175522411	False	0.15982557596428315	0.009633034028772759
ReplogleWeissman2022_K562_gwps	ZNF236	ensemble	80	74615	3466175.5	0.580676723849092	0.419323276150908	0.0008660055084462108	0.0010710221567708682	0.8085785181673714	0.993775114040482	0.9999973175522411	False	0.425909001216023	0.006244341342504606
ReplogleWeissman2022_K562_gwps	ELOA	ensemble	202	74615	8332760.0	0.55285515149384	0.4471448485061601	0.002300234187743436	0.0026999211409171713	0.8519634714079241	0.9953235728684715	0.9999973175522411	False	0.2740726634790532	0.004687395826448096
ReplogleWeissman2022_K562_gwps	THAP11	ensemble	157	74615	6719622.0	0.5736130821870741	0.42638691781292587	0.0018177385048009226	0.002099716471406409	0.8657066463756342	0.9992930666340657	0.9999973175522411	False	0.5502307368388943	0.0007071833611531571
ReplogleWeissman2022_K562_gwps	TAL1	ensemble	404	74615	16631847.0	0.5517380971495259	0.44826190285047396	0.004710264991241213	0.0053853023900611845	0.8746519044008033	0.9998363418873425	0.9999973175522411	False	1.0177263088401662	0.0001636715061077425
ReplogleWeissman2022_K562_gwps	LYL1	ensemble	86	74615	4012303.0	0.6252722113048533	0.3747277886951468	0.0008970962720926532	0.001151256341949907	0.7792324258324801	0.9999711466909362	0.9999973175522411	False	0.9944243387340788	2.8853725328498987e-05
ReplogleWeissman2022_K562_gwps	EGR1	ensemble	373	74615	15813215.0	0.5681790294737292	0.43182097052627083	0.00553145276303733	0.004974129194004374	1.1120444498515905	0.9999973175522411	0.9999973175522411	False	0.947831377124875	2.6824513566865514e-06
ReplogleWeissman2022_rpe1	RUVBL1	causalpath	111	11413	179424.0	0.14163080981621243	0.8583691901837877	0.08780550526597389	0.009632072197153766	9.11595173590165	4.992583867410388e-39	4.4433996419952455e-37	True	-3.188666342296772	88.19286504192095
ReplogleWeissman2022_rpe1	ELL	causalpath	164	11413	497635.5	0.26586899192833163	0.7341310080716683	0.039103072636429315	0.014166018830439666	2.7603431214142815	3.1008446771787557e-25	1.3798758813445464e-23	True	-1.3761156895108837	56.432952773965745
ReplogleWeissman2022_rpe1	ATR	causalpath	155	11413	463170.0	0.26182367023456554	0.7381763297654345	0.031372569951563414	0.013399031811894882	2.341405736772165	8.553553366466268e-25	2.537554165384993e-23	True	-1.4190144220772276	55.41828052982247
ReplogleWeissman2022_rpe1	MYC	causalpath	86	11413	186499.0	0.1900107792215731	0.8099892207784268	0.03404253739638387	0.0074789112096704065	4.551803924663001	1.6940435844430214e-23	3.7692469753857225e-22	True	-3.685917751813438	52.43233881424928
ReplogleWeissman2022_rpe1	RUVBL2	causalpath	60	11413	109861.0	0.1604325476795467	0.8395674523204533	0.04932217067444195	0.005229669659199861	9.431221069131208	5.0774329901368656e-20	9.037830722443622e-19	True	-2.93890465449973	44.426896042908325
ReplogleWeissman2022_rpe1	NELFE	causalpath	82	11413	220701.5	0.23582596226382838	0.7641740377361717	0.019342214878345317	0.0071335363201391905	2.711448293007066	7.21292120781311e-17	1.0699166458256112e-15	True	-1.6208713675888746	37.16807255107296
ReplogleWeissman2022_rpe1	NELFB	causalpath	145	11413	510961.0	0.30875921891853514	0.6912407810814649	0.02728766536330148	0.012545423083578474	2.175109215648541	1.0867783967749648e-15	1.3817611044710267e-14	True	-1.2346303437424986	34.45555867436764
ReplogleWeissman2022_rpe1	MAX	causalpath	87	11413	253336.0	0.25513958170305895	0.744860418296941	0.01799272149491687	0.007565217391304348	2.3783482435809655	1.6194463982871287e-15	1.801634118094431e-14	True	-1.9456215466142712	34.0566920335216
ReplogleWeissman2022_rpe1	SRF	causalpath	95	11413	303645.0	0.2800546007092558	0.7199453992907442	0.030235707326026078	0.008255126868265555	3.6626581042937696	7.061963084986018e-14	6.675141594529073e-13	True	-1.1585423958399144	30.281468231698813
ReplogleWeissman2022_rpe1	POLR2I	causalpath	142	11413	518644.5	0.32002331169175746	0.6799766883082425	0.024971653331951907	0.012289052358286456	2.0320243257091852	7.500159094976486e-14	6.675141594529073e-13	True	-1.1423586348960522	30.221267068935827
ReplogleWeissman2022_rpe1	MNAT1	causalpath	73	11413	219477.5	0.2634312709971446	0.7365687290028554	0.012660390867007395	0.0063555632944454115	1.9920171164170815	1.4475917953635704e-12	1.1712333617032525e-11	True	-1.4078333219870345	27.261119770988216
ReplogleWeissman2022_rpe1	NELFCD	causalpath	104	11413	379385.0	0.31962960591498224	0.6803703940850176	0.023898270710272087	0.009030129373968916	2.6465036900981116	1.1279293751972301e-10	8.365476199379457e-10	True	-0.9979618465481027	22.90546738946547
ReplogleWeissman2022_rpe1	CLOCK	causalpath	715	11413	3512181.0	0.43039877847553304	0.5696012215244669	0.07196420751932135	0.05895448548812665	1.2206739983137473	2.002244803582798e-10	1.3707675962989926e-09	True	-0.3599137430873725	22.33158197701107
ReplogleWeissman2022_rpe1	CCNH	causalpath	62	11413	199643.5	0.28213935438648063	0.7178606456135194	0.01167342854963083	0.0054030501089324615	2.1605256872099	1.5229844182059543e-09	9.681829515737853e-09	True	-1.2820823990669845	20.302593994073277
ReplogleWeissman2022_rpe1	GTF2F2	causalpath	61	11413	195771.5	0.2812029135598893	0.7187970864401108	0.013530130498862918	0.005316367439428272	2.5449953662943137	1.7451487416719197e-09	1.0354549200586723e-08	True	-1.358965239817104	20.16642604614417
ReplogleWeissman2022_rpe1	GTF2H4	causalpath	56	11413	176935.0	0.2768381294513775	0.7231618705486225	0.011697911376016855	0.0048827273519923275	2.395774028063166	3.880491565881821e-09	2.158523433521763e-08	True	-1.3990998651955318	19.36730399909843
ReplogleWeissman2022_rpe1	NELFA	causalpath	52	11413	163397.5	0.27532284372072335	0.7246771562792765	0.010515324959625509	0.00453554295682512	2.3184269358097396	1.0577315438324964e-08	5.537535729476011e-08	True	-1.3183433241027904	18.364554182002273
ReplogleWeissman2022_rpe1	TRRAP	causalpath	16	11413	21129.0	0.11570686935950232	0.8842931306404976	0.008656571877722483	0.0013999475019686762	6.183497499405641	5.162118542499564e-08	2.552380834902562e-07	True	-2.2044028991342435	16.779333678467943
ReplogleWeissman2022_rpe1	POLR2K	causalpath	20	11413	43979.5	0.19267282922982565	0.8073271707701744	0.006062931201778459	0.0017493221376716523	3.4658746214966563	9.723212859771336e-07	4.554557602734995e-06	True	-1.8840016014096002	13.843579545973917
ReplogleWeissman2022_rpe1	POLR2E	causalpath	82	11413	326098.0	0.3484451833916394	0.6515548166083606	0.010901056416795262	0.0071335363201391905	1.528141994037336	1.0725084184616748e-06	4.772662462154453e-06	True	-0.9454807001811389	13.745510336793531
ReplogleWeissman2022_rpe1	NRF1	causalpath	53	11413	195213.0	0.3227253264648555	0.6772746735351445	0.009149306529721951	0.004622361765218908	1.9793575220715451	4.095357927157935e-06	1.735651692938363e-05	True	-0.8289377342937418	12.405656438579541
ReplogleWeissman2022_rpe1	GTF2H2	causalpath	46	11413	169054.5	0.3220097981325643	0.6779902018674356	0.007346554546511708	0.004014311894580679	1.8300906206190797	1.4982369693052763e-05	6.061049557644073e-05	True	-0.9518006805711172	11.10863640192853
ReplogleWeissman2022_rpe1	CHEK1	causalpath	55	11413	215162.0	0.34277020622416227	0.6572297937758377	0.026410171758782287	0.004795953958841995	5.506760904176641	2.7704004118677117e-05	0.0001072024507200984	True	-0.9664286523806468	10.493933602196927
ReplogleWeissman2022_rpe1	SUPT4H1	causalpath	16	11413	39783.0	0.21786011565758345	0.7821398843424165	0.0054076999147316335	0.0013999475019686762	3.86278764534174	4.6440378399673875e-05	0.00017221640323212395	True	-1.8052979180431445	9.977341253026653
ReplogleWeissman2022_rpe1	HDAC3	causalpath	59	11413	239366.0	0.355476285591661	0.644523714408339	0.010568259736277136	0.005142956764295677	2.054899588043581	6.267045648496695e-05	0.0002162634180681417	True	-0.7298866756977223	9.677620409807083
ReplogleWeissman2022_rpe1	TFDP1	causalpath	167	11413	788574.0	0.4137387190046438	0.5862612809953561	0.017770464670715143	0.014421416234887737	1.2322274304603673	6.317807718844589e-05	0.0002162634180681417	True	-0.6168842625278519	9.669553196917875
ReplogleWeissman2022_rpe1	POLR2C	causalpath	18	11413	51154.0	0.24900454647234635	0.7509954535276536	0.004273194736479318	0.0015746653836059838	2.7137160573719488	0.00011318256581664575	0.00037308327250672115	True	-1.5487247392732795	9.086508416276736
ReplogleWeissman2022_rpe1	SUPT16H	causalpath	29	11413	100430.5	0.3034364925659487	0.6965635074340514	0.005229565816987263	0.0025345219367243488	2.0633342095851126	0.00012422490261965478	0.0003948577261839027	True	-1.202132421695893	8.993416904379156
ReplogleWeissman2022_rpe1	GTF2H3	causalpath	66	11413	280918.0	0.37293729372937295	0.6270627062706271	0.010876339066397542	0.005749629758689781	1.8916590324723848	0.00018039450994147594	0.0005536245305100468	True	-0.8094700647541824	8.620364383495753
ReplogleWeissman2022_rpe1	ELOB	causalpath	132	11413	621957.5	0.41284493493597146	0.5871550650640286	0.015422173813337318	0.011433521004763967	1.3488560354165102	0.00027984834707933274	0.0008302167630020204	True	-0.5929539768779282	8.181262719096617
ReplogleWeissman2022_rpe1	ERCC2	causalpath	94	11413	429636.0	0.4004727718111672	0.5995272281888328	0.0135281924833436	0.00816894064482489	1.6560522436790936	0.0004360245761672652	0.0012518124928673096	True	-0.5835092526137047	7.737811948847707
ReplogleWeissman2022_rpe1	NF1	causalpath	63	11413	272536.5	0.3790393577916578	0.6209606422083422	0.029193658036335834	0.0054897176716626	5.317879676587143	0.0004540648006018341	0.001262867726673851	True	-0.5636975762485645	7.697270637505096
ReplogleWeissman2022_rpe1	MYBL2	causalpath	888	11413	4739400.0	0.467638847118388	0.5323611528816119	0.07761155760333222	0.07218925290626778	1.0751123536921054	0.0006461668400010301	0.0017426923866694446	True	-0.2783916377048956	7.344452821271196
ReplogleWeissman2022_rpe1	ERCC3	causalpath	23	11413	81084.5	0.3088945100743241	0.6911054899256761	0.00476496074672395	0.0020111927247289264	2.3692213521536996	0.0007540631378660289	0.0019738711550022522	True	-1.1952558321603801	7.190034456239234
ReplogleWeissman2022_rpe1	CDK12	causalpath	64	11413	282356.5	0.3865609666608254	0.6134390333391746	0.007437644768207002	0.005576370131567482	1.3337788906986214	0.0008553201836607963	0.002174957038451739	True	-0.8443839098115362	7.06403467531528
ReplogleWeissman2022_rpe1	POLR2B	causalpath	23	11413	82002.0	0.3123897614848057	0.6876102385151943	0.005076608515652661	0.0020111927247289264	2.5241780428262532	0.0009194508722118743	0.002243288294923568	True	-1.2552457613912313	6.991733944154365
ReplogleWeissman2022_rpe1	POLR2F	causalpath	77	11413	349167.0	0.3973220330882646	0.6026779669117355	0.010642182220126683	0.0067014795474325504	1.5880347234968257	0.0009326029990131689	0.002243288294923568	True	-0.5934359582438524	6.977530957840164
ReplogleWeissman2022_rpe1	YY1	causalpath	86	11413	396604.0	0.40407205980939725	0.5959279401906027	0.011883178417432923	0.0074789112096704065	1.5888914956053626	0.0010704135664871947	0.002507021247825272	True	-0.5562190117157406	6.839710194448659
ReplogleWeissman2022_rpe1	GTF2H1	causalpath	19	11413	66382.0	0.306123672451083	0.693876327548917	0.004024168969606745	0.001662001399580126	2.4212789295023325	0.0017148663677005959	0.00391341299295777	True	-1.1687333732579464	6.368420121108239
ReplogleWeissman2022_rpe1	SUPT5H	causalpath	7	11413	16025.5	0.2005920566772227	0.7994079433227772	0.0022989838473915646	0.0006129597197898424	3.7506279338873814	0.003030405890842321	0.006742653107124164	True	-1.8710876857650527	5.799058711058644
ReplogleWeissman2022_rpe1	CTDP1	causalpath	21	11413	79912.0	0.3334209527147405	0.6665790472852595	0.004498657386661158	0.0018366276018891028	2.4494118361468415	0.004107335379238166	0.008915923140297483	True	-1.1436541626893444	5.494980786947742
ReplogleWeissman2022_rpe1	POLR2H	causalpath	15	11413	52659.0	0.3075966003680014	0.6924033996319986	0.002905745233934207	0.001312565628281414	2.213790435560008	0.004928480524619825	0.0104436849212182	True	-0.9388052497079487	5.312724548450269
ReplogleWeissman2022_rpe1	GABPA	causalpath	67	11413	314774.5	0.4116469697425429	0.5883530302574571	0.008093425028343775	0.0058362369337979095	1.3867540197818886	0.006248385963258544	0.012932705830930473	True	-0.46119033491019235	5.075432094463669
ReplogleWeissman2022_rpe1	CDC6	causalpath	84	11413	411568.5	0.4293021116270919	0.570697888372908	0.008904224602247303	0.007306253805340524	1.2187127410956815	0.012657501121942945	0.025602672723930048	True	-0.3536111199255281	4.369505265481624
ReplogleWeissman2022_rpe1	CDK7	causalpath	3	11413	5297.5	0.15472122433482285	0.8452787756651772	0.0009986049549116042	0.0002627890679747723	3.8000247217569574	0.01912087335282214	0.037108751215820725	True	-1.9471422791953545	3.956974694953208
ReplogleWeissman2022_rpe1	CDK9	causalpath	27	11413	118595.0	0.38486001992529634	0.6151399800747037	0.0038960805820210842	0.00236013986013986	1.6507837725304149	0.01917980399918824	0.037108751215820725	True	-0.6870074395038454	3.953897428599485
ReplogleWeissman2022_rpe1	DNMT1	causalpath	112	11413	578273.0	0.45239216557559675	0.5476078344244032	0.015415421879559597	0.009718004338394794	1.5862744389457533	0.04121643562900699	0.07804814406343877	True	-0.28290969298635593	3.1889181791411447
ReplogleWeissman2022_rpe1	TGS1	causalpath	63	11413	314293.0	0.43711362286671146	0.5628863771332886	0.008062710103069422	0.0054897176716626	1.4686930340130901	0.0423320218033869	0.07849062376044655	True	-0.3513800300889044	3.162211462693934
ReplogleWeissman2022_rpe1	KAT5	causalpath	33	11413	156797.0	0.4163168529242305	0.5836831470757695	0.00707570843258435	0.0028831032675170364	2.4541987490715296	0.04817901409819268	0.08750882152528874	True	-0.7064467853532728	3.032831744889946
ReplogleWeissman2022_rpe1	GABPB1	causalpath	48	11413	236615.0	0.4319179152428517	0.5680820847571483	0.004953220328455785	0.004188116220225111	1.1826845455089947	0.05150250462124774	0.09140724274073256	True	-0.38671366471020385	2.966124839072727
ReplogleWeissman2022_rpe1	HSF1	causalpath	19	11413	85106.0	0.39247026705465143	0.6075297329453485	0.009012326005520849	0.001662001399580126	5.4225742576375975	0.05237943123345348	0.09140724274073256	True	-0.8593087625281821	2.949241298429385
ReplogleWeissman2022_rpe1	STAT5A	causalpath	95	11413	493489.0	0.455149483276227	0.544850516723773	0.008913918898661452	0.008255126868265555	1.0798039861662736	0.06577940384193114	0.11258397965253598	False	-0.044158205165060097	2.72144850117
ReplogleWeissman2022_rpe1	ACTL6A	causalpath	15	11413	68619.0	0.4008236221852274	0.5991763778147726	0.002611862728154003	0.001312565628281414	1.9898911504895966	0.09182177342773434	0.1541912799069501	False	-0.6178566528955565	2.3879058261705532
ReplogleWeissman2022_rpe1	VHL	causalpath	62	11413	319803.0	0.4519506618089728	0.5480493381910272	0.006912114407077441	0.0054030501089324615	1.2792985938905426	0.09560812239722832	0.15757634987691332	False	-0.1322793636180738	2.3474975002197707
ReplogleWeissman2022_rpe1	NFYC	causalpath	116	11413	617938.5	0.4667533544626968	0.5332466455373032	0.013093270573762597	0.010061583832075635	1.3013130728009397	0.10858418750910598	0.1757089579692806	False	-0.15227952632456634	2.220229485130361
ReplogleWeissman2022_rpe1	POLR2A	causalpath	10	11413	45165.0	0.39573293612547095	0.604267063874529	0.0016654459386645551	0.0008754267705506435	1.9024388957365213	0.12669381508130306	0.20135267039707094	False	-0.5279911231767872	2.0659820083058857
ReplogleWeissman2022_rpe1	GTF2F1	causalpath	39	11413	201154.5	0.4519239194171289	0.5480760805828709	0.003959705668372248	0.003405518686692281	1.1627320336974099	0.14946801331174664	0.23337988043413072	False	-0.30340818692204036	1.9006728668245862
ReplogleWeissman2022_rpe1	RAD51	causalpath	22	11413	110439.5	0.43984730331440225	0.5601526966855978	0.002373961762338342	0.0019239177962396153	1.23392057965177	0.16188073008969334	0.2484031892755639	False	-0.26193251582720817	1.82089544891735
ReplogleWeissman2022_rpe1	NFYB	causalpath	79	11413	424253.0	0.4705415875966447	0.5294584124033552	0.00936664953022832	0.006874347372084928	1.3625510936884033	0.18304179136250898	0.27611388866547965	False	-0.1819322903792945	1.6980407841115996
ReplogleWeissman2022_rpe1	CCND1	causalpath	60	11413	321916.0	0.47010134641782764	0.5298986535821724	0.00662382093828834	0.005229669659199861	1.2665849604163688	0.21181961458568815	0.3141990949687708	False	-0.2635218998149289	1.5520202411051962
ReplogleWeissman2022_rpe1	POLR2G	causalpath	8	11413	39184.0	0.42915973013230524	0.5708402698676946	0.0013224496178633992	0.0007004640574380527	1.8879621357022351	0.24380691087662654	0.35571827980360265	False	0.4921541388289079	1.4113787158370217
ReplogleWeissman2022_rpe1	STAT5B	causalpath	171	11413	952589.0	0.48810092932907634	0.5118990706709236	0.015031410065389059	0.014761740331491713	1.0182681532015605	0.29632898374937855	0.425375476672495	False	-0.0006907630447378355	1.2162850102551612
ReplogleWeissman2022_rpe1	SSRP1	causalpath	8	11413	42307.0	0.4633641461491282	0.5366358538508718	0.0010154166574580803	0.0007004640574380527	1.4496342056035918	0.35988102182979387	0.5084033482992326	False	-0.5055107405904217	1.0219817970747018
ReplogleWeissman2022_rpe1	ZBTB17	causalpath	279	11413	1574891.0	0.4945913089738891	0.5054086910261109	0.02672850275051068	0.02386247006500171	1.1201062873081393	0.378592890936275	0.5264807389582574	False	-0.040194725867410325	0.971293817624955
ReplogleWeissman2022_rpe1	RBBP4	causalpath	54	11413	303210.0	0.4919828266012442	0.5080171733987557	0.004528260649400535	0.004709165431237464	0.961584534568073	0.41933273057272324	0.570194355333847	False	0.2203823702998644	0.8690905678168322
ReplogleWeissman2022_rpe1	RAD51D	causalpath	123	11413	694920.0	0.49502813436966403	0.5049718656303359	0.010752234530132597	0.010662274618585299	1.008437215769184	0.4246124049826292	0.570194355333847	False	-0.017092901575675667	0.8565785144482082
ReplogleWeissman2022_rpe1	MYB	causalpath	66	11413	372514.0	0.4945370643259016	0.5054629356740984	0.006216909921764083	0.005749629758689781	1.0812713483625744	0.4390916057143635	0.570194355333847	False	0.008133958725176305	0.8230472186221045
ReplogleWeissman2022_rpe1	POLR2L	causalpath	15	11413	83723.0	0.489050497970151	0.5109495020298491	0.0015278712230036354	0.001312565628281414	1.164034155765703	0.44163150296150466	0.570194355333847	False	-0.05235505328494938	0.8172794483356569
ReplogleWeissman2022_rpe1	NANOG	causalpath	72	11413	406780.0	0.4950251662334375	0.5049748337665626	0.006345164871046637	0.006269046582498911	1.0121419242218144	0.44206079233747686	0.570194355333847	False	-0.026073335016529406	0.8163078671370302
ReplogleWeissman2022_rpe1	LIN52	causalpath	27	11413	152300.0	0.4942382143819102	0.5057617856180898	0.0022395053902387265	0.00236013986013986	0.9488867283085567	0.45875175790949385	0.5832700921992136	False	0.3393087769817318	0.779246047665399
ReplogleWeissman2022_rpe1	BTF3	causalpath	109	11413	619061.0	0.4976306593880952	0.5023693406119049	0.013863415225879248	0.009460163166116994	1.4654520204823915	0.4660206978419694	0.5841667902526096	False	-0.0015481753229320844	0.7635252298729597
ReplogleWeissman2022_rpe1	ATF4	causalpath	49	11413	278336.0	0.4977066968029655	0.5022933031970345	0.00419291204485034	0.004274995637759554	0.9807991399607059	0.4778833687404365	0.5853600833535333	False	0.07454341642339338	0.7383885747141158
ReplogleWeissman2022_rpe1	POLR2D	causalpath	74	11413	421095.0	0.49859572180609596	0.501404278193904	0.00646819315783836	0.0064420649429790195	1.0040558757309357	0.4833638026445429	0.5853600833535333	False	0.05325624090814851	0.7269856942683345
ReplogleWeissman2022_rpe1	FOXO1	causalpath	65	11413	370034.0	0.4988023104556882	0.5011976895443119	0.005687670341392486	0.005663007492594529	1.0043550796692762	0.48670388952990407	0.5853600833535333	False	0.009582797280804634	0.7200993705372994
ReplogleWeissman2022_rpe1	SP1	causalpath	190	11413	1085994.0	0.5008111710099747	0.4991888289900252	0.01637861697857559	0.0163750754115315	1.0002162779074346	0.5153250724833781	0.6115190860136087	False	0.06846284213145665	0.6629573687412373
ReplogleWeissman2022_rpe1	GATA1	causalpath	64	11413	371928.5	0.5091897671514939	0.4908102328485061	0.0055900076353813215	0.005576370131567482	1.002445587988616	0.6003283031027726	0.7030160391598259	False	0.07994901297674963	0.5102786015719616
ReplogleWeissman2022_rpe1	E2F6	causalpath	156	11413	901766.0	0.506488327525741	0.493511672474259	0.014132301071324922	0.01348431152217132	1.0480550711163974	0.6098119177483029	0.7048475412934929	False	-0.054009396405350296	0.4946047009188879
ReplogleWeissman2022_rpe1	RBMX	causalpath	27	11413	161753.0	0.5249147333612417	0.4750852666387583	0.020884087300008576	0.00236013986013986	8.848665137485115	0.6729156640265039	0.7678140269020365	False	-0.9461898516564254	0.3961352706719632
ReplogleWeissman2022_rpe1	TNRC6A	causalpath	111	11413	658051.0	0.5194416356249354	0.4805583643750646	0.010042286903218773	0.009632072197153766	1.0425884168711095	0.7599405419221269	0.8561355472287253	False	0.10212326980814854	0.2745150830752147
ReplogleWeissman2022_rpe1	CCNK	causalpath	346	11413	2039471.0	0.5164658595891816	0.4835341404108184	0.028307075282113167	0.029424270771324094	0.9620314978103142	0.8521601806710369	0.9480282009965286	False	0.19831434324215091	0.15998076434119954
ReplogleWeissman2022_rpe1	USF2	causalpath	104	11413	636145.0	0.5359483787044463	0.4640516212955536	0.018603469198310824	0.009030129373968916	2.060155334201401	0.8969142288677499	0.9854983502374042	False	0.09682140710197529	0.108795041486584
ReplogleWeissman2022_rpe1	MED1	causalpath	52	11413	330963.0	0.557668717858852	0.4423312821411481	0.0037747390176518176	0.00453554295682512	0.8322573622572709	0.9246767770431688	0.9960643397298505	False	0.21867968132141358	0.0783110327582795
ReplogleWeissman2022_rpe1	BRCA1	causalpath	14	11413	97996.0	0.6133106357411974	0.3866893642588026	0.0010177173450735479	0.0012251684606633412	0.8306754358682451	0.9289139348042426	0.9960643397298505	False	0.5386201965374228	0.07373918729710978
ReplogleWeissman2022_rpe1	YBX1	causalpath	29	11413	205824.0	0.6218679847844412	0.3781320152155588	0.002053450635906987	0.0025345219367243488	0.8101924888292326	0.9884102733923815	0.9999999441825801	False	0.7385741471384313	0.011657410959354176
ReplogleWeissman2022_rpe1	LIN54	causalpath	161	11413	1015615.0	0.552717751849939	0.44728224815006096	0.012430590702129322	0.013910489027129774	0.8936127750710855	0.9893172449435749	0.9999999441825801	False	0.2907102133339647	0.010740225344687302
ReplogleWeissman2022_rpe1	ETV4	causalpath	71	11413	475713.0	0.5870658984133488	0.4129341015866512	0.004869745472440383	0.006182514803204459	0.7876641831761317	0.9943520524284938	0.9999999441825801	False	0.4241080078281442	0.005663957538151332
ReplogleWeissman2022_rpe1	HMGA1	causalpath	69	11413	473511.5	0.6012867350605781	0.39871326493942194	0.004852696451866968	0.006009406026824595	0.8075168211642976	0.998167523936921	0.9999999441825801	False	0.3350566976189213	0.0018341571012953318
ReplogleWeissman2022_rpe1	NPM1	causalpath	43	11413	331691.0	0.6758734939145283	0.32412650608547167	0.0025688313940298094	0.003753491620111732	0.6843844755815232	0.9999666024352925	0.9999999441825801	False	0.685759970297075	3.339812241863076e-05
ReplogleWeissman2022_rpe1	HDAC7	causalpath	95	11413	713242.0	0.6578297140380084	0.3421702859619916	0.006099418061172402	0.008255126868265555	0.7388642426102315	0.9999999441825801	0.9999999441825801	False	0.853168090020387	5.581742146613612e-08
ReplogleWeissman2022_rpe1	TFAM	collectri	3576	11413	12314344.0	0.3017268466764714	0.6982731533235287	0.42998124965188206	0.23857495496697578	1.8022899751208221	1.3786916818382123e-281	1.0478056781970415e-279	True	-1.0322478445009873	646.7052761384866
ReplogleWeissman2022_rpe1	SRF	collectri	95	11413	148922.0	0.1373521422938754	0.8626478577061246	0.093675974966112	0.008255126868265555	11.347611788526494	1.6892026700759127e-34	6.418970146288468e-33	True	-3.5805918338030347	77.76363653704632
ReplogleWeissman2022_rpe1	MYC	collectri	86	11413	133053.0	0.13555839016706775	0.8644416098329323	0.05402460618207804	0.0074789112096704065	7.223592401019946	9.82432702594277e-32	2.4888295132388354e-30	True	-8.84135092811625	71.39786131648735
ReplogleWeissman2022_rpe1	SFPQ	collectri	112	11413	300759.0	0.23528854939855554	0.7647114506014446	0.0480737395268212	0.009718004338394794	4.946873643273342	2.3005002131532302e-22	4.3709504049911375e-21	True	-1.5489405940037866	49.82374546260045
ReplogleWeissman2022_rpe1	ATF5	collectri	68	11413	244388.0	0.3148989026960999	0.6851010973039001	0.015453220863982405	0.0059228290218622075	2.609094540285029	6.761419700086598e-08	1.027735794413163e-06	True	-0.9547310299167568	16.509447861141805
ReplogleWeissman2022_rpe1	NRF1	collectri	53	11413	177584.0	0.29358113637378097	0.7064188636262191	0.010202952974984981	0.004622361765218908	2.2073029964373165	1.0324771728564154e-07	1.3078044189514595e-06	True	-1.141037188071646	16.08613471396331
ReplogleWeissman2022_rpe1	ZNF143	collectri	29	11413	74239.0	0.22430259504436864	0.7756974049556313	0.007756647955225339	0.0025345219367243488	3.060398824265115	1.4010454390999717e-07	1.5211350481656837e-06	True	-1.613709739791505	15.780876950796086
ReplogleWeissman2022_rpe1	MAX	collectri	87	11413	338924.0	0.34133691062118116	0.6586630893788189	0.015837816289358576	0.007565217391304348	2.0935044520416506	1.6374825587742866e-07	1.5556084308355724e-06	True	-0.8131587397650119	15.62493561361798
ReplogleWeissman2022_rpe1	SRSF2	collectri	40	11413	126689.0	0.27751029527731536	0.7224897047226847	0.009626247314541335	0.0034925347070636514	2.7562352623360478	5.701201954245965e-07	4.814348316918815e-06	True	-1.3423936040932718	14.377418629181633
ReplogleWeissman2022_rpe1	TFDP1	collectri	167	11413	775167.0	0.40670450914520734	0.5932954908547927	0.017368236519919204	0.014421416234887737	1.2043364006027808	1.6912552746750386e-05	0.00012853540087530294	True	-0.6977364102755407	10.987454445669547
ReplogleWeissman2022_rpe1	ZBTB4	collectri	34	11413	128242.0	0.3304848444240572	0.6695151555759428	0.018726949185230768	0.0029702105355114876	6.304923156568724	0.0003145195760181843	0.0021730443433983643	True	-1.3283597742758662	8.064464238870023
ReplogleWeissman2022_rpe1	YY1	collectri	86	11413	393146.0	0.40054894561281607	0.5994510543871839	0.011562777943415276	0.0074789112096704065	1.5460509717596773	0.0007295010650887103	0.004620173412228499	True	-0.6245838201409711	7.223149729976852
ReplogleWeissman2022_rpe1	STAT5A	collectri	95	11413	442514.0	0.408134767831697	0.5918652321683029	0.010971847785179185	0.008255126868265555	1.329094992756232	0.0010050078533491045	0.005875430527271688	True	-0.539005912886186	6.902759923223913
ReplogleWeissman2022_rpe1	GABPA	collectri	67	11413	301296.0	0.3940204349321473	0.6059795650678528	0.00878032524079045	0.0058362369337979095	1.5044497576757367	0.0013672458640161095	0.007422191833230309	True	-0.4710907890209103	6.594956880780469
ReplogleWeissman2022_rpe1	ZBTB17	collectri	279	11413	1438324.0	0.45170272094294783	0.5482972790570522	0.02968107735252825	0.02386247006500171	1.2438392702715424	0.002882103013249333	0.014602655267129954	True	-0.3481993575007873	5.849235038376236
ReplogleWeissman2022_rpe1	HCFC1	collectri	19	11413	71917.0	0.3316485817189078	0.6683514182810922	0.008574745640230823	0.001662001399580126	5.159289061006251	0.005545927197399749	0.02634315418764881	True	-1.1239389898720937	5.194691458921277
ReplogleWeissman2022_rpe1	GTF3A	collectri	37	11413	166174.0	0.39351521853931387	0.6064847814606862	0.004300704255025642	0.0032314410480349344	1.3308936140552325	0.012544727662918212	0.056082311904810826	True	-0.3955214973433477	4.378454808214201
ReplogleWeissman2022_rpe1	SP2	collectri	70	11413	338963.0	0.4242818339988234	0.5757181660011765	0.009871050400359863	0.006095967952625621	1.6192753106761757	0.014345420878877009	0.06056955482192515	True	-0.394122895510839	4.2443244902178305
ReplogleWeissman2022_rpe1	CTCF	collectri	22	11413	97124.0	0.3868156727177143	0.6131843272822857	0.00321142830353618	0.0019239177962396153	1.669212847769828	0.03309424109926267	0.13237696439705068	False	-0.7072984060575164	3.408395996652787
ReplogleWeissman2022_rpe1	ATF4	collectri	49	11413	239216.0	0.4277542437285087	0.5722457562714914	0.00508040149352167	0.004274995637759554	1.1883992228315383	0.04023028383211749	0.1528750785620465	False	-0.21173966229643626	3.213135237809994
ReplogleWeissman2022_rpe1	TBP	collectri	82	11413	422382.0	0.45132743362831856	0.5486725663716814	0.009561373677262695	0.0071335363201391905	1.3403413465870084	0.06409725227158466	0.23197100822097305	False	-0.39843627672880755	2.7473537822522283
ReplogleWeissman2022_rpe1	MEF2A	collectri	24	11413	116460.0	0.4251730482782792	0.5748269517217208	0.0030830392727586356	0.002098452391361371	1.4691966734391881	0.1023211432387024	0.34519809800611295	False	-0.09987784270994529	2.2796389486044775
ReplogleWeissman2022_rpe1	PREB	collectri	20	11413	96108.0	0.4210461754140016	0.5789538245859984	0.002213492714017847	0.0017493221376716523	1.2653431099683023	0.10446784544921839	0.34519809800611295	False	-0.43085241992819656	2.258875953976879
ReplogleWeissman2022_rpe1	HDAC3	collectri	59	11413	306140.0	0.4546406343049184	0.5453593656950816	0.006279452836671915	0.005142956764295677	1.2209810668186476	0.1143422508635461	0.36208379440122934	False	-0.19554985695311167	2.1685591276347544
ReplogleWeissman2022_rpe1	MED1	collectri	52	11413	270924.0	0.45650371708375737	0.5434962829162426	0.0056721888114983215	0.00453554295682512	1.2506085523813126	0.13918202004246377	0.4231133409290898	False	-0.2451731795622224	1.9719727057861216
ReplogleWeissman2022_rpe1	SP1	collectri	190	11413	1050219.0	0.48431336380028317	0.5156866361997168	0.017793645641141644	0.0163750754115315	1.0866298440745605	0.22879361098117168	0.6687813244065018	False	-0.23823324211349478	1.474934943899718
ReplogleWeissman2022_rpe1	ARID3A	collectri	118	11413	652467.0	0.4844809739711034	0.5155190260288965	0.010619177553984387	0.010233284190443153	1.037709630296559	0.28021883231015676	0.7887641205767376	False	-0.06570673529496265	1.2721844370944944
ReplogleWeissman2022_rpe1	HSF1	collectri	19	11413	102272.0	0.4716320723828321	0.5283679276171679	0.0024230967967080216	0.001662001399580126	1.4579390831561108	0.3343486012356339	0.9075176319252921	False	0.56159467006258	1.0955711140242221
ReplogleWeissman2022_rpe1	FOXL2	collectri	80	11413	445478.0	0.4879063348812757	0.5120936651187242	0.009134737086566043	0.006960758722700774	1.3123191666987941	0.35443693182386304	0.9185077223740642	False	-0.10664457580300798	1.0372248562453577
ReplogleWeissman2022_rpe1	NANOG	collectri	72	11413	401803.0	0.4889684764936671	0.511031523506333	0.0063916054108002045	0.006269046582498911	1.0195498353200048	0.37326835082119825	0.9185077223740642	False	-0.13798389926223548	0.9854576788117205
ReplogleWeissman2022_rpe1	HINFP	collectri	10	11413	53844.0	0.4717777972487514	0.5282222027512486	0.0009694808317368977	0.0008754267705506435	1.1074379540930581	0.3786752563561699	0.9185077223740642	False	-0.02785600598067109	0.9710762845872479
ReplogleWeissman2022_rpe1	NFYC	collectri	116	11413	651688.0	0.4922456847454657	0.5077543152545343	0.010283379246763327	0.010061583832075635	1.022043787378745	0.3867400936311849	0.9185077223740642	False	-0.0035425882487535865	0.9500024042560207
ReplogleWeissman2022_rpe1	GATA1	collectri	64	11413	361012.0	0.4942445018838167	0.5057554981161834	0.00551011477040449	0.005576370131567482	0.9881185503114428	0.4368226752652115	0.9747683719290506	False	0.02118666293140163	0.8282279436616294
ReplogleWeissman2022_rpe1	BRD4	collectri	77	11413	435484.0	0.49554335964569907	0.5044566403543009	0.007091461155033566	0.0067014795474325504	1.0581933593679957	0.4463089657035963	0.9747683719290506	False	-0.01884796714250153	0.8067438185870166
ReplogleWeissman2022_rpe1	HHEX	collectri	208	11413	1180819.0	0.49741649198956656	0.5025835080104335	0.018009084807023353	0.017898631787281644	1.0061710314539345	0.4491157307841659	0.9747683719290506	False	0.015473449396807698	0.800474672149036
ReplogleWeissman2022_rpe1	TAF1	collectri	6	11413	33443.0	0.4883758287333158	0.5116241712666841	0.0010142020776913265	0.0005254400560469393	1.9301955875262098	0.46173238670323447	0.9747683719290506	False	0.12466267773809658	0.7727698052903366
ReplogleWeissman2022_rpe1	MYBL2	collectri	888	11413	5062227.0	0.499492340408401	0.5005076595915989	0.07293064019275142	0.07218925290626778	1.0102700506881028	0.4798736389383436	0.985686393494976	False	-0.02630478282520482	0.7342324619489305
ReplogleWeissman2022_rpe1	KLF7	collectri	48	11413	275105.0	0.502177706708724	0.49782229329127603	0.004063080772642282	0.004188116220225111	0.9701451819844416	0.5208668727733944	1.0	False	0.016969327152507735	0.6522607923880887
ReplogleWeissman2022_rpe1	EWSR1	collectri	116	11413	669455.0	0.5056658015511651	0.49433419844883486	0.009525723930906714	0.010061583832075635	0.9467419930984786	0.5832937969967857	1.0	False	0.08147611272645766	0.5390642796065617
ReplogleWeissman2022_rpe1	ZNF236	collectri	100	11413	579292.0	0.5075720669412074	0.49242793305879257	0.008434807979783781	0.008685833405715278	0.9710994427125068	0.6030312056009266	1.0	False	-0.003796089841360574	0.5057863330119989
ReplogleWeissman2022_rpe1	CEBPG	collectri	12	11413	72314.0	0.5280089955898245	0.47199100441017555	0.0018753382107277736	0.001050328227571116	1.7854782547970678	0.6315496631467137	1.0	False	0.24151229374627703	0.4595786971377781
ReplogleWeissman2022_rpe1	MZF1	collectri	119	11413	691546.0	0.5091834683579907	0.49081653164200933	0.013204356976559025	0.010319112036073535	1.2796020559132661	0.6350418007866678	1.0	False	0.07534921211303935	0.4540644542455133
ReplogleWeissman2022_rpe1	STAT5B	collectri	171	11413	992488.0	0.5085449392633721	0.4914550607366279	0.015464486694835541	0.014761740331491713	1.0476059290817246	0.6495865982357756	1.0	False	0.008952486484694738	0.4314191211421671
ReplogleWeissman2022_rpe1	E2F6	collectri	156	11413	907970.0	0.5099728829247799	0.4900271170752201	0.013600797243992137	0.01348431152217132	1.0086386109983656	0.6658809518637602	1.0	False	-0.01772217020907972	0.40664437537491904
ReplogleWeissman2022_rpe1	HMGA1	collectri	69	11413	410068.0	0.5207232535489024	0.47927674645109763	0.005482481448958651	0.006009406026824595	0.9123166956078729	0.7239142326696734	1.0	False	0.10770819450059033	0.32308235677717
ReplogleWeissman2022_rpe1	YBX3	collectri	69	11413	413038.0	0.5244946964877326	0.47550530351226733	0.00563180310929986	0.006009406026824595	0.9371646855214637	0.7588790197740563	1.0	False	0.07034126333568537	0.2759129085281986
ReplogleWeissman2022_rpe1	YBX1	collectri	29	11413	178234.0	0.53850871812845	0.46149128187155	0.002316033589901893	0.0025345219367243488	0.9137950460571538	0.7634538200033579	1.0	False	0.2935869618507174	0.2699026407586665
ReplogleWeissman2022_rpe1	ENO1	collectri	111	11413	658877.0	0.5200936501208121	0.47990634987918784	0.008957492006517395	0.009632072197153766	0.9299652061541123	0.7672412409220165	1.0	False	0.06907382323128138	0.2649540017455454
ReplogleWeissman2022_rpe1	E4F1	collectri	49	11413	296956.0	0.531002061737689	0.468997938262311	0.005250171502121684	0.004274995637759554	1.2281115460677294	0.7734149100504859	1.0	False	0.0034988361933502576	0.2569396214190186
ReplogleWeissman2022_rpe1	KDM5C	collectri	104	11413	619057.5	0.5215522615910332	0.4784477384089668	0.008317119209228998	0.009030129373968916	0.9210409801220227	0.7757491816652695	1.0	False	0.12572707777273845	0.2539260305491191
ReplogleWeissman2022_rpe1	MYB	collectri	66	11413	397435.0	0.527621346205417	0.472378653794583	0.005185550844258254	0.005749629758689781	0.9018930021400076	0.7808539652284681	1.0	False	0.10004767316388022	0.24736713096875326
ReplogleWeissman2022_rpe1	THAP11	collectri	144	11413	853902.0	0.519571979321826	0.480428020678174	0.011913936673441105	0.012459980963917972	0.956176153714992	0.7905942623868513	1.0	False	0.07940847499061549	0.23497038543547474
ReplogleWeissman2022_rpe1	UBTF	collectri	295	11413	1738524.5	0.5163675974617111	0.4836324025382889	0.023646148463772696	0.025196446873932354	0.9384715464876295	0.831839145380824	1.0	False	0.08856098510047235	0.1841161917313426
ReplogleWeissman2022_rpe1	FOXO1	collectri	65	11413	403016.0	0.543261732572168	0.45673826742783197	0.008367244491309505	0.005663007492594529	1.4775266503269306	0.8858548646836294	1.0	False	0.04115348200693891	0.12120215140747244
ReplogleWeissman2022_rpe1	KAT7	collectri	68	11413	420940.0	0.5423897413166616	0.4576102586833384	0.005955153059833225	0.0059228290218622075	1.0054575335286067	0.8863354683796236	1.0	False	0.2630147396184268	0.12065976755760062
ReplogleWeissman2022_rpe1	LMO2	collectri	266	11413	1585578.5	0.5222834862500156	0.47771651374998436	0.022132025679770944	0.02277592259611268	0.9717290523084393	0.8933583646859398	1.0	False	0.0668050518417804	0.11276747436707393
ReplogleWeissman2022_rpe1	KDM2A	collectri	74	11413	459836.5	0.5444674280869848	0.4555325719130153	0.005869449578523414	0.0064420649429790195	0.9111130717364656	0.906713393282147	1.0	False	0.3074742148623131	0.09792887297992395
ReplogleWeissman2022_rpe1	SSRP1	collectri	8	11413	58289.0	0.6384057653552966	0.3615942346447034	0.0012846083926028246	0.0007004640574380527	1.8339390564896074	0.9107134596529732	1.0	False	0.44183676882182854	0.0935269650589505
ReplogleWeissman2022_rpe1	NFYB	collectri	79	11413	494523.0	0.5484784728052732	0.4515215271947268	0.006478598618573437	0.006874347372084928	0.9424310800588094	0.931551501154136	1.0	False	0.2641878751524621	0.07090380205860448
ReplogleWeissman2022_rpe1	SIN3A	collectri	146	11413	902958.5	0.5418949671667372	0.4581050328332627	0.011718253936863465	0.012630850419586469	0.9277486113438684	0.9593166359274933	1.0	False	0.10206339383638932	0.04153408557244655
ReplogleWeissman2022_rpe1	TADA2A	collectri	116	11413	724179.0	0.5470010000694913	0.45299899993050874	0.008916428398930079	0.010061583832075635	0.8861853707867663	0.9594797162096573	1.0	False	0.31888420315905897	0.04136410371650328
ReplogleWeissman2022_rpe1	TFAP4	collectri	24	11413	165453.0	0.6040370629983353	0.3959629370016648	0.005050226410249221	0.002098452391361371	2.406643310584181	0.9611060454589886	1.0	False	0.3915519408279559	0.03967052702702671
ReplogleWeissman2022_rpe1	CXXC1	collectri	88	11413	560697.0	0.5582718670097098	0.44172813299029023	0.009918158529578608	0.007651508564472655	1.296235696007768	0.9703718718059942	1.0	False	0.11596315123148077	0.030075907957488598
ReplogleWeissman2022_rpe1	BCLAF1	collectri	82	11413	524822.5	0.5607880829093054	0.4392119170906946	0.005982273316394427	0.0071335363201391905	0.8386125825848042	0.9714613177196119	1.0	False	0.22937112960716738	0.028953828024154422
ReplogleWeissman2022_rpe1	USF2	collectri	104	11413	663236.0	0.5587723850669615	0.4412276149330386	0.01141350888395972	0.009030129373968916	1.2639363636208085	0.9806227444488802	1.0	False	0.22150211468301584	0.019567455613349962
ReplogleWeissman2022_rpe1	KAT5	collectri	33	11413	228834.0	0.6075846522705368	0.39241534772946324	0.002266628156877324	0.0028831032675170364	0.7861765419278137	0.9837315653392126	1.0	False	0.5761769588288215	0.016402218598442465
ReplogleWeissman2022_rpe1	TBPL1	collectri	106	11413	680630.0	0.5626073544071722	0.4373926455928278	0.008967327034859064	0.009202187689903638	0.9744777369296372	0.9868758676340317	1.0	False	0.20811198986199264	0.013211014799437327
ReplogleWeissman2022_rpe1	BRCA1	collectri	14	11413	108507.0	0.6790940155962499	0.32090598440375007	0.0009341036759364563	0.0012251684606633412	0.7624287646375633	0.9898252420204169	1.0	False	0.7947764388270526	0.01022687464725745
ReplogleWeissman2022_rpe1	ETV4	collectri	71	11413	489692.0	0.6043170439442049	0.39568295605579507	0.005610371950012205	0.006182514803204459	0.9074579080836641	0.9987988075708418	1.0	False	0.4517103473667746	0.0012019144390238736
ReplogleWeissman2022_rpe1	NPM1	collectri	43	11413	315479.0	0.6428389494639936	0.35716105053600644	0.00271870978091442	0.003753491620111732	0.7243148662826883	0.9993991236659403	1.0	False	0.4854803095997652	0.0006010569325926599
ReplogleWeissman2022_rpe1	VHL	collectri	62	11413	438312.0	0.6194294565054564	0.38057054349454356	0.004493746267363611	0.0054030501089324615	0.8317054583547975	0.9994202633820102	1.0	False	0.9179840061350542	0.0005799047302399674
ReplogleWeissman2022_rpe1	CTBP2	collectri	97	11413	666049.5	0.6016375791397222	0.3983624208602778	0.006791314088904073	0.00842745438748914	0.8058559295184111	0.9997226418075145	1.0	False	0.431069841492452	0.0002773966633826457
ReplogleWeissman2022_rpe1	DNMT1	collectri	112	11413	790620.0	0.6185146011440588	0.38148539885594124	0.00832810385500969	0.009718004338394794	0.8569767582945239	0.9999923206721728	1.0	False	0.6745512381143595	7.67935731338139e-06
ReplogleWeissman2022_rpe1	CEBPZ	collectri	50	11413	428873.0	0.751551739244721	0.24844826075527904	0.00286396739493819	0.004361859897060107	0.6565931649635294	0.9999999996077547	1.0	False	1.873933743877571	3.922453473906748e-10
ReplogleWeissman2022_rpe1	HDAC7	collectri	95	11413	764628.0	0.7052234985957841	0.29477650140421585	0.005533296779117683	0.008255126868265555	0.6702860982535399	0.9999999999974035	1.0	False	1.4679821877176538	2.5964785876942245e-12
ReplogleWeissman2022_rpe1	CLOCK	collectri	715	11413	4913573.0	0.6021317856768659	0.3978682143231342	0.047539337278558205	0.05895448548812665	0.8063735419781173	1.0	1.0	False	0.52329168247386	-0.0
ReplogleWeissman2022_rpe1	SRF	dorothea	95	11413	127509.0	0.1176027337246999	0.8823972662753	0.10552303978296651	0.008255126868265555	12.782727808656617	3.916116882292837e-38	1.5272855840942066e-36	True	-5.988759383882577	86.13313296218296
ReplogleWeissman2022_rpe1	MYC	dorothea	86	11413	158014.0	0.16098940620548988	0.8390105937945102	0.03968835964010795	0.0074789112096704065	5.306702877925597	1.004315674351423e-27	1.9584155649852748e-26	True	-5.79589672237649	62.16549112230358
ReplogleWeissman2022_rpe1	NRF1	dorothea	53	11413	135825.0	0.22454532980431122	0.7754546701956888	0.014389334339043642	0.004622361765218908	3.112983160971215	2.099659682475141e-12	2.729557587217683e-11	True	-1.6931466730333	26.889245840295875
ReplogleWeissman2022_rpe1	TFDP1	dorothea	167	11413	678440.0	0.35595504863400335	0.6440449513659966	0.020976575711196856	0.014421416234887737	1.4545433936267043	7.699402724660348e-11	7.50691765654384e-10	True	-1.7569281373930343	23.287293265309362
ReplogleWeissman2022_rpe1	NFYB	dorothea	79	11413	319121.0	0.35393904574729906	0.6460609542527009	0.011828972666616092	0.006874347372084928	1.720741188414584	3.706646519330315e-06	2.8911842850776458e-05	True	-1.0990365988637483	12.505382993257188
ReplogleWeissman2022_rpe1	ATF4	dorothea	49	11413	186347.0	0.3332165074914571	0.6667834925085429	0.010168807409463469	0.004274995637759554	2.378670827087148	2.7250823942112497e-05	0.0001771303556237312	True	-1.1497292978481841	10.510426800904334
ReplogleWeissman2022_rpe1	THAP1	dorothea	148	11413	694953.0	0.4114280538314535	0.5885719461685466	0.016320056419519603	0.012801660755989966	1.274839001797744	0.00010424055204226153	0.0005807687899497428	True	-0.426261655950126	9.168809329284295
ReplogleWeissman2022_rpe1	HSF1	dorothea	19	11413	61583.0	0.2839928613261885	0.7160071386738115	0.004706634410151929	0.001662001399580126	2.8319076093082556	0.0005595262739404791	0.0027276905854598356	True	-1.3924478753376373	7.4884200716357245
ReplogleWeissman2022_rpe1	CTCF	dorothea	22	11413	95823.0	0.38163418111722675	0.6183658188827732	0.0034020329142526277	0.0019239177962396153	1.7682839261126726	0.02735012133607031	0.10311769452874507	False	-1.5540590029558001	3.599034313704598
ReplogleWeissman2022_rpe1	GABPA	dorothea	67	11413	330808.0	0.4326148108140625	0.5673851891859375	0.007346376642139099	0.0058362369337979095	1.2587522962948785	0.02838908554221791	0.10311769452874507	False	-0.5368546671568746	3.5617505195754537
ReplogleWeissman2022_rpe1	ZBTB11	dorothea	15	11413	61407.0	0.35869622360466136	0.6413037763953386	0.001956288380712866	0.001312565628281414	1.490430907652442	0.02908447794400502	0.10311769452874507	False	-0.49475343172167746	3.537550651101286
ReplogleWeissman2022_rpe1	ZNF24	dorothea	49	11413	239674.0	0.42857321672206955	0.5714267832779305	0.005182746515400682	0.004274995637759554	1.2123396032555636	0.04197448150982935	0.13641706490694538	False	-0.3149604121723777	3.1706934284514796
ReplogleWeissman2022_rpe1	GATA1	dorothea	64	11413	322462.0	0.4414675151143433	0.5585324848856568	0.007370993320535244	0.005576370131567482	1.3218264115591094	0.052887205404919736	0.15866161621475922	False	-0.2780315742807026	2.939593833172789
ReplogleWeissman2022_rpe1	YY1	dorothea	86	11413	444572.0	0.45294329803426936	0.5470567019657306	0.008925632439083326	0.0074789112096704065	1.1934400862444088	0.06604130965153883	0.18397221974357245	False	-0.2457336037666586	2.7174748289406123
ReplogleWeissman2022_rpe1	MEF2A	dorothea	24	11413	114555.0	0.41821825987908523	0.5817817401209148	0.003691904492631083	0.002098452391361371	1.7593463200925705	0.0828225256318798	0.2090886224576759	False	0.05108863180695226	2.4910552058952584
ReplogleWeissman2022_rpe1	E2F6	dorothea	156	11413	833567.0	0.46818349295787304	0.5318165070421269	0.014932684079831593	0.01348431152217132	1.1074116802536647	0.08577994767494396	0.2090886224576759	False	-0.18140265087504326	2.4559700098849158
ReplogleWeissman2022_rpe1	SP1	dorothea	190	11413	1026965.0	0.47358967382532385	0.5264103261746761	0.017694360024822324	0.0163750754115315	1.0805666282527022	0.10553233090493969	0.2421035826642734	False	-0.11516507631567527	2.248737918938217
ReplogleWeissman2022_rpe1	TFAP4	dorothea	24	11413	118023.0	0.4308792604924209	0.569120739507579	0.002604153551121367	0.002098452391361371	1.2409876735072947	0.12065790387597408	0.26142545839794384	False	-0.3760546698305747	2.1147959782737913
ReplogleWeissman2022_rpe1	ETV4	dorothea	71	11413	376892.0	0.46511329432831106	0.534886705671689	0.009886370395920193	0.006182514803204459	1.599085600376725	0.15503038520425988	0.3182202643666387	False	-0.2729383880895834	1.864134147699091
ReplogleWeissman2022_rpe1	MYB	dorothea	66	11413	350597.0	0.4654407918667973	0.5345592081332027	0.006663146500847627	0.005749629758689781	1.1588827073216654	0.16609268095119445	0.3223257318631524	False	-0.19718821283977805	1.7952093274445493
ReplogleWeissman2022_rpe1	CEBPG	dorothea	12	11413	57741.0	0.4216025584859371	0.5783974415140629	0.007396662702987751	0.001050328227571116	7.042239281802922	0.17356000946477435	0.3223257318631524	False	-1.0455820611037625	1.7512318635188338
ReplogleWeissman2022_rpe1	MYBL2	dorothea	888	11413	4975779.0	0.49096247522384384	0.5090375247761562	0.07474605273856347	0.07218925290626778	1.0354180120912941	0.18443846403905684	0.3269590953419644	False	-0.11498019203851662	1.6904393993780646
ReplogleWeissman2022_rpe1	CLOCK	dorothea	715	11413	4017013.5	0.49226326989404184	0.5077367301059582	0.059025047260667915	0.05895448548812665	1.0011968855627698	0.24347737363340144	0.3980877337381151	False	-0.04699345357989326	1.4127312622003583
ReplogleWeissman2022_rpe1	ZNF143	dorothea	29	11413	153223.0	0.4629415337017376	0.5370584662982624	0.003756370726310536	0.0025345219367243488	1.4820825465670744	0.24497706691576315	0.3980877337381151	False	-0.16466924484965273	1.4065906772440342
ReplogleWeissman2022_rpe1	SP2	dorothea	70	11413	383205.5	0.4796604123117748	0.5203395876882252	0.006943560719089152	0.006095967952625621	1.139041539104296	0.27838222512808375	0.41766872084924045	False	-0.015095046167248063	1.2787601990828361
ReplogleWeissman2022_rpe1	STAT5A	dorothea	95	11413	523173.0	0.4825273118834939	0.517472688116506	0.012460894145877286	0.008255126868265555	1.5094733666395348	0.27844581389949363	0.41766872084924045	False	-0.2543248303266764	1.2785318026400228
ReplogleWeissman2022_rpe1	HINFP	dorothea	10	11413	51895.0	0.4547007798124945	0.5452992201875055	0.0010669673574142838	0.0008754267705506435	1.2187968123743362	0.30996791094742393	0.4355590517366655	False	-0.24981529500532218	1.171286499933619
ReplogleWeissman2022_rpe1	HMBOX1	dorothea	19	11413	101406.0	0.46763847320922125	0.5323615267907786	0.0030390982333125824	0.001662001399580126	1.8285774212226023	0.3127090627852983	0.4355590517366655	False	-0.4393410156615217	1.1624820325740806
ReplogleWeissman2022_rpe1	ARID3A	dorothea	118	11413	664586.0	0.49347978145647176	0.5065202185435282	0.01060551350564309	0.010233284190443153	1.0363743748607668	0.40358766169835264	0.5427558209046811	False	-0.031180390491496318	0.9073615615885254
ReplogleWeissman2022_rpe1	USF2	dorothea	104	11413	592802.0	0.4994321590089574	0.5005678409910426	0.018731740611894844	0.009030129373968916	2.074360159876855	0.49204015968563053	0.6396522075913197	False	-0.13754068773798825	0.7091949404437009
ReplogleWeissman2022_rpe1	FOXO1	dorothea	65	11413	374879.0	0.5053333243467301	0.49466667565326994	0.005904237261636746	0.005663007492594529	1.0425974659856394	0.5590423157002931	0.703311300397143	False	-0.1202819942606918	0.5815301097648781
ReplogleWeissman2022_rpe1	STAT5B	dorothea	171	11413	990105.0	0.5073239042581482	0.4926760957418518	0.015195390997215695	0.014761740331491713	1.029376662641793	0.6290374440345775	0.7666393849171413	False	0.08120482317833891	0.463564494586768
ReplogleWeissman2022_rpe1	FOXL2	dorothea	80	11413	471342.5	0.5162342285113467	0.4837657714886533	0.006885262041257341	0.006960758722700774	0.9891539580021328	0.6920525962845049	0.8178803410635058	False	-0.05512430277012498	0.3680933200613107
ReplogleWeissman2022_rpe1	ZC3H8	dorothea	4	11413	26940.5	0.5901274861999475	0.4098725138000526	0.0003610047456243871	0.00035035473416834546	1.030397795198407	0.7352532185905354	0.8433786919126729	False	1.2618635429701488	0.3075403240118332
ReplogleWeissman2022_rpe1	THAP11	dorothea	144	11413	879151.0	0.5349351859964757	0.4650648140035243	0.011630467002950562	0.012459980963917972	0.9334257441187475	0.9255042450547776	0.9999840789178065	False	0.366030322319805	0.07741656021003049
ReplogleWeissman2022_rpe1	NANOG	dorothea	72	11413	456511.0	0.5555446031328797	0.4444553968671203	0.005461428729278227	0.006269046582498911	0.8711737354966728	0.9481837313247098	0.9999840789178065	False	0.3304007007881022	0.053206986091482666
ReplogleWeissman2022_rpe1	SNAPC4	dorothea	85	11413	560363.0	0.5776312873348761	0.4223687126651239	0.0059895851577872325	0.007392590015654897	0.8102147075792658	0.9932457091032513	0.9999840789178065	False	0.2987504642986989	0.006777204353894586
ReplogleWeissman2022_rpe1	MAX	dorothea	87	11413	583921.0	0.5880781242603967	0.41192187573960326	0.006228269279587177	0.007565217391304348	0.8232769737385348	0.9977087079041589	0.9999840789178065	False	0.509578278968859	0.0022939211222547133
ReplogleWeissman2022_rpe1	TBP	dorothea	82	11413	592490.0	0.6330927718284455	0.36690722817155447	0.005275797235741589	0.0071335363201391905	0.7395766978640191	0.9999840789178065	0.9999840789178065	False	0.7676394508412863	1.592120893527843e-05
ReplogleWeissman2022_rpe1	TFAM	ensemble	3576	11413	12314344.0	0.3017268466764714	0.6982731533235287	0.42998124965188206	0.23857495496697578	1.8022899751208221	1.3786916818382123e-281	1.916381437755115e-279	True	-1.0322478445009873	646.7052761384866
ReplogleWeissman2022_rpe1	RUVBL1	ensemble	111	11413	179424.0	0.14163080981621243	0.8583691901837877	0.08780550526597389	0.009632072197153766	9.11595173590165	4.992583867410388e-39	3.4698457878502198e-37	True	-3.188666342296772	88.19286504192095
ReplogleWeissman2022_rpe1	SRF	ensemble	95	11413	148496.0	0.1369592385414601	0.8630407614585399	0.07493934477979898	0.008255126868265555	9.077915576062386	1.4362305610212235e-34	6.654534932731669e-33	True	-5.591788086316406	77.92587114624533
ReplogleWeissman2022_rpe1	MYC	ensemble	86	11413	141502.0	0.14416648497531376	0.8558335150246863	0.04918134728212488	0.0074789112096704065	6.576003632525046	2.4069040196310115e-30	8.363991468217764e-29	True	-8.862590082587944	68.19921150733231
ReplogleWeissman2022_rpe1	ELL	ensemble	164	11413	497635.5	0.26586899192833163	0.7341310080716683	0.039103072636429315	0.014166018830439666	2.7603431214142815	3.1008446771787557e-25	8.620348202556941e-24	True	-1.3761156895108837	56.432952773965745
ReplogleWeissman2022_rpe1	ATR	ensemble	155	11413	463170.0	0.26182367023456554	0.7381763297654345	0.031372569951563414	0.013399031811894882	2.341405736772165	8.553553366466268e-25	1.9815731965646854e-23	True	-1.4190144220772276	55.41828052982247
ReplogleWeissman2022_rpe1	SFPQ	ensemble	112	11413	300759.0	0.23528854939855554	0.7647114506014446	0.0480737395268212	0.009718004338394794	4.946873643273342	2.3005002131532302e-22	4.568136137547129e-21	True	-1.5489405940037866	49.82374546260045
ReplogleWeissman2022_rpe1	RUVBL2	ensemble	60	11413	109861.0	0.1604325476795467	0.8395674523204533	0.04932217067444195	0.005229669659199861	9.431221069131208	5.0774329901368656e-20	8.822039820362804e-19	True	-2.93890465449973	44.426896042908325
ReplogleWeissman2022_rpe1	NELFE	ensemble	82	11413	220701.5	0.23582596226382838	0.7641740377361717	0.019342214878345317	0.0071335363201391905	2.711448293007066	7.21292120781311e-17	1.113995608762247e-15	True	-1.6208713675888746	37.16807255107296
ReplogleWeissman2022_rpe1	NELFB	ensemble	145	11413	510961.0	0.30875921891853514	0.6912407810814649	0.02728766536330148	0.012545423083578474	2.175109215648541	1.0867783967749648e-15	1.510621971517201e-14	True	-1.2346303437424986	34.45555867436764
ReplogleWeissman2022_rpe1	POLR2I	ensemble	142	11413	518644.5	0.32002331169175746	0.6799766883082425	0.024971653331951907	0.012289052358286456	2.0320243257091852	7.500159094976486e-14	9.477473765470289e-13	True	-1.1423586348960522	30.221267068935827
ReplogleWeissman2022_rpe1	NRF1	ensemble	53	11413	128121.0	0.21180910877863543	0.7881908912213647	0.01554860736453232	0.004622361765218908	3.363779849843916	2.072444114410416e-13	2.400581099192065e-12	True	-2.1532888847327074	29.204877566561425
ReplogleWeissman2022_rpe1	MNAT1	ensemble	73	11413	219477.5	0.2634312709971446	0.7365687290028554	0.012660390867007395	0.0063555632944454115	1.9920171164170815	1.4475917953635704e-12	1.5478096888887405e-11	True	-1.4078333219870345	27.261119770988216
ReplogleWeissman2022_rpe1	MAX	ensemble	87	11413	294548.0	0.29664498338756673	0.7033550166124333	0.015612430957099136	0.007565217391304348	2.063712138007357	2.966823791675795e-11	2.945632193163825e-10	True	-1.4174404620359538	24.24094407278081
ReplogleWeissman2022_rpe1	TFDP1	ensemble	167	11413	679055.0	0.3562777188110417	0.6437222811889582	0.020616478635957124	0.014421416234887737	1.4295737880502006	8.45685061319974e-11	7.83668156823176e-10	True	-1.6642472028033355	23.193459186568575
ReplogleWeissman2022_rpe1	NELFCD	ensemble	104	11413	379385.0	0.31962960591498224	0.6803703940850176	0.023898270710272087	0.009030129373968916	2.6465036900981116	1.1279293751972301e-10	9.798886447025935e-10	True	-0.9979618465481027	22.90546738946547
ReplogleWeissman2022_rpe1	CCNH	ensemble	62	11413	199643.5	0.28213935438648063	0.7178606456135194	0.01167342854963083	0.0054030501089324615	2.1605256872099	1.5229844182059543e-09	1.2452637301801627e-08	True	-1.2820823990669845	20.302593994073277
ReplogleWeissman2022_rpe1	GTF2F2	ensemble	61	11413	195771.5	0.2812029135598893	0.7187970864401108	0.013530130498862918	0.005316367439428272	2.5449953662943137	1.7451487416719197e-09	1.3476426394022046e-08	True	-1.358965239817104	20.16642604614417
ReplogleWeissman2022_rpe1	GTF2H4	ensemble	56	11413	176935.0	0.2768381294513775	0.7231618705486225	0.011697911376016855	0.0048827273519923275	2.395774028063166	3.880491565881821e-09	2.8388859350398583e-08	True	-1.3990998651955318	19.36730399909843
ReplogleWeissman2022_rpe1	NELFA	ensemble	52	11413	163397.5	0.27532284372072335	0.7246771562792765	0.010515324959625509	0.00453554295682512	2.3184269358097396	1.0577315438324964e-08	7.351234229635851e-08	True	-1.3183433241027904	18.364554182002273
ReplogleWeissman2022_rpe1	TRRAP	ensemble	16	11413	21129.0	0.11570686935950232	0.8842931306404976	0.008656571877722483	0.0013999475019686762	6.183497499405641	5.162118542499564e-08	3.4168308447973303e-07	True	-2.2044028991342435	16.779333678467943
ReplogleWeissman2022_rpe1	ATF5	ensemble	68	11413	244388.0	0.3148989026960999	0.6851010973039001	0.015453220863982405	0.0059228290218622075	2.609094540285029	6.761419700086598e-08	4.271987901418351e-07	True	-0.9547310299167568	16.509447861141805
ReplogleWeissman2022_rpe1	SRSF2	ensemble	40	11413	126689.0	0.27751029527731536	0.7224897047226847	0.009626247314541335	0.0034925347070636514	2.7562352623360478	5.701201954245965e-07	3.445509007131257e-06	True	-1.3423936040932718	14.377418629181633
ReplogleWeissman2022_rpe1	POLR2K	ensemble	20	11413	43979.5	0.19267282922982565	0.8073271707701744	0.006062931201778459	0.0017493221376716523	3.4658746214966563	9.723212859771336e-07	5.631360781284232e-06	True	-1.8840016014096002	13.843579545973917
ReplogleWeissman2022_rpe1	POLR2E	ensemble	82	11413	326098.0	0.3484451833916394	0.6515548166083606	0.010901056416795262	0.0071335363201391905	1.528141994037336	1.0725084184616748e-06	5.963146806646912e-06	True	-0.9454807001811389	13.745510336793531
ReplogleWeissman2022_rpe1	THAP1	ensemble	148	11413	666360.0	0.39450034455729716	0.6054996554427028	0.017405953174219915	0.012801660755989966	1.3596636800483544	4.99758277336167e-06	2.6717846365279695e-05	True	-0.5527949932951125	12.20655620775521
ReplogleWeissman2022_rpe1	GTF2H2	ensemble	46	11413	169054.5	0.3220097981325643	0.6779902018674356	0.007346554546511708	0.004014311894580679	1.8300906206190797	1.4982369693052763e-05	7.713145879016052e-05	True	-0.9518006805711172	11.10863640192853
ReplogleWeissman2022_rpe1	CHEK1	ensemble	55	11413	215162.0	0.34277020622416227	0.6572297937758377	0.026410171758782287	0.004795953958841995	5.506760904176641	2.7704004118677117e-05	0.0001375305918748614	True	-0.9664286523806468	10.493933602196927
ReplogleWeissman2022_rpe1	SUPT4H1	ensemble	16	11413	39783.0	0.21786011565758345	0.7821398843424165	0.0054076999147316335	0.0013999475019686762	3.86278764534174	4.6440378399673875e-05	0.0002225935378467127	True	-1.8052979180431445	9.977341253026653
ReplogleWeissman2022_rpe1	POLR2C	ensemble	18	11413	51154.0	0.24900454647234635	0.7509954535276536	0.004273194736479318	0.0015746653836059838	2.7137160573719488	0.00011318256581664575	0.0005244125549504587	True	-1.5487247392732795	9.086508416276736
ReplogleWeissman2022_rpe1	SUPT16H	ensemble	29	11413	100430.5	0.3034364925659487	0.6965635074340514	0.005229565816987263	0.0025345219367243488	2.0633342095851126	0.00012422490261965478	0.0005570084343268391	True	-1.202132421695893	8.993416904379156
ReplogleWeissman2022_rpe1	GTF2H3	ensemble	66	11413	280918.0	0.37293729372937295	0.6270627062706271	0.010876339066397542	0.005749629758689781	1.8916590324723848	0.00018039450994147594	0.000783588652558286	True	-0.8094700647541824	8.620364383495753
ReplogleWeissman2022_rpe1	YY1	ensemble	86	11413	384677.0	0.3919204742042428	0.6080795257957572	0.010785148828877184	0.0074789112096704065	1.4420747253867294	0.0002712395178960651	0.001142493726895547	True	-0.5913053562107009	8.212508297557434
ReplogleWeissman2022_rpe1	ELOB	ensemble	132	11413	621957.5	0.41284493493597146	0.5871550650640286	0.015422173813337318	0.011433521004763967	1.3488560354165102	0.00027984834707933274	0.0011440858895302134	True	-0.5929539768779282	8.181262719096617
ReplogleWeissman2022_rpe1	ATF4	ensemble	49	11413	200308.0	0.3581808785899359	0.641819121410064	0.007109893320340597	0.004274995637759554	1.6631346375049778	0.0003002360894615227	0.001192366183861476	True	-0.8730344011043933	8.110941427930822
ReplogleWeissman2022_rpe1	ZBTB4	ensemble	34	11413	128242.0	0.3304848444240572	0.6695151555759428	0.018726949185230768	0.0029702105355114876	6.304923156568724	0.0003145195760181843	0.0012143950296257672	True	-1.3283597742758662	8.064464238870023
ReplogleWeissman2022_rpe1	ERCC2	ensemble	94	11413	429636.0	0.4004727718111672	0.5995272281888328	0.0135281924833436	0.00816894064482489	1.6560522436790936	0.0004360245761672652	0.0016380382726283746	True	-0.5835092526137047	7.737811948847707
ReplogleWeissman2022_rpe1	NF1	ensemble	63	11413	272536.5	0.3790393577916578	0.6209606422083422	0.029193658036335834	0.0054897176716626	5.317879676587143	0.0004540648006018341	0.0016609212443067086	True	-0.5636975762485645	7.697270637505096
ReplogleWeissman2022_rpe1	NFYB	ensemble	79	11413	355619.0	0.3944191999574103	0.6055808000425897	0.012244673887612457	0.006874347372084928	1.7812125609676248	0.0005988217259183409	0.0021342620487858816	True	-0.9595908671178723	7.420546623648233
ReplogleWeissman2022_rpe1	HDAC3	ensemble	59	11413	255185.0	0.3789686753286098	0.6210313246713902	0.008406094364149921	0.005142956764295677	1.6344866872123371	0.0006591121530382015	0.0022904147318077504	True	-0.5350698682623248	7.3246168512374785
ReplogleWeissman2022_rpe1	ERCC3	ensemble	23	11413	81084.5	0.3088945100743241	0.6911054899256761	0.00476496074672395	0.0020111927247289264	2.3692213521536996	0.0007540631378660289	0.002544450861143272	True	-1.1952558321603801	7.190034456239234
ReplogleWeissman2022_rpe1	ZNF143	ensemble	29	11413	109216.0	0.32998063309535103	0.6700193669046489	0.005537898804781614	0.0025345219367243488	2.1849875215279733	0.0007688268789066002	0.002544450861143272	True	-1.0380324372189838	7.170644738761965
ReplogleWeissman2022_rpe1	CDK12	ensemble	64	11413	282356.5	0.3865609666608254	0.6134390333391746	0.007437644768207002	0.005576370131567482	1.3337788906986214	0.0008553201836607963	0.0027648722216011786	True	-0.8443839098115362	7.06403467531528
ReplogleWeissman2022_rpe1	POLR2B	ensemble	23	11413	82002.0	0.3123897614848057	0.6876102385151943	0.005076608515652661	0.0020111927247289264	2.5241780428262532	0.0009194508722118743	0.002880707041396233	True	-1.2552457613912313	6.991733944154365
ReplogleWeissman2022_rpe1	POLR2F	ensemble	77	11413	349167.0	0.3973220330882646	0.6026779669117355	0.010642182220126683	0.0067014795474325504	1.5880347234968257	0.0009326029990131689	0.002880707041396233	True	-0.5934359582438524	6.977530957840164
ReplogleWeissman2022_rpe1	GTF2H1	ensemble	19	11413	66382.0	0.306123672451083	0.693876327548917	0.004024168969606745	0.001662001399580126	2.4212789295023325	0.0017148663677005959	0.005181878806747453	True	-1.1687333732579464	6.368420121108239
ReplogleWeissman2022_rpe1	GABPA	ensemble	67	11413	303942.0	0.39748074662174976	0.6025192533782503	0.008695733160920979	0.0058362369337979095	1.489955472945863	0.0018760612868054041	0.005548351465233004	True	-0.721415799223965	6.278580760058904
ReplogleWeissman2022_rpe1	STAT5A	ensemble	95	11413	450202.0	0.41522548156073175	0.5847745184392683	0.011453824140818017	0.008255126868265555	1.3874800864477235	0.0021836330219087968	0.00632343729261089	True	-0.659561447851073	6.126765265479684
ReplogleWeissman2022_rpe1	SUPT5H	ensemble	7	11413	16025.5	0.2005920566772227	0.7994079433227772	0.0022989838473915646	0.0006129597197898424	3.7506279338873814	0.003030405890842321	0.00859645752708332	True	-1.8710876857650527	5.799058711058644
ReplogleWeissman2022_rpe1	CTDP1	ensemble	21	11413	79912.0	0.3334209527147405	0.6665790472852595	0.004498657386661158	0.0018366276018891028	2.4494118361468415	0.004107335379238166	0.011418392354282103	True	-1.1436541626893444	5.494980786947742
ReplogleWeissman2022_rpe1	HCFC1	ensemble	19	11413	70654.0	0.32582419862852613	0.6741758013714738	0.010241801350224046	0.001662001399580126	6.162330159776911	0.004298709489363564	0.011716090569049714	True	-1.210801580262723	5.449440420079926
ReplogleWeissman2022_rpe1	ZBTB17	ensemble	279	11413	1447755.0	0.4546645072728797	0.5453354927271203	0.029083889303131782	0.02386247006500171	1.2188130241298094	0.004776661004978667	0.012768382301769899	True	-0.2844438837554595	5.3440135110909806
ReplogleWeissman2022_rpe1	POLR2H	ensemble	15	11413	52659.0	0.3075966003680014	0.6924033996319986	0.002905745233934207	0.001312565628281414	2.213790435560008	0.004928480524619825	0.012925637602304823	True	-0.9388052497079487	5.312724548450269
ReplogleWeissman2022_rpe1	HSF1	ensemble	19	11413	74645.0	0.3442288802704211	0.655771119729579	0.003826610650504829	0.001662001399580126	2.30241120824059	0.009386721738203858	0.02416211706685808	True	-1.132610629040415	4.6684591693814665
ReplogleWeissman2022_rpe1	PPARGC1B	ensemble	76	11413	369043.5	0.42546530503073593	0.574534694969264	0.012927240780880568	0.006615023065540952	1.9542245964675902	0.01243789099100235	0.03141772599910838	True	-0.5405056262446095	4.38700774052904
ReplogleWeissman2022_rpe1	CDC6	ensemble	84	11413	411568.5	0.4293021116270919	0.570697888372908	0.008904224602247303	0.007306253805340524	1.2187127410956815	0.012657501121942945	0.03141772599910838	True	-0.3536111199255281	4.369505265481624
ReplogleWeissman2022_rpe1	CTCF	ensemble	22	11413	92618.0	0.36886963032586445	0.6311303696741355	0.0035993389907072013	0.0019239177962396153	1.8708382435789475	0.016650294213792362	0.040603349047669095	True	-1.7746543784805882	4.095327392213766
ReplogleWeissman2022_rpe1	CDK7	ensemble	3	11413	5297.5	0.15472122433482285	0.8452787756651772	0.0009986049549116042	0.0002627890679747723	3.8000247217569574	0.01912087335282214	0.04518631789639263	True	-1.9471422791953545	3.956974694953208
ReplogleWeissman2022_rpe1	CDK9	ensemble	27	11413	118595.0	0.38486001992529634	0.6151399800747037	0.0038960805820210842	0.00236013986013986	1.6507837725304149	0.01917980399918824	0.04518631789639263	True	-0.6870074395038454	3.953897428599485
ReplogleWeissman2022_rpe1	GTF3A	ensemble	37	11413	172960.0	0.40958508670766625	0.5904149132923339	0.004235326986320254	0.0032314410480349344	1.3106619998207274	0.02858742195349952	0.06622752752560723	True	-0.31407689171797204	3.5547884497288043
ReplogleWeissman2022_rpe1	ZBTB11	ensemble	15	11413	61407.0	0.35869622360466136	0.6413037763953386	0.001956288380712866	0.001312565628281414	1.490430907652442	0.02908447794400502	0.06627446613469996	True	-0.49475343172167746	3.537550651101286
ReplogleWeissman2022_rpe1	SMARCC1	ensemble	83	11413	420312.5	0.44370507527349384	0.5562949247265061	0.008783896485674568	0.007219902574808629	1.216622578304998	0.03835182917827827	0.08598232670613999	True	-0.2704184957454636	3.260953055349927
ReplogleWeissman2022_rpe1	TGS1	ensemble	63	11413	314293.0	0.43711362286671146	0.5628863771332886	0.008062710103069422	0.0054897176716626	1.4686930340130901	0.0423320218033869	0.09339922270906	True	-0.3513800300889044	3.162211462693934
ReplogleWeissman2022_rpe1	GABPB1	ensemble	48	11413	236615.0	0.4319179152428517	0.5680820847571483	0.004953220328455785	0.004188116220225111	1.1826845455089947	0.05150250462124774	0.11185700222427243	False	-0.38671366471020385	2.966124839072727
ReplogleWeissman2022_rpe1	SP2	ensemble	70	11413	357645.0	0.4476661951909477	0.5523338048090523	0.009214411806677689	0.006095967952625621	1.5115584396582842	0.06525883407460903	0.1395535067133947	False	-0.2994564967076705	2.7293938538268647
ReplogleWeissman2022_rpe1	MEF2A	ensemble	24	11413	112970.0	0.41243172989865357	0.5875682701013465	0.00393346236727704	0.002098452391361371	1.8744587122728127	0.06884784784868068	0.14499774016616085	False	-0.13611835999348992	2.675856312848237
ReplogleWeissman2022_rpe1	GATA1	ensemble	64	11413	328547.0	0.44979820161219664	0.5502017983878034	0.006611174941683788	0.005576370131567482	1.185569606339138	0.08267983705329446	0.1709154313494696	False	-0.193082748904847	2.4927795149821415
ReplogleWeissman2022_rpe1	ZNF24	ensemble	49	11413	247695.0	0.44291597301323055	0.5570840269867695	0.005013555492223215	0.004274995637759554	1.1727627153441322	0.08361330454506427	0.1709154313494696	False	-0.21438927137919972	2.4815526262778587
ReplogleWeissman2022_rpe1	ACTL6A	ensemble	15	11413	68619.0	0.4008236221852274	0.5991763778147726	0.002611862728154003	0.001312565628281414	1.9898911504895966	0.09182177342773434	0.18497429719500105	False	-0.6178566528955565	2.3879058261705532
ReplogleWeissman2022_rpe1	PREB	ensemble	20	11413	96108.0	0.4210461754140016	0.5789538245859984	0.002213492714017847	0.0017493221376716523	1.2653431099683023	0.10446784544921839	0.2074432931063051	False	-0.43085241992819656	2.258875953976879
ReplogleWeissman2022_rpe1	E2F6	ensemble	156	11413	842297.0	0.47308680834046646	0.5269131916595335	0.01467303576212475	0.01348431152217132	1.0881560944360336	0.12373770387479133	0.2422470540647323	False	-0.16548185039168103	2.089591245098079
ReplogleWeissman2022_rpe1	POLR2A	ensemble	10	11413	45165.0	0.39573293612547095	0.604267063874529	0.0016654459386645551	0.0008754267705506435	1.9024388957365213	0.12669381508130306	0.24458944855973785	False	-0.5279911231767872	2.0659820083058857
ReplogleWeissman2022_rpe1	GTF2F1	ensemble	39	11413	201154.5	0.4519239194171289	0.5480760805828709	0.003959705668372248	0.003405518686692281	1.1627320336974099	0.14946801331174664	0.28460347740181896	False	-0.30340818692204036	1.9006728668245862
ReplogleWeissman2022_rpe1	RAD51	ensemble	22	11413	110439.5	0.43984730331440225	0.5601526966855978	0.002373961762338342	0.0019239177962396153	1.23392057965177	0.16188073008969334	0.3040732632765861	False	-0.26193251582720817	1.82089544891735
ReplogleWeissman2022_rpe1	CCND1	ensemble	60	11413	321916.0	0.47010134641782764	0.5298986535821724	0.00662382093828834	0.005229669659199861	1.2665849604163688	0.21181961458568815	0.3925723523654754	False	-0.2635218998149289	1.5520202411051962
ReplogleWeissman2022_rpe1	POLR2G	ensemble	8	11413	39184.0	0.42915973013230524	0.5708402698676946	0.0013224496178633992	0.0007004640574380527	1.8879621357022351	0.24380691087662654	0.44591000805067216	False	0.4921541388289079	1.4113787158370217
ReplogleWeissman2022_rpe1	SIN3A	ensemble	146	11413	808039.0	0.48493066666346596	0.515069333336534	0.014417263217658988	0.012630850419586469	1.1414325036501387	0.2654169017342568	0.47912921222158045	False	-0.14906889369094845	1.3264534751092951
ReplogleWeissman2022_rpe1	MYBL2	ensemble	888	11413	5005848.0	0.49392939772331695	0.506070602276683	0.07409307709940557	0.07218925290626778	1.026372681756518	0.27306027191136145	0.4866074076369134	False	-0.09757464001974753	1.29806273193257
ReplogleWeissman2022_rpe1	HINFP	ensemble	10	11413	51400.0	0.45036362043283973	0.5496363795671603	0.0010417690803992067	0.0008754267705506435	1.1900128205400138	0.2934170647043929	0.5162654682773495	False	-0.23092830839078923	1.2261602530545979
ReplogleWeissman2022_rpe1	SP1	ensemble	190	11413	1060229.0	0.48892952173652393	0.5110704782634761	0.01728887374907996	0.0163750754115315	1.0558042216346042	0.30005973383662254	0.5213537875411317	False	-0.1681076309578753	1.2037737113575147
ReplogleWeissman2022_rpe1	ARID3A	ensemble	118	11413	660867.0	0.4907182858678848	0.5092817141321152	0.011006317404259457	0.010233284190443153	1.0755410676992865	0.3641273149486631	0.6248604540477057	False	-0.08838345479592283	1.0102517061569032
ReplogleWeissman2022_rpe1	FOXL2	ensemble	80	11413	448361.0	0.4910639183387365	0.5089360816612635	0.00857300145574598	0.006960758722700774	1.2316188216361068	0.39132006293075144	0.6633352286265177	False	-0.12145913332436387	0.9382294785763231
ReplogleWeissman2022_rpe1	RBBP4	ensemble	54	11413	303210.0	0.4919828266012442	0.5080171733987557	0.004528260649400535	0.004709165431237464	0.961584534568073	0.41933273057272324	0.7022560186699823	False	0.2203823702998644	0.8690905678168322
ReplogleWeissman2022_rpe1	RAD51D	ensemble	123	11413	694920.0	0.49502813436966403	0.5049718656303359	0.010752234530132597	0.010662274618585299	1.008437215769184	0.4246124049826292	0.7026324320545888	False	-0.017092901575675667	0.8565785144482082
ReplogleWeissman2022_rpe1	TBP	ensemble	82	11413	462686.0	0.49439342811898285	0.5056065718810172	0.007750082746329413	0.0071335363201391905	1.0864292825494708	0.4304539535938708	0.7039188182299769	False	-0.1150088485339144	0.8429149211279947
ReplogleWeissman2022_rpe1	POLR2L	ensemble	15	11413	83723.0	0.489050497970151	0.5109495020298491	0.0015278712230036354	0.001312565628281414	1.164034155765703	0.44163150296150466	0.7130683475034469	False	-0.05235505328494938	0.8172794483356569
ReplogleWeissman2022_rpe1	BRD4	ensemble	77	11413	435484.0	0.49554335964569907	0.5044566403543009	0.007091461155033566	0.0067014795474325504	1.0581933593679957	0.4463089657035963	0.7130683475034469	False	-0.01884796714250153	0.8067438185870166
ReplogleWeissman2022_rpe1	LIN52	ensemble	27	11413	152300.0	0.4942382143819102	0.5057617856180898	0.0022395053902387265	0.00236013986013986	0.9488867283085567	0.45875175790949385	0.7197430777781528	False	0.3393087769817318	0.779246047665399
ReplogleWeissman2022_rpe1	TAF1	ensemble	6	11413	33443.0	0.4883758287333158	0.5116241712666841	0.0010142020776913265	0.0005254400560469393	1.9301955875262098	0.46173238670323447	0.7197430777781528	False	0.12466267773809658	0.7727698052903366
ReplogleWeissman2022_rpe1	BTF3	ensemble	109	11413	619061.0	0.4976306593880952	0.5023693406119049	0.013863415225879248	0.009460163166116994	1.4654520204823915	0.4660206978419694	0.7197430777781528	False	-0.0015481753229320844	0.7635252298729597
ReplogleWeissman2022_rpe1	STAT5B	ensemble	171	11413	972957.0	0.4985373712033523	0.5014626287966477	0.015515417444673784	0.014761740331491713	1.0510561150824627	0.47378826026233106	0.7224507435426807	False	0.005293064976948612	0.7469947653982582
ReplogleWeissman2022_rpe1	POLR2D	ensemble	74	11413	421095.0	0.49859572180609596	0.501404278193904	0.00646819315783836	0.0064420649429790195	1.0040558757309357	0.4833638026445429	0.7224507435426807	False	0.05325624090814851	0.7269856942683345
ReplogleWeissman2022_rpe1	NFYC	ensemble	116	11413	660466.0	0.49887605483160463	0.5011239451683954	0.010426609631116147	0.010061583832075635	1.0362791589408453	0.48336632481632585	0.7224507435426807	False	0.029799987277120903	0.7269804763244402
ReplogleWeissman2022_rpe1	HMBOX1	ensemble	19	11413	108165.0	0.49880791525822354	0.5011920847417765	0.002401744646561176	0.001662001399580126	1.4450918315519665	0.4928395508681954	0.7287733784114805	False	-0.15148842092237752	0.707571612539705
ReplogleWeissman2022_rpe1	KLF7	ensemble	48	11413	275105.0	0.502177706708724	0.49782229329127603	0.004063080772642282	0.004188116220225111	0.9701451819844416	0.5208668727733944	0.7621104770052823	False	0.016969327152507735	0.6522607923880887
ReplogleWeissman2022_rpe1	ENO1	ensemble	111	11413	636240.0	0.5022248218603252	0.49777517813967476	0.00938587740132837	0.009632072197153766	0.9744401006568302	0.5322063379258015	0.7705904267884001	False	0.06511986638426137	0.6307240115921317
ReplogleWeissman2022_rpe1	CEBPG	ensemble	12	11413	70571.0	0.5152822804404334	0.4847177195595666	0.004626279242567881	0.001050328227571116	4.4046033621948375	0.5727291944783794	0.8207150312628324	False	-0.6337744885963419	0.5573422839680727
ReplogleWeissman2022_rpe1	EWSR1	ensemble	116	11413	669455.0	0.5056658015511651	0.49433419844883486	0.009525723930906714	0.010061583832075635	0.9467419930984786	0.5832937969967857	0.822193768750752	False	0.08147611272645766	0.5390642796065617
ReplogleWeissman2022_rpe1	HHEX	ensemble	208	11413	1197319.0	0.5043670679185005	0.4956329320814995	0.017617978175685882	0.017898631787281644	0.9843198287482964	0.5855912453692407	0.822193768750752	False	0.021640316775498315	0.5351332662943935
ReplogleWeissman2022_rpe1	ZNF236	ensemble	100	11413	579292.0	0.5075720669412074	0.49242793305879257	0.008434807979783781	0.008685833405715278	0.9710994427125068	0.6030312056009266	0.838213375785288	False	-0.003796089841360574	0.5057863330119989
ReplogleWeissman2022_rpe1	MZF1	ensemble	119	11413	691546.0	0.5091834683579907	0.49081653164200933	0.013204356976559025	0.010319112036073535	1.2796020559132661	0.6350418007866678	0.871604508121366	False	0.07534921211303935	0.4540644542455133
ReplogleWeissman2022_rpe1	MYB	ensemble	66	11413	386222.0	0.5127353443308933	0.4872646556691067	0.005517355502103	0.005749629758689781	0.9596018758884899	0.6395946750243118	0.871604508121366	False	0.0379431953888964	0.44692062353493145
ReplogleWeissman2022_rpe1	RBMX	ensemble	27	11413	161753.0	0.5249147333612417	0.4750852666387583	0.020884087300008576	0.00236013986013986	8.848665137485115	0.6729156640265039	0.9081094883464471	False	-0.9461898516564254	0.3961352706719632
ReplogleWeissman2022_rpe1	HMGA1	ensemble	69	11413	410068.0	0.5207232535489024	0.47927674645109763	0.005482481448958651	0.006009406026824595	0.9123166956078729	0.7239142326696734	0.9542401438183403	False	0.10770819450059033	0.32308235677717
ReplogleWeissman2022_rpe1	ZC3H8	ensemble	4	11413	26940.5	0.5901274861999475	0.4098725138000526	0.0003610047456243871	0.00035035473416834546	1.030397795198407	0.7352532185905354	0.9542401438183403	False	1.2618635429701488	0.3075403240118332
ReplogleWeissman2022_rpe1	SSRP1	ensemble	8	11413	51735.0	0.5666235871374748	0.43337641286252515	0.0019756236897832107	0.0007004640574380527	2.820449770126756	0.7395204962570975	0.9542401438183403	False	0.019065636923579175	0.3017532808433694
ReplogleWeissman2022_rpe1	YBX3	ensemble	69	11413	413038.0	0.5244946964877326	0.47550530351226733	0.00563180310929986	0.006009406026824595	0.9371646855214637	0.7588790197740563	0.9542401438183403	False	0.07034126333568537	0.2759129085281986
ReplogleWeissman2022_rpe1	TNRC6A	ensemble	111	11413	658051.0	0.5194416356249354	0.4805583643750646	0.010042286903218773	0.009632072197153766	1.0425884168711095	0.7599405419221269	0.9542401438183403	False	0.10212326980814854	0.2745150830752147
ReplogleWeissman2022_rpe1	ETV4	ensemble	71	11413	424903.0	0.5243625072964732	0.4756374927035269	0.010883218201868007	0.006182514803204459	1.7603222229612983	0.7608078525795479	0.9542401438183403	False	-0.017694084300281583	0.27337444632742464
ReplogleWeissman2022_rpe1	YBX1	ensemble	29	11413	178234.0	0.53850871812845	0.46149128187155	0.002316033589901893	0.0025345219367243488	0.9137950460571538	0.7634538200033579	0.9542401438183403	False	0.2935869618507174	0.2699026407586665
ReplogleWeissman2022_rpe1	TFAP4	ensemble	24	11413	149029.0	0.5440761996553638	0.45592380034463625	0.0025983414817295145	0.002098452391361371	1.238217980272519	0.772531885553347	0.9542401438183403	False	0.06471757271055835	0.25808199526484593
ReplogleWeissman2022_rpe1	E4F1	ensemble	49	11413	296956.0	0.531002061737689	0.468997938262311	0.005250171502121684	0.004274995637759554	1.2281115460677294	0.7734149100504859	0.9542401438183403	False	0.0034988361933502576	0.2569396214190186
ReplogleWeissman2022_rpe1	KDM5C	ensemble	104	11413	619057.5	0.5215522615910332	0.4784477384089668	0.008317119209228998	0.009030129373968916	0.9210409801220227	0.7757491816652695	0.9542401438183403	False	0.12572707777273845	0.2539260305491191
ReplogleWeissman2022_rpe1	MED1	ensemble	52	11413	318815.0	0.5371994823716545	0.4628005176283455	0.00395279817804907	0.00453554295682512	0.871515982910242	0.8230662307147556	0.9999999999778226	False	0.18707011278039395	0.19471860679844677
ReplogleWeissman2022_rpe1	UBTF	ensemble	295	11413	1738524.5	0.5163675974617111	0.4836324025382889	0.023646148463772696	0.025196446873932354	0.9384715464876295	0.831839145380824	0.9999999999778226	False	0.08856098510047235	0.1841161917313426
ReplogleWeissman2022_rpe1	USF2	ensemble	104	11413	627548.0	0.5287054573394712	0.47129454266052884	0.018110111186068086	0.009030129373968916	2.005520678172559	0.8436231811720339	0.9999999999778226	False	0.09524246475534227	0.17004935188825293
ReplogleWeissman2022_rpe1	FOXO1	ensemble	65	11413	397828.0	0.536268357945393	0.4637316420546072	0.00651374801116545	0.005663007492594529	1.1502276872639543	0.843757799097745	0.9999999999778226	False	-0.017952771156466374	0.16988979346301208
ReplogleWeissman2022_rpe1	CCNK	ensemble	346	11413	2039471.0	0.5164658595891816	0.4835341404108184	0.028307075282113167	0.029424270771324094	0.9620314978103142	0.8521601806710369	0.9999999999778226	False	0.19831434324215091	0.15998076434119954
ReplogleWeissman2022_rpe1	KAT5	ensemble	33	11413	210629.0	0.5592479601942495	0.44075203980575045	0.002943755633393587	0.0028831032675170364	1.0210371812067573	0.8804608357568475	0.9999999999778226	False	0.23138334538258515	0.1273098315844137
ReplogleWeissman2022_rpe1	NANOG	ensemble	72	11413	443918.0	0.5402197299375955	0.4597802700624044	0.005782289729433003	0.006269046582498911	0.9223555214241395	0.8806951210068736	0.9999999999778226	False	0.1393048006455579	0.12704377308969791
ReplogleWeissman2022_rpe1	KAT7	ensemble	68	11413	420940.0	0.5423897413166616	0.4576102586833384	0.005955153059833225	0.0059228290218622075	1.0054575335286067	0.8863354683796236	0.9999999999778226	False	0.2630147396184268	0.12065976755760062
ReplogleWeissman2022_rpe1	LMO2	ensemble	266	11413	1588075.0	0.5231058237901772	0.4768941762098227	0.022788016861680055	0.02277592259611268	1.0005310110058698	0.901552028437121	0.9999999999778226	False	0.042481488610183166	0.10363752481817126
ReplogleWeissman2022_rpe1	KDM2A	ensemble	74	11413	459836.5	0.5444674280869848	0.4555325719130153	0.005869449578523414	0.0064420649429790195	0.9111130717364656	0.906713393282147	0.9999999999778226	False	0.3074742148623131	0.09792887297992395
ReplogleWeissman2022_rpe1	SNW1	ensemble	190	11413	1147901.0	0.5293598712456248	0.4706401287543752	0.014777084320982709	0.0163750754115315	0.9024132072440125	0.9179552654615188	0.9999999999778226	False	0.18409380899606143	0.08560661998308809
ReplogleWeissman2022_rpe1	THAP11	ensemble	144	11413	879823.0	0.5353440764430425	0.46465592355695745	0.011712262027912618	0.012459980963917972	0.9399903628929591	0.9278540173835169	0.9999999999778226	False	0.3962343759032597	0.07488086742424083
ReplogleWeissman2022_rpe1	BRCA1	ensemble	14	11413	99313.0	0.6215531161207145	0.3784468838792855	0.001076798382449981	0.0012251684606633412	0.8788982225897095	0.942315743399305	0.9999999999778226	False	0.4952034664379389	0.05941487649171164
ReplogleWeissman2022_rpe1	TADA2A	ensemble	116	11413	724179.0	0.5470010000694913	0.45299899993050874	0.008916428398930079	0.010061583832075635	0.8861853707867663	0.9594797162096573	0.9999999999778226	False	0.31888420315905897	0.04136410371650328
ReplogleWeissman2022_rpe1	CXXC1	ensemble	88	11413	560697.0	0.5582718670097098	0.44172813299029023	0.009918158529578608	0.007651508564472655	1.296235696007768	0.9703718718059942	0.9999999999778226	False	0.11596315123148077	0.030075907957488598
ReplogleWeissman2022_rpe1	BCLAF1	ensemble	82	11413	524822.5	0.5607880829093054	0.4392119170906946	0.005982273316394427	0.0071335363201391905	0.8386125825848042	0.9714613177196119	0.9999999999778226	False	0.22937112960716738	0.028953828024154422
ReplogleWeissman2022_rpe1	TBPL1	ensemble	106	11413	680630.0	0.5626073544071722	0.4373926455928278	0.008967327034859064	0.009202187689903638	0.9744777369296372	0.9868758676340317	0.9999999999778226	False	0.20811198986199264	0.013211014799437327
ReplogleWeissman2022_rpe1	LIN54	ensemble	161	11413	1015615.0	0.552717751849939	0.44728224815006096	0.012430590702129322	0.013910489027129774	0.8936127750710855	0.9893172449435749	0.9999999999778226	False	0.2907102133339647	0.010740225344687302
ReplogleWeissman2022_rpe1	SNAPC4	ensemble	85	11413	560363.0	0.5776312873348761	0.4223687126651239	0.0059895851577872325	0.007392590015654897	0.8102147075792658	0.9932457091032513	0.9999999999778226	False	0.2987504642986989	0.006777204353894586
ReplogleWeissman2022_rpe1	VHL	ensemble	62	11413	438312.0	0.6194294565054564	0.38057054349454356	0.004493746267363611	0.0054030501089324615	0.8317054583547975	0.9994202633820102	0.9999999999778226	False	0.9179840061350542	0.0005799047302399674
ReplogleWeissman2022_rpe1	DNMT1	ensemble	112	11413	759184.0	0.59392171834124	0.40607828165876003	0.009052603814038492	0.009718004338394794	0.9315290978285146	0.9996940917925443	0.9999999999778226	False	0.5949454685339781	0.00030595500691584887
ReplogleWeissman2022_rpe1	CTBP2	ensemble	97	11413	666049.5	0.6016375791397222	0.3983624208602778	0.006791314088904073	0.00842745438748914	0.8058559295184111	0.9997226418075145	0.9999999999778226	False	0.431069841492452	0.0002773966633826457
ReplogleWeissman2022_rpe1	NPM1	ensemble	43	11413	321202.0	0.6545004778312776	0.3454995221687223	0.0027004169787603837	0.003753491620111732	0.7194413234576501	0.9997698488599293	0.9999999999778226	False	0.5164068837526636	0.00023017762890875128
ReplogleWeissman2022_rpe1	HDAC7	ensemble	95	11413	712748.0	0.6573740932546911	0.3426259067453089	0.005942077318907826	0.008255126868265555	0.7198044819578027	0.9999999392979487	0.9999999999778226	False	0.8578131323939564	6.070205311676679e-08
ReplogleWeissman2022_rpe1	CEBPZ	ensemble	50	11413	429382.0	0.7524437045474459	0.24755629545255414	0.002855934338717639	0.004361859897060107	0.6547515064944058	0.999999999658192	0.9999999999778226	False	1.7402965515456248	3.418080263857446e-10
ReplogleWeissman2022_rpe1	CLOCK	ensemble	715	11413	4678528.0	0.5733282926658901	0.4266717073341098	0.04989087841454011	0.05895448548812665	0.8462609418343251	0.9999999999778226	0.9999999999778226	False	0.4511884023857218	2.2177371050948195e-11
SunshineHein2023	IRF9	causalpath	164	3072	130660.0	0.25934482977642276	0.7406551702235772	0.10711810380627482	0.05067985166872682	2.1136230726652765	1.1853764286408511e-25	2.2522152144176173e-24	True	-0.794750592618978	57.39456693940742
SunshineHein2023	ATF4	causalpath	146	3072	151139.5	0.3369798355450913	0.6630201644549086	0.07523301615577324	0.045369794903666875	1.6582181232142348	1.3156714614669502e-11	1.2498878883936028e-10	True	-1.1512686343463467	25.054088870540184
SunshineHein2023	STAT1	causalpath	201	3072	238868.0	0.3868483105306799	0.6131516894693201	0.08282321470793366	0.0614115490375802	1.3486586156172482	3.664373633842275e-08	2.3207699681001078e-07	True	-0.5548255969487476	17.122023328037578
SunshineHein2023	SREBF2	causalpath	70	3072	76909.0	0.35764973958333335	0.6423502604166667	0.037676492357403564	0.022278803309993635	1.6911362712423144	2.2627037942245593e-05	0.00010747843022566658	True	-1.441989044246367	10.696364997639389
SunshineHein2023	RELA	causalpath	147	3072	203227.0	0.4500314448696145	0.5499685551303855	0.051992198610692875	0.045666356011183594	1.138523043046397	0.020190215744811116	0.0705273465286965	True	-0.8895617949935241	3.9025571609883256
SunshineHein2023	SREBF1	causalpath	37	3072	45928.0	0.40406813063063063	0.5959318693693694	0.02685855622154109	0.011900932775812159	2.256844629534358	0.022271793640640997	0.0705273465286965	True	-1.2628503641572686	3.804434260289674
SunshineHein2023	JAK1	causalpath	175	3072	245471.0	0.45660528273809525	0.5433947172619047	0.057688828311356036	0.053895903911302744	1.0703750030112744	0.026531994242130045	0.0720154129429244	True	-0.2967337584388735	3.6294039443349053
SunshineHein2023	ATF6	causalpath	141	3072	197195.5	0.4552570460254137	0.5447429539745864	0.05150413384236023	0.04388422035480859	1.173636752024847	0.035985631289290436	0.08546587431206479	True	-0.3312867411138377	3.32463555105299
SunshineHein2023	MOV10	causalpath	101	3072	143884.5	0.4637366568688119	0.5362633431311882	0.04160154069244117	0.03183107469271983	1.3069474120506517	0.10712400762929425	0.22615068277295453	False	-0.4628535827428292	2.2337681657776334
SunshineHein2023	HDAC2	causalpath	92	3072	132935.0	0.470359912817029	0.529640087182971	0.0305962455576375	0.029077117572692796	1.052244792873533	0.1659711349921208	0.31534515648502953	False	-0.08916899101283887	1.7959413913350795
SunshineHein2023	SMAD3	causalpath	124	3072	187709.0	0.49276766213037637	0.5072323378696236	0.04190610613275171	0.03879849812265332	1.080096090324794	0.3922619503834804	0.6775433688441934	False	0.05997784513802798	0.9358254215909392
SunshineHein2023	BCL2	causalpath	114	3072	178128.5	0.5086362961440059	0.49136370385599415	0.03698311200554676	0.035781544256120526	1.0335806565760701	0.6231399139353179	0.9369211363221422	False	0.08151874230447745	0.47298420445364525
SunshineHein2023	POLR2B	causalpath	5	3072	8391.5	0.5463216145833333	0.4536783854166666	0.0016684218116549306	0.0016249593760155996	1.0267467828924444	0.6410513037993605	0.9369211363221422	False	-0.2089275331990793	0.4446457881357796
SunshineHein2023	TYK2	causalpath	131	3072	208040.5	0.5169581444815522	0.4830418555184479	0.037670063299370615	0.04089915704027474	0.9210474255563671	0.7448875426531093	0.9580959476207855	False	0.1817554730762866	0.29452202145550743
SunshineHein2023	SIRT1	causalpath	169	3072	269241.0	0.5186009153106509	0.48139908468934905	0.05096012127533531	0.0521443998765813	0.9772884796056908	0.792591374792067	0.9580959476207855	False	0.08423126729131845	0.23244748045500233
SunshineHein2023	BTF3	causalpath	80	3072	129798.0	0.5281494140625	0.47185058593749996	0.0255474406191864	0.025380710659898477	1.0065691603959441	0.8068176401017141	0.9580959476207855	False	0.0517688530744401	0.21465760886034407
SunshineHein2023	XBP1	causalpath	153	3072	247080.0	0.5256842320261438	0.4743157679738562	0.0440876599891028	0.04744186046511628	0.9292987154565786	0.858585961296805	0.9595960743905467	False	0.17311270510568755	0.15246847401623717
SunshineHein2023	NFKBIA	causalpath	172	3072	281826.0	0.5333734556686046	0.4666265443313954	0.047221063234426444	0.0530209617755857	0.890611215886508	0.9299300887469446	0.9680896040210911	False	0.32095889461797933	0.0726458690508785
SunshineHein2023	IRF3	causalpath	113	3072	191167.0	0.5506977092551623	0.44930229074483774	0.03187148317462703	0.035478806907378334	0.8983245478866114	0.9680896040210911	0.9680896040210911	False	0.16425851752473622	0.032430629852049746
SunshineHein2023	IRF9	collectri	164	3072	81773.0	0.16230984819613822	0.8376901518038616	0.19978790781802092	0.05067985166872682	3.9421565225555835	1.5368763524069463e-48	2.1516268933697248e-47	True	-4.364707906633888	110.09433244975428
SunshineHein2023	STAT2	collectri	175	3072	101263.0	0.18836123511904762	0.8116387648809524	0.1769619314912006	0.053895903911302744	3.2834022374395904	3.7070853824045215e-44	2.5949597676831653e-43	True	-3.9058223843605697	100.0034981350846
SunshineHein2023	STAT1	collectri	201	3072	226292.0	0.36648139510779437	0.6335186048922057	0.08789233284889682	0.0614115490375802	1.4312020169872601	1.0638211323780151e-10	4.96449861776407e-10	True	-2.6598439769332978	22.96398366182013
SunshineHein2023	ATF4	collectri	146	3072	169492.5	0.3778995879708904	0.6221004120291095	0.0712578809488984	0.045369794903666875	1.5706017869421578	2.977961254164853e-07	1.0422864389576987e-06	True	-1.603761641305306	15.026856727471252
SunshineHein2023	RELB	collectri	301	3072	419659.0	0.45384633686323367	0.5461536631367663	0.10732264553908577	0.08923806700266824	1.2026554265891571	0.004063462842007278	0.011377695957620377	True	-0.157015555278089	5.505719752144736
SunshineHein2023	RELA	collectri	147	3072	198800.0	0.4402281746031746	0.5597718253968254	0.053572111529529294	0.045666356011183594	1.1731199116568354	0.007103236600027988	0.01657421873339864	True	-1.7936514948938367	4.947204739648216
SunshineHein2023	SREBF1	collectri	37	3072	44097.0	0.3879592483108108	0.6120407516891894	0.02641353819742348	0.011900932775812159	2.2194510879943135	0.009480788165970425	0.01896157633194085	True	-1.927091139025034	4.658487826300836
SunshineHein2023	SREBF2	collectri	70	3072	92555.0	0.4304082961309524	0.5695917038690477	0.029892484738699033	0.022278803309993635	1.3417455292713194	0.02307694407324523	0.040384652128179155	True	-0.8019816040724173	3.76892125194726
SunshineHein2023	ATF6	collectri	141	3072	202723.0	0.4680181552895981	0.5319818447104019	0.04964302143448965	0.04388422035480859	1.1312271480072003	0.0992035933855836	0.15431670082201893	False	-0.4065408070092099	2.3105810417023744
SunshineHein2023	SMAD3	collectri	124	3072	187560.0	0.4923765120967742	0.5076234879032259	0.05264386095879768	0.03879849812265332	1.3568530614864305	0.3865902944969223	0.5412264122956911	False	-0.3097045631602008	0.9503898172904387
SunshineHein2023	IRF3	collectri	113	3072	178409.0	0.5139455429572272	0.4860544570427729	0.034807026577357625	0.035478806907378334	0.9810653066272924	0.6929783332210924	0.8434152227179917	False	-0.2625211100157389	0.3667565454742291
SunshineHein2023	XBP1	collectri	153	3072	241950.0	0.5147697099673203	0.4852302900326797	0.050816507269692675	0.04744186046511628	1.0711322610768554	0.731585505221025	0.8434152227179917	False	0.10805973357675179	0.3125411750987854
SunshineHein2023	BRD4	collectri	122	3072	195209.0	0.5208573471653005	0.4791426528346995	0.03639526055898932	0.038196618659987476	0.9528398543066549	0.7831712782381353	0.8434152227179917	False	-0.05569673309951258	0.2444038607593559
SunshineHein2023	SIRT1	collectri	169	3072	271970.0	0.5238574026134122	0.4761425973865877	0.05014590112876653	0.0521443998765813	0.9616737607001913	0.8521901392230983	0.8521901392230983	False	0.1092922436231142	0.15994560894888996
SunshineHein2023	STAT2	dorothea	175	3072	75722.0	0.14085193452380954	0.8591480654761905	0.19408521298533932	0.053895903911302744	3.6011124946479813	5.7953819982112034e-58	6.954458397853445e-57	True	-20.131471359893695	131.79287400044853
SunshineHein2023	IRF9	dorothea	164	3072	108237.0	0.21483779535060976	0.7851622046493902	0.13211681710562334	0.05067985166872682	2.606890366791446	3.3748194875986146e-35	2.024891692559169e-34	True	-3.454552780751885	79.37413641705345
SunshineHein2023	ATF4	dorothea	146	3072	147943.0	0.3298529359303653	0.6701470640696345	0.07853951773827976	0.045369794903666875	1.7310970416560565	1.7346633031467977e-12	6.938653212587191e-12	True	-2.780139772604063	27.08020778294897
SunshineHein2023	STAT1	dorothea	201	3072	259120.0	0.4196465588723051	0.5803534411276948	0.07743027170722631	0.0614115490375802	1.260842185560954	6.602319543886944e-05	0.00019806958631660832	True	-2.9228166627634757	9.625504431637067
SunshineHein2023	RELA	dorothea	147	3072	205591.0	0.45526635133219956	0.5447336486678005	0.053380152962164695	0.045666356011183594	1.168916410783729	0.03324675212199761	0.07979220509279426	True	-1.5207523056310368	3.403798197192754
SunshineHein2023	ATF6	dorothea	141	3072	198717.0	0.45876966976950356	0.5412303302304965	0.052544657334254626	0.04388422035480859	1.1973474043614194	0.04865475737796068	0.09730951475592137	True	-0.4486140214846369	3.0230056873004
SunshineHein2023	RELB	dorothea	301	3072	440168.0	0.4760260935769657	0.5239739064230344	0.09676756969544942	0.08923806700266824	1.084375457085551	0.0845960273161851	0.13040613651460609	False	-0.20511701684685332	2.46986797191007
SunshineHein2023	SREBF2	dorothea	70	3072	97314.0	0.4525390625	0.5474609374999999	0.025981154565134047	0.022278803309993635	1.1661826806235882	0.08693742434307072	0.13040613651460609	False	-0.29698456163738385	2.4425666795439067
SunshineHein2023	SREBF1	dorothea	37	3072	49853.0	0.43859973254504503	0.561400267454955	0.02530069788832606	0.011900932775812159	2.1259424252650194	0.099262806055328	0.13235040807377066	False	-0.9813110057710752	2.309984339472998
SunshineHein2023	SMAD3	dorothea	124	3072	187778.5	0.49295011130712363	0.5070498886928763	0.04589935497412408	0.03879849812265332	1.183018858849198	0.39491645870340286	0.4738997504440834	False	-0.22237808010459043	0.9290810334030603
SunshineHein2023	IRF3	dorothea	113	3072	175514.0	0.5056058720501475	0.4943941279498525	0.03696344227735309	0.035478806907378334	1.0418456960475186	0.5803368699717707	0.6330947672419317	False	0.0016027083847115105	0.5441465337505339
SunshineHein2023	XBP1	dorothea	153	3072	261244.5	0.5558204401552288	0.4441795598447712	0.040566789884544215	0.04744186046511628	0.855084296585981	0.9902256084181656	0.9902256084181656	False	0.13501905029368413	0.009822474524789493
SunshineHein2023	STAT2	ensemble	175	3072	77668.0	0.14447172619047619	0.8555282738095238	0.1866159155687704	0.053895903911302744	3.4625250162959857	7.642000898818346e-57	1.7576602067282197e-55	True	-18.396888025067916	129.2136908340203
SunshineHein2023	IRF9	ensemble	164	3072	99754.0	0.19800003175813008	0.8019999682418699	0.1453005004855793	0.05067985166872682	2.867026948605699	3.119299448060979e-39	3.5871943652701264e-38	True	-4.537475097140761	88.66321018603624
SunshineHein2023	ATF4	ensemble	146	3072	156742.0	0.3494711401255708	0.6505288598744292	0.07497900995748977	0.045369794903666875	1.6526195482411101	3.7519729021971606e-10	2.8765125583511563e-09	True	-2.857292481007408	21.703569121051462
SunshineHein2023	STAT1	ensemble	201	3072	259247.0	0.41985223621475953	0.5801477637852405	0.07678212416898872	0.0614115490375802	1.250288021915921	6.86935281132984e-05	0.00039498778665146583	True	-3.1540457024760067	9.585855568220147
SunshineHein2023	RELB	ensemble	301	3072	421095.0	0.45539931997508304	0.544600680024917	0.10098788740211838	0.08923806700266824	1.131668253180549	0.00526847687630446	0.024234993631000516	True	-0.14758916301331365	5.246013975981594
SunshineHein2023	RELA	ensemble	147	3072	199330.0	0.4414018211451247	0.5585981788548753	0.053128201314483856	0.045666356011183594	1.1633991838865547	0.008111651801890373	0.03109466524057976	True	-1.9917279185653487	4.814453756884646
SunshineHein2023	JAK1	ensemble	175	3072	245471.0	0.45660528273809525	0.5433947172619047	0.057688828311356036	0.053895903911302744	1.0703750030112744	0.026531994242130045	0.08717655250985586	True	-0.2967337584388735	3.6294039443349053
SunshineHein2023	SREBF2	ensemble	70	3072	95576.0	0.44445684523809526	0.5555431547619047	0.027777034962324285	0.022278803309993635	1.2467920550231844	0.05575522696145738	0.16029627751418996	False	-0.6373616522786697	2.8867841158806504
SunshineHein2023	SREBF1	ensemble	37	3072	49200.0	0.4328547297297297	0.5671452702702703	0.025807675589655736	0.011900932775812159	2.168542254276748	0.07985074355710103	0.20406301131259152	False	-2.286268737250262	2.527596092440852
SunshineHein2023	ATF6	ensemble	141	3072	202723.0	0.4680181552895981	0.5319818447104019	0.04964302143448965	0.04388422035480859	1.1312271480072003	0.0992035933855836	0.22398656140670614	False	-0.4065408070092099	2.3105810417023744
SunshineHein2023	MOV10	ensemble	101	3072	143884.5	0.4637366568688119	0.5362633431311882	0.04160154069244117	0.03183107469271983	1.3069474120506517	0.10712400762929425	0.22398656140670614	False	-0.4628535827428292	2.2337681657776334
SunshineHein2023	HDAC2	ensemble	92	3072	132935.0	0.470359912817029	0.529640087182971	0.0305962455576375	0.029077117572692796	1.052244792873533	0.1659711349921208	0.31811134206823155	False	-0.08916899101283887	1.7959413913350795
SunshineHein2023	NRIP1	ensemble	110	3072	163411.0	0.48357895359848485	0.5164210464015151	0.03997194233890185	0.034569453174104335	1.1562792774762336	0.2761816291788637	0.4886290362395281	False	-0.33098525330045764	1.2866965529675185
SunshineHein2023	SMAD3	ensemble	124	3072	187918.0	0.49331632224462363	0.5066836777553764	0.052992333751281734	0.03879849812265332	1.3658346666862613	0.4002577318932185	0.6575662738245732	False	-0.3793947723216393	0.9156466096323875
SunshineHein2023	BCL2	ensemble	114	3072	178128.5	0.5086362961440059	0.49136370385599415	0.03698311200554676	0.035781544256120526	1.0335806565760701	0.6231399139353179	0.8671294986756946	False	0.08151874230447745	0.47298420445364525
SunshineHein2023	POLR2B	ensemble	5	3072	8391.5	0.5463216145833333	0.4536783854166666	0.0016684218116549306	0.0016249593760155996	1.0267467828924444	0.6410513037993605	0.8671294986756946	False	-0.2089275331990793	0.4446457881357796
SunshineHein2023	IRF3	ensemble	113	3072	177125.0	0.5102467044616519	0.48975329553834807	0.03579343098107754	0.035478806907378334	1.0088679440241768	0.6445187207570932	0.8671294986756946	False	-0.1269042044819588	0.4392514100781347
SunshineHein2023	SIRT1	ensemble	169	3072	265077.0	0.5105803901627219	0.48941960983727806	0.051430390881237936	0.0521443998765813	0.9863070819295394	0.6786230859201088	0.8671294986756946	False	0.04540615673032884	0.3876894072871398
SunshineHein2023	TYK2	ensemble	131	3072	208040.5	0.5169581444815522	0.4830418555184479	0.037670063299370615	0.04089915704027474	0.9210474255563671	0.7448875426531093	0.8836574153494964	False	0.1817554730762866	0.29452202145550743
SunshineHein2023	BRD4	ensemble	122	3072	195209.0	0.5208573471653005	0.4791426528346995	0.03639526055898932	0.038196618659987476	0.9528398543066549	0.7831712782381353	0.8836574153494964	False	-0.05569673309951258	0.2444038607593559
SunshineHein2023	BTF3	ensemble	80	3072	129798.0	0.5281494140625	0.47185058593749996	0.0255474406191864	0.025380710659898477	1.0065691603959441	0.8068176401017141	0.8836574153494964	False	0.0517688530744401	0.21465760886034407
SunshineHein2023	NFKBIA	ensemble	172	3072	281826.0	0.5333734556686046	0.4666265443313954	0.047221063234426444	0.0530209617755857	0.890611215886508	0.9299300887469446	0.9372340436985503	False	0.32095889461797933	0.0726458690508785
SunshineHein2023	XBP1	ensemble	153	3072	252228.0	0.5366370506535948	0.4633629493464052	0.04917247157046215	0.04744186046511628	1.0364785674166042	0.9372340436985503	0.9372340436985503	False	0.3858183182898566	0.06482224810580728
TianKampmann2021_CRISPRa	PPARGC1A	causalpath	142	401	33256.0	0.5840328755575849	0.584032875557585	0.3331250336362228	0.26151012891344383	1.2738513610173872	0.00145096433761501	0.007405293215155963	True	0.3753498874300938	6.5355268831801885
TianKampmann2021_CRISPRa	SPI1	causalpath	35	401	9093.0	0.6478802992518703	0.6478802992518703	0.19646479878674716	0.08027522935779817	2.447390064886336	0.0018513233037889907	0.007405293215155963	True	2.552622001536932	6.2918545962511505
TianKampmann2021_CRISPRa	HDAC9	causalpath	262	401	54099.0	0.5149245207591707	0.5149245207591708	0.40770728887101765	0.3951734539969834	1.0317172997003232	0.257801351106272	0.6874702696167253	False	0.3185925114934204	1.355565947582048
TianKampmann2021_CRISPRa	POU4F1	causalpath	130	401	26626.0	0.5107615576443507	0.5107615576443507	0.2679236919296155	0.2448210922787194	1.0943652339586603	0.35617775529821105	0.7123555105964221	False	0.1094386051978751	1.0323253601097566
TianKampmann2021_CRISPRa	TP53	causalpath	108	401	21213.0	0.4898171238570241	0.4898171238570241	0.2118938964252668	0.21218074656188604	0.9986480859301926	0.6275706402099195	0.8743943174399442	False	0.013720794197145364	0.4658990402724675
TianKampmann2021_CRISPRa	BCL2	causalpath	190	401	37319.0	0.48981493634335216	0.4898149363433522	0.33461071920608	0.32148900169204736	1.040815447635754	0.6557957380799582	0.8743943174399442	False	0.01340873861392644	0.4219059134033833
TianKampmann2021_CRISPRa	MEF2C	causalpath	144	401	27121.0	0.46967650318647824	0.46967650318647824	0.2665065871359401	0.26422018348623855	1.0086534027019955	0.864238467245906	0.898495306320028	False	0.03437397262954228	0.14590654450327561
TianKampmann2021_CRISPRa	ATM	causalpath	164	401	30641.0	0.4659236056200961	0.4659236056200961	0.2931434669491655	0.2902654867256637	1.0099149928431617	0.898495306320028	0.898495306320028	False	-0.08972295147665826	0.1070337966786476
TianKampmann2021_CRISPRa	POU4F1	collectri	130	401	31681.0	0.6077306733167083	0.6077306733167082	0.3921667109398328	0.2448210922787194	1.6018501808388554	0.00011044161977062968	0.0016566242965594452	True	0.7760622047456465	9.111023504488417
TianKampmann2021_CRISPRa	PPARGC1A	collectri	142	401	31328.0	0.5501738611218433	0.5501738611218432	0.29376368180487084	0.26151012891344383	1.1233357691552455	0.03770956410040327	0.2828217307530245	False	0.19114957963755255	3.2778415270360846
TianKampmann2021_CRISPRa	SPI1	collectri	35	401	8083.0	0.5759173494834343	0.5759173494834343	0.14207367958685307	0.08027522935779817	1.7698321228533695	0.06815405499609678	0.3407702749804839	False	0.9103293528800029	2.685984621566473
TianKampmann2021_CRISPRa	HDAC9	collectri	262	401	54161.5	0.5155194075879005	0.5155194075879005	0.4133230267899662	0.3951734539969834	1.0459281174112502	0.2495075053608239	0.9356531451030896	False	0.306523289245481	1.3882662826364975
TianKampmann2021_CRISPRa	YAP1	collectri	221	401	45320.0	0.5113912052448065	0.5113912052448065	0.38829958534368203	0.3553054662379421	1.0928612763971504	0.3159956180076795	0.9479868540230385	False	0.21854965139680213	1.152026932555679
TianKampmann2021_CRISPRa	NR2F2	collectri	253	401	50795.5	0.5006801178871004	0.5006801178871004	0.3905710852790266	0.38685015290519875	1.009618536650132	0.4883887967914938	0.9999999958196355	False	0.13182256652763671	0.716643475601036
TianKampmann2021_CRISPRa	GBX2	collectri	270	401	53514.0	0.4942643391521197	0.49426433915211976	0.41717895318333814	0.40238450074515647	1.036766954022296	0.599634881011983	0.9999999958196355	False	-0.027186966592820307	0.5114343406432177
TianKampmann2021_CRISPRa	HMGA2	collectri	246	401	47979.0	0.48637552460312633	0.48637552460312633	0.37514030872245696	0.3802163833075734	0.986649511152153	0.7198978661096116	0.9999999958196355	False	-0.08824154693170441	0.32864592965961076
TianKampmann2021_CRISPRa	MEF2C	collectri	144	401	27726.0	0.4801537822111388	0.4801537822111388	0.2534033440990939	0.26422018348623855	0.959061267597265	0.7603156693235062	0.9999999958196355	False	-0.14231651104817888	0.27402157756447526
TianKampmann2021_CRISPRa	FEZF2	collectri	147	401	26952.0	0.4572242862232175	0.4572242862232174	0.2687290094866387	0.26824817518248173	1.0017924979501907	0.9422434811838046	0.9999999958196355	False	-0.23101658937210912	0.05949156520978765
TianKampmann2021_CRISPRa	TP53	collectri	108	401	19114.0	0.4413503278839937	0.44135032788399364	0.1948561537330245	0.21218074656188604	0.9183498356491618	0.9694368836455918	0.9999999958196355	False	-1.5248776665005872	0.0310399083829754
TianKampmann2021_CRISPRa	EGR2	collectri	181	401	32600.0	0.44915335969468595	0.44915335969468595	0.28170443990883687	0.31099656357388317	0.9058120664471992	0.9753259886078702	0.9999999958196355	False	-0.46740601135994736	0.024983516575766206
TianKampmann2021_CRISPRa	GLIS3	collectri	324	401	59387.0	0.45709029894399805	0.457090298943998	0.4377722993143728	0.44689655172413795	0.979583077169507	0.98208444993485	0.9999999958196355	False	-0.3182002213337558	0.01807797642828239
TianKampmann2021_CRISPRa	TFAM	collectri	107	401	15792.0	0.36805183303423683	0.36805183303423683	0.17198982088651243	0.2106299212598425	0.8165498038350311	0.9999864754683394	0.9999999958196355	False	-0.8071765552790361	1.3524623117894352e-05
TianKampmann2021_CRISPRa	SOX5	collectri	203	401	29033.0	0.356657617041141	0.35665761704114096	0.2953187326884711	0.3360927152317881	0.8786823376543672	0.9999999958196355	0.9999999958196355	False	0.0634332205354623	4.180364507744552e-09
TianKampmann2021_CRISPRa	NR2F2	dorothea	253	401	55320.0	0.545277123397041	0.5452771233970409	0.46222933501819097	0.38685015290519875	1.1948536960549285	0.02548133534850652	0.10192534139402608	False	0.6408408853310952	3.669809041939224
TianKampmann2021_CRISPRa	SPI1	dorothea	35	401	7355.0	0.5240470252939081	0.5240470252939081	0.09853535079899986	0.08027522935779817	1.2274689413818267	0.31868375049528863	0.6373675009905773	False	0.20471946417412334	1.1435560456949645
TianKampmann2021_CRISPRa	MEF2C	dorothea	144	401	26144.0	0.45275699639789413	0.45275699639789413	0.24728424156696527	0.26422018348623855	0.9359021642638615	0.9538427236959292	0.9966573674292136	False	-0.24304408996390325	0.0472564809822472
TianKampmann2021_CRISPRa	TP53	dorothea	108	401	17975.0	0.41505033712016254	0.4150503371201626	0.18734421601602758	0.21218074656188604	0.8829463514088708	0.9966573674292136	0.9966573674292136	False	-1.4841005477905826	0.0033482316476241593
TianKampmann2021_CRISPRa	POU4F1	ensemble	130	401	31681.0	0.6077306733167083	0.6077306733167082	0.3921667109398328	0.2448210922787194	1.6018501808388554	0.00011044161977062968	0.0018775075361007047	True	0.7760622047456465	9.111023504488417
TianKampmann2021_CRISPRa	PPARGC1A	ensemble	142	401	33208.0	0.5831899125425872	0.5831899125425871	0.3260980878311937	0.26151012891344383	1.2469807161432267	0.0015990140714588405	0.013591619607400145	True	0.40782770466283047	6.438368045007165
TianKampmann2021_CRISPRa	NR2F2	ensemble	253	401	53829.0	0.5305806629670882	0.5305806629670882	0.4475632075630337	0.38685015290519875	1.156942046427763	0.0937193623261724	0.5310763865149769	False	0.5578159641870221	2.367450469397141
TianKampmann2021_CRISPRa	YAP1	ensemble	221	401	46010.0	0.5191771701966802	0.5191771701966803	0.39108993921805374	0.3553054662379421	1.100714670559409	0.21231703471289898	0.8483255182268012	False	0.448734558340418	1.5496746746181342
TianKampmann2021_CRISPRa	HDAC9	ensemble	262	401	54161.5	0.5155194075879005	0.5155194075879005	0.4133230267899662	0.3951734539969834	1.0459281174112502	0.2495075053608239	0.8483255182268012	False	0.306523289245481	1.3882662826364975
TianKampmann2021_CRISPRa	SPI1	ensemble	35	401	7276.0	0.5184182401140007	0.5184182401140007	0.09910108489265132	0.08027522935779817	1.2345163718055991	0.3590943949931866	0.9999999958196355	False	0.253123845121759	1.0241699863564955
TianKampmann2021_CRISPRa	GBX2	ensemble	270	401	53514.0	0.4942643391521197	0.49426433915211976	0.41717895318333814	0.40238450074515647	1.036766954022296	0.599634881011983	0.9999999958196355	False	-0.027186966592820307	0.5114343406432177
TianKampmann2021_CRISPRa	BCL2	ensemble	190	401	37319.0	0.48981493634335216	0.4898149363433522	0.33461071920608	0.32148900169204736	1.040815447635754	0.6557957380799582	0.9999999958196355	False	0.01340873861392644	0.4219059134033833
TianKampmann2021_CRISPRa	HMGA2	ensemble	246	401	47979.0	0.48637552460312633	0.48637552460312633	0.37514030872245696	0.3802163833075734	0.986649511152153	0.7198978661096116	0.9999999958196355	False	-0.08824154693170441	0.32864592965961076
TianKampmann2021_CRISPRa	ATM	ensemble	164	401	30641.0	0.4659236056200961	0.4659236056200961	0.2931434669491655	0.2902654867256637	1.0099149928431617	0.898495306320028	0.9999999958196355	False	-0.08972295147665826	0.1070337966786476
TianKampmann2021_CRISPRa	FEZF2	ensemble	147	401	26952.0	0.4572242862232175	0.4572242862232174	0.2687290094866387	0.26824817518248173	1.0017924979501907	0.9422434811838046	0.9999999958196355	False	-0.23101658937210912	0.05949156520978765
TianKampmann2021_CRISPRa	MEF2C	ensemble	144	401	26209.0	0.4538826544749238	0.4538826544749238	0.24656265561359508	0.26422018348623855	0.933171161870898	0.9498304503200761	0.9999999958196355	False	-0.23956689312994237	0.051471783663101935
TianKampmann2021_CRISPRa	EGR2	ensemble	181	401	32600.0	0.44915335969468595	0.44915335969468595	0.28170443990883687	0.31099656357388317	0.9058120664471992	0.9753259886078702	0.9999999958196355	False	-0.45898327703027036	0.024983516575766206
TianKampmann2021_CRISPRa	GLIS3	ensemble	324	401	59387.0	0.45709029894399805	0.457090298943998	0.4377722993143728	0.44689655172413795	0.979583077169507	0.98208444993485	0.9999999958196355	False	-0.3182002213337558	0.01807797642828239
TianKampmann2021_CRISPRa	TP53	ensemble	108	401	18080.0	0.4174748314399187	0.4174748314399187	0.18554632876366384	0.21218074656188604	0.8744729753768972	0.9957898376450187	0.9999999958196355	False	-2.673837705877222	0.004219050043020512
TianKampmann2021_CRISPRa	TFAM	ensemble	107	401	15792.0	0.36805183303423683	0.36805183303423683	0.17198982088651243	0.2106299212598425	0.8165498038350311	0.9999864754683394	0.9999999958196355	False	-0.8071765552790361	1.3524623117894352e-05
TianKampmann2021_CRISPRa	SOX5	ensemble	203	401	29033.0	0.356657617041141	0.35665761704114096	0.2953187326884711	0.3360927152317881	0.8786823376543672	0.9999999958196355	0.9999999958196355	False	0.0634332205354623	4.180364507744552e-09
TianKampmann2021_CRISPRi	PARP1	causalpath	207	415	39224.5	0.4566032244921716	0.5433967755078284	0.3658137491597363	0.3327974276527331	1.0992084636587245	0.03871825256664221	0.13824618725622764	False	-0.14795399266651388	3.2514441475858944
TianKampmann2021_CRISPRi	APEX1	causalpath	155	415	29489.0	0.45843762145355615	0.5415623785464438	0.29412422985750813	0.2719298245614035	1.0816181356050298	0.04608206241874254	0.13824618725622764	False	-0.6085362972472016	3.077331506244898
TianKampmann2021_CRISPRi	CREBBP	causalpath	314	415	64032.0	0.4913820888650142	0.5086179111349858	0.4567586657693578	0.43072702331961593	1.060436520209751	0.34506375205590195	0.530492865497909	False	-0.010500633798484874	1.06402609045425
TianKampmann2021_CRISPRi	GTF2H3	causalpath	197	415	40529.0	0.49573726377591587	0.5042627362240841	0.3281166511069157	0.32189542483660133	1.019326855215393	0.43164974375505366	0.530492865497909	False	0.24376440117191728	0.8401407979413383
TianKampmann2021_CRISPRi	POU4F1	causalpath	157	415	32320.0	0.496047885810759	0.503952114189241	0.288225080599215	0.2744755244755245	1.0500939242213436	0.4420773879149241	0.530492865497909	False	0.03854845191112284	0.816270326449794
TianKampmann2021_CRISPRi	MTA1	causalpath	146	415	32015.5	0.5283957748803433	0.4716042251196567	0.2742442856667264	0.26024955436720143	1.0537742757468047	0.8465289789212366	0.8465289789212366	False	-0.02647931446219741	0.1666108441836447
TianKampmann2021_CRISPRi	APEX1	collectri	155	415	26829.5	0.4170928876797513	0.5829071123202487	0.31445571747080714	0.2719298245614035	1.1563855416668392	0.001151881404034826	0.009215051232278608	True	-0.5823597261674177	6.7663586698943705
TianKampmann2021_CRISPRi	FOXC1	collectri	207	415	40117.0	0.46699260811361387	0.5330073918863861	0.35278288622239073	0.3327974276527331	1.060052923818005	0.08369142693833914	0.33476570775335657	False	0.08903188631340941	2.480618732797858
TianKampmann2021_CRISPRi	TFAM	collectri	172	415	34907.0	0.48903054076772207	0.5109694592322779	0.31816177351747205	0.293015332197615	1.0858195410160238	0.33782510423490947	0.7378544432360895	False	0.2566976496097926	1.0852269605109781
TianKampmann2021_CRISPRi	MTA1	collectri	146	415	29990.0	0.494966166033999	0.505033833966001	0.2839924472269689	0.26024955436720143	1.0912312527008874	0.42827683991649895	0.7378544432360895	False	-0.011330843530292067	0.8479854702648695
TianKampmann2021_CRISPRi	POU4F1	collectri	157	415	32405.0	0.4973524671936152	0.5026475328063847	0.2783667577276754	0.2744755244755245	1.0141769771989193	0.46115902702255596	0.7378544432360895	False	0.036583256576664516	0.7740123344674806
TianKampmann2021_CRISPRi	CREBBP	collectri	314	415	65535.0	0.5029161230910905	0.49708387690890954	0.4548196983150758	0.43072702331961593	1.0559349046869115	0.553750818625649	0.7383344248341986	False	-0.07519057021689574	0.5910404792931413
TianKampmann2021_CRISPRi	EWSR1	collectri	129	415	27608.0	0.5157000093396843	0.4842999906603157	0.23515155154544307	0.23713235294117646	0.9916468530288453	0.7051767906120938	0.7598994283079443	False	0.31878599982655426	0.3493067407809484
TianKampmann2021_CRISPRi	TAF1	collectri	356	415	76046.0	0.5147285772302694	0.4852714227697306	0.45769011653952896	0.46173800259403375	0.9912333703707213	0.7598994283079443	0.7598994283079443	False	-0.05221468406644418	0.27456918563206006
TianKampmann2021_CRISPRi	THAP1	dorothea	136	415	27120.0	0.4805102763997165	0.5194897236002836	0.2587384838172142	0.24682395644283123	1.0482713572300368	0.24750107485986994	0.4950021497197399	False	-0.09409458248117956	1.3963403541146608
TianKampmann2021_CRISPRi	ZNF592	dorothea	140	415	29749.0	0.5120309810671256	0.48796901893287437	0.26051014501525105	0.25225225225225223	1.0327366463104597	0.6650736248001956	0.6650736248001956	False	0.15629167149574513	0.4078575304693673
TianKampmann2021_CRISPRi	APEX1	ensemble	155	415	26246.5	0.40802953750485815	0.5919704624951418	0.3174480926548022	0.2719298245614035	1.1673897600854017	0.000360814011077111	0.0043297681329253325	True	-0.6222593114651838	7.92714793716752
TianKampmann2021_CRISPRi	PARP1	ensemble	207	415	39224.5	0.4566032244921716	0.5433967755078284	0.3658137491597363	0.3327974276527331	1.0992084636587245	0.03871825256664221	0.23230951539985326	False	-0.14795399266651388	3.2514441475858944
TianKampmann2021_CRISPRi	FOXC1	ensemble	207	415	40117.0	0.46699260811361387	0.5330073918863861	0.35278288622239073	0.3327974276527331	1.060052923818005	0.08369142693833914	0.33476570775335657	False	0.08903188631340941	2.480618732797858
TianKampmann2021_CRISPRi	THAP1	ensemble	136	415	27224.0	0.4823529411764706	0.5176470588235293	0.2573898265735689	0.24682395644283123	1.0428073120737975	0.26834377157049505	0.6148787026967413	False	-0.10668982779398818	1.3154863907255645
TianKampmann2021_CRISPRi	TFAM	ensemble	172	415	34907.0	0.48903054076772207	0.5109694592322779	0.31816177351747205	0.293015332197615	1.0858195410160238	0.33782510423490947	0.6148787026967413	False	0.2566976496097926	1.0852269605109781
TianKampmann2021_CRISPRi	MTA1	ensemble	146	415	29648.0	0.4893216702426143	0.5106783297573857	0.2862321449137585	0.26024955436720143	1.0998372143604007	0.3505680677518213	0.6148787026967413	False	-0.04576638095253974	1.0482003895025425
TianKampmann2021_CRISPRi	CREBBP	ensemble	314	415	64229.0	0.49289386846750055	0.5071061315324994	0.45258856669065706	0.43072702331961593	1.050754984450602	0.3711863526603604	0.6148787026967413	False	0.057256395064925136	0.991051044208349
TianKampmann2021_CRISPRi	GTF2H3	ensemble	197	415	40529.0	0.49573726377591587	0.5042627362240841	0.3281166511069157	0.32189542483660133	1.019326855215393	0.43164974375505366	0.6148787026967413	False	0.24376440117191728	0.8401407979413383
TianKampmann2021_CRISPRi	POU4F1	ensemble	157	415	32405.0	0.4973524671936152	0.5026475328063847	0.2783667577276754	0.2744755244755245	1.0141769771989193	0.46115902702255596	0.6148787026967413	False	0.036583256576664516	0.7740123344674806
TianKampmann2021_CRISPRi	ZNF592	ensemble	140	415	29749.0	0.5120309810671256	0.48796901893287437	0.26051014501525105	0.25225225225225223	1.0327366463104597	0.6650736248001956	0.7598994283079443	False	0.15629167149574513	0.4078575304693673
TianKampmann2021_CRISPRi	EWSR1	ensemble	129	415	27608.0	0.5157000093396843	0.4842999906603157	0.23515155154544307	0.23713235294117646	0.9916468530288453	0.7051767906120938	0.7598994283079443	False	0.31878599982655426	0.3493067407809484
TianKampmann2021_CRISPRi	TAF1	ensemble	356	415	76046.0	0.5147285772302694	0.4852714227697306	0.45769011653952896	0.46173800259403375	0.9912333703707213	0.7598994283079443	0.7598994283079443	False	-0.05221468406644418	0.27456918563206006
WesselsSatija2023	SUPT16H	causalpath	131	422	22187.0	0.40134220903729967	0.5986577909627003	0.2942502610396144	0.23688969258589512	1.2421404149229522	0.0003124738028281158	0.0024251605944117	True	-0.6115014174905153	8.070989923251858
WesselsSatija2023	HDAC3	causalpath	94	422	15755.0	0.397171523646264	0.6028284763537359	0.24618509689718515	0.1821705426356589	1.351399042541995	0.00090282713142648	0.0024251605944117	True	-0.5145386046216824	7.009979460939808
WesselsSatija2023	SUPT5H	causalpath	78	422	12892.0	0.3916636286304533	0.6083363713695467	0.21300229236907184	0.156	1.3653993100581527	0.0011499907573121748	0.0024251605944117	True	-0.4635020470318134	6.768001373759124
WesselsSatija2023	EP300	causalpath	102	422	17360.0	0.40330824272837096	0.596691757271629	0.2876681717263256	0.1946564885496183	1.4778247253391628	0.00121258029720585	0.0024251605944117	True	-0.551962468851933	6.715004712845711
WesselsSatija2023	MYB	causalpath	13	422	2023.0	0.36875683558148015	0.6312431644185199	0.05133643538456305	0.029885057471264367	1.7177961070988406	0.053527326893899996	0.08564372303024	True	-0.6065732511164232	2.9275629724218897
WesselsSatija2023	GATA2	causalpath	47	422	8752.5	0.44128768780881317	0.5587123121911868	0.19677977763634968	0.10021321961620469	1.963610972584	0.0933008323649655	0.124401109819954	False	-0.32652529941745545	2.3719262497863673
WesselsSatija2023	FLI1	causalpath	216	422	43490.5	0.4771206336668422	0.5228793663331578	0.3557175362665638	0.3385579937304075	1.050684204342906	0.16842704294738597	0.19248804908272682	False	-0.36500858841295014	1.7812526024931639
WesselsSatija2023	SSRP1	causalpath	31	422	5951.0	0.4548998624063599	0.5451001375936401	0.082024046448264	0.0684326710816777	1.198609452937535	0.2009026577964217	0.2009026577964217	False	-0.10933712624613601	1.6049347777991714
WesselsSatija2023	FLI1	collectri	216	422	35123.0	0.38532341583289453	0.6146765841671055	0.43760502214344577	0.3385579937304075	1.292555574664437	1.0458535821447857e-06	1.0458535821447855e-05	True	-0.5903967655672673	13.77067718094857
WesselsSatija2023	EP300	collectri	102	422	17539.0	0.4074667781804665	0.5925332218195335	0.2962478274243323	0.1946564885496183	1.5219006036308838	0.001853427233048757	0.009267136165243784	True	-0.3185815499969039	6.2907187953571215
WesselsSatija2023	SMARCA5	collectri	78	422	13714.0	0.41663628630453275	0.5833637136954672	0.20882624400518068	0.156	1.3386297692639788	0.009540147063236292	0.03180049021078764	True	-0.4776291998014399	4.652246378207185
WesselsSatija2023	MYB	collectri	13	422	1859.0	0.33886255924170616	0.6611374407582938	0.05213022407595773	0.029885057471264367	1.744357497926278	0.023913073298895898	0.05978268324723974	True	-0.716359261901944	3.73332996964081
WesselsSatija2023	GATA2	collectri	47	422	8466.0	0.42684279520016133	0.5731572047998386	0.11736062538161188	0.10021321961620469	1.1711092192335313	0.04991136313107205	0.0998227262621441	True	-0.19995970392434165	2.9975065840909294
WesselsSatija2023	HDAC3	collectri	94	422	18439.0	0.46483311485328227	0.5351668851467177	0.21610306600502832	0.1821705426356589	1.1862678942403684	0.14305136976512495	0.2384189496085416	False	-0.24922998158097903	1.9445514841028164
WesselsSatija2023	GFI1	collectri	74	422	15304.0	0.4900730114000256	0.5099269885999743	0.15754869183822312	0.14919354838709678	1.0560020425913332	0.3927551114427619	0.554981065196065	False	-0.057446623296981233	0.9345689874364747
WesselsSatija2023	DOT1L	collectri	90	422	18810.0	0.495260663507109	0.504739336492891	0.19485177985530094	0.17578125	1.1084901253990453	0.4439848521568521	0.554981065196065	False	0.1347493621291846	0.811964833895749
WesselsSatija2023	IKZF1	collectri	45	422	10437.0	0.5496050552922591	0.4503949447077409	0.09339993238308338	0.09635974304068523	0.9692837427311096	0.8632816973261654	0.9592018859179616	False	-0.010129151993271128	0.1470142247922681
WesselsSatija2023	SSRP1	collectri	31	422	8004.0	0.6118330530499924	0.38816694695000764	0.06399984488879538	0.0684326710816777	0.9352235398265906	0.9812493150635074	0.9812493150635074	False	0.5413423068799279	0.018928707910213508
WesselsSatija2023	MYB	dorothea	13	422	1271.0	0.23168064163324828	0.7683193583667518	0.12179671502784584	0.029885057471264367	4.075505464393303	0.0004904589029468981	0.0019618356117875923	True	-1.3621510934381287	7.620169068510085
WesselsSatija2023	GATA2	dorothea	47	422	8878.0	0.4476152062115559	0.5523847937884441	0.13401018006779392	0.10021321961620469	1.3372505202509648	0.1193454540601877	0.2386909081203754	False	-0.5981564938989097	2.1257330160706953
WesselsSatija2023	IKZF1	dorothea	45	422	9614.0	0.5062664560294892	0.49373354397051084	0.11159003693819565	0.09635974304068523	1.1580566055586081	0.5552190994046898	0.7402921325395865	False	0.3140002531607575	0.5883924694361947
WesselsSatija2023	FLI1	dorothea	216	422	51231.0	0.5620392311743022	0.43796076882569773	0.3102082152998706	0.3385579937304075	0.9162631544505437	0.9948710644280735	0.9948710644280735	False	0.3272370894418759	0.005142133709583403
WesselsSatija2023	SUPT16H	ensemble	131	422	22187.0	0.40134220903729967	0.5986577909627003	0.2942502610396144	0.23688969258589512	1.2421404149229522	0.0003124738028281158	0.0037496856339373896	True	-0.6115014174905153	8.070989923251858
WesselsSatija2023	EP300	ensemble	102	422	17264.0	0.40107796673171636	0.5989220332682836	0.3008638235363946	0.1946564885496183	1.5456141522850078	0.0009595250221918988	0.004599963029248699	True	-0.5360438007030565	6.949072164490844
WesselsSatija2023	SUPT5H	ensemble	78	422	12892.0	0.3916636286304533	0.6083363713695467	0.21300229236907184	0.156	1.3653993100581527	0.0011499907573121748	0.004599963029248699	True	-0.4635020470318134	6.768001373759124
WesselsSatija2023	MYB	ensemble	13	422	1578.0	0.2876412686839227	0.7123587313160773	0.06818106406910054	0.029885057471264367	2.2814432976968257	0.004549544379236735	0.013648633137710205	True	-1.2125048026708034	5.392728187464752
WesselsSatija2023	SMARCA5	ensemble	78	422	13714.0	0.41663628630453275	0.5833637136954672	0.20882624400518068	0.156	1.3386297692639788	0.009540147063236292	0.0228963529517671	True	-0.4776291998014399	4.652246378207185
WesselsSatija2023	HDAC3	ensemble	94	422	17390.0	0.43838862559241704	0.561611374407583	0.23062171670433768	0.1821705426356589	1.265966019355726	0.03080292499569187	0.06160584999138374	True	-0.339925387638422	3.4801456261191324
WesselsSatija2023	GATA2	ensemble	47	422	8931.0	0.4502873852979732	0.5497126147020268	0.1318049286944372	0.10021321961620469	1.315244926759384	0.13175526036214563	0.22586616062082107	False	-0.5553189995249712	2.0268091655103153
WesselsSatija2023	FLI1	ensemble	216	422	43754.0	0.4800114095137792	0.5199885904862209	0.3579304681262032	0.3385579937304075	1.0572205493727669	0.20418287725707285	0.30627431588560927	False	-0.12472948124119373	1.5887392295731306
WesselsSatija2023	GFI1	ensemble	74	422	15304.0	0.4900730114000256	0.5099269885999743	0.15754869183822312	0.14919354838709678	1.0560020425913332	0.3927551114427619	0.5236734819236825	False	-0.057446623296981233	0.9345689874364747
WesselsSatija2023	DOT1L	ensemble	90	422	18810.0	0.495260663507109	0.504739336492891	0.19485177985530094	0.17578125	1.1084901253990453	0.4439848521568521	0.5327818225882225	False	0.1347493621291846	0.811964833895749
WesselsSatija2023	IKZF1	ensemble	45	422	10104.0	0.5320695102685624	0.4679304897314376	0.09401427687256822	0.09635974304068523	0.9756592733219857	0.7606011118437622	0.8297466674659224	False	0.19552505157451747	0.27364622169077873
WesselsSatija2023	SSRP1	ensemble	31	422	7430.0	0.5679559700351628	0.43204402996483715	0.06646702307785102	0.0684326710816777	0.971276175944081	0.8969500113193345	0.8969500113193345	False	0.3840744328118336	0.1087551472172321
