Dataset	TF	Prior	N_Pert	N_Control	U_Stat	MWU_AUC_Effect	ROC_AUC	PR_AUC	AP_Baseline	AP_Lift	P_Value	Adjusted_P_Value	Significant_FDR_BH	Mean_Diff	Score
FrangiehIzar2021_RNA	STAT1	causalpath	707	56261	14179943.0	0.3564902234928655	0.6435097765071346	0.019510249878404058	0.012410476056733604	1.5720790877976272	1.0225882040774073e-39	2.249694048970296e-38	True	-0.7511339368196103	89.77848175839702
FrangiehIzar2021_RNA	MYC	causalpath	185	56261	3966298.0	0.3810712331570475	0.6189287668429526	0.005243858910496113	0.0032774687311767	1.599972216550614	1.1075052361885025e-08	8.121705065382352e-08	True	-1.3366544552759527	18.318570793090945
FrangiehIzar2021_RNA	SMAD4	causalpath	628	56261	16017769.5	0.4533513870804826	0.5466486129195174	0.01274278039103741	0.011039040939373166	1.15433763322568	2.8231819351093274e-05	0.0001242200051448104	True	-0.1820128061816657	10.475060870340409
FrangiehIzar2021_RNA	TP53	causalpath	548	56261	13967234.0	0.4530252445685561	0.5469747554314439	0.01194686565269922	0.009646358851590417	1.2384844723799089	7.506628065037195e-05	0.00027524302905136385	True	-0.31495708685324936	9.497139092693056
FrangiehIzar2021_RNA	SMAD3	causalpath	711	56261	18983627.0	0.4745720361832789	0.5254279638167211	0.013324610989413127	0.012479814645790914	1.067693020096828	0.009797138162677695	0.02694212994736366	True	-0.06111074122540247	4.625664960169547
FrangiehIzar2021_RNA	KLF4	causalpath	717	56261	19472898.0	0.48272966275902235	0.5172703372409777	0.01341996335602869	0.01258380427533434	1.066447241422319	0.05571131601475929	0.13618321692496713	False	-0.06340715613410286	2.8875719926335686
FrangiehIzar2021_RNA	STAT3	causalpath	528	56261	14358856.0	0.4833686395603176	0.5166313604396824	0.009753805656414389	0.00929757523464051	1.0490698284509787	0.0938090767359242	0.20637996881903325	False	-0.07195986246201082	2.366493660744066
FrangiehIzar2021_RNA	IRF3	causalpath	791	56261	22131705.5	0.49731430522781767	0.5026856947721823	0.013983861943397142	0.01386454462595527	1.0086059312195874	0.3960898822198312	0.5809318272557525	False	-0.07391625890238518	0.9261141181800493
FrangiehIzar2021_RNA	TFAP2A	causalpath	604	56261	17015001.0	0.500711531201963	0.49928846879803696	0.010955228147102584	0.010621647762243912	1.0314057095777953	0.5240235256390723	0.6781480920035053	False	0.011471151723631237	0.6462186994111302
FrangiehIzar2021_RNA	FOS	causalpath	708	56261	20242499.0	0.5081868484827122	0.4918131515172877	0.011788225126700792	0.012427811616844248	0.9485358718121715	0.7733435368042292	0.8954504110364759	False	0.009825865761079744	0.2570319089335332
FrangiehIzar2021_RNA	FOXM1	causalpath	258	56261	7499086.0	0.516631855214119	0.48336814478588097	0.0042939233527420516	0.004564836603620021	0.9406521471846048	0.822075600416857	0.9042831604585427	False	0.03216620695685548	0.19592291684501376
FrangiehIzar2021_RNA	E2F1	causalpath	583	56261	17457155.0	0.5322276904538553	0.4677723095461446	0.00912176850456422	0.010256139610161143	0.8893958985822445	0.9963376581906388	0.9963376581906388	False	0.24190045348466543	0.0036690646022551426
FrangiehIzar2021_RNA	STAT1	collectri	707	56261	10166419.0	0.25558840267779037	0.7444115973222096	0.02927388717261276	0.012410476056733604	2.35880453246026	3.680382801803118e-111	6.256650763065301e-110	True	-2.9185662099510203	254.28392855333905
FrangiehIzar2021_RNA	MYC	collectri	185	56261	3939491.0	0.3784956887710127	0.6215043112289872	0.00497830767646832	0.0032774687311767	1.5189489465185448	5.470338464051187e-09	4.649787694443509e-08	True	-2.8251076053415707	19.023925346000613
FrangiehIzar2021_RNA	SMAD3	collectri	711	56261	17989114.0	0.44971018763238074	0.5502898123676193	0.013730653070155486	0.012479814645790914	1.1002289264597727	1.9551628351640003e-06	1.1079256065929335e-05	True	-0.2396669796371029	13.145037076351512
FrangiehIzar2021_RNA	SMAD4	collectri	628	56261	16421077.0	0.4647662107577094	0.5352337892422906	0.012392173800667844	0.011039040939373166	1.1225770308060397	0.0011762584511540413	0.0049990984174046755	True	-0.2009078972472498	6.745416682262405
FrangiehIzar2021_RNA	TP53	collectri	548	56261	15084398.0	0.4892602997214365	0.5107397002785635	0.009479086590559665	0.009646358851590417	0.9826595440202628	0.19305596976247918	0.5420629660390358	False	0.18893400765664126	1.6447751333494447
FrangiehIzar2021_RNA	STAT3	collectri	528	56261	14567413.0	0.4903893878261113	0.5096106121738887	0.009260823371367088	0.00929757523464051	0.9960471561298591	0.22320239778077944	0.5420629660390358	False	0.08843527909160227	1.4996763057872564
FrangiehIzar2021_RNA	KLF4	collectri	717	56261	20062048.0	0.49733458601258623	0.5026654139874138	0.012588666743283308	0.01258380427533434	1.000386406832352	0.4029673070383012	0.8308527690616879	False	-0.005839916135921219	0.9088998443006204
FrangiehIzar2021_RNA	FOS	collectri	708	56261	20159750.0	0.50610943928906	0.49389056071093995	0.011714528743775859	0.012427811616844248	0.9426059152601228	0.7121293004707961	0.9915694900809894	False	0.1724930662205047	0.3394957822729433
FrangiehIzar2021_RNA	IRF3	collectri	791	56261	22824785.0	0.5128882676596846	0.48711173234031535	0.013272289824240436	0.01386454462595527	0.9572827800917387	0.8937864155515133	0.9915694900809894	False	0.09015326358562312	0.11228844113093943
FrangiehIzar2021_RNA	FOXM1	collectri	258	56261	7602010.0	0.5237225616103462	0.47627743838965375	0.004217448476214625	0.004564836603620021	0.9238991101828467	0.9060703000172705	0.9915694900809894	False	0.12057861726420407	0.09863838211135693
FrangiehIzar2021_RNA	TFAP2A	collectri	604	56261	17592908.0	0.5177179773880275	0.4822820226119725	0.009607016616174942	0.010621647762243912	0.9044751653622318	0.9332418730174018	0.9915694900809894	False	0.258841036850021	0.06909086948423926
FrangiehIzar2021_RNA	E2F1	collectri	583	56261	17698258.0	0.5395783551441498	0.46042164485585024	0.008738734165295673	0.010256139610161143	0.8520490649949695	0.9995050277487012	0.9995050277487012	False	0.5597745003402377	0.0004950947905009136
FrangiehIzar2021_RNA	STAT1	dorothea	707	56261	13970802.0	0.35123232352588246	0.6487676764741175	0.02026904952789752	0.012410476056733604	1.6332209526241388	1.5786313873489937e-42	2.0522208035536917e-41	True	-2.570946849283196	96.2520156446268
FrangiehIzar2021_RNA	MYC	dorothea	185	56261	4006791.0	0.3849616915755093	0.6150383084244907	0.004785881570040543	0.0032774687311767	1.4602371410946404	3.128339653154259e-08	2.0334207745502685e-07	True	-2.089183302265323	17.280178342396216
FrangiehIzar2021_RNA	SMAD3	dorothea	711	56261	18315169.0	0.45786124249970084	0.5421387575002992	0.01339602121583304	0.012479814645790914	1.0734150783522363	5.488640258782514e-05	0.0002378410778805756	True	-0.27992689715733726	9.810244916121453
FrangiehIzar2021_RNA	SMAD4	dorothea	628	56261	16573164.0	0.46907073345713457	0.5309292665428654	0.012527257188532166	0.011039040939373166	1.1348139079592456	0.0037915650710303784	0.012322586480848729	True	-0.2378243360894974	5.574976397625737
FrangiehIzar2021_RNA	TP53	dorothea	548	56261	14698452.0	0.47674219620571845	0.5232578037942816	0.00994502130092213	0.009646358851590417	1.0309611589125642	0.030266049584329616	0.07869172891925699	True	-0.06684812060653426	3.497728670433783
FrangiehIzar2021_RNA	KLF4	dorothea	717	56261	19625100.0	0.48650272314948134	0.5134972768505186	0.012914771312165493	0.01258380427533434	1.0263010318334247	0.10673824322815578	0.209691927491365	False	-0.05423196835629389	2.237375766632655
FrangiehIzar2021_RNA	STAT3	dorothea	528	56261	14398775.0	0.48471245084462944	0.5152875491553706	0.009525660042772582	0.00929757523464051	1.0245316442594927	0.11291103787996576	0.209691927491365	False	-0.12421057429957866	2.181155045732354
FrangiehIzar2021_RNA	IRF3	dorothea	791	56261	22403857.0	0.5034297324432759	0.496570267556724	0.013455332165237699	0.01386454462595527	0.9704849692681936	0.6299881164123623	0.9599715182529684	False	0.13099409337313356	0.4620543226119844
FrangiehIzar2021_RNA	TFAP2A	dorothea	604	56261	17161385.0	0.5050192686380918	0.4949807313619082	0.010155446151282149	0.010621647762243912	0.9561083532991048	0.6645956664828243	0.9599715182529684	False	0.02716449996368708	0.4085764435721819
FrangiehIzar2021_RNA	FOXM1	dorothea	258	56261	7494839.0	0.516339268158964	0.4836607318410361	0.004385070541894527	0.004564836603620021	0.960619387431538	0.8178128096720387	0.9999911615781433	False	-0.00692975841657123	0.20112180759877396
FrangiehIzar2021_RNA	FOS	dorothea	708	56261	20659162.0	0.5186471506840044	0.4813528493159957	0.011556254918241186	0.012427811616844248	0.9298704610696076	0.9561864887505493	0.9999911615781433	False	0.7942853035378074	0.04480231303998717
FrangiehIzar2021_RNA	E2F1	dorothea	583	56261	18092047.0	0.5515840576767865	0.44841594232321347	0.008525848553817553	0.010256139610161143	0.8312921701427187	0.9999911615781433	0.9999911615781433	False	1.2139497939795416	8.838460915807836e-06
FrangiehIzar2021_RNA	STAT1	ensemble	707	56261	14032718.0	0.3527889199577429	0.6472110800422571	0.02030670106761679	0.012410476056733604	1.6362548039886753	1.0990687247053205e-41	2.747671811763301e-40	True	-2.7035470089580156	94.31152560543575
FrangiehIzar2021_RNA	MYC	ensemble	185	56261	3956777.0	0.3801564811109611	0.6198435188890389	0.005107421711105002	0.0032774687311767	1.5583433832704483	8.634893742701245e-09	7.195744785584371e-08	True	-3.20219738194466	18.567454430843142
FrangiehIzar2021_RNA	SMAD3	ensemble	711	56261	18117144.0	0.45291081192786153	0.5470891880721386	0.013413572564872675	0.012479814645790914	1.0748214573360424	7.720279037443975e-06	3.860139518721987e-05	True	-0.2887638283684907	11.771660049834166
FrangiehIzar2021_RNA	SMAD4	ensemble	628	56261	16872548.0	0.47754420734934555	0.5224557926506544	0.011645058503173048	0.011039040939373166	1.054897664310528	0.026276090064106583	0.09384317880038065	True	-0.21970958180331576	3.639095876339175
FrangiehIzar2021_RNA	TP53	ensemble	548	56261	14886301.0	0.48283505175370733	0.5171649482462927	0.009753323687572282	0.009646358851590417	1.0110886229330178	0.0829947651286761	0.2593586410271128	False	0.12409841516243891	2.488977743913424
FrangiehIzar2021_RNA	STAT3	ensemble	528	56261	14548905.0	0.4897663446824944	0.5102336553175055	0.009280241895504922	0.00929757523464051	0.9981357140224035	0.20874471487555613	0.5798464302098781	False	0.07798370772055728	1.5666432335330849
FrangiehIzar2021_RNA	KLF4	ensemble	717	56261	20103112.0	0.4983525552368659	0.5016474447631342	0.012698102860075899	0.01258380427533434	1.00908299129903	0.4396540963786852	0.7850966006762234	False	-0.0017248827708201617	0.8217670058374362
FrangiehIzar2021_RNA	TFAP2A	ensemble	604	56261	17419171.0	0.5126053053819292	0.48739469461807083	0.00977232613025416	0.010621647762243912	0.9200386182067927	0.8571116729887585	0.9999951502018279	False	0.21766731619165997	0.15418706200219673
FrangiehIzar2021_RNA	IRF3	ensemble	791	56261	22753232.0	0.5112804236332961	0.48871957636670393	0.0133184197087367	0.01386454462595527	0.9606099636192745	0.8624433856814103	0.9999951502018279	False	0.15023095563026032	0.1479857720206767
FrangiehIzar2021_RNA	FOXM1	ensemble	258	56261	7627291.0	0.5254642365200176	0.4745357634799824	0.004235687840893692	0.004564836603620021	0.927894732866165	0.9212640546483601	0.9999951502018279	False	0.2447337889574267	0.08200857953161438
FrangiehIzar2021_RNA	FOS	ensemble	708	56261	20551092.0	0.515934059147454	0.4840659408525459	0.011656224150077218	0.012427811616844248	0.9379144542454083	0.9277910975797621	0.9999951502018279	False	0.7989539146920851	0.07494868190371386
FrangiehIzar2021_RNA	E2F1	ensemble	583	56261	18143836.0	0.5531629827571284	0.4468370172428716	0.008494455499171175	0.010256139610161143	0.8282312665435442	0.9999951502018279	0.9999951502018279	False	1.3125263889238208	4.8498099323666185e-06
GasperiniShendure2019_lowMOI	MAX	causalpath	9	369	935.0	0.28154170430593195	0.718458295694068	0.08795813741050819	0.023809523809523808	3.694241771241344	0.012591298147692116	0.08184343795999875	True	-2.1390677995847796	4.374749326813801
GasperiniShendure2019_lowMOI	CEBPB	causalpath	16	369	2448.0	0.4146341463414634	0.5853658536585367	0.08884018146311709	0.04155844155844156	2.137716866456255	0.12396803274099216	0.4028961064082245	False	-0.5435172368702826	2.087731547089225
GasperiniShendure2019_lowMOI	MYC	causalpath	20	369	3486.0	0.47235772357723577	0.5276422764227643	0.06507765575194571	0.05141388174807198	1.265760404375344	0.3388797213178549	0.5382768544546106	False	-0.40704711203171035	1.0821100389317597
GasperiniShendure2019_lowMOI	GATA2	causalpath	15	369	2690.0	0.4859981933152665	0.5140018066847335	0.04209570358493069	0.0390625	1.0776500117742258	0.4275041760070989	0.5557554288092286	False	-0.30687107051963225	0.8497912222153748
GasperiniShendure2019_lowMOI	CEBPB	collectri	16	369	2047.0	0.3467140921409214	0.6532859078590787	0.1087970738463775	0.04155844155844156	2.6179295894284587	0.018967979121090422	0.360391603300718	False	-1.2230823362265322	3.965003030963501
GasperiniShendure2019_lowMOI	MYC	collectri	20	369	3360.0	0.45528455284552843	0.5447154471544715	0.07728011578073155	0.05141388174807198	1.5030982519352285	0.25053747847130853	0.7337223026399716	False	-1.6279222925463972	1.3841467549924518
GasperiniShendure2019_lowMOI	GATA2	collectri	15	369	2810.0	0.5076784101174345	0.4923215898825655	0.042275078665157215	0.0390625	1.0822420138280247	0.5406374861557686	0.7337223026399716	False	-0.024676829574799303	0.6150063057832403
GasperiniShendure2019_lowMOI	MAX	collectri	9	369	1797.0	0.5411020776874436	0.4588979223125565	0.1317378910730309	0.023809523809523808	5.532991425067299	0.6638583317403087	0.7883317689416166	False	-1.0231764664444447	0.40968650808208057
GasperiniShendure2019_lowMOI	CEBPB	dorothea	16	369	2385.0	0.40396341463414637	0.5960365853658536	0.12870570128858472	0.04155844155844156	3.09698093725657	0.09681056037141855	0.39068897672309233	False	-0.6188886441179221	2.3349991959039453
GasperiniShendure2019_lowMOI	GATA2	dorothea	15	369	2433.0	0.43956639566395667	0.5604336043360434	0.0763799527833525	0.0390625	1.955326791253824	0.21400872798862935	0.48237299251849153	False	-0.9491617993336001	1.5417384797983757
GasperiniShendure2019_lowMOI	MAX	dorothea	9	369	1622.0	0.48840710629328515	0.5115928937067149	0.04267999951533871	0.023809523809523808	1.792559979644226	0.45329808750369593	0.7252769400059135	False	-0.337451230255839	0.7912053400963053
GasperiniShendure2019_lowMOI	MYC	dorothea	20	369	3966.0	0.5373983739837398	0.4626016260162602	0.057958050022374474	0.05141388174807198	1.1272840729351834	0.7138201688848849	0.9141420315297644	False	-0.22242781882343554	0.33712421267257786
GasperiniShendure2019_lowMOI	CEBPB	ensemble	16	369	2052.0	0.3475609756097561	0.6524390243902438	0.12461120918799035	0.04155844155844156	2.9984572210860176	0.019505417784898907	0.2535704312036858	False	-1.449318387630713	3.9370630168784455
GasperiniShendure2019_lowMOI	MAX	ensemble	9	369	1266.0	0.38121047877145436	0.6187895212285457	0.08313675726234	0.023809523809523808	3.49174380501828	0.11188622444223195	0.4821925290972303	False	-1.7560282925546302	2.190272777209962
GasperiniShendure2019_lowMOI	GATA2	ensemble	15	369	2364.0	0.42710027100271003	0.57289972899729	0.07302695289845558	0.0390625	1.8694899942004628	0.16945348514726294	0.4895322904254263	False	-0.8881096083096377	1.7751768137327166
GasperiniShendure2019_lowMOI	MYC	ensemble	20	369	3467.0	0.4697831978319783	0.5302168021680217	0.06866823344561483	0.05141388174807198	1.3355971405172085	0.32479990210086473	0.6031998181873203	False	-1.5396352610903923	1.1245459721082534
NadigOConner2024_hepg2	MYC	causalpath	52	4923	41957.0	0.16389709214206472	0.8361029078579352	0.05801843497709474	0.010452261306532663	5.550802192520122	3.3853138649212394e-17	3.0467824784291154e-15	True	-4.25294780789856	37.92449995655197
NadigOConner2024_hepg2	MAX	causalpath	45	4923	60437.0	0.27281016543661274	0.7271898345633871	0.02390619787581867	0.009057971014492754	2.639244245490381	7.406500106641577e-08	6.059863723615837e-07	True	-2.058774318101257	16.418322736514018
NadigOConner2024_hepg2	MYBL2	causalpath	136	4923	265556.0	0.39663165692846303	0.603368343071537	0.03388665912754815	0.02688278315872702	1.2605338862225448	1.9031341265334115e-05	0.0001070512946175044	True	-0.9336942808525869	10.869423397514385
NadigOConner2024_hepg2	NRF1	causalpath	30	4923	48566.0	0.32883742975150654	0.6711625702484936	0.010174117926046352	0.0060569351907934586	1.6797468695902527	0.0006032468731393233	0.002714610929126955	True	-0.6859228390761317	7.413184036830506
NadigOConner2024_hepg2	SRF	causalpath	43	4923	82719.0	0.39075719569746187	0.6092428043025381	0.012129028220391615	0.008658880386629078	1.4007617242433663	0.006747140273650446	0.02335548556263616	True	-0.5220046444542851	4.99863652703119
NadigOConner2024_hepg2	NFYB	causalpath	104	4923	223806.0	0.43712792387381055	0.5628720761261895	0.027339099988882107	0.02068828327034016	1.3214774581164457	0.013983942493490829	0.04494838658622052	True	-0.5744364423201398	4.269845572384991
NadigOConner2024_hepg2	SP1	causalpath	77	4923	166818.0	0.4400705936354931	0.5599294063645069	0.023985185191413023	0.0154	1.5574795578839624	0.035350415896146375	0.0964102251713083	True	-0.48802597435236916	3.342445121612685
NadigOConner2024_hepg2	NANOG	causalpath	28	4923	55944.0	0.40585009140767825	0.5941499085923219	0.007801174166934465	0.005655423146839022	1.3794147607318763	0.042655425222420974	0.10968537914336822	False	-0.37407273943096475	3.1546008097948115
NadigOConner2024_hepg2	ATF4	causalpath	22	4923	43990.0	0.40616401676730746	0.5938359832326926	0.006001247195747597	0.004448938321536906	1.348916699225994	0.06412611613681836	0.14798334493111928	False	-0.02254640401322483	2.7469035700002884
NadigOConner2024_hepg2	GABPA	causalpath	82	4923	191550.5	0.4745036984190683	0.5254963015809317	0.01746350775658748	0.016383616383616385	1.065912881972199	0.2138622843506049	0.3631623696519706	False	-0.06944310848233937	1.542423002187224
NadigOConner2024_hepg2	GATA1	causalpath	20	4923	45377.0	0.46086735730245787	0.5391326426975421	0.005233739086595692	0.004046125834513453	1.2935186152521252	0.2726317256983648	0.44308363828450004	False	-0.0660767911986894	1.2996333846193382
NadigOConner2024_hepg2	STAT5A	causalpath	29	4923	67466.0	0.472560185477036	0.527439814522964	0.011107274327428671	0.0058562197092084005	1.8966628437733373	0.3049327726104898	0.4731715437059324	False	-0.3025011002995735	1.1876639443407957
NadigOConner2024_hepg2	STAT5B	causalpath	91	4923	218695.0	0.4881661097383218	0.5118338902616781	0.019299030481256745	0.01814918228958915	1.063355371791443	0.34922419905478375	0.5152488182775498	False	0.004888887896810454	1.0520411588645058
NadigOConner2024_hepg2	MYB	causalpath	39	4923	93828.0	0.4886951358614978	0.5113048641385023	0.007894036496752495	0.007859733978234583	1.0043643358175867	0.4038020866582992	0.5768601237975703	False	0.18758377949116073	0.9068304055627665
NadigOConner2024_hepg2	TFDP1	causalpath	148	4923	362057.0	0.49691876520030087	0.5030812347996991	0.028569226390962675	0.029185564977322026	0.9788820745173765	0.44911355556936033	0.6218495384806528	False	-0.15741797607931118	0.8004795154887903
NadigOConner2024_hepg2	TBP	causalpath	75	4923	189125.0	0.5122215451283093	0.4877784548716907	0.014869717459731091	0.015006002400960384	0.99091797151648	0.6420295991375238	0.7704355189650285	False	0.12637938723414818	0.4431208717793769
NadigOConner2024_hepg2	YY1	causalpath	50	4923	131235.0	0.5331505179768434	0.46684948202315657	0.010273105969176037	0.010054293183189221	1.0217631196942487	0.7904243036813126	0.894939402962677	False	0.07386534861102076	0.23518538443655046
NadigOConner2024_hepg2	E2F6	causalpath	56	4923	146675.0	0.5320325875627521	0.46796741243724793	0.012224775918895071	0.011247238401285399	1.08691355893176	0.7955016915223796	0.894939402962677	False	0.21764358498563474	0.2287823048427855
NadigOConner2024_hepg2	FOXO1	causalpath	44	4923	117657.0	0.5431693534984211	0.45683064650157884	0.009358971514909612	0.008858465874773505	1.0565002616944557	0.8383027389318238	0.9314474877020265	False	0.2938823675804338	0.1763759800982568
NadigOConner2024_hepg2	CLOCK	causalpath	225	4923	582835.0	0.5261787076534182	0.47382129234658177	0.04259735960282461	0.043706293706293704	0.9746275877126271	0.9082627631691357	0.9966961233902358	False	0.11474620030888266	0.09622155549496346
NadigOConner2024_hepg2	USF2	causalpath	53	4923	147160.0	0.5640064541102794	0.4359935458897206	0.008841208655368148	0.01065112540192926	0.8300727220587153	0.9458024501029103	0.9966961233902358	False	0.28348860548172017	0.05572155826724766
NadigOConner2024_hepg2	HSF1	causalpath	32	4923	96288.0	0.61121267519805	0.38878732480195005	0.005069578065106448	0.006458123107971746	0.7849924785188266	0.985076269041105	0.9983473175584424	False	0.5648321388128138	0.015036210309050722
NadigOConner2024_hepg2	MYC	collectri	52	4923	33141.0	0.12945905404771949	0.8705409459522805	0.1128575915595989	0.010452261306532663	10.797433038634702	1.6825372378412853e-20	1.3123790455162025e-18	True	-12.861533424502834	45.531398945142556
NadigOConner2024_hepg2	SP1	collectri	77	4923	151777.0	0.4003920109953017	0.5996079890046984	0.02519320901687258	0.0154	1.6359226634332844	0.0013319444158842824	0.01731527740649567	True	-1.9656453500092788	6.621115437551257
NadigOConner2024_hepg2	GABPA	collectri	82	4923	166070.0	0.41138409555941996	0.5886159044405801	0.025993613344873073	0.016383616383616385	1.586561399891338	0.002920350058671472	0.031824361442323444	True	-0.45187474772206127	5.836051786780684
NadigOConner2024_hepg2	SRF	collectri	43	4923	80383.0	0.37972213955377937	0.6202778604462207	0.013309537964884393	0.008658880386629078	1.537096872874788	0.0032640370710075323	0.031824361442323444	True	-0.7937705650627086	5.7247904844057
NadigOConner2024_hepg2	ATF4	collectri	22	4923	39439.0	0.3641441840710579	0.635855815928942	0.007059281462593778	0.004448938321536906	1.5867339469330106	0.013826210715651396	0.09804040325643718	True	-0.653876958802689	4.281189161039152
NadigOConner2024_hepg2	STAT5B	collectri	91	4923	196254.0	0.43807380918898287	0.5619261908110171	0.028599833556517927	0.01814918228958915	1.575819400575614	0.021306500066885746	0.13849225043475735	False	-0.47765944420252365	3.848743085361451
NadigOConner2024_hepg2	TFDP1	collectri	148	4923	333412.0	0.4576038561413333	0.5423961438586667	0.03309896241026458	0.029185564977322026	1.1340867458273765	0.03918554725127255	0.20376484570661726	False	-0.21027809387980412	3.239447292739114
NadigOConner2024_hepg2	NFYB	collectri	104	4923	232759.0	0.45461452522695667	0.5453854747730433	0.024491020522621653	0.02068828327034016	1.1838111554540294	0.05631626264816184	0.2583922639150955	False	-0.23019621255011768	2.876771928564302
NadigOConner2024_hepg2	MYBL2	collectri	136	4923	315359.0	0.4710168954845802	0.5289831045154199	0.027148940686816003	0.02688278315872702	1.0099006686367806	0.12407164287998901	0.38710352578556567	False	-0.07923376409616809	2.086896115057929
NadigOConner2024_hepg2	TBP	collectri	75	4923	174075.0	0.4714604915701808	0.5285395084298192	0.018289221142543374	0.015006002400960384	1.2187936969390905	0.19777050210215813	0.5142033054656111	False	-0.1534038468579681	1.620648000832808
NadigOConner2024_hepg2	MAX	collectri	45	4923	103149.0	0.46561040016250255	0.5343895998374976	0.010991199930032999	0.009057971014492754	1.213428472275643	0.21319557853251198	0.5353355081709054	False	-0.11504187608823851	1.5455453254959644
NadigOConner2024_hepg2	NRF1	collectri	30	4923	69681.0	0.4718058094657729	0.5281941905342271	0.04269126457993957	0.0060569351907934586	7.048327782148022	0.296945231752409	0.6755368496761728	False	-0.4903526084864643	1.2142075620581505
NadigOConner2024_hepg2	NANOG	collectri	28	4923	65269.0	0.4734990278865964	0.5265009721134035	0.006647701616543263	0.005655423146839022	1.1754560965537748	0.31409355927323296	0.6755368496761728	False	-0.0698936447889067	1.1580643779860957
NadigOConner2024_hepg2	FOXO1	collectri	44	4923	105438.0	0.4867597363026979	0.5132402636973021	0.011889434062496217	0.008858465874773505	1.3421549770095162	0.3810195132821516	0.7224418605217579	False	-0.20866335046242884	0.9649046892032762
NadigOConner2024_hepg2	GATA1	collectri	20	4923	47434.0	0.48175908998578104	0.5182409100142189	0.00491385711193253	0.004046125834513453	1.2144597852141248	0.3890071556655619	0.7224418605217579	False	-0.17468979150106445	0.9441575405057259
NadigOConner2024_hepg2	HSF1	collectri	32	4923	80263.0	0.5094898943733496	0.49051010562665043	0.007306034121799266	0.006458123107971746	1.131293721047355	0.5735443136221121	0.9129889073984642	False	-0.009015459036386786	0.5559200766582715
NadigOConner2024_hepg2	MYB	collectri	39	4923	98488.0	0.5129663484325276	0.48703365156747247	0.007783874638329736	0.007859733978234583	0.990348357830568	0.6100419772328647	0.9516654844832688	False	0.11237338393612273	0.49422750904658924
NadigOConner2024_hepg2	USF2	collectri	53	4923	134714.0	0.5163058267125047	0.4836941732874953	0.010036986871720055	0.01065112540192926	0.9423405032769622	0.6587406078680191	0.9540554052512628	False	0.029567262763908204	0.41742543673405746
NadigOConner2024_hepg2	STAT5A	collectri	29	4923	76554.0	0.5362163525184391	0.46378364748156087	0.005546129270374813	0.0058562197092084005	0.9470493843757267	0.7497245718191027	0.9872719197433207	False	0.1402517168875737	0.2880493774745423
NadigOConner2024_hepg2	YY1	collectri	50	4923	132382.0	0.5378102782855982	0.4621897217144018	0.009776710765393205	0.010054293183189221	0.9723916527260081	0.8215917251247662	0.9974158144449194	False	0.12135228786831503	0.1965116920777508
NadigOConner2024_hepg2	E2F6	collectri	56	4923	149657.0	0.5428491628217406	0.4571508371782594	0.012155301829788905	0.011247238401285399	1.0807365680449814	0.8653007591121747	0.9974158144449194	False	0.13488060518059344	0.14467813408775923
NadigOConner2024_hepg2	CLOCK	collectri	225	4923	614271.0	0.5545588733157288	0.44544112668427116	0.03894701160665085	0.043706293706293704	0.8911076255601715	0.9972149552085575	0.9999999999254401	False	0.287302364516416	0.0027889302444715916
NadigOConner2024_hepg2	MYC	dorothea	52	4923	44077.0	0.1721784715386178	0.8278215284613823	0.0632206746424076	0.010452261306532663	6.048516468191882	1.893231341819947e-16	7.572925367279787e-15	True	-7.307843712965848	36.20307641404782
NadigOConner2024_hepg2	ATF4	dorothea	22	4923	25833.0	0.2385186416265027	0.7614813583734973	0.015635133696513415	0.004448938321536906	3.514351642239038	1.1245676646773128e-05	0.00014994235529030837	True	-1.9263513137815684	11.39552680123988
NadigOConner2024_hepg2	SRF	dorothea	43	4923	74288.0	0.3509299018843681	0.6490700981156319	0.015965741407431705	0.008658880386629078	1.8438574844024613	0.0003742937092516068	0.0025392844362169646	True	-1.6901327553915606	7.890469749896683
NadigOConner2024_hepg2	TFDP1	dorothea	148	4923	305227.0	0.41892029140658027	0.5810797085934198	0.03640905547247113	0.029185564977322026	1.2475021641952777	0.00038089266543254465	0.0025392844362169646	True	-1.2302194698017002	7.8729929405523675
NadigOConner2024_hepg2	MYBL2	dorothea	136	4923	293536.0	0.4384222915247757	0.5615777084752243	0.0323925595911556	0.02688278315872702	1.2049555806739425	0.007070129773758221	0.03384306539115298	True	-0.41263902304887023	4.9518764436893274
NadigOConner2024_hepg2	HSF1	dorothea	32	4923	59192.0	0.3757363396303067	0.6242636603696933	0.010040239274145758	0.006458123107971746	1.554668300106007	0.007614689713009421	0.03384306539115298	True	-0.5816201429026573	4.877676040279445
NadigOConner2024_hepg2	NANOG	dorothea	28	4923	51458.0	0.3733060561214126	0.6266939438785873	0.008063061209760785	0.005655423146839022	1.425722001768773	0.010293830639293776	0.041175322557175105	True	-0.3879400631922729	4.576210530257834
NadigOConner2024_hepg2	NRF1	dorothea	30	4923	58278.0	0.39459679057485275	0.6054032094251472	0.014295308086792614	0.0060569351907934586	2.3601553651294607	0.023100396125508602	0.0840014404563949	True	-0.9557503802292036	3.7679055133110038
NadigOConner2024_hepg2	GABPA	dorothea	82	4923	184615.0	0.4573232661028621	0.5426767338971379	0.03190917022766091	0.016383616383616385	1.947626792554181	0.09216606944871392	0.2633316269963255	False	-0.44430768857268554	2.3841632264696404
NadigOConner2024_hepg2	MYB	dorothea	39	4923	89701.0	0.46720000833346353	0.5327999916665365	0.009202677153241263	0.007859733978234583	1.1708636931893115	0.23989170394861747	0.564451068114394	False	-0.23755857735698674	1.427567691024066
NadigOConner2024_hepg2	E2F6	dorothea	56	4923	133402.0	0.483887583064914	0.516112416935086	0.012288121759185764	0.011247238401285399	1.0925456828390343	0.33898398302087646	0.7253899937716413	False	-0.022390385263169388	1.0818024204439238
NadigOConner2024_hepg2	FOXO1	dorothea	44	4923	104604.0	0.48290953409783394	0.517090465902166	0.012467756745917857	0.008858465874773505	1.407439721749409	0.34794533831001884	0.7253899937716413	False	-0.38636644156103256	1.0557098853668323
NadigOConner2024_hepg2	NFYB	dorothea	104	4923	251726.0	0.49166002593790525	0.5083399740620947	0.02239442675497852	0.02068828327034016	1.0824690701661253	0.3853345079229566	0.7253899937716413	False	-0.0548728021922375	0.9536434701796029
NadigOConner2024_hepg2	SP1	dorothea	77	4923	186317.0	0.49150950613473465	0.5084904938652653	0.02187279600379082	0.0154	1.4203114288175858	0.39896449657440275	0.7253899937716413	False	-0.5030144593309468	0.9188828470678536
NadigOConner2024_hepg2	MAX	dorothea	45	4923	110609.0	0.4992845374320085	0.5007154625679916	0.009795281294720803	0.009057971014492754	1.0813990549371766	0.49341914373613915	0.8113846262067602	False	0.13804397232757046	0.7063962760122073
NadigOConner2024_hepg2	TBP	dorothea	75	4923	186751.0	0.5057918613311666	0.4942081386688334	0.01573917212470237	0.015006002400960384	1.0488584303901658	0.5684660911333661	0.842171986864246	False	-0.02470449903198363	0.5648136137738536
NadigOConner2024_hepg2	USF2	dorothea	53	4923	135638.0	0.5198471556306746	0.4801528443693253	0.010003016099905001	0.01065112540192926	0.9391510964740998	0.6907056596375043	0.9209408795166724	False	0.10344032276582663	0.3700415088604012
NadigOConner2024_hepg2	CLOCK	dorothea	225	4923	572690.0	0.5170198839912429	0.4829801160087571	0.042227722684083945	0.043706293706293704	0.9661702950118407	0.8064190392938049	0.9727557727085163	False	0.10221774751631005	0.215151771708377
NadigOConner2024_hepg2	GATA1	dorothea	20	4923	54776.0	0.5563274426162909	0.44367255738370914	0.0047524835325367335	0.004046125834513453	1.1745763050664537	0.8080804024961081	0.9727557727085163	False	0.10460522005637163	0.21309371737190047
NadigOConner2024_hepg2	STAT5B	dorothea	91	4923	247057.0	0.5514751346561219	0.44852486534387814	0.01755974235610651	0.01814918228958915	0.9675225074012971	0.9540423002874691	0.999927694428874	False	0.4030554736023587	0.047047268592864136
NadigOConner2024_hepg2	YY1	dorothea	50	4923	141694.0	0.5756408693885842	0.4243591306114158	0.00843770939013385	0.010054293183189221	0.8392145759427128	0.9673604253688622	0.999927694428874	False	0.4399131457682921	0.033184127669772814
NadigOConner2024_hepg2	STAT5A	dorothea	29	4923	85650.0	0.5999285549181533	0.4000714450818466	0.0053181932870022845	0.0058562197092084005	0.9081273502494935	0.9684548146727192	0.999927694428874	False	0.3624040298468164	0.03205345218193559
NadigOConner2024_hepg2	MYC	ensemble	52	4923	35531.0	0.13879513742402225	0.8612048625759777	0.1022928021916422	0.010452261306532663	9.786667132758076	1.4210713625689211e-19	2.0321320484735572e-17	True	-12.741004716920129	43.39770569906883
NadigOConner2024_hepg2	MAX	ensemble	45	4923	67372.0	0.30411447401087865	0.6958855259891213	0.022219936128989155	0.009057971014492754	2.4530809486404026	2.9380735295083963e-06	3.001032247997862e-05	True	-1.4743629823937119	12.737756453463678
NadigOConner2024_hepg2	ATF4	ensemble	22	4923	29901.0	0.27607888759625504	0.723921112403745	0.010627156470223421	0.004448938321536906	2.388694942966128	0.00014185159741603412	0.0009659418300234704	True	-1.4944729279113298	8.860729135468386
NadigOConner2024_hepg2	SRF	ensemble	43	4923	77754.0	0.3673029774811162	0.6326970225188838	0.013735362137269932	0.008658880386629078	1.586274613341453	0.0013460792786862748	0.007403436032774512	True	-1.3975648636693305	6.610559150024363
NadigOConner2024_hepg2	TFDP1	ensemble	148	4923	312522.0	0.4289325888960258	0.5710674111039742	0.03461841641422203	0.029185564977322026	1.1861485786251347	0.0015856912530744518	0.008360383837265185	True	-1.0311503127879222	6.446734844912836
NadigOConner2024_hepg2	MYBL2	ensemble	136	4923	295879.0	0.44192177175562486	0.5580782282443751	0.029956701812397044	0.02688278315872702	1.1143452534479166	0.010327409653563152	0.043435870013515614	True	-0.4128165182410241	4.5729537868736525
NadigOConner2024_hepg2	SP1	ensemble	77	4923	160726.0	0.42399972564506383	0.5760002743549362	0.02409760813840325	0.0154	1.5647797492469642	0.010950463812042318	0.04474046643205861	True	-1.8344670434937775	4.514373466352533
NadigOConner2024_hepg2	GABPA	ensemble	82	4923	174403.0	0.4320263769365299	0.5679736230634701	0.03403332314752021	0.016383616383616385	2.0772778335773	0.017237983091933102	0.06847309950406759	True	-0.7071761763055637	4.060640010617539
NadigOConner2024_hepg2	NRF1	ensemble	30	4923	58684.0	0.3973457918613312	0.6026542081386689	0.01701334500283375	0.0060569351907934586	2.808903259967852	0.026095252754510117	0.09329052859737366	True	-1.1554032432860277	3.646001867997278
NadigOConner2024_hepg2	HSF1	ensemble	32	4923	66082.0	0.4194723745683526	0.5805276254316474	0.009345699909146004	0.006458123107971746	1.4471232203068265	0.057895504772489025	0.1640048658327671	False	-0.4875523169601274	2.8491155351980018
NadigOConner2024_hepg2	NFYB	ensemble	104	4923	233241.0	0.4555559461866592	0.5444440538133408	0.025505265332901837	0.02068828327034016	1.2328362387355534	0.06014441862416957	0.1640048658327671	False	-0.4235853669868373	2.8110066318199203
NadigOConner2024_hepg2	NANOG	ensemble	28	4923	62171.0	0.4510243463625548	0.5489756536374453	0.0078123639598259515	0.005655423146839022	1.3813933558963674	0.18538292540496093	0.35890149745161687	False	-0.3529822235526392	1.6853317260733496
NadigOConner2024_hepg2	FOXO1	ensemble	44	4923	100375.0	0.46338614665854155	0.5366138533414585	0.011703222128383482	0.008858465874773505	1.3211341889018353	0.20116969676871532	0.3688111107426448	False	-0.26795688907244025	1.6036064645812858
NadigOConner2024_hepg2	TBP	ensemble	75	4923	178193.0	0.4826135825038933	0.5173864174961067	0.01672709605579498	0.015006002400960384	1.1146936811581776	0.30237841631559936	0.5147632563467942	False	-0.09438699975630882	1.1960760118417753
NadigOConner2024_hepg2	STAT5B	ensemble	91	4923	217111.0	0.4846303402062086	0.5153696597937915	0.022011625487259018	0.01814918228958915	1.2128163757485353	0.3074188159864437	0.5171869492477819	False	-0.24918933562127482	1.1795442396453613
NadigOConner2024_hepg2	GATA1	ensemble	20	4923	49303.0	0.5007414178346536	0.49925858216534635	0.004019966937500349	0.004046125834513453	0.9935348286032112	0.5046037236045272	0.7145747553307669	False	0.12574853838468564	0.68398186348309
NadigOConner2024_hepg2	USF2	ensemble	53	4923	130723.0	0.5010098919588072	0.49899010804119287	0.010503713223435986	0.01065112540192926	0.9861599433927825	0.5101232818181768	0.7145747553307669	False	-0.029740250775800656	0.6731028534202776
NadigOConner2024_hepg2	MYB	ensemble	39	4923	97346.0	0.5070183388282109	0.49298166117178915	0.008211181027086635	0.007859733978234583	1.0447148783693303	0.5601197802744827	0.7556332884835003	False	-0.0903815946306506	0.5796046247775721
NadigOConner2024_hepg2	E2F6	ensemble	56	4923	143161.0	0.5192862946519253	0.48071370534807467	0.010989271808613407	0.011247238401285399	0.9770640059836814	0.690453144852331	0.8511620664989943	False	0.16256971267279918	0.3704071652746614
NadigOConner2024_hepg2	STAT5A	ensemble	29	4923	79865.0	0.5594079864394433	0.44059201356055666	0.005374415289952032	0.0058562197092084005	0.9177277419256021	0.8654083713766993	0.9698103280186741	False	0.2737324315878421	0.14455377781925915
NadigOConner2024_hepg2	YY1	ensemble	50	4923	134361.0	0.5458500914076783	0.4541499085923217	0.00961933578319928	0.010054293183189221	0.9567391369970004	0.8680819719327991	0.9698103280186741	False	0.14107983928773205	0.1414691310701487
NadigOConner2024_hepg2	CLOCK	ensemble	225	4923	594373.0	0.5365951204098676	0.46340487959013255	0.041005771865657785	0.043706293706293704	0.9382120602862501	0.9685120598093218	0.9999999990003031	False	0.20068263007886372	0.03199434416375173
NadigOConner2024_jurkat	MYC	causalpath	115	11921	122053.0	0.08903031916639617	0.9109696808336039	0.13290113598025688	0.009554669325357262	13.909548457898884	1.9647085478584644e-52	1.6700022656796948e-50	True	-7.733075443838714	119.05908092307043
NadigOConner2024_jurkat	MAX	causalpath	76	11921	116802.0	0.12892109898939952	0.8710789010106005	0.03857902713201846	0.006334917062598983	6.089902480300335	2.8493106307377796e-29	1.2109570180635564e-27	True	-3.883927330370226	65.72789061575706
NadigOConner2024_jurkat	NRF1	causalpath	81	11921	259355.0	0.26859437800913627	0.7314056219908637	0.022096000337412	0.0067488751874687555	3.2740271117236888	3.2440404584289057e-13	6.893585974161424e-12	True	-1.3723359083971907	28.756786600975033
NadigOConner2024_jurkat	GABPA	causalpath	120	11921	604928.0	0.4228728014987557	0.5771271985012443	0.012758592173368978	0.009965949671954157	1.280218402996132	0.0017955133375658885	0.012718219474425044	True	-0.34354823275496577	6.322464315996076
NadigOConner2024_jurkat	HSF1	causalpath	32	11921	153702.0	0.4029181696166429	0.597081830383357	0.00400143520781527	0.002677152179369196	1.4946610949692474	0.028732687894707648	0.10618602048044132	False	-0.3657795138485483	3.5497198532941163
NadigOConner2024_jurkat	NFYB	causalpath	22	11921	102066.0	0.3891757097863968	0.6108242902136032	0.004087122893575514	0.0018420832286695134	2.218750396271471	0.036015980392814374	0.1275565972245509	False	-0.779419186265891	3.3237925392199976
NadigOConner2024_jurkat	MYB	causalpath	13	11921	56261.0	0.3630374323269215	0.6369625676730786	0.02973960447967743	0.0010893246187363835	27.300956912343878	0.0436682643894566	0.14847209892415242	False	-2.488380931811877	3.131133656046934
NadigOConner2024_jurkat	E2F6	causalpath	119	11921	646208.0	0.45552548676546367	0.5444745132345363	0.011719506398208648	0.009883720930232558	1.1857382944069925	0.04723913896869337	0.1544356466284206	False	-0.34234931815412883	3.0525325145613924
NadigOConner2024_jurkat	ATF4	causalpath	52	11921	286008.0	0.4613835958521807	0.5386164041478193	0.005510900129387293	0.004343105320304018	1.2688847547914242	0.16790390652193093	0.3659444116503623	False	-0.1718043966107193	1.784363448213203
NadigOConner2024_jurkat	SP1	causalpath	194	11921	1123514.0	0.4858073381721765	0.5141926618278235	0.020228831185986233	0.01601320676846884	1.26325922586713	0.24849182053946411	0.44940010097562655	False	-0.30341115179355094	1.3923453493213236
NadigOConner2024_jurkat	YY1	causalpath	65	11921	369092.0	0.47633071567305274	0.5236692843269473	0.00691093663351503	0.005422993492407809	1.2743767152201715	0.2548814900849138	0.45135263869203485	False	-0.030037108031628616	1.3669565866160747
NadigOConner2024_jurkat	STAT5A	causalpath	112	11921	662197.0	0.49597124522151786	0.5040287547784821	0.009897602512745296	0.009307737056428156	1.0633736699630727	0.44157080527910963	0.6584827798021811	False	-0.010321579769300735	0.8174168974385957
NadigOConner2024_jurkat	MYBL2	causalpath	44	11921	260881.0	0.4973671366801138	0.5026328633198862	0.0038527656492244712	0.0036773923944839115	1.0476895680220635	0.47593304327203423	0.6856662487817442	False	-0.11404191627773347	0.7424781000399077
NadigOConner2024_jurkat	NANOG	causalpath	96	11921	586756.5	0.5127125975169868	0.48728740248301317	0.008455698797163763	0.00798868269950903	1.0584597129741347	0.6663111818079974	0.8455708565235106	False	0.07286801421082931	0.40599847761239655
NadigOConner2024_jurkat	USF2	causalpath	139	11921	846356.0	0.5107702446381122	0.4892297553618878	0.01124744021980728	0.011525704809286899	0.9758570435314805	0.6690607567715642	0.8455708565235106	False	0.08567423417360807	0.4018804056807422
NadigOConner2024_jurkat	GATA1	causalpath	32	11921	210819.0	0.5526460657662948	0.44735393423370523	0.0024330173805288445	0.002677152179369196	0.9088080234206649	0.8485536417372159	0.9746899938873426	False	0.24380306535530127	0.16422197681618161
NadigOConner2024_jurkat	FOXO1	causalpath	72	11921	466378.0	0.5433665147405605	0.4566334852594395	0.006351219458447244	0.006003502042858334	1.0579190967383028	0.8981075992982221	0.9999999809091803	False	0.4439872879712969	0.10746539681311465
NadigOConner2024_jurkat	STAT5B	causalpath	196	11921	1242118.0	0.5316111680810232	0.46838883191897684	0.015089166787807024	0.016175621028307337	0.9328338467747842	0.9358146130296799	0.9999999809091803	False	0.14820701135948836	0.06633788512409049
NadigOConner2024_jurkat	TFDP1	causalpath	337	11921	2124170.0	0.5287454973730372	0.4712545026269628	0.024720082454729383	0.02749224995921031	0.8991654917806314	0.9642766684908167	0.9999999809091803	False	0.20279261053418382	0.03637702503921327
NadigOConner2024_jurkat	CLOCK	causalpath	441	11921	2791537.0	0.5309970533525604	0.4690029466474396	0.034562384711759875	0.03567383918459796	0.9688439904915546	0.986626523636814	0.9999999809091803	False	0.1303819804366029	0.013463706663047253
NadigOConner2024_jurkat	MYC	collectri	115	11921	90295.0	0.06586476915053086	0.9341352308494693	0.24195770925492646	0.009554669325357262	25.32350424862865	2.881464965079745e-58	1.051734712254107e-56	True	-28.063231811814628	132.49163656040426
NadigOConner2024_jurkat	NRF1	collectri	81	11921	262261.0	0.27160390264715967	0.7283960973528404	0.02332164492577391	0.0067488751874687555	3.455634350606648	6.406830724676584e-13	1.5589954763379688e-11	True	-1.514292212903677	28.076241486986735
NadigOConner2024_jurkat	YY1	collectri	65	11921	243157.0	0.3138056306582437	0.6861943693417563	0.01115903480853389	0.005422993492407809	2.0577260186936495	1.0756084434113011e-07	1.5703883273804998e-06	True	-0.9581662056490264	16.045209155621833
NadigOConner2024_jurkat	MAX	collectri	76	11921	328766.0	0.36287798180124414	0.6371220181987558	0.013918552132308193	0.006334917062598983	2.197116709622387	1.8323015651386034e-05	0.0002229300237585301	True	-0.7895297877809552	10.90735260247318
NadigOConner2024_jurkat	GABPA	collectri	120	11921	588875.0	0.41165100802505383	0.5883489919749462	0.015308311128165948	0.009965949671954157	1.5360614524520515	0.0004254108354286995	0.003881873873286883	True	-0.4133801136419292	7.762455184369021
NadigOConner2024_jurkat	MYB	collectri	13	11921	36626.0	0.2363379427384125	0.7636620572615874	0.05556176780382972	0.0010893246187363835	51.00570284391568	0.0004988655534053085	0.004046353933176391	True	-4.705091264554596	7.603173930569582
NadigOConner2024_jurkat	ATF4	collectri	52	11921	251903.0	0.4063659476166816	0.5936340523833183	0.006757040132663609	0.004343105320304018	1.5558084905457958	0.00980373818331183	0.05505176056782797	True	-0.515647574116919	4.62499151876141
NadigOConner2024_jurkat	E2F6	collectri	119	11921	660256.0	0.46542821473862594	0.534571785261374	0.01114941838467259	0.009883720930232558	1.1280588012727562	0.09681936425614351	0.2827125436279391	False	-0.073358882035616	2.3349082607373077
NadigOConner2024_jurkat	HSF1	collectri	32	11921	166877.0	0.43745543578558843	0.5625445642144116	0.006617567970116718	0.002677152179369196	2.4718684358376604	0.11049504850328984	0.3102360977207753	False	-0.6339856132136341	2.202784568953303
NadigOConner2024_jurkat	USF2	collectri	139	11921	781323.0	0.47152325954017427	0.5284767404598257	0.012844214475997703	0.011525704809286899	1.1143973135290093	0.12379128693618541	0.3346949609756124	False	-0.1352615674846206	2.0891583013684945
NadigOConner2024_jurkat	GATA1	collectri	32	11921	188335.0	0.4937059600704639	0.5062940399295361	0.002664068074315757	0.002677152179369196	0.9951126778842576	0.4509975318481985	0.8230704956229623	False	0.1624470565614476	0.796293412114836
NadigOConner2024_jurkat	NANOG	collectri	96	11921	578774.0	0.5057374241534547	0.4942625758465453	0.007991393432911104	0.00798868269950903	1.000339321700966	0.5768971569099358	0.8803761215621544	False	0.016901730926935355	0.5500912659513437
NadigOConner2024_jurkat	NFYB	collectri	22	11921	134449.0	0.5126514706667379	0.48734852933326217	0.0017900599635757588	0.0018420832286695134	0.9717584611356949	0.5813682360536538	0.8803761215621544	False	0.10663584918963087	0.5423709259004753
NadigOConner2024_jurkat	SP1	collectri	194	11921	1182394.0	0.5112670441229503	0.4887329558770497	0.01671098080938005	0.01601320676846884	1.043574909822883	0.7051412650089887	0.8884222029756293	False	0.0627364212222209	0.3493571203431629
NadigOConner2024_jurkat	TFDP1	collectri	337	11921	2043865.0	0.5087560863717794	0.4912439136282206	0.026106725663727536	0.02749224995921031	0.9496030955073357	0.708531223467945	0.8884222029756293	False	0.12729579607875405	0.3445611510017776
NadigOConner2024_jurkat	MYBL2	collectri	44	11921	277422.0	0.528902395314609	0.47109760468539086	0.003511900315340517	0.0036773923944839115	0.9549974380238473	0.7463021845378002	0.8931157290370395	False	0.23783878844614992	0.2926246876913678
NadigOConner2024_jurkat	STAT5B	collectri	196	11921	1247176.0	0.533775929631982	0.466224070368018	0.014457309242706011	0.016175621028307337	0.8937715106830038	0.9478853201122308	0.9999999999727516	False	0.25924699748321944	0.05352175439036575
NadigOConner2024_jurkat	FOXO1	collectri	72	11921	477610.0	0.5564526652312912	0.4435473347687088	0.006129532630635065	0.006003502042858334	1.020992844988977	0.9509689782213713	0.9999999999727516	False	0.310552875812013	0.05027383713559798
NadigOConner2024_jurkat	STAT5A	collectri	112	11921	733768.0	0.5495763778206526	0.45042362217934734	0.0082126853026528	0.009307737056428156	0.8823503772037602	0.964771418402625	0.9999999999727516	False	0.3285742988144517	0.03586407782341518
NadigOConner2024_jurkat	CLOCK	collectri	441	11921	3111222.0	0.5918064902330364	0.4081935097669636	0.02914825161922773	0.03567383918459796	0.8170763866596218	0.9999999999727516	0.9999999999727516	False	0.46952092193961636	2.724842573835138e-11
NadigOConner2024_jurkat	MYC	dorothea	115	11921	110101.0	0.08031205435785588	0.919687945642144	0.2071426051548347	0.009554669325357262	21.679725179509482	1.3647203650882376e-54	5.322409423844127e-53	True	-17.758877442997367	124.02864547476959
NadigOConner2024_jurkat	NRF1	dorothea	81	11921	285797.0	0.29597835959159113	0.7040216404084089	0.02005737967968945	0.0067488751874687555	2.9719589001929974	1.156420712871046e-10	2.2550203900985398e-09	True	-1.4605153077193935	22.88052128743005
NadigOConner2024_jurkat	ATF4	dorothea	52	11921	189310.0	0.3053919069773444	0.6946080930226556	0.010827632756961645	0.004343105320304018	2.4930624422904186	6.156976932866569e-07	7.1577182345763305e-06	True	-1.3554910399848938	14.300509751525372
NadigOConner2024_jurkat	HSF1	dorothea	32	11921	138662.0	0.3634919469843134	0.6365080530156866	0.005680413832934168	0.002677152179369196	2.121812079533191	0.003778127927313412	0.024557831527537176	True	-0.8214883551766072	5.578526649355551
NadigOConner2024_jurkat	MYB	dorothea	13	11921	46619.0	0.3008201428635956	0.6991798571364044	0.03539633237666824	0.0010893246187363835	32.49383312178144	0.0064547563588407564	0.03596221399925564	True	-2.289398693877475	5.042937999959662
NadigOConner2024_jurkat	USF2	dorothea	139	11921	737429.0	0.4450335210398915	0.5549664789601085	0.01529416841602862	0.011525704809286899	1.3269616625705407	0.012813587773866437	0.062466240397598884	True	-0.31259302230658603	4.35724912626354
NadigOConner2024_jurkat	YY1	dorothea	65	11921	335598.0	0.4331051215373	0.5668948784627	0.007418210936263922	0.005422993492407809	1.3679180966470672	0.03122382558080902	0.13530324418350576	False	-0.3452504989108953	3.46657383518114
NadigOConner2024_jurkat	GABPA	dorothea	120	11921	667110.0	0.46634091099739955	0.5336590890026005	0.012061244615316458	0.009965949671954157	1.210245386775212	0.1018952604061738	0.33115959632006486	False	-0.24650438926770563	2.2838098520415255
NadigOConner2024_jurkat	TFDP1	dorothea	337	11921	1949540.0	0.4852768361047519	0.5147231638952481	0.027442284063954846	0.02749224995921031	0.9981825461601143	0.17793151652539102	0.4305974306292461	False	0.015979231829876317	1.726356541342343
NadigOConner2024_jurkat	MAX	dorothea	76	11921	427531.0	0.47189060437352925	0.5281093956264707	0.007837915623033102	0.006334917062598983	1.2372562332832648	0.19873727567503668	0.4305974306292461	False	-0.1577265213341984	1.6157715492579978
NadigOConner2024_jurkat	NANOG	dorothea	96	11921	557146.0	0.48683870201045776	0.5131612979895422	0.00891846992317305	0.00798868269950903	1.1163880527788599	0.32820031157025065	0.6320649984780564	False	-0.12000574821933975	1.1141311509961564
NadigOConner2024_jurkat	CLOCK	dorothea	441	11921	2621176.5	0.4985916352951717	0.5014083647048283	0.035405276244780216	0.03567383918459796	0.99247171187749	0.4599347190447545	0.7281094579807673	False	-0.0420852337471438	0.7766707146899987
NadigOConner2024_jurkat	GATA1	dorothea	32	11921	192589.0	0.5048574993708581	0.4951425006291419	0.0029357729995592363	0.002677152179369196	1.096602958241611	0.537874886870086	0.7769303921456798	False	-0.08558560619761993	0.6201292981509139
NadigOConner2024_jurkat	NFYB	dorothea	22	11921	135252.0	0.5157132943392485	0.48428670566075144	0.002167062993036063	0.0018420832286695134	1.176419696628623	0.6006754544336228	0.8314245782274046	False	0.3540119419390233	0.5097004995663018
NadigOConner2024_jurkat	SP1	dorothea	194	11921	1194594.0	0.516542322869544	0.4834576771304559	0.01665645543893425	0.01601320676846884	1.040169884756126	0.7857373579395067	0.9394447688875062	False	0.09264814715604625	0.2411326925977397
NadigOConner2024_jurkat	E2F6	dorothea	119	11921	740243.0	0.5218127180408276	0.47818728195917237	0.009768403317715939	0.009883720930232558	0.9883325709689068	0.7939415256212217	0.9394447688875062	False	0.13258689667581475	0.2307454657602734
NadigOConner2024_jurkat	STAT5A	dorothea	112	11921	697712.0	0.5225712128656512	0.4774287871343487	0.009014259417451924	0.009307737056428156	0.9684694961624911	0.7949148044432744	0.9394447688875062	False	0.2857214491286736	0.22952033429259697
NadigOConner2024_jurkat	FOXO1	dorothea	72	11921	464566.0	0.5412553943088294	0.4587446056911706	0.005281143341257667	0.006003502042858334	0.8796771123847668	0.886664174571792	0.9989523152766097	False	0.5396632034908893	0.12028897651176908
NadigOConner2024_jurkat	MYBL2	dorothea	44	11921	295057.0	0.5625233545080873	0.4374766454919127	0.0032078834473191187	0.0036773923944839115	0.8723255783448467	0.9242131838996857	0.9989523152766097	False	0.38063048864397697	0.07881251544572104
NadigOConner2024_jurkat	STAT5B	dorothea	196	11921	1314429.0	0.5625593832869109	0.43744061671308904	0.01706643712095498	0.016175621028307337	1.0550715234418953	0.9986903891639244	0.9989523152766097	False	0.3792088968606968	0.001310469125778765
NadigOConner2024_jurkat	MYC	ensemble	115	11921	97041.0	0.07078557022134851	0.9292144297786514	0.23701427474564934	0.009554669325357262	24.806120094249003	5.312964803979411e-57	3.586251242686102e-55	True	-27.989677048483525	129.57720027772353
NadigOConner2024_jurkat	MAX	ensemble	76	11921	145870.0	0.16100512585044527	0.8389948741495546	0.032473513640965	0.006334917062598983	5.126115041456014	9.464614237967294e-25	4.259076407085282e-23	True	-3.191158182872022	55.3170672977064
NadigOConner2024_jurkat	NRF1	ensemble	81	11921	251492.0	0.26045126299579224	0.7395487370042076	0.026953132404589807	0.0067488751874687555	3.9937221619739116	4.927914453069419e-14	1.3305369023287432e-12	True	-2.1975145717497404	30.64127543519701
NadigOConner2024_jurkat	ATF4	ensemble	52	11921	190200.0	0.30682764094390635	0.6931723590560936	0.008868731305475714	0.004343105320304018	2.042025383085783	7.369852435376486e-07	1.5009617312594046e-05	True	-1.330478392845446	14.1206979672945
NadigOConner2024_jurkat	YY1	ensemble	65	11921	253783.0	0.3275189871784117	0.6724810128215882	0.009931079128864578	0.005422993492407809	1.831290991362628	7.782764532456172e-07	1.5009617312594046e-05	True	-0.8484431694124633	14.066184037523767
NadigOConner2024_jurkat	MYB	ensemble	13	11921	42133.0	0.271873165002936	0.728126834997064	0.14589097005812696	0.0010893246187363835	133.92791051336053	0.002202572503720656	0.014940456904884067	True	-6.313854993553871	6.1181292818668505
NadigOConner2024_jurkat	USF2	ensemble	139	11921	712363.0	0.42990635593194765	0.5700936440680524	0.015391568356175273	0.011525704809286899	1.335412333636502	0.0022134010229457875	0.014940456904884067	True	-0.37322683876037327	6.113225021973315
NadigOConner2024_jurkat	GABPA	ensemble	120	11921	613403.0	0.42879722059111375	0.5712027794088863	0.01443059286727968	0.009965949671954157	1.447989739290955	0.0035904852342010783	0.02203252302805207	True	-0.5035344117031707	5.629467922885503
NadigOConner2024_jurkat	HSF1	ensemble	32	11921	151628.0	0.39748133545843467	0.6025186645415653	0.010190917176449805	0.002677152179369196	3.806626031565766	0.022420291814890306	0.10089131316700639	False	-0.8900716529398199	3.797788845593644
NadigOConner2024_jurkat	NANOG	ensemble	96	11921	546724.0	0.47773187372424014	0.5222681262757598	0.008540037744232799	0.00798868269950903	1.069017016379641	0.22580483244287514	0.46383764274744915	False	-0.0954181302292016	1.4880842260656664
NadigOConner2024_jurkat	GATA1	ensemble	32	11921	181864.0	0.476742722925929	0.523257277074071	0.0028987247334153086	0.002677152179369196	1.082764273078537	0.3245213306497	0.5920321572663446	False	-0.07574854064922981	1.1254040111009898
NadigOConner2024_jurkat	NFYB	ensemble	22	11921	126274.0	0.4814803517093593	0.5185196482906406	0.0020543310535363467	0.0018420832286695134	1.1152216260174814	0.38186439552897783	0.6428716261423865	False	-0.06807782286911396	0.962689718924075
NadigOConner2024_jurkat	TFDP1	ensemble	337	11921	2021511.0	0.503191759200095	0.496808240799905	0.02634977723294865	0.02749224995921031	0.9584438258797762	0.5793230242662804	0.8115222097123123	False	0.17810903231494735	0.5458950566904631
NadigOConner2024_jurkat	E2F6	ensemble	119	11921	717215.0	0.5055798009162561	0.4944201990837439	0.010151787754087949	0.009883720930232558	1.0271220551194866	0.5830937358673651	0.8115222097123123	False	0.02960720112274841	0.5394073236219435
NadigOConner2024_jurkat	SP1	ensemble	194	11921	1195807.0	0.5170668239449226	0.48293317605507735	0.01668131366344948	0.01601320676846884	1.0417222424365487	0.792984374603378	0.9390604436092634	False	0.19461703681408865	0.2319517616985711
NadigOConner2024_jurkat	FOXO1	ensemble	72	11921	454906.0	0.5300007456496006	0.46999925435039935	0.005491184190313525	0.006003502042858334	0.9146634999226404	0.81034479555111	0.943073684477585	False	0.3779808041657954	0.21029544836903424
NadigOConner2024_jurkat	MYBL2	ensemble	44	11921	289515.0	0.5519575844003325	0.4480424155996675	0.0033013564400246947	0.0036773923944839115	0.8977438592021698	0.883304516098347	0.9999681819073515	False	0.38730218650633613	0.12408527248701993
NadigOConner2024_jurkat	STAT5A	ensemble	112	11921	732649.0	0.5487382709983583	0.45126172900164174	0.008392130428598727	0.009307737056428156	0.9016295129225758	0.9623292219017598	0.9999681819073515	False	0.38884727102580974	0.038398660353459485
NadigOConner2024_jurkat	STAT5B	ensemble	196	11921	1293217.0	0.5534809091827319	0.4465190908172681	0.014201880027674595	0.016175621028307337	0.877980511710883	0.9949520551599218	0.9999681819073515	False	0.4311984353685863	0.005060728753438554
NadigOConner2024_jurkat	CLOCK	ensemble	441	11921	2901010.0	0.5518206499667786	0.44817935003322135	0.03129470867011559	0.03567383918459796	0.8772453255781609	0.9998929444497453	0.9999681819073515	False	0.2731355322652376	0.0001070612811091347
NormanWeissman2019_filtered	IRF1	causalpath	420	11764	4535186.0	0.9178903353248814	0.9178903353248814	0.5644050844362634	0.034471437951411686	16.373122735170078	4.1470673377993105e-187	6.635307740478897e-186	True	6.4701215469264	429.1610109710403
NormanWeissman2019_filtered	CEBPA	causalpath	451	11764	4381747.0	0.8258777012208316	0.8258777012208315	0.4270894584517832	0.03692181743757675	11.567400742768363	1.0989208128452682e-122	8.791366502762145e-122	True	6.562041098157998	280.82105272627405
NormanWeissman2019_filtered	SPI1	causalpath	607	11764	5042256.0	0.7061243443964134	0.7061243443964134	0.23012646292602815	0.04906636488561959	4.690106215581374	2.921116312736104e-66	1.5579287001259222e-65	True	2.10878068106892	150.8986502955022
NormanWeissman2019_filtered	TP73	causalpath	246	11764	2263590.0	0.7821816869987809	0.782181686998781	0.16164307940426198	0.02048293089092423	7.891599120508888	2.6644606374916953e-52	1.0657842549966781e-51	True	3.3193426737772396	118.75442318598843
NormanWeissman2019_filtered	CEBPB	causalpath	480	11764	3931820.0	0.6963015697608523	0.6963015697608523	0.10581057748709208	0.039202874877491016	2.6990514807332406	1.3498467137773855e-48	4.319509484087634e-48	True	1.3265229017474756	110.2240934230607
NormanWeissman2019_filtered	ETS2	causalpath	1195	11764	7563739.0	0.5380388220782787	0.5380388220782786	0.11418215180231	0.09221390539393472	1.2382313851097366	1.2482019580915374e-06	3.3285385549107665e-06	True	0.32201353240277675	13.593806475715494
NormanWeissman2019_filtered	AHR	causalpath	557	11764	3465044.5	0.5288087168533523	0.5288087168533523	0.13438875209382373	0.04520736953169385	2.972717799906647	0.010677649207739738	0.021355298415479475	True	3.422645113594924	4.539602581313066
NormanWeissman2019_filtered	HNF4A	causalpath	233	11764	1487031.0	0.5425116708719261	0.5425116708719262	0.036673198941752236	0.019421522047178463	1.8882762562412083	0.01294350813301704	0.023010681125363627	True	1.0936259716173127	4.347160919000409
NormanWeissman2019_filtered	EGR1	causalpath	316	11764	1971354.0	0.5303010902173118	0.5303010902173118	0.03314162306510968	0.026158940397350994	1.2669329323624205	0.0327912866608427	0.04769641696122575	True	0.27866173857568166	3.4175924494674694
NormanWeissman2019_filtered	FOXO4	causalpath	214	11764	1314434.5	0.522119796813977	0.522119796813977	0.02406977050305388	0.017866087827684087	1.3472322947924271	0.1333230942669288	0.17776412568923838	False	0.312933995554127	2.0149798164890322
NormanWeissman2019_filtered	JUN	causalpath	265	11764	1588838.0	0.5096578624906174	0.5096578624906174	0.02429447883262144	0.022030093939645855	1.102785984443786	0.2950961178301745	0.3631952219448301	False	0.013445852091226826	1.22045415255802
NormanWeissman2019_filtered	FOXA1	causalpath	835	11764	4771404.0	0.4857409288868709	0.4857409288868709	0.07196660871271932	0.06627510119850782	1.0858770097862882	0.9160793558080191	0.9771513128618871	False	0.01897907369925391	0.08765228508223968
NormanWeissman2019_filtered	IRF1	collectri	420	11764	4487670.0	0.9082734249769272	0.9082734249769273	0.4581032984961961	0.034471437951411686	13.289358544946793	1.0537466750222037e-178	1.5806200125333054e-177	True	6.516208217566586	409.8077944779875
NormanWeissman2019_filtered	CEBPA	collectri	451	11764	4139368.0	0.7801937739324226	0.7801937739324227	0.3971092157151401	0.03692181743757675	10.75540813738456	2.78259845206329e-91	2.78259845206329e-90	True	5.503792914384077	208.51185827632418
NormanWeissman2019_filtered	TP73	collectri	246	11764	2311934.0	0.7988869169548547	0.7988869169548546	0.2622342552513024	0.02048293089092423	12.80257481938269	2.0253488706229352e-58	1.5190116529672014e-57	True	3.2659943286991004	132.84419342614584
NormanWeissman2019_filtered	SPI1	collectri	607	11764	4679495.0	0.6553228037174817	0.6553228037174817	0.12060833792221679	0.04906636488561959	2.458065483419677	1.5971714903139473e-38	9.583028941883685e-38	True	1.2222677984220234	87.02999928751703
NormanWeissman2019_filtered	CEBPB	collectri	480	11764	3222387.0	0.57066527116627	0.5706652711662701	0.061600245375917906	0.039202874877491016	1.5713195924640393	7.332368264932414e-08	2.4441227549774716e-07	True	0.5445918660739529	16.428382188158718
NormanWeissman2019_filtered	HNF4A	collectri	233	11764	1603048.0	0.5848380087354598	0.5848380087354598	0.04989441271621732	0.019421522047178463	2.569026907109267	4.4557684362186396e-06	1.336730530865592e-05	True	0.9495125941504703	12.321311023426897
NormanWeissman2019_filtered	JUN	collectri	265	11764	1779644.0	0.570863459354731	0.570863459354731	0.04116942040966197	0.022030093939645855	1.8687809739917882	3.88054039626511e-05	0.00010583291989813938	True	0.9737191289068097	10.156951043645327
NormanWeissman2019_filtered	ETS2	collectri	1195	11764	7378143.0	0.5248366408260646	0.5248366408260646	0.10777748690411888	0.09221390539393472	1.1687769479418215	0.0023011914237094414	0.004931124479377374	True	0.22518776696695725	6.074328279859604
NormanWeissman2019_filtered	AHR	collectri	557	11764	3305458.0	0.504453839941348	0.5044538399413481	0.07185516692763427	0.04520736953169385	1.589456933061727	0.36100243073679816	0.5415036461051973	False	0.47572325448715336	1.0188705873289938
NormanWeissman2019_filtered	EGR1	collectri	316	11764	1806168.0	0.4858654810427866	0.4858654810427866	0.0260777229121607	0.026158940397350994	0.9968952303129786	0.8048036789680781	1.0	False	-0.07758293542341893	0.21715690836470733
NormanWeissman2019_filtered	FOXO4	collectri	214	11764	1208538.0	0.4800555790356767	0.48005557903567664	0.019070910609774464	0.017866087827684087	1.0674362957190586	0.8417295054300589	1.0	False	0.11517658662751763	0.1722965688107978
NormanWeissman2019_filtered	FOXA1	collectri	835	11764	4418340.0	0.4497981256120876	0.44979812561208765	0.06073849776550639	0.06627510119850782	0.9164602794582215	0.9999994000259657	1.0	False	-0.13205866604238414	5.99974214327691e-07
NormanWeissman2019_filtered	IRF1	dorothea	420	11764	4568477.0	0.9246282038827092	0.9246282038827089	0.675027217513666	0.034471437951411686	19.582218138539304	4.098980586233905e-193	7.37816505522103e-192	True	10.615015357149572	442.98818464255993
NormanWeissman2019_filtered	SPI1	dorothea	607	11764	4950269.0	0.6932423606042393	0.6932423606042393	0.12774871102214527	0.04906636488561959	2.603590286746226	1.7011945731688944e-58	1.531075115852005e-57	True	2.3219502039422553	133.01860469926422
NormanWeissman2019_filtered	CEBPA	dorothea	451	11764	3584610.0	0.6756322230775088	0.6756322230775088	0.1583284853570117	0.03692181743757675	4.288209420478709	3.850000903199169e-37	2.3100005419195012e-36	True	3.511011352946954	83.84757505788284
NormanWeissman2019_filtered	TP73	dorothea	246	11764	1983235.5	0.6853054171055142	0.6853054171055142	0.11242893198254673	0.02048293089092423	5.488908427277993	1.0953060780563763e-23	4.9288773512536934e-23	True	1.9804459015938356	52.8684232913148
NormanWeissman2019_filtered	HNF4A	dorothea	233	11764	1888506.0	0.6889812959593026	0.6889812959593026	0.07119876850787778	0.019421522047178463	3.665972642871286	2.1909098963160374e-23	7.887275626737735e-23	True	2.654718778338319	52.17514020355175
NormanWeissman2019_filtered	CEBPB	dorothea	480	11764	3235002.0	0.5728993114586876	0.5728993114586876	0.05400580855768641	0.039202874877491016	1.377598166625651	2.9318552955425142e-08	7.53905647425218e-08	True	0.3660892453787161	17.345045314644345
NormanWeissman2019_filtered	JUN	dorothea	265	11764	1835631.0	0.5888226312446672	0.5888226312446672	0.03070664918123721	0.022030093939645855	1.393850124532462	3.65116251161291e-07	8.215115651129047e-07	True	0.4141387078101021	14.823050037740806
NormanWeissman2019_filtered	AHR	dorothea	557	11764	3461269.0	0.5282325287811703	0.5282325287811702	0.08260696942381351	0.04520736953169385	1.8272898927662593	0.012057338015761082	0.019730189480336315	True	0.8696613869261662	4.418081840425211
NormanWeissman2019_filtered	FOXA1	dorothea	835	11764	5127212.0	0.5219630782637378	0.5219630782637378	0.07441898126619167	0.06627510119850782	1.1228799340991005	0.01682203221953316	0.0232920446116613	True	0.2231512465340453	4.08506581012253
NormanWeissman2019_filtered	EGR1	dorothea	316	11764	1927545.0	0.518516316675203	0.518516316675203	0.029262704085396368	0.026158940397350994	1.118650206808823	0.13026205198335816	0.1674797811214605	False	0.21333464400392974	2.038207073006551
NormanWeissman2019_filtered	ETS2	dorothea	1195	11764	6994133.0	0.4975204830281449	0.49752048302814483	0.1019987454855622	0.09221390539393472	1.1061102449769042	0.6113747764900285	0.7163128554565816	False	0.08444417187628281	0.4920451257084058
NormanWeissman2019_filtered	FOXO4	dorothea	214	11764	1221064.5	0.48503135655429047	0.4850313565542904	0.019321955002680608	0.017866087827684087	1.0814877430939642	0.7738891256362345	0.8194120153795424	False	0.0159013768054213	0.25632666418545763
NormanWeissman2019_filtered	IRF1	ensemble	420	11764	4523173.0	0.9154589870630333	0.9154589870630334	0.5329233654989018	0.034471437951411686	15.459853060091953	5.76939924226984e-185	1.903901749949047e-183	True	7.663820296971807	424.22567424625663
NormanWeissman2019_filtered	CEBPA	ensemble	451	11764	3837257.0	0.723251477128539	0.7232514771285391	0.2318778102768892	0.03692181743757675	6.280238253951667	9.67885609563249e-59	1.0646741705195738e-57	True	4.98805178700527	133.58257676428187
NormanWeissman2019_filtered	TP73	ensemble	246	11764	2305358.0	0.7966145854930158	0.7966145854930158	0.2171452988929805	0.02048293089092423	10.60128064920608	1.44331818991728e-57	1.190737506681756e-56	True	3.3246859424876964	130.8804055393435
NormanWeissman2019_filtered	SPI1	ensemble	607	11764	4810292.0	0.6736397923578874	0.6736397923578874	0.11241511857302676	0.04906636488561959	2.2910830838005176	1.2391264838591298e-47	8.178234793470257e-47	True	1.9996958878274222	108.00709268784433
NormanWeissman2019_filtered	HNF4A	ensemble	233	11764	1897549.0	0.6922804424059436	0.6922804424059434	0.0657645696826656	0.019421522047178463	3.3861697102272066	3.841126486732705e-24	2.1126195677029875e-23	True	2.691841734301	53.91627655235792
NormanWeissman2019_filtered	CEBPB	ensemble	480	11764	3291841.0	0.5829651549926329	0.5829651549926329	0.06602633334453653	0.039202874877491016	1.6842217197302194	3.378036801856059e-10	1.2386134940138885e-09	True	0.690144357981586	21.808556217044607
NormanWeissman2019_filtered	JUN	ensemble	265	11764	1857145.0	0.5957237622936622	0.5957237622936621	0.045146563970699945	0.022030093939645855	2.049313275485093	4.699281636162483e-08	1.5507629399336195e-07	True	1.205785948078413	16.873271090287776
NormanWeissman2019_filtered	ETS2	ensemble	1195	11764	7408751.0	0.5270139095375012	0.527013909537501	0.10860879476473503	0.09221390539393472	1.1777919425574905	0.0010279806172651183	0.0026094892592114544	True	0.22560072971832607	6.880158966927386
NormanWeissman2019_filtered	FOXA1	ensemble	835	11764	5116106.0	0.5208324595284101	0.52083245952841	0.07362727925964355	0.06627510119850782	1.110934241188322	0.021954626187626076	0.04261780377598003	True	0.18536134000043347	3.818777401411466
NormanWeissman2019_filtered	AHR	ensemble	557	11764	3364445.0	0.5134559868924272	0.5134559868924272	0.06414953007954396	0.04520736953169385	1.419006032513575	0.14120966454641154	0.24525889105429372	False	0.3953718426601558	1.9575095104691862
NormanWeissman2019_filtered	EGR1	ensemble	316	11764	1877843.0	0.5051463056137798	0.5051463056137798	0.02851699181189281	0.026158940397350994	1.0901432312900794	0.37724976476469263	0.5195477365211054	False	0.12594556172941654	0.9748478048872091
NormanWeissman2019_filtered	FOXO4	ensemble	214	11764	1159224.0	0.46046706727637304	0.46046706727637304	0.017661750567989076	0.017866087827684087	0.988562842539127	0.9764443992870289	1.0	False	0.06910303227698575	0.023837469060640954
PapalexiSatija2021_eccite_RNA	STAT1	causalpath	444	2386	218890.0	0.20662007355217749	0.7933799264478224	0.4825391022016154	0.1568904593639576	3.0756433766454316	2.3872792295233124e-86	2.3872792295233123e-85	True	-1.8441018742440416	197.15216367770034
PapalexiSatija2021_eccite_RNA	IRF1	causalpath	1073	2386	1034830.0	0.4042023640543743	0.5957976359456257	0.3871960925528186	0.31020526163631107	1.248193181864119	8.825273596790945e-20	4.412636798395472e-19	True	-0.6464909832584915	43.87408225507289
PapalexiSatija2021_eccite_RNA	SMAD4	causalpath	659	2386	651389.0	0.4142710322098941	0.585728967790106	0.2731360510704514	0.21642036124794745	1.2620626335501133	7.531433623625105e-12	1.8828584059062762e-11	True	-0.44647535158982016	25.611935703974666
PapalexiSatija2021_eccite_RNA	MYC	causalpath	109	2386	109517.0	0.42109937940739944	0.5789006205926005	0.05659520776147359	0.043687374749499	1.2954591134392348	0.0026363207265035302	0.0052726414530070605	True	-0.6373464304188916	5.938370998080325
PapalexiSatija2021_eccite_RNA	SPI1	causalpath	48	2386	47472.0	0.414501257334451	0.5854987426655491	0.02691347621535296	0.01972062448644207	1.3647375230868564	0.02112166113818931	0.030173801625984733	True	-0.497206872519646	3.8574561708606243
PapalexiSatija2021_eccite_RNA	STAT3	causalpath	493	2386	571425.0	0.48578251429484703	0.5142174857051529	0.18203962514274788	0.1712400138937131	1.0630671009857426	0.15979024685084092	0.19973780856355114	False	-0.056562131465732274	1.833893280986668
PapalexiSatija2021_eccite_RNA	STAT5A	causalpath	659	2386	808632.0	0.5142745937035337	0.4857254062964663	0.2145938646746524	0.21642036124794745	0.9915604217516185	0.8693895706489367	0.9587056862517052	False	-0.020826559005423267	0.13996395653236735
PapalexiSatija2021_eccite_RNA	ATF2	causalpath	1102	2386	1362681.0	0.518253408038117	0.4817465919618829	0.3072701289425461	0.31594036697247707	0.9725573591212348	0.9587056862517052	0.9587056862517052	False	0.07929207693869841	0.04217114770606834
PapalexiSatija2021_eccite_RNA	STAT1	collectri	444	2386	155324.0	0.14661727947561978	0.8533827205243802	0.6624457556836353	0.1568904593639576	4.222345695010558	2.8591443301230704e-124	3.7168876291599915e-123	True	-8.152548947166816	284.4700291364664
PapalexiSatija2021_eccite_RNA	IRF1	collectri	1073	2386	960606.0	0.37521062988589077	0.6247893701141092	0.41897216795175696	0.31020526163631107	1.350628824739168	3.180017091305257e-32	1.378007406232278e-31	True	-1.0922605432101355	72.52583640440753
PapalexiSatija2021_eccite_RNA	SMAD4	collectri	659	2386	681743.0	0.4335755996982906	0.5664244003017094	0.2637582371013245	0.21642036124794745	1.2187311562572583	8.571254036669866e-08	2.7856575619177064e-07	True	-0.2980917974886419	16.27226669338141
PapalexiSatija2021_eccite_RNA	MYC	collectri	109	2386	94905.0	0.36491537024077764	0.6350846297592224	0.08789120768695949	0.043687374749499	2.0118216805409532	8.915325014363149e-07	2.3179845037344185e-06	True	-4.356948873038691	13.930323943284408
PapalexiSatija2021_eccite_RNA	SPI1	collectri	48	2386	52070.0	0.4546486448728695	0.5453513551271305	0.022500799781168042	0.01972062448644207	1.1409780555700628	0.14066826885324885	0.30478124918203914	False	-0.04580133911137693	1.961350863727094
PapalexiSatija2021_eccite_RNA	STAT3	collectri	493	2386	592043.0	0.5033103856335724	0.49668961436642756	0.17014862194016397	0.1712400138937131	0.993626536644487	0.5916479272742479	0.854602561618358	False	0.11281033706827087	0.5248435384548445
PapalexiSatija2021_eccite_RNA	ATF2	collectri	1102	2386	1340108.0	0.509668468364309	0.490331531635691	0.30983878288057337	0.31594036697247707	0.9806875450884209	0.8210722344067156	0.9481264908610473	False	0.06135403913394704	0.19714418995700958
PapalexiSatija2021_eccite_RNA	STAT5A	collectri	659	2386	809187.0	0.5146275631624537	0.4853724368375463	0.21296992836968126	0.21642036124794745	0.9840568010404848	0.875193683871736	0.9481264908610473	False	0.06098160974760125	0.13331006412321275
PapalexiSatija2021_eccite_RNA	STAT1	dorothea	444	2386	298960.0	0.28220173232746576	0.7177982676725343	0.3133818821398792	0.1568904593639576	1.9974565911167979	1.5134677322934053e-48	7.567338661467026e-48	True	-6.212611272734359	110.1096809343869
PapalexiSatija2021_eccite_RNA	IRF1	dorothea	1073	2386	926457.0	0.36187210420525445	0.6381278957947455	0.4269593404180178	0.31020526163631107	1.3763768485609726	4.979486411340095e-39	1.6598288037800318e-38	True	-1.2308402189784826	88.19549187130251
PapalexiSatija2021_eccite_RNA	MYC	dorothea	109	2386	98020.0	0.3768927305305413	0.6231072694694587	0.0868842317562894	0.043687374749499	1.988772093871028	6.712806707084661e-06	1.6782016767711652e-05	True	-2.8749229504943137	11.91149340724246
PapalexiSatija2021_eccite_RNA	SMAD4	dorothea	659	2386	719242.0	0.4574242514821537	0.5425757485178462	0.2412895912795511	0.21642036124794745	1.114911692634648	0.0004027336661489265	0.000805467332297853	True	-0.1907873975508106	7.817235092536113
PapalexiSatija2021_eccite_RNA	SPI1	dorothea	48	2386	47968.0	0.4188320759988824	0.5811679240011176	0.027122789766167547	0.01972062448644207	1.375351464392746	0.026913476955366316	0.04485579492561053	True	-1.6431757217858725	3.6151281157757453
PapalexiSatija2021_eccite_RNA	STAT3	dorothea	493	2386	566801.0	0.4818515376205689	0.518148462379431	0.1761589887992559	0.1712400138937131	1.028725616131963	0.10194909841783623	0.14564156916833748	False	-0.2008060771270005	2.2832816253765853
PapalexiSatija2021_eccite_RNA	ATF2	dorothea	1102	2386	1292607.0	0.49160293788783027	0.5083970621121698	0.3242318747684312	0.31594036697247707	1.0262439012634192	0.21228552231259656	0.2653569028907457	False	-0.08686378598519601	1.5498231070749757
PapalexiSatija2021_eccite_RNA	STAT5A	dorothea	659	2386	791399.0	0.5033147330088135	0.4966852669911866	0.21614920742230076	0.21642036124794745	0.998747096511238	0.6029197592483309	0.6699108436092565	False	0.03173877697488767	0.5059711603493641
PapalexiSatija2021_eccite_RNA	STAT1	ensemble	444	2386	312104.0	0.2946089425552963	0.7053910574447037	0.29944074162703954	0.1568904593639576	1.9085975198300043	2.1137099839366295e-43	1.5852824879524722e-42	True	-5.931865805072485	98.26271430900576
PapalexiSatija2021_eccite_RNA	IRF1	ensemble	1073	2386	964437.0	0.3767070102156959	0.623292989784304	0.4144258718316277	0.31020526163631107	1.3359730574702706	1.6724518723411615e-31	8.362259361705806e-31	True	-1.282500421270948	70.86584714608892
PapalexiSatija2021_eccite_RNA	MYC	ensemble	109	2386	94998.0	0.36527296077270316	0.634727039227297	0.08620963782228264	0.043687374749499	1.9733307006109648	9.492920507304448e-07	2.8478761521913348e-06	True	-4.280805889820378	13.867549339916067
PapalexiSatija2021_eccite_RNA	SMAD4	ensemble	659	2386	703414.0	0.44735794410235735	0.5526420558976427	0.24430611780558478	0.21642036124794745	1.1288499677056232	1.7126132152589485e-05	4.281533038147371e-05	True	-0.21864021845355297	10.974905064901112
PapalexiSatija2021_eccite_RNA	SPI1	ensemble	48	2386	51077.0	0.4459782760547639	0.5540217239452362	0.023446039862019	0.01972062448644207	1.1889096046698802	0.09969239688862708	0.18692324416617578	False	-0.9701048553857685	2.3056658648156874
PapalexiSatija2021_eccite_RNA	STAT3	ensemble	493	2386	582647.0	0.49532261382744847	0.5046773861725515	0.17208915638386546	0.1712400138937131	1.0049587854546627	0.3716718102300577	0.5575077153450866	False	-0.01640344432937549	0.9897440446677765
PapalexiSatija2021_eccite_RNA	ATF2	ensemble	1102	2386	1312520.0	0.49917622915281673	0.5008237708471833	0.31967472551709486	0.31594036697247707	1.0118198208744345	0.4687867808057698	0.639254701098777	False	-0.028334400391649354	0.7576072390568144
PapalexiSatija2021_eccite_RNA	STAT5A	ensemble	659	2386	811215.0	0.5159173326447779	0.4840826673552221	0.21071758759085077	0.21642036124794745	0.9736495511595457	0.8948611819263688	0.9919595425299415	False	0.09798391629671535	0.11108667673003399
ReplogleWeissman2022_K562_essential	MAX	causalpath	180	10646	240719.0	0.12561786377773604	0.874382136222264	0.1247213376549024	0.01662663957140218	7.501295563622073	5.2528881467934e-67	4.044723873030918e-65	True	-4.871288759206841	152.61442318206107
ReplogleWeissman2022_K562_essential	NRF1	causalpath	69	10646	242992.0	0.33079308551623116	0.6692069144837688	0.012390905742098689	0.006439570695286981	1.9241819569070644	6.081030781345229e-07	1.0117622181269098e-05	True	-0.8107933265234648	14.312921432944451
ReplogleWeissman2022_K562_essential	MYBL2	causalpath	103	10646	396648.0	0.3617275461497914	0.6382724538502085	0.014164006328774827	0.009582286724346451	1.4781446993009768	6.569884533291621e-07	1.0117622181269098e-05	True	-0.7950799453566034	14.235599393457697
ReplogleWeissman2022_K562_essential	MYC	causalpath	73	10646	267029.0	0.3435967975624004	0.6564032024375995	0.018661450582012663	0.006810336785147868	2.74016559984375	1.983650482038508e-06	2.5456847852827522e-05	True	-2.133442953866134	13.13057173294842
ReplogleWeissman2022_K562_essential	GATA1	causalpath	105	10646	425494.0	0.3806428526699051	0.6193571473300948	0.07349257501822411	0.00976653334573528	7.524939752580261	1.2444350087794142e-05	0.0001197768695950186	True	-1.013417284651249	11.294243846264973
ReplogleWeissman2022_K562_essential	TFDP1	causalpath	163	10646	719317.0	0.4145207336146299	0.5854792663853701	0.023329808610438776	0.015080025904338977	1.547066878958483	8.78318011039267e-05	0.0006148226077274869	True	-0.47932639855728687	9.340086923540206
ReplogleWeissman2022_K562_essential	ATF4	causalpath	72	10646	296045.0	0.38622356858079193	0.613776431419208	0.009129325713653404	0.006717671207314798	1.359001569429683	0.00042972319251144425	0.002757390485281767	True	-0.6020561953255317	7.752369294910638
ReplogleWeissman2022_K562_essential	E2F6	causalpath	150	10646	744671.0	0.4663228755714196	0.5336771244285804	0.015524563808246152	0.013894034827713968	1.117354605825503	0.07798451757741771	0.2502003272275485	False	-0.2344694302066841	2.551244964592017
ReplogleWeissman2022_K562_essential	USF2	causalpath	184	10646	956178.0	0.48812883385472394	0.5118711661452761	0.01750481545529519	0.01698984302862419	1.0303106053306899	0.29012411871007115	0.6359749155028492	False	-0.046503603902348964	1.237446452013619
ReplogleWeissman2022_K562_essential	NANOG	causalpath	125	10646	652494.0	0.4903204959609243	0.5096795040390757	0.011550006373153992	0.011605236282610714	0.9952409491619332	0.35469622255505606	0.682790228418483	False	-0.07946604353260901	1.0364935669489899
ReplogleWeissman2022_K562_essential	YY1	causalpath	82	10646	439258.0	0.5031753595762521	0.4968246404237479	0.0077258332952399615	0.0076435495898583145	1.0107651169674916	0.5395257466207869	0.8155985603347663	False	-0.050810363767776506	0.6170647723072064
ReplogleWeissman2022_K562_essential	HSF1	causalpath	128	10646	685875.0	0.5033250457918467	0.49667495420815333	0.011657509500031069	0.011880452942268424	0.9812344324479275	0.5515373915960805	0.8166995990941961	False	0.007480472688947304	0.5950456427753139
ReplogleWeissman2022_K562_essential	GABPA	causalpath	109	10646	586256.0	0.5052127947439449	0.49478720525605513	0.010751110261588738	0.010134821013482101	1.0608090904897878	0.5743956413125809	0.8190456366864579	False	0.007104310595407504	0.5544368495210275
ReplogleWeissman2022_K562_essential	NFYB	causalpath	28	10646	159344.0	0.5345535546550012	0.4654464453449988	0.0024315603923113147	0.0026231965523702454	0.9269455581261061	0.7364852183395589	0.9451560302024339	False	0.13377163822932336	0.30586611342402514
ReplogleWeissman2022_K562_essential	STAT5A	causalpath	203	10646	1267398.0	0.5864493614012617	0.41355063859873825	0.01488887901353792	0.01871140197253203	0.7957115685609503	0.9999881318155773	0.9999881318155773	False	0.45070616659106305	1.1868254850127769e-05
ReplogleWeissman2022_K562_essential	MAX	collectri	180	10646	592194.0	0.3090331266829482	0.6909668733170519	0.0636017815629776	0.01662663957140218	3.8252938177821973	6.790581015360175e-19	1.7315981589168447e-17	True	-1.235560424891342	41.83358025970462
ReplogleWeissman2022_K562_essential	MYC	collectri	73	10646	274395.0	0.3530749217018933	0.6469250782981066	0.019677934186269067	0.006810336785147868	2.889421596474221	7.336826105158524e-06	7.483562627261695e-05	True	-3.776475049040125	11.822604219595679
ReplogleWeissman2022_K562_essential	MYBL2	collectri	103	10646	414693.0	0.37818388418823606	0.6218161158117639	0.015905015557235794	0.009582286724346451	1.6598350701429858	1.0135652878571205e-05	8.615304946785524e-05	True	-0.6699766000037627	11.499451361923807
ReplogleWeissman2022_K562_essential	TFDP1	collectri	163	10646	713561.0	0.4112037240865834	0.5887962759134167	0.019166266505256175	0.015080025904338977	1.270970396658368	4.864579098215089e-05	0.00031011691751121195	True	-0.42793834800967295	9.930945269372012
ReplogleWeissman2022_K562_essential	GATA1	collectri	105	10646	441984.0	0.3953946485601567	0.6046053514398433	0.03414464306049356	0.00976653334573528	3.4960862623177738	0.00011004843802043764	0.0006236078154491466	True	-0.8016831496788637	9.114589943455204
ReplogleWeissman2022_K562_essential	NRF1	collectri	69	10646	290965.0	0.39610032481410995	0.60389967518589	0.01213593065582748	0.006439570695286981	1.8845869127129196	0.0014416575430522343	0.007352453469566395	True	-0.6792250410530574	6.541961755805111
ReplogleWeissman2022_K562_essential	HSF1	collectri	128	10646	603628.0	0.4429686032312606	0.5570313967687394	0.0146331054705808	0.011880452942268424	1.2316959245315433	0.013150755748823548	0.04790632451357149	True	-0.2608747163479799	4.3312760506163555
ReplogleWeissman2022_K562_essential	NFYB	collectri	28	10646	122519.0	0.41101620997826144	0.5889837900217385	0.0033491605974628517	0.0026231965523702454	1.2767478649042314	0.051672170735203964	0.16470504421846263	False	-0.22140836378837297	2.9628359260461696
ReplogleWeissman2022_K562_essential	ATF4	collectri	72	10646	342757.0	0.4471645584152629	0.5528354415847371	0.007653915043167602	0.006717671207314798	1.1393702976759772	0.06084462556462713	0.18240911303673926	False	-0.42528003481993976	2.7994317861341247
ReplogleWeissman2022_K562_essential	E2F6	collectri	150	10646	764483.0	0.47872941323814894	0.5212705867618512	0.014571258002102959	0.013894034827713968	1.0487420092713569	0.18510269066391155	0.47201186119297445	False	-0.03963863448211466	1.6868445232365283
ReplogleWeissman2022_K562_essential	USF2	collectri	184	10646	954817.0	0.4874340434047489	0.5125659565952512	0.017903792077230002	0.01698984302862419	1.0537938488934833	0.2791427910804788	0.620343956086272	False	-0.07492027330887922	1.27603183209629
ReplogleWeissman2022_K562_essential	YY1	collectri	82	10646	430930.0	0.49363553470214394	0.5063644652978561	0.012432425192867821	0.0076435495898583145	1.6265250910864144	0.4211885369531341	0.7407108753313737	False	-0.1685418654300945	0.86467471430364
ReplogleWeissman2022_K562_essential	GABPA	collectri	109	10646	581689.0	0.5012771304034594	0.49872286959654055	0.010407762885876453	0.010134821013482101	1.0269310994275345	0.5183320312590373	0.7983438979830814	False	0.0321762190978889	0.65713925508051
ReplogleWeissman2022_K562_essential	NANOG	collectri	125	10646	683045.0	0.5132782265639677	0.4867217734360323	0.011517041638563158	0.011605236282610714	0.9924004439117101	0.6954160042969074	0.8866554054785569	False	0.019453230181110434	0.36324504515363826
ReplogleWeissman2022_K562_essential	STAT5A	collectri	203	10646	1140221.0	0.5276021244362924	0.4723978755637076	0.018227079358983607	0.01871140197253203	0.9741161771705081	0.9114069347105609	0.9958647180348495	False	0.20620265984646058	0.09276579132617711
ReplogleWeissman2022_K562_essential	ATF4	dorothea	72	10646	199607.0	0.26040949130607216	0.7395905086939278	0.024184209614212967	0.006717671207314798	3.600088314515758	1.1216912285723686e-12	3.0285663171453955e-11	True	-1.9462589018297707	27.516183544052613
ReplogleWeissman2022_K562_essential	NRF1	dorothea	69	10646	224778.0	0.30599776196816114	0.6940022380318389	0.016406589064908543	0.006439570695286981	2.5477768381231165	1.3173179506859884e-08	1.7783792334260844e-07	True	-1.2260221677241674	18.14508292991387
ReplogleWeissman2022_K562_essential	TFDP1	dorothea	163	10646	650638.0	0.3749430933476556	0.6250569066523444	0.022081707000843012	0.015080025904338977	1.4643016624055958	2.024224021669764e-08	1.8218016195027878e-07	True	-0.823498930862588	17.715494316008854
ReplogleWeissman2022_K562_essential	MYBL2	dorothea	103	10646	408638.0	0.37266195973144567	0.6273380402685543	0.017788721095486133	0.009582286724346451	1.8564171170425285	4.193229470338689e-06	2.830429892478615e-05	True	-0.8401428222025917	12.382039364266513
ReplogleWeissman2022_K562_essential	HSF1	dorothea	128	10646	529418.0	0.3885100624647755	0.6114899375352245	0.017747128371526248	0.011880452942268424	1.4938090708970608	7.019634396509867e-06	3.790602574115328e-05	True	-0.7359931728159113	11.86679942155203
ReplogleWeissman2022_K562_essential	MYC	dorothea	73	10646	300822.0	0.38707958999328324	0.6129204100067167	0.014562565308310379	0.006810336785147868	2.1383032539695748	0.0004333502337980048	0.0016714937589351615	True	-1.952480530919475	7.743964302870959
ReplogleWeissman2022_K562_essential	USF2	dorothea	184	10646	899255.0	0.4590696444469856	0.5409303555530145	0.022328103891032097	0.01698984302862419	1.3142030714123785	0.028274339667790718	0.08482301900337216	True	-0.31056635794242465	3.5658006111769494
ReplogleWeissman2022_K562_essential	STAT5A	dorothea	203	10646	1039417.0	0.4809581803660849	0.5190418196339152	0.020647273668547274	0.01871140197253203	1.1034594681284207	0.17594314196855815	0.39587206942925585	False	0.0089961802723907	1.737594393134967
ReplogleWeissman2022_K562_essential	E2F6	dorothea	150	10646	770520.0	0.4825098628592899	0.5174901371407101	0.01429952996770748	0.013894034827713968	1.0291848368757996	0.23061489458867235	0.4789693964533964	False	-0.06759970681465473	1.4670060826490519
ReplogleWeissman2022_K562_essential	NANOG	dorothea	125	10646	644329.0	0.4841848581626902	0.5158151418373098	0.012235015392925395	0.011605236282610714	1.0542668063775955	0.27129183321373546	0.4904195434556309	False	-0.07388263987202663	1.3045601621893004
ReplogleWeissman2022_K562_essential	NFYB	dorothea	28	10646	139185.0	0.4669258742384799	0.5330741257615201	0.002984681631643603	0.0026231965523702454	1.137803276291565	0.27245530191979495	0.4904195434556309	False	-0.17987122207958445	1.3002807079853016
ReplogleWeissman2022_K562_essential	MAX	dorothea	180	10646	949893.0	0.49569634917652955	0.5043036508234704	0.03206277948207108	0.01662663957140218	1.928398059293897	0.4213955266220022	0.5855800668143397	False	-0.15064046288235192	0.8641833931833384
ReplogleWeissman2022_K562_essential	GABPA	dorothea	109	10646	574827.0	0.49536372363656417	0.5046362763634358	0.012931508984188794	0.010134821013482101	1.2759484323389954	0.43376301245506643	0.5855800668143397	False	0.07653724830187691	0.8352569482746492
ReplogleWeissman2022_K562_essential	YY1	dorothea	82	10646	487157.0	0.5580442442598388	0.44195575574016116	0.006933459901697292	0.0076435495898583145	0.907099485675714	0.9651409807789881	0.9999184045846163	False	0.20395690844438616	0.03548109424236042
ReplogleWeissman2022_K562_essential	GATA1	dorothea	105	10646	678229.0	0.6067371603911149	0.39326283960888503	0.009593917611436315	0.00976653334573528	0.9823257927671603	0.9999184045846163	0.9999184045846163	False	0.7951234342550046	8.159874447066098e-05
ReplogleWeissman2022_K562_essential	MAX	ensemble	180	10646	327917.0	0.17112165236812993	0.8288783476318701	0.11815178036747159	0.01662663957140218	7.106173190323596	3.4277844948704015e-52	1.9195593171274248e-50	True	-3.9979045357174012	118.5025107030715
ReplogleWeissman2022_K562_essential	ATF4	ensemble	72	10646	239838.0	0.3128952971382053	0.6871047028617947	0.015015836862708904	0.006717671207314798	2.235274159646028	2.1151925119656026e-08	2.9612695167518436e-07	True	-1.4453601667970921	17.671534913390435
ReplogleWeissman2022_K562_essential	NRF1	ensemble	69	10646	229003.0	0.3117493948873769	0.688250605112623	0.01709019073010083	0.006439570695286981	2.6539332416381214	3.34752909108239e-08	4.16581398001364e-07	True	-1.3535365163161326	17.21245825501638
ReplogleWeissman2022_K562_essential	TFDP1	ensemble	163	10646	659483.0	0.3800402005880258	0.6199597994119742	0.021731570632630943	0.015080025904338977	1.4410831102337904	7.008949197467392e-08	7.850023101163479e-07	True	-0.8866534871573185	16.47349295464601
ReplogleWeissman2022_K562_essential	MYBL2	ensemble	103	10646	385469.0	0.3515327330197403	0.6484672669802597	0.017258415094086876	0.009582286724346451	1.8010747946246584	1.0274190770695928e-07	1.0460994239254036e-06	True	-1.041004620624296	16.091045743781457
ReplogleWeissman2022_K562_essential	HSF1	ensemble	128	10646	526721.0	0.3865308860135262	0.6134691139864739	0.018578593634032733	0.011880452942268424	1.563795061039599	4.927104582333334e-06	4.244890101702565e-05	True	-0.7106889861456513	12.220759048256031
ReplogleWeissman2022_K562_essential	MYC	ensemble	73	10646	277840.0	0.35750773973889477	0.6424922602611053	0.017880203089028678	0.006810336785147868	2.625450642620526	1.3182530900773942e-05	0.00010546024720619154	True	-3.5819485951062915	11.236618021469136
ReplogleWeissman2022_K562_essential	USF2	ensemble	184	10646	910606.0	0.46486432952976825	0.5351356704702317	0.02063042453257838	0.01698984302862419	1.2142798787381732	0.0508329971126819	0.17791548989438666	False	-0.2546513652292398	2.979209585801404
ReplogleWeissman2022_K562_essential	E2F6	ensemble	150	10646	752984.0	0.4715285866366084	0.5284714133633915	0.014697994222296375	0.013894034827713968	1.0578636374927444	0.11517648920421392	0.32249416977179896	False	-0.10415075093743834	2.1612896383178613
ReplogleWeissman2022_K562_essential	NFYB	ensemble	28	10646	140355.0	0.47085088967016453	0.5291491103298355	0.0031755966968970775	0.0026231965523702454	1.2105828265242644	0.29682470498865376	0.6111966720416993	False	-0.26464590772507457	1.2146135333205965
ReplogleWeissman2022_K562_essential	YY1	ensemble	82	10646	427709.0	0.48994584018731413	0.5100541598126859	0.010464609799631245	0.0076435495898583145	1.369077243054195	0.3767048938536516	0.6702359973999129	False	-0.13350101378181123	0.9762931729863904
ReplogleWeissman2022_K562_essential	STAT5A	ensemble	203	10646	1070031.0	0.4951238652968945	0.5048761347031054	0.020936451983413307	0.01871140197253203	1.11891412595099	0.40579270454953015	0.6794267564770663	False	0.047380286626453376	0.9019128296979861
ReplogleWeissman2022_K562_essential	NANOG	ensemble	125	10646	663206.0	0.49837009205335336	0.5016299079466466	0.011869507636156476	0.011605236282610714	1.0227717339923312	0.4749862474709287	0.7599779959534859	False	-0.03765844654207651	0.7444694280594149
ReplogleWeissman2022_K562_essential	GABPA	ensemble	109	10646	595859.0	0.513488289524256	0.486511710475744	0.011700183105922739	0.010134821013482101	1.1544538468275143	0.6862809697231463	0.883488144930947	False	0.012953951977639086	0.3764681582540582
ReplogleWeissman2022_K562_essential	GATA1	ensemble	105	10646	626572.0	0.5605253034897972	0.43947469651020277	0.012416692783224235	0.00976653334573528	1.2713510867851787	0.9837349069910073	0.9999748558123746	False	0.7920795328674829	0.016398821689939357
ReplogleWeissman2022_K562_gwps	SREBF2	causalpath	188	74615	2922598.0	0.20834596317835813	0.7916540368216419	0.00826765708622851	0.0025132681844311057	3.2896040054316553	7.805666644924926e-44	1.7640806617530333e-41	True	-1.8835437674391988	99.25889412887162
ReplogleWeissman2022_K562_gwps	MAX	causalpath	209	74615	4182666.0	0.2682135761021409	0.7317864238978591	0.009760490411321042	0.0027932214262803377	3.494348969075051	2.274204944562075e-31	2.569851587355145e-29	True	-2.9751812120244483	70.55850736641086
ReplogleWeissman2022_K562_gwps	ESRRA	causalpath	204	74615	5888695.5	0.3868679811266462	0.6131320188733538	0.004053677658048434	0.0027265801467541667	1.4867260230270871	1.1367347861868656e-08	8.563402055941054e-07	True	-0.5017181947858691	18.292520813924078
ReplogleWeissman2022_K562_gwps	STAT5B	causalpath	126	74615	3450585.0	0.3670253332184579	0.632974666781542	0.002911433015395171	0.0016858217042854658	1.7270112301877023	1.1941918759007823e-07	5.397747279071536e-06	True	-0.6992829755791216	15.940625948814377
ReplogleWeissman2022_K562_gwps	TFDP1	causalpath	315	74615	9916972.0	0.4219319278114427	0.5780680721885574	0.00483983978728652	0.004203923662084612	1.1512672865440603	8.354649487593377e-07	2.6973582631372903e-05	True	-0.4586984284814978	13.995277442203513
ReplogleWeissman2022_K562_gwps	MYC	causalpath	98	74615	2657846.0	0.36347755211445965	0.6365224478855404	0.0020587073693035525	0.0013116860519588292	1.5695122824773091	1.4439229767895594e-06	4.079082409430505e-05	True	-1.2026534241625841	13.448146859089713
ReplogleWeissman2022_K562_gwps	MYB	causalpath	181	74615	5495279.0	0.4068975066483085	0.5931024933516915	0.0055839667745387015	0.0024199155035028613	2.307504855626501	7.3301378572090426e-06	0.00016566111557292436	True	-0.7327286739849629	11.82351623498349
ReplogleWeissman2022_K562_gwps	YY1	causalpath	176	74615	5555820.0	0.4230671995029028	0.5769328004970973	0.0028515112939541155	0.002353224318434036	1.2117464840120582	0.00020670295805869126	0.003892905710105352	True	-0.26528686582653016	8.48422778049994
ReplogleWeissman2022_K562_gwps	SP1	causalpath	197	74615	6427542.0	0.4372728908566513	0.5627271091433487	0.0035432086823999824	0.0026332673902582475	1.3455559794299872	0.0011602585396911819	0.0201706484592467	True	-0.5795238848975437	6.759112419653586
ReplogleWeissman2022_K562_gwps	HIF1A	causalpath	162	74615	5260022.0	0.4351574295374693	0.5648425704625307	0.006048250899678407	0.002166441552883908	2.7917904785509395	0.002146141222837225	0.029299563353892447	True	-0.5536836802014011	6.144083829465769
ReplogleWeissman2022_K562_gwps	ARNT	causalpath	93	74615	2877766.0	0.41471179293851806	0.5852882070614819	0.001685887184031102	0.0012448466027734648	1.3542931155332856	0.0022039494558237682	0.029299563353892447	True	-0.5472949035268049	6.117504320883757
ReplogleWeissman2022_K562_gwps	ATF6	causalpath	127	74615	4055169.5	0.4279363198276085	0.5720636801723915	0.0024286705275110743	0.001699178507398785	1.4293204139152182	0.0024706033212901018	0.031019797256197943	True	-0.5195903216628996	6.003292898537158
ReplogleWeissman2022_K562_gwps	E2F3	causalpath	385	74615	13296343.5	0.4628554197260222	0.5371445802739778	0.005967216896491018	0.0051333333333333335	1.1624448499657827	0.005897275404508801	0.05728720923335768	True	-0.28380866163136675	5.1332648305769695
ReplogleWeissman2022_K562_gwps	TFAP2A	causalpath	282	74615	9612097.0	0.4568176687611061	0.5431823312388939	0.004611023421431591	0.0037651708346128684	1.2246518482090845	0.00608359744071055	0.05728720923335768	True	-0.21348304409829125	5.102159073652823
ReplogleWeissman2022_K562_gwps	E2F6	causalpath	304	74615	10469839.0	0.46157287232354155	0.5384271276764584	0.004856044087396536	0.004057715666252886	1.1967433124462536	0.01027318922225797	0.08929772170116543	True	-0.2713212523654557	4.578217765540835
ReplogleWeissman2022_K562_gwps	USF2	causalpath	405	74615	14145598.5	0.46810163779003827	0.5318983622099618	0.006118868894735695	0.005398560383897627	1.1334260357606711	0.013286750782115348	0.10724305988421674	False	-0.18819168286565124	4.320987922069128
ReplogleWeissman2022_K562_gwps	FOXM1	causalpath	220	74615	7555071.0	0.46024568542761934	0.5397543145723807	0.003118404526064826	0.002939800895303	1.0607536486730058	0.020695396254151364	0.16128136391166234	False	-0.36468634557104845	3.877844006627162
ReplogleWeissman2022_K562_gwps	CEBPA	causalpath	88	74615	2884367.0	0.4392802751091969	0.560719724890803	0.0015749038328211938	0.0011779982062300042	1.3369322843550187	0.024305875903009058	0.17376485158709745	False	-0.328891052523051	3.7170371511579727
ReplogleWeissman2022_K562_gwps	ATF4	causalpath	103	74615	3417054.0	0.4446194673108364	0.5553805326891637	0.001509591910358935	0.001378516555582323	1.0950843529922223	0.02584875316318774	0.17376485158709745	False	-0.452221160711753	3.6554929127233624
ReplogleWeissman2022_K562_gwps	ELK1	causalpath	143	74615	4836252.5	0.4532593654419025	0.5467406345580976	0.002211606019871434	0.0019128387597314	1.1561905093255151	0.026533086390298933	0.17376485158709745	False	-0.2514538550885357	3.6293627817415004
ReplogleWeissman2022_K562_gwps	NRF1	causalpath	109	74615	3643177.0	0.4479480292412365	0.5520519707587636	0.0017688850552855977	0.0014587013543172207	1.212643732762945	0.02997657757329603	0.18310017652878116	False	-0.2597836406444158	3.5073389498188865
ReplogleWeissman2022_K562_gwps	EPAS1	causalpath	228	74615	7903449.5	0.464574846786604	0.5354251532133961	0.003482306759329005	0.0030463770826931044	1.1430977403002662	0.03214684303383653	0.18855231038493642	False	-0.1569644979414888	3.43744102802394
ReplogleWeissman2022_K562_gwps	ERG	causalpath	440	74615	15605930.0	0.47534708473192694	0.5246529152680731	0.008582579992330572	0.005862367597095464	1.4640125939190252	0.037041568676437736	0.2092848630218732	False	-0.13201375599964632	3.2957145192251827
ReplogleWeissman2022_K562_gwps	AR	causalpath	265	74615	9307926.5	0.4707398102713426	0.5292601897286575	0.0037014725830354523	0.0035389957264957265	1.0459104415762064	0.04976967828377779	0.24995438426963956	False	-0.1063337305667717	3.0003493501916827
ReplogleWeissman2022_K562_gwps	CEBPB	causalpath	167	74615	5784883.0	0.4642500564775428	0.5357499435224572	0.0025898083687764142	0.0022331577117488165	1.1597068828373522	0.05495657290004876	0.2700040320741526	False	-0.1580119645030888	2.901211989270486
ReplogleWeissman2022_K562_gwps	SPI1	causalpath	82	74615	2752811.5	0.4499212216205791	0.5500787783794209	0.0012710056418069825	0.0010977683173353683	1.1578086393421483	0.058203560562386895	0.2798724401510519	False	-0.17588772391785673	2.8438087480681604
ReplogleWeissman2022_K562_gwps	FOSL1	causalpath	189	74615	6596038.0	0.4677299732985587	0.5322700267014413	0.0029258406586609637	0.0025266028554622746	1.1580136752935173	0.06225131442444075	0.2930999387484085	False	-0.11511185759424666	2.7765756286081835
ReplogleWeissman2022_K562_gwps	NFE2L2	causalpath	139	74615	4800974.0	0.46290131066091306	0.537098689339087	0.002224628975618868	0.001859432271182813	1.1964022621828263	0.06504692052855504	0.3000123273357845	False	-0.31441062036965145	2.7326464152125305
ReplogleWeissman2022_K562_gwps	GATA1	causalpath	46	74615	1536474.0	0.4476527333063348	0.5523472666936652	0.004108634670218531	0.0006161181875410188	6.668582024199689	0.10944375340500367	0.4339348819215935	False	-0.4169051100751863	2.2123445292321575
ReplogleWeissman2022_K562_gwps	GABPA	causalpath	193	74615	6862958.0	0.47657130437107376	0.5234286956289264	0.002810502827147616	0.0025799379745481766	1.089368370431393	0.13007465774954363	0.46928053182057783	False	-0.11726130890245634	2.039646702987062
ReplogleWeissman2022_K562_gwps	HSF1	causalpath	234	74615	8380236.5	0.4799702003045835	0.5200297996954165	0.004219390241655012	0.0031262942724685702	1.3496458982804955	0.14463564178974075	0.49526750067396075	False	-0.159390298649005	1.9335375142237803
ReplogleWeissman2022_K562_gwps	RUNX1	causalpath	179	74615	6413057.0	0.4801599420788352	0.5198400579211648	0.0034925732349922584	0.0023932400994732196	1.459349287921849	0.17920240891905193	0.5624964502181352	False	-0.21970603031039043	1.7192393359030202
ReplogleWeissman2022_K562_gwps	JUN	causalpath	212	74615	7631823.0	0.4824655242825119	0.5175344757174882	0.0033663974766373764	0.0028332019190933752	1.1881953961525706	0.18857921721007814	0.572128429262222	False	-0.20556319256963226	1.6682371099232172
ReplogleWeissman2022_K562_gwps	STAT3	causalpath	170	74615	6103901.0	0.4812075319975876	0.5187924680024124	0.002389567334786102	0.0022731831249582137	1.051198783129286	0.19827060447710565	0.5819370988548815	False	-0.01567247069336785	1.6181224920790347
ReplogleWeissman2022_K562_gwps	BCL6	causalpath	151	74615	5432978.5	0.4822085380449664	0.5177914619550336	0.002298277221577858	0.002019634593264318	1.1379668526390074	0.2246544733857756	0.6307470147232634	False	-0.05313782266970456	1.4931917309743696
ReplogleWeissman2022_K562_gwps	RUNX3	causalpath	253	74615	9209184.0	0.48783671860742855	0.5121632813925714	0.003591064100615224	0.003379280867660416	1.0626710951970775	0.2517297416426081	0.6615223443166213	False	-0.0770275458199123	1.3793992207599581
ReplogleWeissman2022_K562_gwps	NR4A1	causalpath	151	74615	5467819.0	0.4853008356805553	0.5146991643194446	0.0021781584938208205	0.002019634593264318	1.0784913771457447	0.2659564475397863	0.6753500802695698	False	0.01571429837737867	1.324422714659265
ReplogleWeissman2022_K562_gwps	ATF2	causalpath	187	74615	6803032.0	0.48756751681806176	0.5124324831819382	0.0026499545771556175	0.0024999331568674637	1.0600101726224305	0.27820057246302643	0.6834057540939562	False	-0.10537940055157774	1.27941294175578
ReplogleWeissman2022_K562_gwps	STAT1	causalpath	126	74615	4564334.5	0.4854905445838904	0.5145094554161096	0.0019601001459883245	0.0016858217042854658	1.1626971826294712	0.28647558138803497	0.6858545805559533	False	-0.0883582911638939	1.2501019772169852
ReplogleWeissman2022_K562_gwps	SMAD4	causalpath	158	74615	5746270.0	0.4874193857582849	0.5125806142417151	0.0021441528504194656	0.002113062201596833	1.0147135511671816	0.2921143964480896	0.6858545805559533	False	-0.04416002644465802	1.2306097847773174
ReplogleWeissman2022_K562_gwps	NCOA1	causalpath	186	74615	6797132.0	0.489763726195906	0.510236273804094	0.0025178512866677128	0.0024865977727570486	1.0125687854517829	0.3145491317862661	0.7108810378369613	False	-0.02038053343045631	1.156614993147094
ReplogleWeissman2022_K562_gwps	NFKB1	causalpath	318	74615	11693981.0	0.4928435992391973	0.5071564007608027	0.004314953377251933	0.00424379112006726	1.0167685579170411	0.32955776023621275	0.7364066510260594	False	-0.025823404708498796	1.1100036437824667
ReplogleWeissman2022_K562_gwps	E2F4	causalpath	155	74615	5666317.0	0.48994014435392	0.51005985564608	0.002225574938913264	0.002073023940082921	1.0735886334357725	0.3323605239144162	0.7364066510260594	False	-0.150296562316272	1.1015349838404196
ReplogleWeissman2022_K562_gwps	NCOA2	causalpath	200	74615	7341911.0	0.4919862628157877	0.5080137371842123	0.0025916801876364223	0.0026732607097507185	0.9694827661900947	0.34750618905600883	0.7590365183523944	False	-0.005178266833736317	1.0569728039027717
ReplogleWeissman2022_K562_gwps	RARA	causalpath	208	74615	7646466.5	0.49268723678988036	0.5073127632101196	0.0027571122421370265	0.0027798938828969702	0.9918048523722054	0.35757047741077364	0.7696278847127128	False	-0.0834874821159456	1.0284227966669786
ReplogleWeissman2022_K562_gwps	ESR1	causalpath	175	74615	6431778.0	0.4925687481452408	0.5074312518547592	0.0025284676463940463	0.0023398850113651557	1.0805948301360613	0.36687552520052635	0.7719967256735721	False	-0.06023475690235481	1.0027326568491106
ReplogleWeissman2022_K562_gwps	NCOA3	causalpath	85	74615	3106644.5	0.4898312514042674	0.5101687485957326	0.0011946192043153453	0.0011378848728246318	1.049859465439486	0.3727516164120699	0.7728611496250257	False	-0.10301584969497686	0.9868429888957999
ReplogleWeissman2022_K562_gwps	NFYA	causalpath	127	74615	4669835.0	0.4928011034069378	0.5071988965930623	0.001734829504560596	0.001699178507398785	1.0209813136210084	0.38943538794035426	0.7858249792367863	False	0.009160614966254758	0.9430573120521094
ReplogleWeissman2022_K562_gwps	E2F1	causalpath	224	74615	8271791.0	0.4949090450024411	0.5050909549975588	0.0036421204090458853	0.002993091837143735	1.2168421843418973	0.39606463148839793	0.7866076685626742	False	-0.31633379631747194	0.9261778702158072
ReplogleWeissman2022_K562_gwps	E2F5	causalpath	52	74615	1905034.0	0.49099067520966605	0.509009324790334	0.0008214070589242638	0.0006964254623863286	1.1794615551672694	0.4110011990512044	0.7886027772090635	False	0.16453264508378884	0.8891591470906339
ReplogleWeissman2022_K562_gwps	GATA2	causalpath	327	74615	12112781.5	0.496443681028464	0.503556318971536	0.004491260043860294	0.004363374342825118	1.0293088997155297	0.411936116813034	0.7886027772090635	False	0.031805586701218094	0.886886997934122
ReplogleWeissman2022_K562_gwps	RUNX2	causalpath	152	74615	5615402.5	0.49512078670508614	0.5048792132949139	0.002115081876918596	0.0020329824655262348	1.0403837282340307	0.41719593219714124	0.7886027772090635	False	0.02560882754684829	0.8741993061495991
ReplogleWeissman2022_K562_gwps	RELA	causalpath	184	74615	6817933.0	0.4966023412940049	0.5033976587059952	0.0027107743979550483	0.002459925934838701	1.1019739901773893	0.4366553837334356	0.7886027772090635	False	-0.0646983739303766	0.8286109905672683
ReplogleWeissman2022_K562_gwps	FOSL2	causalpath	87	74615	3222179.5	0.4963686387055082	0.5036313612944918	0.0013816651698242083	0.0011646274530802388	1.1863580634046897	0.45332538613409584	0.7886027772090635	False	-0.06437466614990486	0.7911451196603648
ReplogleWeissman2022_K562_gwps	MYBL2	causalpath	62	74615	2294492.5	0.4959853052119158	0.5040146947880842	0.0009234712100033337	0.0008302422432609772	1.1122912830551444	0.4564197379019781	0.7886027772090635	False	-0.1022086307631305	0.7843424149924888
ReplogleWeissman2022_K562_gwps	LEF1	causalpath	197	74615	7319779.0	0.4979727746254802	0.5020272253745197	0.002714548140041122	0.0026332673902582475	1.0308668804708447	0.4607940291201019	0.7886027772090635	False	0.07023550912350068	0.7748041273230742
ReplogleWeissman2022_K562_gwps	ETS1	causalpath	350	74615	13021217.0	0.4986058720479413	0.5013941279520586	0.005259254626097861	0.004668845461215234	1.1264572087012175	0.4640892449947144	0.7886027772090635	False	-0.0718318296602388	0.7676784068998533
ReplogleWeissman2022_K562_gwps	FOXO4	causalpath	293	74615	10923841.5	0.499668102859754	0.500331897140246	0.004240557812848796	0.003911464730068885	1.0841355107333706	0.4921651081392126	0.8060095249236381	False	-0.035519944043717486	0.7089410331372922
ReplogleWeissman2022_K562_gwps	WT1	causalpath	281	74615	10481718.0	0.49991942028391056	0.5000805797160894	0.0037422941986134544	0.003751869258705405	0.9974479227734993	0.4981373540247435	0.8088087859476941	False	-0.006740524668264896	0.6968794286917612
ReplogleWeissman2022_K562_gwps	FOS	causalpath	400	74615	14937383.0	0.5004819071232326	0.49951809287676746	0.005441952361070873	0.005332266879957342	1.0205701409143288	0.5132820464001481	0.8227073935208048	False	-0.02802722008389265	0.6669297868439706
ReplogleWeissman2022_K562_gwps	FOXO1	causalpath	184	74615	6880169.0	0.5011354664087242	0.49886453359127575	0.0025826140028146136	0.002459925934838701	1.0498746999811428	0.5212497888084494	0.8289689877573613	False	0.04273814441396813	0.6515259110328542
ReplogleWeissman2022_K562_gwps	CREB1	causalpath	196	74615	7339196.0	0.5018411519268299	0.4981588480731702	0.0025183339592594707	0.002619935570972183	0.9612198052355116	0.5355286381087379	0.8289689877573613	False	0.11548981888732	0.6245009113296396
ReplogleWeissman2022_K562_gwps	NFYB	causalpath	89	74615	3346482.0	0.5039324713303572	0.4960675286696427	0.001273143597808647	0.0011913686014135788	1.0686395430415412	0.5510993122777956	0.8392270941569527	False	0.1362750550244088	0.5958402460019177
ReplogleWeissman2022_K562_gwps	TCF4	causalpath	159	74615	5969372.0	0.5031591519907012	0.4968408480092989	0.002099024199150386	0.002126407574825474	0.9871222356432137	0.5548197145373066	0.8392270941569527	False	-0.0061816268398847615	0.5891120566787319
ReplogleWeissman2022_K562_gwps	SOX2	causalpath	7	74615	269324.0	0.5156450732809373	0.4843549267190626	9.755029621353001e-05	9.380611615877355e-05	1.0399140291494338	0.5570091332900129	0.8392270941569527	False	-0.016428477575102636	0.5851736419002155
ReplogleWeissman2022_K562_gwps	TP73	causalpath	194	74615	7297931.0	0.504164055899321	0.495835944100679	0.0026268678034051625	0.0025932708631314413	1.0129554304378185	0.5795149042702861	0.8534806015070802	False	0.07521538688354114	0.5455638973436137
ReplogleWeissman2022_K562_gwps	FOXO3	causalpath	379	74615	14226112.0	0.5030612553411824	0.49693874465881765	0.004990955032955607	0.005053737632343921	0.9875769966793477	0.581575277133143	0.8534806015070802	False	-0.01299559533146453	0.5420148620343821
ReplogleWeissman2022_K562_gwps	TCF7L2	causalpath	184	74615	6948573.5	0.5061178906794006	0.49388210932059934	0.002487194926409908	0.002459925934838701	1.011085289676819	0.6129905404842142	0.8604711934747354	False	0.04784302400603295	0.4894057746752468
ReplogleWeissman2022_K562_gwps	CLOCK	causalpath	183	74615	6921179.0	0.5068773071530395	0.4931226928469605	0.002437271687154609	0.002446589481002166	0.9961915172447564	0.6262355848470591	0.8633938227040122	False	0.043675148535138764	0.4680286450562744
ReplogleWeissman2022_K562_gwps	XBP1	causalpath	269	74615	10160036.0	0.5061938022866825	0.4938061977133174	0.0034547351920668832	0.0035922226376796113	0.9617263573335928	0.637307234376276	0.867659246801436	False	0.07688498716756867	0.45050342512381325
ReplogleWeissman2022_K562_gwps	FOXA2	causalpath	85	74615	3260514.0	0.5140921830100398	0.4859078169899602	0.0011584721206967816	0.0011378848728246318	1.0180925578358775	0.6735769682627177	0.879855710281378	False	0.07295184577193581	0.39515300864760966
ReplogleWeissman2022_K562_gwps	SMAD3	causalpath	146	74615	5566022.0	0.5109353126873201	0.48906468731268005	0.001937405568267192	0.0019528898757373498	0.9920710800631749	0.6762615239182989	0.879855710281378	False	-0.012875106555151146	0.39117540805233536
ReplogleWeissman2022_K562_gwps	E2F2	causalpath	213	74615	8110054.0	0.5102911062389436	0.4897088937610563	0.0028203565248230084	0.0028465280376329715	0.9908058123918126	0.6983091146852307	0.8910180394627939	False	0.06588528836421609	0.3590934165370704
ReplogleWeissman2022_K562_gwps	PPARG	causalpath	121	74615	4662352.5	0.5164087494870362	0.4835912505129638	0.0016000358531176235	0.0016190323271248128	0.988266772880981	0.7339321194139183	0.9046582954203909	False	0.11763851318578795	0.30933873500670295
ReplogleWeissman2022_K562_gwps	KLF4	causalpath	458	74615	17379384.0	0.5085606550306128	0.49143934496938724	0.005874165690951448	0.0061007286241391715	0.9628629714340569	0.7365359573334156	0.9046582954203909	False	-0.009551586435738758	0.30579722236568235
ReplogleWeissman2022_K562_gwps	PPARA	causalpath	283	74615	10805591.0	0.5117241888810145	0.48827581111898566	0.0036886850374362387	0.00377847205532858	0.9762372153141322	0.7523597795442036	0.9141575815967206	False	0.060154955971941315	0.28454063919860484
ReplogleWeissman2022_K562_gwps	FOXA1	causalpath	238	74615	9117085.0	0.513396499791366	0.4866035002086341	0.0032787801004882182	0.003179565281284651	1.0312038943774984	0.7626298058032328	0.9216809417728911	False	0.0193663233567907	0.27098254787027054
ReplogleWeissman2022_K562_gwps	RXRA	causalpath	92	74615	3591941.0	0.5232572131142764	0.4767427868857235	0.0013318003904475484	0.001231477639310908	1.0814653453170109	0.780024801355838	0.9333724408560737	False	0.14093813095216795	0.24842956319395246
ReplogleWeissman2022_K562_gwps	NANOG	causalpath	254	74615	9742290.5	0.5140450902559649	0.4859549097440351	0.0032833737216734576	0.0033925923947161042	0.9678067211337404	0.780563678415035	0.9333724408560737	False	-0.0008961674452819118	0.24773895566019208
ReplogleWeissman2022_K562_gwps	MYCN	causalpath	219	74615	8435804.0	0.516245432795504	0.48375456720449594	0.0028718104080054855	0.002926477269690248	0.9813199090076826	0.7971777509323665	0.9478530748557328	False	0.07136789034718555	0.2266776000490594
ReplogleWeissman2022_K562_gwps	IRF1	causalpath	273	74615	10486376.0	0.5147977444164538	0.48520225558354624	0.003542886904267282	0.003645443862835167	0.971867086032118	0.8010616694577211	0.9478530748557328	False	-0.0054656454795162165	0.2218173442934793
ReplogleWeissman2022_K562_gwps	NR3C1	causalpath	157	74615	6139494.0	0.5240910986375497	0.47590890136245034	0.001993077066245362	0.002099716471406409	0.9492124738681413	0.851889653909808	0.9741417727909523	False	0.1619648475703181	0.16029827473087452
ReplogleWeissman2022_K562_gwps	TP53	causalpath	219	74615	8505960.0	0.5205387656637406	0.4794612343362594	0.0031042597840311255	0.002926477269690248	1.0607496651971928	0.8534516416487105	0.9741417727909523	False	0.15008991208973663	0.1584663972295471
ReplogleWeissman2022_K562_gwps	ATF3	causalpath	306	74615	11875099.0	0.520103371599483	0.47989662840051706	0.0038382643733637432	0.004084302131578596	0.939760147440474	0.8882733447193938	0.9954610858195413	False	0.09758905914655354	0.11847576272706901
ReplogleWeissman2022_K562_gwps	TP63	causalpath	149	74615	5891209.0	0.5298976805768493	0.47010231942315067	0.0018083650678930715	0.0019929377775399926	0.9073866170198496	0.8966962444206596	0.9954610858195413	False	0.22547987546474552	0.1090381092556563
ReplogleWeissman2022_K562_gwps	SP3	causalpath	145	74615	5769339.0	0.5332512876443907	0.4667487123556094	0.0018760803276019844	0.0019395398608881755	0.9672811399415473	0.9170758621037403	0.9984915547777272	False	0.14343604140577143	0.08656508157198471
ReplogleWeissman2022_K562_gwps	NFKB2	causalpath	253	74615	9929538.0	0.5259959226797694	0.4740040773202307	0.003067802659602871	0.003379280867660416	0.9078270731982124	0.9236468361862733	0.9984915547777272	False	0.14341243840481493	0.07942549232166354
ReplogleWeissman2022_K562_gwps	JUND	causalpath	135	74615	5423794.0	0.5384473879494988	0.46155261205050124	0.0015692362518456076	0.001806020066889632	0.8688919246330309	0.938956352430929	0.9984915547777272	False	0.20131829094760254	0.06298628388839826
ReplogleWeissman2022_K562_gwps	SREBF1	causalpath	126	74615	5077714.0	0.5400967293482203	0.4599032706517797	0.001684323309735492	0.0016858217042854658	0.9991111785154001	0.9403615533932735	0.9984915547777272	False	0.4229467246318272	0.061490846400292114
ReplogleWeissman2022_K562_gwps	STAT4	causalpath	112	74615	4534626.0	0.5426218875944132	0.4573781124055868	0.0013651524725348033	0.0014987889250204075	0.9108370429920379	0.9407811197548602	0.9984915547777272	False	0.14601274716037263	0.061044770326921474
ReplogleWeissman2022_K562_gwps	USF1	causalpath	160	74615	6395698.0	0.5357248877571534	0.4642751122428466	0.0019637817423328024	0.002139752591106653	0.9177611236433456	0.9410561998568845	0.9984915547777272	False	0.2540910731256569	0.060752417634032725
ReplogleWeissman2022_K562_gwps	TWIST1	causalpath	191	74615	7845935.0	0.5505353309291361	0.449464669070864	0.0022922700920628147	0.0025532711279843863	0.8977777827583817	0.9921596911064784	0.99999988097155	False	0.205683219017883	0.007871205715000867
ReplogleWeissman2022_K562_gwps	EGR1	causalpath	373	74615	14980384.0	0.5382548736777297	0.4617451263222702	0.0044359254430235175	0.004974129194004374	0.8917994024703687	0.9946596187938312	0.99999988097155	False	0.19682630494922213	0.005354692014736994
ReplogleWeissman2022_K562_gwps	STAT5A	causalpath	470	74615	19954872.0	0.5690166115135711	0.4309833884864289	0.005598532646980452	0.0062595724845175464	0.8943953697841005	0.99999988097155	0.99999988097155	False	0.37897675783731466	1.1902845706912328e-07
ReplogleWeissman2022_K562_gwps	SREBF2	collectri	188	74615	3843995.0	0.2740304485008861	0.725969551499114	0.006317100215605043	0.0025132681844311057	2.5135002522760854	4.1273057376132564e-27	9.203891794877561e-25	True	-1.5299038684977126	60.75217268052216
ReplogleWeissman2022_K562_gwps	MAX	collectri	209	74615	6340715.0	0.4065985295489734	0.5934014704510266	0.005604027120072187	0.0027932214262803377	2.0062953360396234	1.4989066445040453e-06	9.550176620697202e-05	True	-0.6302885856541424	13.410774619299515
ReplogleWeissman2022_K562_gwps	MYC	collectri	98	74615	2738189.0	0.3744649746248429	0.6255350253751571	0.0021027417909405097	0.0013116860519588292	1.6030831370054928	8.4593778457929e-06	0.000419209168802626	True	-2.668876729977496	11.680234927736809
ReplogleWeissman2022_K562_gwps	TFDP1	collectri	315	74615	10260892.0	0.4365645020097878	0.5634354979902122	0.004585514885245889	0.004203923662084612	1.0907702550840461	4.973343153636706e-05	0.0022181110465219708	True	-0.3011594276701727	9.908833184272842
ReplogleWeissman2022_K562_gwps	HSF1	collectri	234	74615	7517579.0	0.4305622995765728	0.5694377004234272	0.0045864395292639325	0.0031262942724685702	1.4670530441276755	0.00011950326070864148	0.004845314025095828	True	-0.5122793307722925	9.03216690070019
ReplogleWeissman2022_K562_gwps	SP1	collectri	197	74615	6373024.0	0.4335639701737957	0.5664360298262043	0.0033851528524154917	0.0026332673902582475	1.2855332751010546	0.0006278727421552119	0.019244355366172562	True	-1.0665420793979357	7.373173051910546
ReplogleWeissman2022_K562_gwps	MYB	collectri	181	74615	5904381.0	0.4371894324567772	0.5628105675432228	0.003409115900407912	0.0024199155035028613	1.4087747673309954	0.001729469247901189	0.04285240469799613	True	-0.5631125607261924	6.359940710663786
ReplogleWeissman2022_K562_gwps	ESRRA	collectri	204	74615	6783206.5	0.44563442008848037	0.5543655799115196	0.003442977771356211	0.0027265801467541667	1.2627458523289232	0.003613802217020738	0.07537083219471073	True	-0.28104041850800177	5.622994815199339
ReplogleWeissman2022_K562_gwps	ATF4	collectri	103	74615	3257138.0	0.42381155302722257	0.5761884469727774	0.0017184819310387127	0.001378516555582323	1.2466168244985487	0.003717843740546269	0.07537083219471073	True	-0.704076402785484	5.594611418391181
ReplogleWeissman2022_K562_gwps	STAT5B	collectri	126	74615	4057639.0	0.4315953109560293	0.5684046890439707	0.0021301915809132546	0.0016858217042854658	1.2635924519764885	0.003934781183395101	0.0763005394693137	True	-0.343394837829546	5.537900006436551
ReplogleWeissman2022_K562_gwps	JUN	collectri	212	74615	7147621.0	0.45185543652384125	0.5481445634761588	0.0035449270077064048	0.0028332019190933752	1.2512087415360715	0.007657162680429265	0.13660378221885808	False	-0.569788383603158	4.872113771102014
ReplogleWeissman2022_K562_gwps	CEBPA	collectri	88	74615	2818016.0	0.4291752206782697	0.5708247793217304	0.0025626264381906887	0.0011779982062300042	2.17540775922908	0.010719605708442825	0.17074800521305358	False	-0.4962456865928165	4.535680904944757
ReplogleWeissman2022_K562_gwps	RUNX1	collectri	179	74615	6056714.0	0.4534797435026806	0.5465202564973194	0.0027574645762106107	0.0023932400994732196	1.1521888576150638	0.015641492444034934	0.22940409781315096	False	-0.2482392015699974	4.157828123607212
ReplogleWeissman2022_K562_gwps	YY1	collectri	176	74615	5996469.0	0.45662194720778787	0.5433780527922121	0.002899305728373944	0.002353224318434036	1.232056674606907	0.023232665842409305	0.27467998386763703	False	-0.18253289169086945	3.762195980178432
ReplogleWeissman2022_K562_gwps	ELK1	collectri	143	74615	4821848.0	0.4519093584831037	0.5480906415168963	0.0023756448836335237	0.0019128387597314	1.2419472742005242	0.023283597071664316	0.27467998386763703	False	-0.27681502846710804	3.7600061546672214
ReplogleWeissman2022_K562_gwps	PPARA	collectri	283	74615	9841540.0	0.46606928522836544	0.5339307147716346	0.004170621827559819	0.00377847205532858	1.1037852778818915	0.024215568516564066	0.27692675790737364	False	-0.175336589497077	3.72075952553494
ReplogleWeissman2022_K562_gwps	E2F3	collectri	385	74615	13575832.0	0.4725846183569162	0.5274153816430838	0.00592220439637401	0.0051333333333333335	1.1536761811118201	0.031539312233587836	0.3271286803762831	False	-0.364332709817015	3.45652050384899
ReplogleWeissman2022_K562_gwps	TFAP2A	collectri	282	74615	9908579.0	0.47090806090650683	0.5290919390934932	0.004282396556316729	0.0037651708346128684	1.1373711165902625	0.04559637391774848	0.4068952228220564	False	-0.20783652350069762	3.087927084971249
ReplogleWeissman2022_K562_gwps	SOX2	collectri	7	74615	173719.0	0.3326006835086779	0.6673993164913221	0.00047700048767867055	9.380611615877355e-05	5.084961484508251	0.06249649264566003	0.4890076442099013	False	-0.9235908680991032	2.772644841483876
ReplogleWeissman2022_K562_gwps	NRF1	collectri	109	74615	3736747.0	0.4594529594425697	0.5405470405574303	0.0017997137617184948	0.0014587013543172207	1.233778083767457	0.07141221227956407	0.5398279097743318	False	-0.25284227079082816	2.639286383932299
ReplogleWeissman2022_K562_gwps	ATF6	collectri	127	74615	4392256.0	0.46350858290405184	0.5364914170959482	0.001974393730626604	0.001699178507398785	1.1619695764920759	0.07731798266770334	0.566710149823864	False	-0.2881614128059274	2.559828715674261
ReplogleWeissman2022_K562_gwps	GATA1	collectri	46	74615	1531677.0	0.44625512412995405	0.5537448758700461	0.0035639226883234713	0.0006161181875410188	5.784478952889536	0.10341723670277075	0.5796180866535	False	-0.722240635043313	2.2689836315474827
ReplogleWeissman2022_K562_gwps	STAT4	collectri	112	74615	3894643.0	0.46604031648174915	0.5339596835182508	0.0016502493777381085	0.0014987889250204075	1.1010552254485324	0.10673932880284787	0.5796180866535	False	-0.16821368778993923	2.2373655962463066
ReplogleWeissman2022_K562_gwps	WT1	collectri	281	74615	10033595.0	0.4785464554344568	0.5214535445655433	0.004151500939805007	0.003751869258705405	1.1065153536926542	0.10685372129117998	0.5796180866535	False	-0.0878181932317003	2.236294470577951
ReplogleWeissman2022_K562_gwps	HIF1A	collectri	162	74615	5745581.0	0.47532733877526034	0.5246726612247397	0.0023645723464580997	0.002166441552883908	1.091454483648749	0.13859583558875438	0.627925739165579	False	-0.14995341393301792	1.9761932389349155
ReplogleWeissman2022_K562_gwps	FOXM1	collectri	220	74615	7863130.0	0.47901226294980903	0.520987737050191	0.0030336653890085394	0.002939800895303	1.0319288608475183	0.14079052447658724	0.627925739165579	False	-0.12249259085333702	1.9604821352743014
ReplogleWeissman2022_K562_gwps	SPI1	collectri	82	74615	2854744.0	0.4665811327415693	0.5334188672584307	0.0012721188480519937	0.0010977683173353683	1.1588227023529238	0.14738294625081116	0.6307633796512496	False	-0.0811460585036705	1.9147210029975887
ReplogleWeissman2022_K562_gwps	NR4A1	collectri	151	74615	5377976.0	0.4773267452836259	0.522673254716374	0.00217774994741123	0.002019634593264318	1.0782890898552848	0.16748224673056167	0.6456050426677296	False	-0.08066810780693232	1.7868779230026064
ReplogleWeissman2022_K562_gwps	GABPA	collectri	193	74615	6911977.0	0.479975237306255	0.520024762693745	0.0026684314692546275	0.0025799379745481766	1.0343006287668404	0.16791521289115835	0.6456050426677296	False	-0.102468036811554	1.7842961121469811
ReplogleWeissman2022_K562_gwps	E2F1	collectri	224	74615	8071253.0	0.4829106676175798	0.5170893323824203	0.003301216494464729	0.002993091837143735	1.1029452733448477	0.18816520428913314	0.6822900903492144	False	-0.21915213357155588	1.6704349558048142
ReplogleWeissman2022_K562_gwps	ARNT	collectri	93	74615	3301563.0	0.4757847271909782	0.5242152728090218	0.0013304752076790586	0.0012448466027734648	1.0687864711321193	0.2094192086602416	0.7174266107083231	False	-0.03834749748696258	1.5634172528509918
ReplogleWeissman2022_K562_gwps	ATF2	collectri	187	74615	6745274.0	0.48342805008670175	0.5165719499132981	0.005125443188936386	0.0024999331568674637	2.0502320931487676	0.2165086149089399	0.7174266107083231	False	-0.43594962347444627	1.5301249406040571
ReplogleWeissman2022_K562_gwps	FOXA1	collectri	238	74615	8628986.5	0.4859109535390917	0.5140890464609082	0.0033084611841626725	0.003179565281284651	1.0405388446139854	0.2261042149616414	0.7223380964891203	False	-0.09797606881229773	1.486759257847907
ReplogleWeissman2022_K562_gwps	IRF1	collectri	273	74615	9917676.0	0.4868790928966497	0.5131209071033503	0.0037218234076279084	0.003645443862835167	1.0209520562287135	0.22674290024322163	0.7223380964891203	False	-0.13065112191403394	1.4839385014220872
ReplogleWeissman2022_K562_gwps	ERG	collectri	440	74615	16088491.0	0.4900455977045805	0.5099544022954194	0.007153860138669987	0.005862367597095464	1.2203022106997177	0.23539521216454473	0.7228623317410735	False	-0.06730878328481704	1.4464894235108723
ReplogleWeissman2022_K562_gwps	MYBL2	collectri	62	74615	2192268.0	0.47388810949973303	0.526111890500267	0.0009240882006721924	0.0008302422432609772	1.11303442841286	0.2382528313137619	0.7228623317410735	False	-0.2066304206153921	1.4344228527251028
ReplogleWeissman2022_K562_gwps	NFYA	collectri	127	74615	4584630.0	0.48380953989007086	0.5161904601099292	0.0017921529482522003	0.001699178507398785	1.0547172886477634	0.2638545847671585	0.7641502909490435	False	-0.04503181514683219	1.332357142866198
ReplogleWeissman2022_K562_gwps	BCL6	collectri	151	74615	5482118.0	0.4865699553513777	0.5134300446486224	0.002200192991352801	0.002019634593264318	1.0894015178243943	0.283965460431544	0.791553720952929	False	-0.02093363048565515	1.2589026664158125
ReplogleWeissman2022_K562_gwps	E2F5	collectri	52	74615	1859541.0	0.47926561477121016	0.5207343852287898	0.0007534020258894122	0.0006964254623863286	1.0818128666747064	0.30231240004861415	0.8221422586687921	False	-0.08708474683238265	1.1962943590217257
ReplogleWeissman2022_K562_gwps	GATA2	collectri	327	74615	12028458.0	0.4929876731134195	0.5070123268865805	0.004531610875206624	0.004363374342825118	1.0385565205190668	0.33058388368980685	0.8473586903773209	False	-0.027746932118735853	1.106894843453139
ReplogleWeissman2022_K562_gwps	FOSL1	collectri	189	74615	6934796.0	0.4917515556931224	0.5082484443068775	0.0024952654291168575	0.0025266028554622746	0.9875970114267588	0.3474109505672945	0.8487040402070734	False	-0.020788532301908462	1.0572469041771215
ReplogleWeissman2022_K562_gwps	TP73	collectri	194	74615	7120176.0	0.4918841807187549	0.508115819281245	0.002781892082436274	0.0025932708631314413	1.072734870077192	0.3478724977418912	0.8487040402070734	False	-0.03870074799070464	1.0559192521425016
ReplogleWeissman2022_K562_gwps	RUNX3	collectri	253	74615	9306247.0	0.49297842230432426	0.5070215776956757	0.003547274670883845	0.003379280867660416	1.0497128856115878	0.3496631679084863	0.8487040402070734	False	-0.09616178611228243	1.0507849652854597
ReplogleWeissman2022_K562_gwps	NANOG	collectri	254	74615	9352421.0	0.4934739009329255	0.5065260990670746	0.003416851471404133	0.0033925923947161042	1.0071506016242364	0.35954252718046475	0.8487040402070734	False	-0.010185083640715187	1.0229228134614274
ReplogleWeissman2022_K562_gwps	CEBPB	collectri	167	74615	6136025.0	0.49243000295729655	0.5075699970427034	0.0022355668987297443	0.0022331577117488165	1.001078825274298	0.3674946161188333	0.8487040402070734	False	0.06503219784379757	1.0010466104533384
ReplogleWeissman2022_K562_gwps	RXRA	collectri	92	74615	3363174.0	0.48993150345687575	0.5100684965431243	0.00156967871499632	0.001231477639310908	1.274630301752501	0.36906522269356257	0.8487040402070734	False	-0.02010004290187166	0.9967818952938744
ReplogleWeissman2022_K562_gwps	TP53	collectri	219	74615	8065772.0	0.49360060487060364	0.5063993951293964	0.0030534612611602258	0.002926477269690248	1.043391415605773	0.3716166644115393	0.8487040402070734	False	0.06698822825350757	0.9898924280222908
ReplogleWeissman2022_K562_gwps	NCOA2	collectri	200	74615	7397141.0	0.49568726127454266	0.5043127387254573	0.0028814712952520832	0.0026732607097507185	1.077886374771423	0.4164457644216946	0.8598833839447954	False	-0.038804844002667524	0.875999043329194
ReplogleWeissman2022_K562_gwps	ATF3	collectri	306	74615	11361798.0	0.49762191011900303	0.502378089880997	0.004021333990158809	0.004084302131578596	0.984582888485909	0.44282591902611096	0.8677503936330341	False	-0.0051941862489202975	0.8145785454747478
ReplogleWeissman2022_K562_gwps	ETS1	collectri	350	74615	13006422.0	0.4980393448272561	0.5019606551727439	0.004666473183528905	0.004668845461215234	0.9994918920092695	0.4495628334321642	0.8677503936330341	False	0.08473943477392216	0.799479649673393
ReplogleWeissman2022_K562_gwps	ESR1	collectri	175	74615	6499527.0	0.4977572108250926	0.5022427891749074	0.002879589388659595	0.0023398850113651557	1.230654230730578	0.45911849070491034	0.877611946492592	False	-0.31781364200598594	0.7784469525525877
ReplogleWeissman2022_K562_gwps	STAT3	collectri	170	74615	6340298.0	0.49984414110078795	0.500155858899212	0.0023623291918580458	0.0022731831249582137	1.0392164036064937	0.49719555940092375	0.9037171005689472	False	0.06409337060872314	0.6987718505984095
ReplogleWeissman2022_K562_gwps	E2F6	collectri	304	74615	11358994.0	0.5007721214515213	0.4992278785484787	0.004029801062589319	0.004057715666252886	0.9931206112109513	0.5185606388147074	0.9037171005689472	False	0.0005672608356865946	0.6566983076884179
ReplogleWeissman2022_K562_gwps	FOXO4	collectri	293	74615	10952444.5	0.5009764344339623	0.4990235655660376	0.004550134704869679	0.003911464730068885	1.1632815374483887	0.5230405206230351	0.9037171005689472	False	-0.05176402143982162	0.6480963406277264
ReplogleWeissman2022_K562_gwps	NFKB2	collectri	253	74615	9469381.0	0.5016200951445351	0.4983799048554649	0.003227102129305367	0.003379280867660416	0.9549671233866965	0.5355055365636149	0.9037171005689472	False	0.052576782889842494	0.6245440500934117
ReplogleWeissman2022_K562_gwps	USF2	collectri	405	74615	15155454.0	0.5015194541858081	0.4984805458141919	0.005400943356909006	0.005398560383897627	1.000441408976083	0.5420663663466497	0.9054741550209955	False	-0.006656618756506381	0.6123668379044892
ReplogleWeissman2022_K562_gwps	SMAD4	collectri	158	74615	5927653.0	0.502804947252436	0.4971950527475641	0.002125657405554698	0.002113062201596833	1.0059606404148191	0.5485536463692647	0.9094817547312224	False	0.05231780736967406	0.6004701984537651
ReplogleWeissman2022_K562_gwps	E2F2	collectri	213	74615	8008996.0	0.5039324557769005	0.49606754422309957	0.002899824453338933	0.0028465280376329715	1.0187233060772098	0.5786847396556434	0.9381424482860112	False	-0.07871400487263704	0.5469974407938563
ReplogleWeissman2022_K562_gwps	FOXO3	collectri	379	74615	14240276.0	0.5035621202029698	0.4964378797970303	0.005292345065260332	0.005053737632343921	1.0472140523064204	0.5946864600376053	0.9409120818571265	False	0.07713438594264588	0.5197209702476184
ReplogleWeissman2022_K562_gwps	EPAS1	collectri	228	74615	8592795.0	0.5050954549141735	0.4949045450858265	0.0028981214961611235	0.0030463770826931044	0.9513338032332761	0.6049267398230865	0.9409120818571265	False	0.10516259771302405	0.5026479194849369
ReplogleWeissman2022_K562_gwps	NFE2L2	collectri	139	74615	5263032.0	0.5074521151021286	0.4925478848978714	0.0019424048235417415	0.001859432271182813	1.0446225192736642	0.6194626554480444	0.9409120818571265	False	-0.059534489637549315	0.47890286149259864
ReplogleWeissman2022_K562_gwps	USF1	collectri	160	74615	6054056.0	0.5071078201434028	0.49289217985659717	0.0020274927111071928	0.002139752591106653	0.9475360467065022	0.6221435668151536	0.9409120818571265	False	0.08955310597250185	0.4745843980612394
ReplogleWeissman2022_K562_gwps	RELA	collectri	184	74615	6956600.0	0.5067025222227726	0.49329747777722743	0.0026408054101818225	0.002459925934838701	1.0735304558488594	0.6234518298020955	0.9409120818571265	False	0.010384071039402115	0.47248377458179025
ReplogleWeissman2022_K562_gwps	NFYB	collectri	89	74615	3393400.0	0.5109976531212282	0.4890023468787717	0.0011434376096681187	0.0011913686014135788	0.9597681257600803	0.6402743308654283	0.948712131448442	False	-0.024567722197323387	0.4458585524919165
ReplogleWeissman2022_K562_gwps	RARA	collectri	208	74615	7875205.0	0.5074256181732896	0.49257438182671043	0.0026475210841452523	0.0027798938828969702	0.952382067687501	0.6444826788985103	0.9517856781083961	False	0.11130547341118904	0.43930733221848595
ReplogleWeissman2022_K562_gwps	JUND	collectri	135	74615	5148342.0	0.5111018785320199	0.48889812146798006	0.001686629948168293	0.001806020066889632	0.9338932490783697	0.6723593086566985	0.9535266025170543	False	0.1306535112714343	0.39696239585130755
ReplogleWeissman2022_K562_gwps	TCF7L2	collectri	184	74615	7011324.0	0.5106884907743809	0.4893115092256191	0.002506109189321654	0.002459925934838701	1.0187742459351652	0.692034538389364	0.9535266025170543	False	-0.012721136501666851	0.36811941364268935
ReplogleWeissman2022_K562_gwps	E2F4	collectri	155	74615	5927218.0	0.5124990434769451	0.4875009565230549	0.002162901370259915	0.002073023940082921	1.0433557126086053	0.7048821315348489	0.9535266025170543	False	0.09453875632059126	0.3497246794598305
ReplogleWeissman2022_K562_gwps	RUNX2	collectri	152	74615	5832295.0	0.5142446135777694	0.48575538642223065	0.00210050353365322	0.0020329824655262348	1.0332128138200678	0.7283208717401013	0.9559333566863147	False	0.12591380436050506	0.31701357000592084
ReplogleWeissman2022_K562_gwps	XBP1	collectri	269	74615	10263701.0	0.5113586049029379	0.48864139509706206	0.0034056380935527067	0.0035922226376796113	0.9480587472029772	0.7402711823963749	0.9559333566863147	False	0.08022798882593508	0.30073869721717195
ReplogleWeissman2022_K562_gwps	AR	collectri	265	74615	10121235.0	0.5118721386134357	0.4881278613865643	0.003333474695090655	0.0035389957264957265	0.941926736484484	0.7480285683487082	0.9559333566863147	False	0.19576577737419765	0.29031410875743663
ReplogleWeissman2022_K562_gwps	FOSL2	collectri	87	74615	3391161.5	0.5223998903181928	0.4776001096818072	0.0010933979289053607	0.0011646274530802388	0.9388392193688305	0.7652643656704647	0.9668779237649499	False	0.03656839537114664	0.2675339288134247
ReplogleWeissman2022_K562_gwps	KLF4	collectri	458	74615	17428166.0	0.5099881282870702	0.49001187171292987	0.005969955942453629	0.0061007286241391715	0.9785644158686054	0.7698047586372085	0.9671349925413945	False	0.05552352215240052	0.2616183564976505
ReplogleWeissman2022_K562_gwps	NFKB1	collectri	318	74615	12180083.0	0.5133304000367505	0.48666959996324943	0.004027479468766946	0.00424379112006726	0.9490286762047596	0.7943806827648218	0.9807512218697871	False	0.09179565461214792	0.23019248330813336
ReplogleWeissman2022_K562_gwps	SP3	collectri	145	74615	5624437.0	0.5198582146975163	0.4801417853024838	0.001924439248189176	0.0019395398608881755	0.992214332376709	0.7960357451050739	0.9807512218697871	False	0.14443708860125903	0.2281111882350974
ReplogleWeissman2022_K562_gwps	SMAD3	collectri	146	74615	5693754.0	0.5226605249412739	0.47733947505872615	0.0019116227346518471	0.0019528898757373498	0.9788686798993612	0.8283253590040751	0.9861500865045689	False	0.1386681462020032	0.18834925612270806
ReplogleWeissman2022_K562_gwps	MYCN	collectri	219	74615	8478443.0	0.5188548093302087	0.48114519066979133	0.002792537009067347	0.002926477269690248	0.9542315732262368	0.8327659388551131	0.9861500865045689	False	0.07820592153527517	0.18300266206736335
ReplogleWeissman2022_K562_gwps	FOXA2	collectri	85	74615	3371359.0	0.5315693501149036	0.4684306498850964	0.0012364117293134675	0.0011378848728246318	1.086587719761365	0.8431926232151227	0.9861500865045689	False	0.17161606129657175	0.17055984979222327
ReplogleWeissman2022_K562_gwps	TCF4	collectri	159	74615	6206676.0	0.523161537401428	0.47683846259857204	0.0027860736575003164	0.002126407574825474	1.3102256079618155	0.8439032429233466	0.9861500865045689	False	0.06617339528141464	0.16971743204405373
ReplogleWeissman2022_K562_gwps	NCOA1	collectri	186	74615	7254822.0	0.5227423353861651	0.47725766461383495	0.002325736658634681	0.0024865977727570486	0.9353087516265204	0.85838638390037	0.9861500865045689	False	0.13514637070644417	0.15270094997648437
ReplogleWeissman2022_K562_gwps	FOS	collectri	400	74615	15403161.0	0.516087951484286	0.483912048515714	0.005081837467659183	0.005332266879957342	0.953035094091134	0.8668500888802105	0.9861500865045689	False	0.11571594863826645	0.1428892250178461
ReplogleWeissman2022_K562_gwps	STAT1	collectri	126	74615	5001967.0	0.5320398149655001	0.4679601850344998	0.001539518786991221	0.0016858217042854658	0.9132156639564354	0.8933961765343996	0.9899555729331274	False	0.2827090916997313	0.11272514975270394
ReplogleWeissman2022_K562_gwps	CREB1	collectri	196	74615	7704722.0	0.5268351688326607	0.47316483116733926	0.0027352518018196464	0.002619935570972183	1.0440149109486203	0.903152129471436	0.9899555729331274	False	0.18005834075595106	0.10186426857937131
ReplogleWeissman2022_K562_gwps	LEF1	collectri	197	74615	7746233.0	0.5269849185208265	0.4730150814791735	0.002468446344659471	0.0026332673902582475	0.9374081621150474	0.9049524031214353	0.9899555729331274	False	0.16756134165349326	0.09987292990126673
ReplogleWeissman2022_K562_gwps	TWIST1	collectri	191	74615	7527323.0	0.5281788924857901	0.47182110751420997	0.002366203492606635	0.0025532711279843863	0.9267341281043557	0.9110628829719067	0.9899555729331274	False	0.09866505618729161	0.09314335779054675
ReplogleWeissman2022_K562_gwps	NCOA3	collectri	85	74615	3443140.0	0.5428872131845434	0.45711278681545664	0.001276970114948563	0.0011378848728246318	1.1222313833724429	0.9144881077319473	0.9899555729331274	False	0.28785729355363693	0.08939081535611287
ReplogleWeissman2022_K562_gwps	TP63	collectri	149	74615	5924719.0	0.5329118108302711	0.467088189169729	0.001796159020896633	0.0019929377775399926	0.9012619667001065	0.9177769756166853	0.9911102448548224	False	0.30768119504745106	0.08580086382911813
ReplogleWeissman2022_K562_gwps	PPARG	collectri	121	74615	4870720.0	0.5394878281514529	0.4605121718485471	0.0014862613223687305	0.0016190323271248128	0.9179936048640449	0.9336400035198916	0.9974272934533978	False	0.10763068742909601	0.06866435025607696
ReplogleWeissman2022_K562_gwps	FOXO1	collectri	184	74615	7317653.0	0.5330007808198025	0.4669992191801975	0.002492551872009763	0.002459925934838701	1.0132629754046645	0.9392813077363836	0.9974272934533978	False	0.18110438085817046	0.06264026238580744
ReplogleWeissman2022_K562_gwps	NR3C1	collectri	157	74615	6332702.0	0.5405840853536477	0.45941591464635234	0.0021680246867031155	0.002099716471406409	1.0325321138481869	0.9607702115122934	0.9986814806952087	False	0.1655927571787831	0.0400200125351548
ReplogleWeissman2022_K562_gwps	SREBF1	collectri	126	74615	5296380.0	0.5633553830297112	0.4366446169702888	0.001579064758061245	0.0016858217042854658	0.9366736435099645	0.9930811086343929	0.9998782080621429	False	0.49625796777736736	0.0069429378754533345
ReplogleWeissman2022_K562_gwps	STAT5A	collectri	470	74615	18787517.0	0.5357292826580703	0.4642707173419297	0.005734928543827872	0.0062595724845175464	0.9161853398155655	0.9962617401655006	0.9998782080621429	False	0.22674448899356764	0.003745264590308479
ReplogleWeissman2022_K562_gwps	CLOCK	collectri	183	74615	7637361.0	0.559327388792523	0.44067261120747714	0.0021058589657841505	0.002446589481002166	0.8607324531296332	0.9972547338994222	0.9998782080621429	False	0.23850753447789697	0.002749041254343339
ReplogleWeissman2022_K562_gwps	EGR1	collectri	373	74615	15355600.0	0.5517366269279711	0.4482633730720289	0.007005839598361051	0.004974129194004374	1.4084554954474489	0.9997224868088825	0.9998782080621429	False	0.26544081950613996	0.0002775517050286614
ReplogleWeissman2022_K562_gwps	TFDP1	dorothea	315	74615	9375275.0	0.39888464488075825	0.6011153551192416	0.004977483724023574	0.004203923662084612	1.1840090648923378	2.758936472025899e-10	7.449128474469927e-08	True	-0.5322733776560442	22.011005660694977
ReplogleWeissman2022_K562_gwps	ATF4	dorothea	103	74615	2526714.0	0.3287704065334738	0.6712295934665263	0.002434632196065812	0.001378516555582323	1.7661247419965564	8.956108012970442e-10	1.2090745817510096e-07	True	-1.5606622128437704	20.833515170873543
ReplogleWeissman2022_K562_gwps	HSF1	dorothea	234	74615	6822130.0	0.3907311091523381	0.6092688908476619	0.005025999854836107	0.0031262942724685702	1.6076541159599476	3.71020040046908e-09	3.339180360422172e-07	True	-0.935177142216698	19.41217994548695
ReplogleWeissman2022_K562_gwps	SREBF2	dorothea	188	74615	5459965.0	0.38922960559239556	0.6107703944076045	0.0037787448797416212	0.0025132681844311057	1.5035183682942155	7.41532289889557e-08	5.0053429567545096e-06	True	-0.6979968129422212	16.417132222595082
ReplogleWeissman2022_K562_gwps	NRF1	dorothea	109	74615	3233056.0	0.3975214664636264	0.6024785335363736	0.0022722716051593803	0.0014587013543172207	1.5577359947149498	0.00010630730780947192	0.004783828851426236	True	-0.7091002714667863	9.14917652794762
ReplogleWeissman2022_K562_gwps	ATF6	dorothea	127	74615	3877825.0	0.40922140478603813	0.5907785952139618	0.002496813876143726	0.001699178507398785	1.4694241159900345	0.00019944496984185877	0.006731267732162733	True	-0.5934228456707593	8.519972200077
ReplogleWeissman2022_K562_gwps	MYC	dorothea	98	74615	2923155.0	0.3997602659639209	0.6002397340360791	0.0020765166755122274	0.0013116860519588292	1.5830896977300513	0.00029602963144471055	0.008880888943341316	True	-1.9878495604130961	8.125051002418378
ReplogleWeissman2022_K562_gwps	SMAD4	dorothea	158	74615	5187476.0	0.4400204594555851	0.5599795405444149	0.0025524721865750944	0.002113062201596833	1.207949384853035	0.004541503594757931	0.12262059705846415	False	-0.23594154945623882	5.394497133486938
ReplogleWeissman2022_K562_gwps	MYB	dorothea	181	74615	6077192.5	0.44998524654922895	0.550014753450771	0.0031132046805708836	0.0024199155035028613	1.2864931341877337	0.009953813728748902	0.20793002378231365	False	-0.26126978121325395	4.609799511926726
ReplogleWeissman2022_K562_gwps	ESR1	dorothea	175	74615	5874305.0	0.4498754559117757	0.5501245440882244	0.0026798769543424964	0.0023398850113651557	1.1453028423730018	0.010886947476846745	0.20793002378231365	False	-0.2677350309946436	4.520190686486506
ReplogleWeissman2022_K562_gwps	FOSL1	dorothea	189	74615	6473282.0	0.45902525379842274	0.5409747462015773	0.0031299258263924926	0.0025266028554622746	1.2387882090871114	0.025654856803217826	0.3848228520482674	False	-0.31531211565364786	3.6630223762363014
ReplogleWeissman2022_K562_gwps	JUN	dorothea	212	74615	7335099.0	0.4637073455056713	0.5362926544943287	0.0035906129494051803	0.0028332019190933752	1.2673339394582144	0.03378054960861329	0.4560374197162795	False	-0.4149914629913595	3.387870097497622
ReplogleWeissman2022_K562_gwps	SPI1	dorothea	82	74615	2731986.0	0.44651748896367205	0.553482511036328	0.0013048562763093461	0.0010977683173353683	1.1886445033107222	0.04679608790509429	0.5503459054447316	False	-0.66019185512067	3.061955671324012
ReplogleWeissman2022_K562_gwps	SP1	dorothea	197	74615	6863706.0	0.46694561694192627	0.5330543830580737	0.003169114878138808	0.0026332673902582475	1.2034914835701547	0.05424615220216665	0.5858584437833999	False	-0.34483423033081695	2.914223216226019
ReplogleWeissman2022_K562_gwps	FOXM1	dorothea	220	74615	7708418.0	0.46958739712341535	0.5304126028765846	0.0032035671440082377	0.002939800895303	1.0897224873720748	0.05934246524690515	0.616248677564015	False	-0.4221197983987878	2.8244301205451787
ReplogleWeissman2022_K562_gwps	IRF1	dorothea	273	74615	9686861.0	0.47554791028623367	0.5244520897137663	0.003909007706695404	0.003645443862835167	1.0722995206556976	0.08120913565957893	0.6943768486860512	False	-0.20098640036306267	2.510727530020176
ReplogleWeissman2022_K562_gwps	STAT4	dorothea	112	74615	3861405.5	0.4620630546328295	0.5379369453671704	0.0017040380931512126	0.0014987889250204075	1.1369433445259882	0.0822965153998283	0.6943768486860512	False	0.0006202458586368476	2.4974265124162836
ReplogleWeissman2022_K562_gwps	NFYB	dorothea	89	74615	3045428.0	0.4585980316937809	0.5414019683062191	0.0017705771950702397	0.0011913686014135788	1.4861707728149123	0.08815411343005525	0.7026517770215218	False	-0.43541994250595895	2.428668707244512
ReplogleWeissman2022_K562_gwps	STAT5B	dorothea	126	74615	4375157.0	0.46536846818961675	0.5346315318103833	0.001912540026600318	0.0016858217042854658	1.1344853502232886	0.08923493890679624	0.7026517770215218	False	-0.15460691727258158	2.416482624307146
ReplogleWeissman2022_K562_gwps	NCOA3	dorothea	85	74615	2907680.0	0.45846009515512964	0.5415399048448704	0.0014466706056132797	0.0011378848728246318	1.2713681675213175	0.09243445073113088	0.7026517770215218	False	-0.23933449782811259	2.381255526412824
ReplogleWeissman2022_K562_gwps	CEBPB	dorothea	167	74615	5871925.0	0.47123537552650513	0.5287646244734949	0.0024424955619364516	0.0022331577117488165	1.0937407372019865	0.0991814244625801	0.7237563406728819	False	-0.07277161172684246	2.3108045356268274
ReplogleWeissman2022_K562_gwps	RELA	dorothea	184	74615	6493579.0	0.47297715228025605	0.5270228477197441	0.0029185663312673946	0.002459925934838701	1.1864447989808142	0.10236087743488209	0.7273009712478464	False	-0.31396036321388043	2.279250695678812
ReplogleWeissman2022_K562_gwps	JUND	dorothea	135	74615	4743629.0	0.4709239776531876	0.5290760223468124	0.0020108968395544996	0.001806020066889632	1.113441027827399	0.12115745245512372	0.7706954707553041	False	-0.1723555010134607	2.1106643193306884
ReplogleWeissman2022_K562_gwps	CEBPA	dorothea	88	74615	3066238.0	0.4669786723361742	0.5330213276638258	0.0014471629226397334	0.0011779982062300042	1.2284933160222273	0.1417647571627108	0.7720589050930561	False	-0.7840445476484119	1.9535862348250523
ReplogleWeissman2022_K562_gwps	RXRA	dorothea	92	74615	3237456.0	0.4716174915289792	0.5283825084710209	0.0013293403037704498	0.001231477639310908	1.079467674714989	0.1729781529188969	0.8299473673295268	False	-0.08465290375085244	1.7545899761646149
ReplogleWeissman2022_K562_gwps	ARNT	dorothea	93	74615	3276242.0	0.4721357448522487	0.5278642551477513	0.00144508047388003	0.0012448466027734648	1.1608502370175189	0.176117867096093	0.8299473673295268	False	-0.10604592731575414	1.7366018086829464
ReplogleWeissman2022_K562_gwps	ATF2	dorothea	187	74615	6718224.0	0.4814893995952843	0.5185106004047157	0.003252114807048051	0.0024999331568674637	1.3008807047957662	0.1905805065719654	0.8299473673295268	False	-0.27669479485256016	1.6576805670114487
ReplogleWeissman2022_K562_gwps	NFKB2	dorothea	253	74615	9161563.0	0.48531409853850555	0.5146859014614945	0.0035938142352105094	0.003379280867660416	1.0634849176353376	0.20959808788039624	0.8412247588103643	False	-0.10499883052286191	1.5625634492848952
ReplogleWeissman2022_K562_gwps	ESRRA	dorothea	204	74615	7366425.0	0.4839499627499596	0.5160500372500404	0.00299297630040751	0.0027265801467541667	1.0977034010793603	0.21388258414908934	0.8412247588103643	False	-0.13290168109157197	1.5423280867364748
ReplogleWeissman2022_K562_gwps	TFAP2A	dorothea	282	74615	10234426.0	0.48639403310516444	0.5136059668948355	0.003963184256819999	0.0037651708346128684	1.0525908201526506	0.21476670011664833	0.8412247588103643	False	-0.09212954061032848	1.5382029557553207
ReplogleWeissman2022_K562_gwps	RUNX3	dorothea	253	74615	9203622.0	0.48754208361817275	0.5124579163818272	0.003805813333550883	0.003379280867660416	1.126219891922085	0.2465889159736268	0.8412247588103643	False	-0.14589325414202972	1.4000326366520541
ReplogleWeissman2022_K562_gwps	MAX	dorothea	209	74615	7602228.0	0.487493086520374	0.512506913479626	0.0031798267122271806	0.0027932214262803377	1.1384083919410841	0.2658331950560396	0.8412247588103643	False	-0.0791347755999279	1.3248862531567507
ReplogleWeissman2022_K562_gwps	NFE2L2	dorothea	139	74615	5028235.0	0.4848134090730498	0.5151865909269502	0.002043127122274721	0.001859432271182813	1.09879082660809	0.26774250714046655	0.8412247588103643	False	-0.06598104479380446	1.317729554581926
ReplogleWeissman2022_K562_gwps	NFYA	dorothea	127	74615	4594397.0	0.48484023762927914	0.5151597623707208	0.0017580657152925004	0.001699178507398785	1.0346562810424573	0.2771582118031637	0.8412247588103643	False	-0.07275116344681619	1.2831667741013117
ReplogleWeissman2022_K562_gwps	EPAS1	dorothea	228	74615	8321012.0	0.48911970336616856	0.5108802966338315	0.003608276755017404	0.0030463770826931044	1.1844484963849455	0.28493583637164455	0.8412247588103643	False	-0.023693641887983667	1.2554912595983854
ReplogleWeissman2022_K562_gwps	USF2	dorothea	405	74615	14881731.0	0.49246149989700216	0.5075385001029978	0.0061369948730274765	0.005398560383897627	1.1367835935173365	0.3001004596440898	0.8473933899077585	False	-0.08557718793543198	1.203637994900568
ReplogleWeissman2022_K562_gwps	HIF1A	dorothea	162	74615	5908280.0	0.4887872974272045	0.5112127025727955	0.0025755006009119327	0.002166441552883908	1.1888161014468617	0.31071090963284476	0.8473933899077585	False	-0.13093776037189653	1.1688923501231616
ReplogleWeissman2022_K562_gwps	ATF3	dorothea	306	74615	11275901.0	0.4938598093305986	0.5061401906694014	0.004302985136352932	0.004084302131578596	1.0535423183029349	0.3552022461450246	0.8942275200343378	False	-0.1203421986469985	1.0350679442776278
ReplogleWeissman2022_K562_gwps	FOXO4	dorothea	293	74615	10809688.0	0.49444660062724716	0.5055533993727528	0.003925765186880989	0.003911464730068885	1.0036560362419151	0.3712102088834833	0.8942275200343378	False	-0.027310790926044617	0.9909867760682016
ReplogleWeissman2022_K562_gwps	STAT1	dorothea	126	74615	4641878.0	0.49373854569860737	0.5062614543013927	0.001651085480033067	0.0016858217042854658	0.9793950782789799	0.40390038182709487	0.9164126310362656	False	0.20023063392213925	0.9065870110626476
ReplogleWeissman2022_K562_gwps	FOXA1	dorothea	238	74615	8811661.0	0.4961976239936436	0.5038023760063565	0.0034008158586852208	0.003179565281284651	1.0695851658410287	0.4196149108422249	0.9252298752282914	False	-0.11625914364048894	0.8684178672424152
ReplogleWeissman2022_K562_gwps	GATA1	dorothea	46	74615	1687769.0	0.491732633314784	0.508267366685216	0.000755565962623778	0.0006161181875410188	1.2263328333794323	0.4230195976338331	0.9252298752282914	False	0.006035965347998325	0.8603367709054408
ReplogleWeissman2022_K562_gwps	RUNX1	dorothea	179	74615	6628191.0	0.49626750653353885	0.5037324934664611	0.002456872599840417	0.0023932400994732196	1.0265884314662803	0.4314129363256162	0.931851942463331	False	-0.10105484589094135	0.8406895586300938
ReplogleWeissman2022_K562_gwps	E2F3	dorothea	385	74615	14301106.5	0.4978319529428556	0.5021680470571444	0.005379357065664072	0.0051333333333333335	1.0479267011033906	0.4415726615163828	0.9462271318208203	False	-0.03731062833709806	0.8174126937336645
ReplogleWeissman2022_K562_gwps	NCOA1	dorothea	186	74615	6900246.0	0.4971935505487308	0.5028064494512692	0.002608084815005709	0.0024865977727570486	1.048856732512054	0.44732585032851924	0.9510077132968519	False	-0.024976578543400716	0.8044679782871802
ReplogleWeissman2022_K562_gwps	NR4A1	dorothea	151	74615	5611411.0	0.4980454634008662	0.5019545365991338	0.00213358841160067	0.002019634593264318	1.0564229879585145	0.46688067875157674	0.9680018095046351	False	-0.051148111913311096	0.7616815598457043
ReplogleWeissman2022_K562_gwps	MYBL2	dorothea	62	74615	2301059.0	0.4974047421927183	0.5025952578072816	0.0008467254654749238	0.0008302422432609772	1.019853509439853	0.4717958233411926	0.9680018095046351	False	0.021823998825271647	0.7512089646522561
ReplogleWeissman2022_K562_gwps	LEF1	dorothea	197	74615	7329260.0	0.4986177776885814	0.5013822223114186	0.0027109406170232	0.0026332673902582475	1.0294969007144144	0.4732453290911549	0.9680018095046351	False	0.08077631457261447	0.748141358796341
ReplogleWeissman2022_K562_gwps	WT1	dorothea	281	74615	10502119.5	0.5008924579150433	0.49910754208495667	0.004081089983997784	0.003751869258705405	1.0877484535284627	0.5206272068955485	0.9999995011210674	False	-0.04438090106332726	0.652721027134987
ReplogleWeissman2022_K562_gwps	ETS1	dorothea	350	74615	13121745.0	0.5024552703879916	0.49754472961200835	0.004718611501834092	0.004668845461215234	1.0106591749571219	0.5630662900966341	0.9999995011210674	False	0.42972577572424897	0.5743579133747795
ReplogleWeissman2022_K562_gwps	FOSL2	dorothea	87	74615	3279578.0	0.5052107331042647	0.4947892668957353	0.0012021918142323623	0.0011646274530802388	1.0322544012274244	0.5668134739389631	0.9999995011210674	False	-0.09097563646488532	0.5677249995022123
ReplogleWeissman2022_K562_gwps	BCL6	dorothea	151	74615	5679634.0	0.5041006526660256	0.49589934733397445	0.0020949073615294383	0.002019634593264318	1.0372704886894701	0.5692163009434772	0.9999995011210674	False	0.009584707035753148	0.5634947748358957
ReplogleWeissman2022_K562_gwps	RUNX2	dorothea	152	74615	5737276.0	0.50586660647464	0.49413339352536	0.001977743459591413	0.0020329824655262348	0.972828587126784	0.5988218058446347	0.9999995011210674	False	0.01011517743172611	0.5127912111935031
ReplogleWeissman2022_K562_gwps	KLF4	dorothea	458	74615	17204746.0	0.503450346421675	0.49654965357832503	0.006147816707816936	0.0061007286241391715	1.007718436039172	0.600642082551821	0.9999995011210674	False	0.036529720891356636	0.5097560583686715
ReplogleWeissman2022_K562_gwps	STAT5A	dorothea	470	74615	17663056.0	0.5036650835993561	0.49633491640064387	0.006263036217364992	0.0062595724845175464	1.0005533497464902	0.6081052144376613	0.9999995011210674	False	-0.003650913859329903	0.4974073619254619
ReplogleWeissman2022_K562_gwps	CREB1	dorothea	196	74615	7407996.0	0.5065455733992317	0.49345442660076827	0.0024586612217912364	0.002619935570972183	0.9384433911399194	0.6243883904752101	0.9999995011210674	False	0.11922558279512226	0.470982683602743
ReplogleWeissman2022_K562_gwps	PPARA	dorothea	283	74615	10724766.0	0.507896530813417	0.492103469186583	0.003731303613630662	0.00377847205532858	0.9875165302251213	0.6769906618406882	0.9999995011210674	False	0.11504392152311387	0.3900977996056302
ReplogleWeissman2022_K562_gwps	GATA2	dorothea	327	74615	12388706.0	0.5077524769863485	0.4922475230136515	0.004520965953855858	0.004363374342825118	1.0361169128864396	0.6860081704502632	0.9999995011210674	False	0.011590924345129823	0.376865741049827
ReplogleWeissman2022_K562_gwps	ELK1	dorothea	143	74615	5470497.0	0.5127015181427833	0.4872984818572167	0.0019405204622889411	0.0019128387597314	1.0144715295090676	0.7004345213891219	0.9999995011210674	False	0.025426439921269632	0.35605439167951664
ReplogleWeissman2022_K562_gwps	E2F1	dorothea	224	74615	8547496.0	0.5114047347814017	0.4885952652185983	0.0031345426997461817	0.002993091837143735	1.0472591120817165	0.7225391068849739	0.9999995011210674	False	0.09885886714525707	0.3249837332839381
ReplogleWeissman2022_K562_gwps	PPARG	dorothea	121	74615	4658172.0	0.5159457114011706	0.4840542885988294	0.0018579355180053754	0.0016190323271248128	1.1475592468896672	0.7281140906820919	0.9999995011210674	False	0.047841407279045844	0.31729752509452286
ReplogleWeissman2022_K562_gwps	USF1	dorothea	160	74615	6134968.0	0.5138852777591637	0.4861147222408363	0.002006801290673593	0.002139752591106653	0.9378660406882371	0.7283296112585306	0.9999995011210674	False	0.20090003172099355	0.31700157053380124
ReplogleWeissman2022_K562_gwps	NANOG	dorothea	254	74615	9693129.0	0.5114511183656154	0.4885488816343846	0.0033373133785572543	0.0033925923947161042	0.9837059659023742	0.7360235481441273	0.9999995011210674	False	0.07681416733553162	0.30649316600403975
ReplogleWeissman2022_K562_gwps	E2F6	dorothea	304	74615	11581572.0	0.5105846855965888	0.4894153144034112	0.004032654683411383	0.004057715666252886	0.99382386916611	0.7382630596796526	0.9999995011210674	False	0.029124468738610278	0.3034550684642469
ReplogleWeissman2022_K562_gwps	TCF7L2	dorothea	184	74615	7053746.0	0.5137784103324603	0.4862215896675397	0.002511965531396892	0.002459925934838701	1.0211549444725876	0.7410672790106243	0.9999995011210674	False	0.08975706523068017	0.2996638629215237
ReplogleWeissman2022_K562_gwps	GABPA	dorothea	193	74615	7395183.0	0.5135295900649239	0.486470409935076	0.002659732998159577	0.0025799379745481766	1.0309290472866406	0.7422398553139002	0.9999995011210674	False	0.06344761617287692	0.29808283291041543
ReplogleWeissman2022_K562_gwps	NCOA2	dorothea	200	74615	7663275.0	0.5135210748509013	0.48647892514909863	0.0024768843439272126	0.0026732607097507185	0.926540510954572	0.7458560727335045	0.9999995011210674	False	0.036640187931069046	0.29322262938476856
ReplogleWeissman2022_K562_gwps	RARA	dorothea	208	74615	7984673.0	0.5144790050464177	0.48552099495358225	0.002622465879291114	0.0027798938828969702	0.9433690600298029	0.7649638726394741	0.9999995011210674	False	0.269586356348116	0.2679266715786282
ReplogleWeissman2022_K562_gwps	E2F4	dorothea	155	74615	5979661.0	0.5170335463983935	0.4829664536016065	0.0022173905236770918	0.002073023940082921	1.069640577131201	0.7684808612039928	0.9999995011210674	False	0.02838445213124091	0.2633396204072969
ReplogleWeissman2022_K562_gwps	TWIST1	dorothea	191	74615	7349834.0	0.5157248044323864	0.48427519556761356	0.002471023715404882	0.0025532711279843863	0.9677874348407205	0.7739316755904406	0.9999995011210674	False	0.13534696690672327	0.2562716837197821
ReplogleWeissman2022_K562_gwps	FOXO3	dorothea	379	74615	14457697.0	0.5112505231339699	0.48874947686603015	0.004857609848633282	0.005053737632343921	0.9611915382279799	0.7754148514009591	0.9999995011210674	False	0.06138119690561643	0.254357100716246
ReplogleWeissman2022_K562_gwps	TCF4	dorothea	159	74615	6151708.0	0.5185282774426543	0.48147172255734577	0.002012095196080279	0.002126407574825474	0.9462415483755143	0.7905879138977256	0.9999995011210674	False	0.08403758682426155	0.23497841548946963
ReplogleWeissman2022_K562_gwps	NFKB1	dorothea	318	74615	12181631.0	0.513395640598679	0.48660435940132085	0.003995154853623682	0.00424379112006726	0.9414117567502621	0.7955234703279632	0.9999995011210674	False	0.13696087284872113	0.2287549277703077
ReplogleWeissman2022_K562_gwps	SREBF1	dorothea	126	74615	4914606.0	0.5227475644818003	0.47725243551819974	0.0015936276339915012	0.0016858217042854658	0.9453120872393556	0.8115916070481004	0.9999995011210674	False	0.3590286263524985	0.2087580123258158
ReplogleWeissman2022_K562_gwps	AR	dorothea	265	74615	10205637.0	0.5161406920304102	0.4838593079695898	0.0034010406669989736	0.0035389957264957265	0.9610185854523892	0.8182143272615082	0.9999995011210674	False	0.1090418162881934	0.20063096293187743
ReplogleWeissman2022_K562_gwps	CLOCK	dorothea	183	74615	7114053.5	0.5210026038948936	0.47899739610510633	0.002284261866198613	0.002446589481002166	0.9336514703165237	0.8371973932615002	0.9999995011210674	False	0.11441053332609183	0.17769540205405493
ReplogleWeissman2022_K562_gwps	ERG	dorothea	440	74615	16863619.0	0.5136555225917284	0.4863444774082715	0.005771758186078707	0.005862367597095464	0.9845438878548576	0.8387519055772299	0.9999995011210674	False	0.09146256979667572	0.175840318773664
ReplogleWeissman2022_K562_gwps	SMAD3	dorothea	146	74615	5711611.0	0.5242997157095923	0.4757002842904076	0.002117105756256686	0.0019528898757373498	1.0840886537226444	0.8452120279483474	0.9999995011210674	False	0.18425256550683058	0.16816776245135234
ReplogleWeissman2022_K562_gwps	MYCN	dorothea	219	74615	8512299.0	0.5209266930976272	0.4790733069023728	0.007265010413315534	0.002926477269690248	2.482510453287921	0.8579624877459211	0.9999995011210674	False	0.09332644903582016	0.15319490102579655
ReplogleWeissman2022_K562_gwps	TP53	dorothea	219	74615	8517067.0	0.5212184801310349	0.4787815198689651	0.0028797686450773817	0.002926477269690248	0.9840393003914191	0.8612928325476831	0.9999995011210674	False	0.1450933446973416	0.1493207248892495
ReplogleWeissman2022_K562_gwps	NR3C1	dorothea	157	74615	6153875.0	0.5253187167587672	0.4746812832412328	0.002002968404807213	0.002099716471406409	0.9539232711098402	0.8638542578355342	0.9999995011210674	False	0.15578000840586143	0.14635120746739338
ReplogleWeissman2022_K562_gwps	YY1	dorothea	176	74615	6882525.0	0.5240937570437336	0.4759062429562664	0.002217736282923981	0.002353224318434036	0.9424245132736787	0.8656271181164035	0.9999995011210674	False	0.04859841210796353	0.1443010426879505
ReplogleWeissman2022_K562_gwps	E2F2	dorothea	213	74615	8313199.0	0.523073152668833	0.47692684733116697	0.0026343406804138127	0.0028465280376329715	0.9254574856056563	0.8779579995481797	0.9999995011210674	False	0.199969807580556	0.13015652299671265
ReplogleWeissman2022_K562_gwps	FOS	dorothea	400	74615	15470840.0	0.5183555585338069	0.4816444414661931	0.005470457553558107	0.005332266879957342	1.0259159334504035	0.8976560132229865	0.9999995011210674	False	0.04697734028110735	0.10796834283742002
ReplogleWeissman2022_K562_gwps	TP73	dorothea	194	74615	7669747.0	0.5298502760908057	0.4701497239091944	0.0023431396458384866	0.0025932708631314413	0.9035460503377905	0.9248369957411805	0.9999995011210674	False	0.23558673889600998	0.07813777781877038
ReplogleWeissman2022_K562_gwps	TP63	dorothea	149	74615	5937834.0	0.5340914681944496	0.4659085318055504	0.0018233562464117403	0.0019929377775399926	0.9149087678303849	0.9250810711508564	0.9999995011210674	False	0.22491558188872557	0.07787390082285327
ReplogleWeissman2022_K562_gwps	SOX2	dorothea	7	74615	343939.0	0.6585022161380802	0.34149778386191976	0.00011855405411659151	9.380611615877355e-05	1.263820089469756	0.9254368482353934	0.9999995011210674	False	1.4699782997560449	0.07748938459072881
ReplogleWeissman2022_K562_gwps	FOXA2	dorothea	85	74615	3508518.0	0.5531955016141684	0.4468044983858316	0.0010227458806976726	0.0011378848728246318	0.8988131445660723	0.9552419971162687	0.9999995011210674	False	0.3476232286843825	0.04579057048004764
ReplogleWeissman2022_K562_gwps	SP3	dorothea	145	74615	5872887.0	0.5428220728475138	0.45717792715248623	0.0019425705436357892	0.0019395398608881755	1.001562578222149	0.9628293554674848	0.9999995011210674	False	0.165734252960417	0.03787908385430194
ReplogleWeissman2022_K562_gwps	STAT3	dorothea	170	74615	6851205.0	0.5401220382276076	0.4598779617723924	0.0022085673967795543	0.0022731831249582137	0.9715747809891704	0.9648594874212828	0.9999995011210674	False	0.22535511368924246	0.03577279713501709
ReplogleWeissman2022_K562_gwps	FOXO1	dorothea	184	74615	7584128.0	0.5524101984389431	0.4475898015610569	0.0022911231180645654	0.002459925934838701	0.9313789027614751	0.9930468763229438	0.9999995011210674	False	0.34313466063350523	0.006977409280832875
ReplogleWeissman2022_K562_gwps	XBP1	dorothea	269	74615	10922232.0	0.5441679680600814	0.45583203193991856	0.0031846028943422026	0.0035922226376796113	0.886527149219039	0.9938791673535041	0.9999995011210674	False	0.16199450124915443	0.006139641733431564
ReplogleWeissman2022_K562_gwps	E2F5	dorothea	52	74615	2453275.0	0.6322906303640741	0.36770936963592593	0.0005433531377821712	0.0006964254623863286	0.7802028603611804	0.9995224834289449	0.9999995011210674	False	0.711901326937552	0.0004776306184006961
ReplogleWeissman2022_K562_gwps	EGR1	dorothea	373	74615	15709905.0	0.5644670344407817	0.4355329655592183	0.005557723504096374	0.004974129194004374	1.117325925268576	0.9999915469475991	0.9999995011210674	False	0.8912297653157848	8.453088128185083e-06
ReplogleWeissman2022_K562_gwps	MAX	ensemble	209	74615	4430140.0	0.2840828533842144	0.7159171466157856	0.008338397479441765	0.0027932214262803377	2.9852260909174673	1.7602375594508017e-27	5.351122180730438e-25	True	-2.313988245634963	61.60434873393706
ReplogleWeissman2022_K562_gwps	SREBF2	ensemble	188	74615	4758597.0	0.3392305323354924	0.6607694676645075	0.004632668394117067	0.0025132681844311057	1.8432845419422283	1.206325537028189e-14	1.8336148162828474e-12	True	-1.1819205002906057	32.0486123088357
ReplogleWeissman2022_K562_gwps	TFDP1	ensemble	315	74615	9422131.0	0.40087820122129575	0.5991217987787043	0.005001395538153867	0.004203923662084612	1.1896970402345055	5.960152129031735e-10	6.039620824085492e-08	True	-0.5796087651142667	21.24075492418363
ReplogleWeissman2022_K562_gwps	HSF1	ensemble	234	74615	6879817.0	0.39403507807314014	0.6059649219268599	0.004926490196256808	0.0031262942724685702	1.575824208118059	1.0333805687622156e-08	6.981059842304746e-07	True	-0.9133581727795526	18.387845210468754
ReplogleWeissman2022_K562_gwps	ATF4	ensemble	103	74615	2692670.0	0.35036423218476204	0.6496357678152379	0.0021655063558683233	0.001378516555582323	1.5708961543472755	7.319273585224365e-08	4.04556212710583e-06	True	-1.3321134578612863	16.43016965789467
ReplogleWeissman2022_K562_gwps	MYC	ensemble	98	74615	2768916.0	0.37866708969991536	0.6213329103000846	0.0021046594662806825	0.0013116860519588292	1.604545129634986	1.6045829569041936e-05	0.0006097415236235936	True	-2.835245782941175	11.040061582087576
ReplogleWeissman2022_K562_gwps	NRF1	ensemble	109	74615	3237623.0	0.39808300345443	0.6019169965455701	0.002127948646989719	0.0014587013543172207	1.4587966486023831	0.0001151428585712708	0.004118050471254861	True	-0.6524775280384879	9.069336952107381
ReplogleWeissman2022_K562_gwps	MYB	ensemble	181	74615	5782169.0	0.42814025441094855	0.5718597455890514	0.0035061406193879164	0.0024199155035028613	1.448869026341097	0.0004115245792175501	0.012510347208213523	True	-0.642096463296836	7.795641808847122
ReplogleWeissman2022_K562_gwps	STAT5B	ensemble	126	74615	3916008.0	0.4165305712179665	0.5834694287820335	0.0023346722823003613	0.0016858217042854658	1.3848868337413596	0.0005915952808323823	0.015458971965743175	True	-0.5571615425670793	7.432687804116203
ReplogleWeissman2022_K562_gwps	ESRRA	ensemble	204	74615	6680268.0	0.4388716982470801	0.56112830175292	0.0036712139614712546	0.0027265801467541667	1.3464537126633225	0.0012625658417783842	0.030013737042801983	True	-0.38651911655168103	6.674609246270951
ReplogleWeissman2022_K562_gwps	JUN	ensemble	212	74615	7046340.0	0.44545269490301787	0.5545473050969821	0.0035992104563486527	0.0028332019190933752	1.2703684944207578	0.0030040294950013247	0.06088166443202685	True	-0.6523511728336137	5.8078007265527765
ReplogleWeissman2022_K562_gwps	E2F3	ensemble	385	74615	13339366.0	0.46435306434502305	0.5356469356549769	0.006109765926270378	0.0051333333333333335	1.1902141414812424	0.007830986006822962	0.1322566525596767	False	-0.5283327120580285	4.849666850110226
ReplogleWeissman2022_K562_gwps	SP1	ensemble	197	74615	6667228.0	0.45357899824853876	0.5464210017514612	0.003202889766655832	0.0026332673902582475	1.2163177117921629	0.012096688098141144	0.1793850332602394	False	-0.8394328672804682	4.414823574742532
ReplogleWeissman2022_K562_gwps	FOSL1	ensemble	189	74615	6434919.0	0.45630490486082526	0.5436950951391748	0.002957319720081346	0.0025266028554622746	1.1704727213807673	0.01884232574599707	0.23866945944929624	False	-0.284265705390723	3.971649570213144
ReplogleWeissman2022_K562_gwps	ARNT	ensemble	93	74615	3063471.0	0.44147354268038297	0.558526457319617	0.0015518255261552155	0.0012448466027734648	1.2465998000860627	0.02535437338215074	0.2958370645170652	False	-0.33412286449290707	3.674804043818863
ReplogleWeissman2022_K562_gwps	FOXM1	ensemble	220	74615	7618891.0	0.46413352177541684	0.5358664782245832	0.0031673522431108396	0.002939800895303	1.077403659605453	0.03287469750955594	0.33877654382728833	False	-0.46830521846552575	3.4150519897567775
ReplogleWeissman2022_K562_gwps	PPARA	ensemble	283	74615	9896935.0	0.4686926458055948	0.5313073541944052	0.004211571953865035	0.00377847205532858	1.1146230254437575	0.03430502343924067	0.34762423751763877	False	-0.18719935017203568	3.3724634795793307
ReplogleWeissman2022_K562_gwps	TFAP2A	ensemble	282	74615	9997339.0	0.4751264053821437	0.5248735946178562	0.0041652789758987105	0.0037651708346128684	1.1062656009144884	0.07433952263050378	0.5409846612039587	False	-0.17836941702435166	2.599112535568895
ReplogleWeissman2022_K562_gwps	SPI1	ensemble	82	74615	2780367.0	0.45442490965819665	0.5455750903418033	0.0012957353783459116	0.0010977683173353683	1.1803359214183482	0.07652544694037881	0.5429044340260708	False	-0.44643555739870944	2.570131953718467
ReplogleWeissman2022_K562_gwps	ATF6	ensemble	127	74615	4392256.0	0.46350858290405184	0.5364914170959482	0.001974393730626604	0.001699178507398785	1.1619695764920759	0.07731798266770334	0.5429044340260708	False	-0.2881614128059274	2.559828715674261
ReplogleWeissman2022_K562_gwps	NFYB	ensemble	89	74615	3058564.0	0.46057612598605424	0.5394238740139456	0.0017377913554633016	0.0011913686014135788	1.4586512968374212	0.0989419155531191	0.5831057965736678	False	-0.4623055430566685	2.3132223126147955
ReplogleWeissman2022_K562_gwps	WT1	ensemble	281	74615	10033595.0	0.4785464554344568	0.5214535445655433	0.004151500939805007	0.003751869258705405	1.1065153536926542	0.10685372129117998	0.5984293400503303	False	-0.0878181932317003	2.236294470577951
ReplogleWeissman2022_K562_gwps	CEBPA	ensemble	88	74615	3038426.0	0.46274298977173733	0.5372570102282628	0.0015367538477388427	0.0011779982062300042	1.3045468487231224	0.1131422017529986	0.6253678060529377	False	-1.0240286817135111	2.179109828826935
ReplogleWeissman2022_K562_gwps	ESR1	ensemble	175	74615	6199279.0	0.4747631364815577	0.5252368635184423	0.00270704559161432	0.0023398850113651557	1.1569139416962	0.12401755949847926	0.6299268000300609	False	-0.38294527603580997	2.0873321145439845
ReplogleWeissman2022_K562_gwps	YY1	ensemble	176	74615	6262159.0	0.4768538345324179	0.5231461654675821	0.0025751393819357943	0.002353224318434036	1.0943025540588636	0.14401444971239846	0.6583517701138215	False	-0.12226558501813661	1.9378416392153923
ReplogleWeissman2022_K562_gwps	SMAD4	ensemble	158	74615	5627856.0	0.47737508238493465	0.5226249176150654	0.002245562291696911	0.002113062201596833	1.0627052483357793	0.16253100562208794	0.667694942015064	False	-0.11754453346014121	1.8168864915848466
ReplogleWeissman2022_K562_gwps	ATF2	ensemble	187	74615	6692076.0	0.4796153946766306	0.5203846053233694	0.005337104031816218	0.0024999331568674637	2.1348986940530303	0.16741751827230583	0.6831533631514225	False	-0.6472552542457197	1.787264477224651
ReplogleWeissman2022_K562_gwps	NFKB2	ensemble	253	74615	9131845.0	0.48373985139526515	0.5162601486047349	0.0034965474290213003	0.003379280867660416	1.0347016320789197	0.1855512292468694	0.7098016613520532	False	-0.0435697101741649	1.684424266615398
ReplogleWeissman2022_K562_gwps	RUNX3	ensemble	253	74615	9150155.0	0.4847097842707188	0.5152902157292811	0.0038160436168665425	0.003379280867660416	1.1292472470654715	0.20015780076670003	0.7137208344532978	False	-0.16377391386961063	1.6086492197004962
ReplogleWeissman2022_K562_gwps	JUND	ensemble	135	74615	4833843.0	0.4798799764718146	0.5201200235281854	0.0018816865428866354	0.001806020066889632	1.0418968080057482	0.20923562522160571	0.7187302832470975	False	-0.14911653558552806	1.564294268643217
ReplogleWeissman2022_K562_gwps	RUNX1	ensemble	179	74615	6470706.0	0.48447625183577375	0.5155237481642263	0.002563262937248736	0.0023932400994732196	1.0710429504390053	0.23619255664384425	0.7378857881542935	False	-0.21540545070192257	1.4431078886542656
ReplogleWeissman2022_K562_gwps	NR4A1	ensemble	151	74615	5461985.0	0.4847830341448131	0.5152169658551868	0.002335517221993164	0.002019634593264318	1.1564058319174892	0.2587871850032192	0.7627855882055198	False	-0.1330473757377728	1.3517492345705049
ReplogleWeissman2022_K562_gwps	ATF3	ensemble	306	74615	11179072.0	0.4896189108447328	0.5103810891552673	0.004158296244950841	0.004084302131578596	1.0181167090456276	0.26507675484818505	0.7627855882055198	False	-0.09984017222669775	1.3277358539972057
ReplogleWeissman2022_K562_gwps	IRF1	ensemble	273	74615	9967409.0	0.4893205880540867	0.5106794119459134	0.0037859473514116476	0.003645443862835167	1.0385422170421812	0.2708878644220679	0.7627855882055198	False	-0.17395433645801187	1.306050328155246
ReplogleWeissman2022_K562_gwps	NFYA	ensemble	127	74615	4599879.0	0.4854187453600398	0.5145812546399602	0.001775457233442405	0.001699178507398785	1.0448915318263956	0.28476636944253236	0.7807509210429799	False	-0.04191054348967974	1.2560861912394468
ReplogleWeissman2022_K562_gwps	EPAS1	ensemble	228	74615	8365415.0	0.4917297683665036	0.5082702316334964	0.0030072467322066415	0.0030463770826931044	0.9871551192041301	0.33289781338187197	0.8261300838211353	False	0.07464741827465302	1.0999197028160252
ReplogleWeissman2022_K562_gwps	RXRA	ensemble	92	74615	3343973.0	0.4871343913247424	0.5128656086752577	0.0013726887148720925	0.001231477639310908	1.1146679980646674	0.3346130021089331	0.8270109970822411	False	-0.15444770839478086	1.0947806325205154
ReplogleWeissman2022_K562_gwps	CEBPB	ensemble	167	74615	6130216.0	0.49196381745655643	0.5080361825434435	0.002244693425735406	0.0022331577117488165	1.0051656512775158	0.3596695880221695	0.843819083453071	False	0.08639632622842296	1.0225694800279639
ReplogleWeissman2022_K562_gwps	MYBL2	ensemble	62	74615	2259902.0	0.48850810504676695	0.511491894953233	0.0008350450281784355	0.0008302422432609772	1.0057847995045326	0.3770180534868889	0.843819083453071	False	-0.16757832180927096	0.9754622054475562
ReplogleWeissman2022_K562_gwps	NCOA2	ensemble	200	74615	7367532.0	0.4937031427997052	0.5062968572002948	0.002710507514584219	0.0026732607097507185	1.0139330985180917	0.37901626810532485	0.843819083453071	False	0.005985623530406408	0.9701761510601574
ReplogleWeissman2022_K562_gwps	NANOG	ensemble	254	74615	9372366.0	0.494526284797393	0.505473715202607	0.0034693442009329483	0.0033925923947161042	1.0226233503135784	0.38144794946226235	0.843819083453071	False	-0.004101782352155543	0.9637808740999796
ReplogleWeissman2022_K562_gwps	GABPA	ensemble	193	74615	7110124.0	0.4937347815504738	0.5062652184495262	0.0027551440554325147	0.0025799379745481766	1.0679109663150028	0.3816615920223594	0.843819083453071	False	-0.00944833868577722	0.963220947761585
ReplogleWeissman2022_K562_gwps	FOXO3	ensemble	379	74615	14045552.0	0.4966763245699074	0.5033236754300926	0.0053263295019205705	0.005053737632343921	1.0539386666676287	0.41154396875777594	0.8463538722991419	False	0.047730205137138944	0.8878394146149196
ReplogleWeissman2022_K562_gwps	NFE2L2	ensemble	139	74615	5134547.0	0.4950638216224581	0.5049361783775419	0.0020332892229239052	0.001859432271182813	1.093500018492472	0.4201896244530359	0.8561805032139952	False	-0.13110048943579333	0.8670491828012757
ReplogleWeissman2022_K562_gwps	BCL6	ensemble	151	74615	5583510.0	0.4955690868755417	0.5044309131244583	0.0020480224322867897	0.002019634593264318	1.0140559282937358	0.42527386837274106	0.8561805032139952	False	0.027906726685721764	0.8550219214206262
ReplogleWeissman2022_K562_gwps	STAT1	ensemble	126	74615	4661221.0	0.49579598552995324	0.5042040144700468	0.00166113408127451	0.0016858217042854658	0.9853557330836361	0.435129402595195	0.864570839143394	False	0.2204555263644966	0.832111814900698
ReplogleWeissman2022_K562_gwps	FOXA1	ensemble	238	74615	8826608.0	0.49703931160348613	0.5029606883965139	0.0034107650132613777	0.003179565281284651	1.0727142585615712	0.43724041694199944	0.8659354185691714	False	-0.1383350931424778	0.8272720819799754
ReplogleWeissman2022_K562_gwps	ELK1	ensemble	143	74615	5306353.0	0.49731774624892633	0.5026822537510737	0.002056697034885481	0.0019128387597314	1.0752066918459355	0.4558072342806564	0.8797803125163146	False	-0.0274406119754224	0.7856852906847104
ReplogleWeissman2022_K562_gwps	FOXO4	ensemble	293	74615	10895506.0	0.49837200701942325	0.5016279929805768	0.00434296556806197	0.003911464730068885	1.110316944615652	0.4616243649892043	0.8821639084551679	False	-0.027269379235409594	0.7730037814091552
ReplogleWeissman2022_K562_gwps	RELA	ensemble	184	74615	6862093.0	0.4998188527193215	0.5001811472806785	0.002602670322933903	0.002459925934838701	1.0580279211148533	0.49660912999215323	0.912200456299786	False	-0.060808186750395274	0.6999520210747506
ReplogleWeissman2022_K562_gwps	USF2	ensemble	405	74615	15129102.0	0.500647422199389	0.49935257780061104	0.005395763630616298	0.005398560383897627	0.9994819446144066	0.5179515475501245	0.9174275484590949	False	-0.01337197559261908	0.6578735786455854
ReplogleWeissman2022_K562_gwps	ETS1	ensemble	350	74615	13087108.0	0.5011289572184835	0.4988710427815165	0.004716951041147925	0.004668845461215234	1.010303527999012	0.5290947702447737	0.9174275484590949	False	0.44761156194626744	0.6365877133681624
ReplogleWeissman2022_K562_gwps	USF1	ensemble	160	74615	5993404.0	0.5020274073577699	0.49797259264223015	0.0020377511834934053	0.002139752591106653	0.9523302796607462	0.5353567953933764	0.9174275484590949	False	0.10433712432260073	0.6248218470926267
ReplogleWeissman2022_K562_gwps	HIF1A	ensemble	162	74615	6070471.0	0.502205229643859	0.497794770356141	0.0021383009601597886	0.002166441552883908	0.9870106845547438	0.5386868993419357	0.9174275484590949	False	0.13654672206676025	0.6186207686150559
ReplogleWeissman2022_K562_gwps	FOSL2	ensemble	87	74615	3269717.0	0.5036916708837165	0.49630832911628353	0.001208148749463776	0.0011646274530802388	1.0373692860050918	0.5474469919323646	0.9244541169531527	False	-0.03609843866276194	0.6024896403670591
ReplogleWeissman2022_K562_gwps	GATA1	ensemble	46	74615	1745860.0	0.5086574852358047	0.4913425147641954	0.0019091034697956283	0.0006161181875410188	3.098599438226335	0.5805670091168856	0.9539338564325702	False	0.008018874423258077	0.5437500510575647
ReplogleWeissman2022_K562_gwps	TP53	ensemble	219	74615	8263128.0	0.5056781891334421	0.4943218108665579	0.0029955541107132846	0.002926477269690248	1.0236040927904928	0.6143443923863832	0.960791235007061	False	0.07758093384433304	0.4871996084283181
ReplogleWeissman2022_K562_gwps	E2F1	ensemble	224	74615	8454761.0	0.5058563124036722	0.4941436875963279	0.0031508637043596074	0.002993091837143735	1.0527120034400386	0.6191201228438415	0.960791235007061	False	-0.011119290650894176	0.47945596560310083
ReplogleWeissman2022_K562_gwps	E2F6	ensemble	304	74615	11455864.0	0.5050427281095589	0.49495727189044114	0.004094315929546867	0.004057715666252886	1.0090199181767163	0.6194188489843262	0.960791235007061	False	-0.002649576227143805	0.4789735808690357
ReplogleWeissman2022_K562_gwps	RUNX2	ensemble	152	74615	5753075.0	0.5072596345450505	0.4927403654549495	0.0020732768206293915	0.0020329824655262348	1.0198203161052481	0.6216173256322896	0.9616878727339238	False	0.08061916897854987	0.4754306076783157
ReplogleWeissman2022_K562_gwps	GATA2	ensemble	327	74615	12334772.0	0.5055419860687513	0.4944580139312488	0.004609042305647636	0.004363374342825118	1.056302288898609	0.6354792929286637	0.9640112170735534	False	-0.013741731366070598	0.4533757727880371
ReplogleWeissman2022_K562_gwps	STAT3	ensemble	170	74615	6439912.0	0.50769731681455	0.49230268318545	0.0022885855206496433	0.0022731831249582137	1.006775695069315	0.6358034507343666	0.9640112170735534	False	0.10318212793535111	0.45286580313047026
ReplogleWeissman2022_K562_gwps	RARA	ensemble	208	74615	7890609.0	0.5084181490626241	0.491581850937376	0.002717347782000167	0.0027798938828969702	0.9775005437144159	0.6627515807079821	0.9743285581947684	False	0.17404101484429013	0.4113550487415618
ReplogleWeissman2022_K562_gwps	NCOA1	ensemble	186	74615	7071605.0	0.5095407320301563	0.49045926796984385	0.002662323357317549	0.0024865977727570486	1.0706690830683334	0.6737099346406482	0.9776029600513463	False	0.00018195381660497212	0.39495562473765605
ReplogleWeissman2022_K562_gwps	NCOA3	ensemble	85	74615	3273535.0	0.5161452317977382	0.4838547682022618	0.0012756003838353602	0.0011378848728246318	1.121027631441193	0.6968433110985814	0.9792094244517235	False	0.016918934332151893	0.3611946982305976
ReplogleWeissman2022_K562_gwps	ERG	ensemble	440	74615	16692687.0	0.5084490383971051	0.49155096160289485	0.005808635855771217	0.005862367597095464	0.9908344639884289	0.7297749301593346	0.9895381939239373	False	0.05080141710226788	0.3150191072287218
ReplogleWeissman2022_K562_gwps	SP3	ensemble	145	74615	5595246.0	0.5171601346683088	0.4828398653316912	0.001930924874952533	0.0019395398608881755	0.995558232078975	0.7627290325440133	0.9999973175522411	False	0.11955367091206298	0.27085244505324696
ReplogleWeissman2022_K562_gwps	AR	ensemble	265	74615	10150636.0	0.5133590671105385	0.48664093288946153	0.0033054806961611053	0.0035389957264957265	0.9340165831265795	0.7739744325567148	0.9999973175522411	False	0.2547489082998483	0.25621643881046874
ReplogleWeissman2022_K562_gwps	STAT4	ensemble	112	74615	4359193.0	0.5216292444070035	0.4783707555929964	0.0014652885622400912	0.0014987889250204075	0.9776483784867438	0.7859198336392503	0.9999973175522411	False	0.04235591674399954	0.24090048457993365
ReplogleWeissman2022_K562_gwps	CREB1	ensemble	196	74615	7562478.0	0.5171087774384698	0.4828912225615301	0.0028390234897369476	0.002619935570972183	1.083623399442402	0.7963459530367629	0.9999973175522411	False	0.19777608368912175	0.22772157318742997
ReplogleWeissman2022_K562_gwps	TP73	ensemble	194	74615	7492139.0	0.5175805561331674	0.48241944386683255	0.002633636562755316	0.0025932708631314413	1.0155655547585691	0.8015430880448581	0.9999973175522411	False	0.04762387695860849	0.22121654912004166
ReplogleWeissman2022_K562_gwps	E2F4	ensemble	155	74615	6010858.0	0.5197310062622538	0.48026899373774623	0.0022226468918969044	0.002073023940082921	1.0721761813363324	0.802356069513286	0.9999973175522411	False	0.06621665209390243	0.22020279269499202
ReplogleWeissman2022_K562_gwps	STAT5A	ensemble	470	74615	17937607.0	0.5114939526448535	0.4885060473551465	0.005963487530033902	0.0062595724845175464	0.9526988536012672	0.8052390041162278	0.9999973175522411	False	0.08860233179101604	0.21661614610625085
ReplogleWeissman2022_K562_gwps	E2F2	ensemble	213	74615	8221798.0	0.5173221283968189	0.48267787160318115	0.0027258506957585195	0.0028465280376329715	0.9576054265831855	0.8090774031432699	0.9999973175522411	False	0.03530419873212494	0.21186068894387491
ReplogleWeissman2022_K562_gwps	LEF1	ensemble	197	74615	7630721.0	0.5191265076121723	0.48087349238782773	0.002492816819334024	0.0026332673902582475	0.9466630045077005	0.8234828515628174	0.9999973175522411	False	0.20795991267089292	0.19421255342726326
ReplogleWeissman2022_K562_gwps	KLF4	ensemble	458	74615	17532171.0	0.5130315532396725	0.48696844676032747	0.0059058528592523234	0.0061007286241391715	0.9680569687830779	0.8322607560852746	0.9999973175522411	False	0.08686348068326691	0.18360947850685394
ReplogleWeissman2022_K562_gwps	TCF4	ensemble	159	74615	6216115.0	0.5239571519544564	0.47604284804554364	0.0030315170075631745	0.002126407574825474	1.425651903921565	0.8520684219574142	0.9999973175522411	False	0.05563217639632714	0.16008844791553917
ReplogleWeissman2022_K562_gwps	FOXO1	ensemble	184	74615	7178157.0	0.522840217464142	0.477159782535858	0.002786645574705325	0.002459925934838701	1.1328168605564326	0.8581222165595499	0.9999973175522411	False	0.1275981598890546	0.15300874609569393
ReplogleWeissman2022_K562_gwps	SOX2	ensemble	7	74615	325903.0	0.6239706684791453	0.3760293315208546	0.00012737093541123656	9.380611615877355e-05	1.3578105631796136	0.8689813058955028	0.9999973175522411	False	0.9536786501757206	0.14043366615123956
ReplogleWeissman2022_K562_gwps	XBP1	ensemble	269	74615	10465316.0	0.5214034771305589	0.4785965228694411	0.003305807385663769	0.0035922226376796113	0.9202679563867869	0.8875986875562347	0.9999973175522411	False	0.1858969463146828	0.11923556656806007
ReplogleWeissman2022_K562_gwps	FOS	ensemble	400	74615	15478075.0	0.5185979695771628	0.4814020304228372	0.005308423822176518	0.005332266879957342	0.9955285325514288	0.9006139571261651	0.9999973175522411	False	0.10992280596625018	0.10467857364851507
ReplogleWeissman2022_K562_gwps	E2F5	ensemble	52	74615	2139720.0	0.5514770694694302	0.4485229305305697	0.0005925543972100096	0.0006964254623863286	0.8508511380092266	0.9006813344263169	0.9999973175522411	False	0.43401164226748656	0.10460376381528091
ReplogleWeissman2022_K562_gwps	PPARG	ensemble	121	74615	4826674.0	0.5346092309668973	0.4653907690331027	0.001496069719928792	0.0016190323271248128	0.9240517899884148	0.9062003138725151	0.9999973175522411	False	0.07262749965434817	0.098494900387964
ReplogleWeissman2022_K562_gwps	TWIST1	ensemble	191	74615	7520509.0	0.5277007662019308	0.47229923379806915	0.0023633604293340424	0.0025532711279843863	0.925620629721269	0.9073262292915213	0.9999973175522411	False	0.1084001333684112	0.09725321405267412
ReplogleWeissman2022_K562_gwps	TCF7L2	ensemble	184	74615	7264893.0	0.5291578654484324	0.47084213455156765	0.002426578353384961	0.002459925934838701	0.9864436644284874	0.914409017953727	0.9999973175522411	False	0.06759385291428599	0.08947730439604726
ReplogleWeissman2022_K562_gwps	NFKB1	ensemble	318	74615	12395348.0	0.5224027576359483	0.47759724236405166	0.0038878990810107313	0.00424379112006726	0.9161381818785445	0.9163536790004884	0.9999973175522411	False	0.22547810109749788	0.08735287638428722
ReplogleWeissman2022_K562_gwps	MYCN	ensemble	219	74615	8612790.0	0.5270764352901974	0.4729235647098025	0.0028401145019808765	0.002926477269690248	0.970489171877794	0.9171275804720544	0.9999973175522411	False	0.14979301538157236	0.0865086882983408
ReplogleWeissman2022_K562_gwps	TP63	ensemble	149	74615	5928859.0	0.5332841921865576	0.4667158078134423	0.001823329162443676	0.0019929377775399926	0.9148951778586509	0.9201383929089579	0.9999973175522411	False	0.30907558553812986	0.0832311931771147
ReplogleWeissman2022_K562_gwps	SMAD3	ensemble	146	74615	5830719.0	0.535233284283982	0.464766715716018	0.002120338229846146	0.0019528898757373498	1.0857438794625185	0.9296659126135233	0.9999973175522411	False	0.22734877220758726	0.07292999112363538
ReplogleWeissman2022_K562_gwps	FOXA2	ensemble	85	74615	3509284.0	0.5533162784647465	0.4466837215352535	0.0009931623524326869	0.0011378848728246318	0.8728144438437848	0.9556042648676548	0.9999973175522411	False	0.3473563605434144	0.04541140051443221
ReplogleWeissman2022_K562_gwps	NR3C1	ensemble	157	74615	6341548.0	0.5413392143363533	0.4586607856636466	0.0020045164214592772	0.002099716471406409	0.9546605214353698	0.9634684657681678	0.9999973175522411	False	0.24135565623476554	0.0372155204975995
ReplogleWeissman2022_K562_gwps	SREBF1	ensemble	126	74615	5172964.0	0.5502281021412563	0.4497718978587437	0.0015425445010803604	0.0016858217042854658	0.9150104647241843	0.9744972721253594	0.9999973175522411	False	0.4728094780184057	0.025833559294099386
ReplogleWeissman2022_K562_gwps	CLOCK	ensemble	183	74615	7467678.0	0.5469005375133335	0.4530994624866665	0.002126280309877961	0.002446589481002166	0.8690793148538345	0.985922728578751	0.9999973175522411	False	0.2394401709553065	0.014177296031867834
ReplogleWeissman2022_K562_gwps	EGR1	ensemble	373	74615	15813215.0	0.5681790294737292	0.43182097052627083	0.00553145276303733	0.004974129194004374	1.1120444498515905	0.9999973175522411	0.9999973175522411	False	0.947831377124875	2.6824513566865514e-06
ReplogleWeissman2022_rpe1	MYC	causalpath	86	11413	186499.0	0.1900107792215731	0.8099892207784268	0.03404253739638387	0.0074789112096704065	4.551803924663001	1.6940435844430214e-23	3.7692469753857225e-22	True	-3.685917751813438	52.43233881424928
ReplogleWeissman2022_rpe1	MAX	causalpath	87	11413	253336.0	0.25513958170305895	0.744860418296941	0.01799272149491687	0.007565217391304348	2.3783482435809655	1.6194463982871287e-15	1.801634118094431e-14	True	-1.9456215466142712	34.0566920335216
ReplogleWeissman2022_rpe1	SRF	causalpath	95	11413	303645.0	0.2800546007092558	0.7199453992907442	0.030235707326026078	0.008255126868265555	3.6626581042937696	7.061963084986018e-14	6.675141594529073e-13	True	-1.1585423958399144	30.281468231698813
ReplogleWeissman2022_rpe1	CLOCK	causalpath	715	11413	3512181.0	0.43039877847553304	0.5696012215244669	0.07196420751932135	0.05895448548812665	1.2206739983137473	2.002244803582798e-10	1.3707675962989926e-09	True	-0.3599137430873725	22.33158197701107
ReplogleWeissman2022_rpe1	NRF1	causalpath	53	11413	195213.0	0.3227253264648555	0.6772746735351445	0.009149306529721951	0.004622361765218908	1.9793575220715451	4.095357927157935e-06	1.735651692938363e-05	True	-0.8289377342937418	12.405656438579541
ReplogleWeissman2022_rpe1	TFDP1	causalpath	167	11413	788574.0	0.4137387190046438	0.5862612809953561	0.017770464670715143	0.014421416234887737	1.2322274304603673	6.317807718844589e-05	0.0002162634180681417	True	-0.6168842625278519	9.669553196917875
ReplogleWeissman2022_rpe1	MYBL2	causalpath	888	11413	4739400.0	0.467638847118388	0.5323611528816119	0.07761155760333222	0.07218925290626778	1.0751123536921054	0.0006461668400010301	0.0017426923866694446	True	-0.2783916377048956	7.344452821271196
ReplogleWeissman2022_rpe1	YY1	causalpath	86	11413	396604.0	0.40407205980939725	0.5959279401906027	0.011883178417432923	0.0074789112096704065	1.5888914956053626	0.0010704135664871947	0.002507021247825272	True	-0.5562190117157406	6.839710194448659
ReplogleWeissman2022_rpe1	GABPA	causalpath	67	11413	314774.5	0.4116469697425429	0.5883530302574571	0.008093425028343775	0.0058362369337979095	1.3867540197818886	0.006248385963258544	0.012932705830930473	True	-0.46119033491019235	5.075432094463669
ReplogleWeissman2022_rpe1	HSF1	causalpath	19	11413	85106.0	0.39247026705465143	0.6075297329453485	0.009012326005520849	0.001662001399580126	5.4225742576375975	0.05237943123345348	0.09140724274073256	True	-0.8593087625281821	2.949241298429385
ReplogleWeissman2022_rpe1	STAT5A	causalpath	95	11413	493489.0	0.455149483276227	0.544850516723773	0.008913918898661452	0.008255126868265555	1.0798039861662736	0.06577940384193114	0.11258397965253598	False	-0.044158205165060097	2.72144850117
ReplogleWeissman2022_rpe1	NFYB	causalpath	79	11413	424253.0	0.4705415875966447	0.5294584124033552	0.00936664953022832	0.006874347372084928	1.3625510936884033	0.18304179136250898	0.27611388866547965	False	-0.1819322903792945	1.6980407841115996
ReplogleWeissman2022_rpe1	STAT5B	causalpath	171	11413	952589.0	0.48810092932907634	0.5118990706709236	0.015031410065389059	0.014761740331491713	1.0182681532015605	0.29632898374937855	0.425375476672495	False	-0.0006907630447378355	1.2162850102551612
ReplogleWeissman2022_rpe1	MYB	causalpath	66	11413	372514.0	0.4945370643259016	0.5054629356740984	0.006216909921764083	0.005749629758689781	1.0812713483625744	0.4390916057143635	0.570194355333847	False	0.008133958725176305	0.8230472186221045
ReplogleWeissman2022_rpe1	NANOG	causalpath	72	11413	406780.0	0.4950251662334375	0.5049748337665626	0.006345164871046637	0.006269046582498911	1.0121419242218144	0.44206079233747686	0.570194355333847	False	-0.026073335016529406	0.8163078671370302
ReplogleWeissman2022_rpe1	ATF4	causalpath	49	11413	278336.0	0.4977066968029655	0.5022933031970345	0.00419291204485034	0.004274995637759554	0.9807991399607059	0.4778833687404365	0.5853600833535333	False	0.07454341642339338	0.7383885747141158
ReplogleWeissman2022_rpe1	FOXO1	causalpath	65	11413	370034.0	0.4988023104556882	0.5011976895443119	0.005687670341392486	0.005663007492594529	1.0043550796692762	0.48670388952990407	0.5853600833535333	False	0.009582797280804634	0.7200993705372994
ReplogleWeissman2022_rpe1	SP1	causalpath	190	11413	1085994.0	0.5008111710099747	0.4991888289900252	0.01637861697857559	0.0163750754115315	1.0002162779074346	0.5153250724833781	0.6115190860136087	False	0.06846284213145665	0.6629573687412373
ReplogleWeissman2022_rpe1	GATA1	causalpath	64	11413	371928.5	0.5091897671514939	0.4908102328485061	0.0055900076353813215	0.005576370131567482	1.002445587988616	0.6003283031027726	0.7030160391598259	False	0.07994901297674963	0.5102786015719616
ReplogleWeissman2022_rpe1	E2F6	causalpath	156	11413	901766.0	0.506488327525741	0.493511672474259	0.014132301071324922	0.01348431152217132	1.0480550711163974	0.6098119177483029	0.7048475412934929	False	-0.054009396405350296	0.4946047009188879
ReplogleWeissman2022_rpe1	USF2	causalpath	104	11413	636145.0	0.5359483787044463	0.4640516212955536	0.018603469198310824	0.009030129373968916	2.060155334201401	0.8969142288677499	0.9854983502374042	False	0.09682140710197529	0.108795041486584
ReplogleWeissman2022_rpe1	ETV4	causalpath	71	11413	475713.0	0.5870658984133488	0.4129341015866512	0.004869745472440383	0.006182514803204459	0.7876641831761317	0.9943520524284938	0.9999999441825801	False	0.4241080078281442	0.005663957538151332
ReplogleWeissman2022_rpe1	SRF	collectri	95	11413	148922.0	0.1373521422938754	0.8626478577061246	0.093675974966112	0.008255126868265555	11.347611788526494	1.6892026700759127e-34	6.418970146288468e-33	True	-3.5805918338030347	77.76363653704632
ReplogleWeissman2022_rpe1	MYC	collectri	86	11413	133053.0	0.13555839016706775	0.8644416098329323	0.05402460618207804	0.0074789112096704065	7.223592401019946	9.82432702594277e-32	2.4888295132388354e-30	True	-8.84135092811625	71.39786131648735
ReplogleWeissman2022_rpe1	NRF1	collectri	53	11413	177584.0	0.29358113637378097	0.7064188636262191	0.010202952974984981	0.004622361765218908	2.2073029964373165	1.0324771728564154e-07	1.3078044189514595e-06	True	-1.141037188071646	16.08613471396331
ReplogleWeissman2022_rpe1	MAX	collectri	87	11413	338924.0	0.34133691062118116	0.6586630893788189	0.015837816289358576	0.007565217391304348	2.0935044520416506	1.6374825587742866e-07	1.5556084308355724e-06	True	-0.8131587397650119	15.62493561361798
ReplogleWeissman2022_rpe1	TFDP1	collectri	167	11413	775167.0	0.40670450914520734	0.5932954908547927	0.017368236519919204	0.014421416234887737	1.2043364006027808	1.6912552746750386e-05	0.00012853540087530294	True	-0.6977364102755407	10.987454445669547
ReplogleWeissman2022_rpe1	YY1	collectri	86	11413	393146.0	0.40054894561281607	0.5994510543871839	0.011562777943415276	0.0074789112096704065	1.5460509717596773	0.0007295010650887103	0.004620173412228499	True	-0.6245838201409711	7.223149729976852
ReplogleWeissman2022_rpe1	STAT5A	collectri	95	11413	442514.0	0.408134767831697	0.5918652321683029	0.010971847785179185	0.008255126868265555	1.329094992756232	0.0010050078533491045	0.005875430527271688	True	-0.539005912886186	6.902759923223913
ReplogleWeissman2022_rpe1	GABPA	collectri	67	11413	301296.0	0.3940204349321473	0.6059795650678528	0.00878032524079045	0.0058362369337979095	1.5044497576757367	0.0013672458640161095	0.007422191833230309	True	-0.4710907890209103	6.594956880780469
ReplogleWeissman2022_rpe1	ATF4	collectri	49	11413	239216.0	0.4277542437285087	0.5722457562714914	0.00508040149352167	0.004274995637759554	1.1883992228315383	0.04023028383211749	0.1528750785620465	False	-0.21173966229643626	3.213135237809994
ReplogleWeissman2022_rpe1	SP1	collectri	190	11413	1050219.0	0.48431336380028317	0.5156866361997168	0.017793645641141644	0.0163750754115315	1.0866298440745605	0.22879361098117168	0.6687813244065018	False	-0.23823324211349478	1.474934943899718
ReplogleWeissman2022_rpe1	HSF1	collectri	19	11413	102272.0	0.4716320723828321	0.5283679276171679	0.0024230967967080216	0.001662001399580126	1.4579390831561108	0.3343486012356339	0.9075176319252921	False	0.56159467006258	1.0955711140242221
ReplogleWeissman2022_rpe1	NANOG	collectri	72	11413	401803.0	0.4889684764936671	0.511031523506333	0.0063916054108002045	0.006269046582498911	1.0195498353200048	0.37326835082119825	0.9185077223740642	False	-0.13798389926223548	0.9854576788117205
ReplogleWeissman2022_rpe1	GATA1	collectri	64	11413	361012.0	0.4942445018838167	0.5057554981161834	0.00551011477040449	0.005576370131567482	0.9881185503114428	0.4368226752652115	0.9747683719290506	False	0.02118666293140163	0.8282279436616294
ReplogleWeissman2022_rpe1	MYBL2	collectri	888	11413	5062227.0	0.499492340408401	0.5005076595915989	0.07293064019275142	0.07218925290626778	1.0102700506881028	0.4798736389383436	0.985686393494976	False	-0.02630478282520482	0.7342324619489305
ReplogleWeissman2022_rpe1	STAT5B	collectri	171	11413	992488.0	0.5085449392633721	0.4914550607366279	0.015464486694835541	0.014761740331491713	1.0476059290817246	0.6495865982357756	1.0	False	0.008952486484694738	0.4314191211421671
ReplogleWeissman2022_rpe1	E2F6	collectri	156	11413	907970.0	0.5099728829247799	0.4900271170752201	0.013600797243992137	0.01348431152217132	1.0086386109983656	0.6658809518637602	1.0	False	-0.01772217020907972	0.40664437537491904
ReplogleWeissman2022_rpe1	MYB	collectri	66	11413	397435.0	0.527621346205417	0.472378653794583	0.005185550844258254	0.005749629758689781	0.9018930021400076	0.7808539652284681	1.0	False	0.10004767316388022	0.24736713096875326
ReplogleWeissman2022_rpe1	FOXO1	collectri	65	11413	403016.0	0.543261732572168	0.45673826742783197	0.008367244491309505	0.005663007492594529	1.4775266503269306	0.8858548646836294	1.0	False	0.04115348200693891	0.12120215140747244
ReplogleWeissman2022_rpe1	NFYB	collectri	79	11413	494523.0	0.5484784728052732	0.4515215271947268	0.006478598618573437	0.006874347372084928	0.9424310800588094	0.931551501154136	1.0	False	0.2641878751524621	0.07090380205860448
ReplogleWeissman2022_rpe1	USF2	collectri	104	11413	663236.0	0.5587723850669615	0.4412276149330386	0.01141350888395972	0.009030129373968916	1.2639363636208085	0.9806227444488802	1.0	False	0.22150211468301584	0.019567455613349962
ReplogleWeissman2022_rpe1	ETV4	collectri	71	11413	489692.0	0.6043170439442049	0.39568295605579507	0.005610371950012205	0.006182514803204459	0.9074579080836641	0.9987988075708418	1.0	False	0.4517103473667746	0.0012019144390238736
ReplogleWeissman2022_rpe1	CLOCK	collectri	715	11413	4913573.0	0.6021317856768659	0.3978682143231342	0.047539337278558205	0.05895448548812665	0.8063735419781173	1.0	1.0	False	0.52329168247386	-0.0
ReplogleWeissman2022_rpe1	SRF	dorothea	95	11413	127509.0	0.1176027337246999	0.8823972662753	0.10552303978296651	0.008255126868265555	12.782727808656617	3.916116882292837e-38	1.5272855840942066e-36	True	-5.988759383882577	86.13313296218296
ReplogleWeissman2022_rpe1	MYC	dorothea	86	11413	158014.0	0.16098940620548988	0.8390105937945102	0.03968835964010795	0.0074789112096704065	5.306702877925597	1.004315674351423e-27	1.9584155649852748e-26	True	-5.79589672237649	62.16549112230358
ReplogleWeissman2022_rpe1	NRF1	dorothea	53	11413	135825.0	0.22454532980431122	0.7754546701956888	0.014389334339043642	0.004622361765218908	3.112983160971215	2.099659682475141e-12	2.729557587217683e-11	True	-1.6931466730333	26.889245840295875
ReplogleWeissman2022_rpe1	TFDP1	dorothea	167	11413	678440.0	0.35595504863400335	0.6440449513659966	0.020976575711196856	0.014421416234887737	1.4545433936267043	7.699402724660348e-11	7.50691765654384e-10	True	-1.7569281373930343	23.287293265309362
ReplogleWeissman2022_rpe1	NFYB	dorothea	79	11413	319121.0	0.35393904574729906	0.6460609542527009	0.011828972666616092	0.006874347372084928	1.720741188414584	3.706646519330315e-06	2.8911842850776458e-05	True	-1.0990365988637483	12.505382993257188
ReplogleWeissman2022_rpe1	ATF4	dorothea	49	11413	186347.0	0.3332165074914571	0.6667834925085429	0.010168807409463469	0.004274995637759554	2.378670827087148	2.7250823942112497e-05	0.0001771303556237312	True	-1.1497292978481841	10.510426800904334
ReplogleWeissman2022_rpe1	HSF1	dorothea	19	11413	61583.0	0.2839928613261885	0.7160071386738115	0.004706634410151929	0.001662001399580126	2.8319076093082556	0.0005595262739404791	0.0027276905854598356	True	-1.3924478753376373	7.4884200716357245
ReplogleWeissman2022_rpe1	GABPA	dorothea	67	11413	330808.0	0.4326148108140625	0.5673851891859375	0.007346376642139099	0.0058362369337979095	1.2587522962948785	0.02838908554221791	0.10311769452874507	False	-0.5368546671568746	3.5617505195754537
ReplogleWeissman2022_rpe1	GATA1	dorothea	64	11413	322462.0	0.4414675151143433	0.5585324848856568	0.007370993320535244	0.005576370131567482	1.3218264115591094	0.052887205404919736	0.15866161621475922	False	-0.2780315742807026	2.939593833172789
ReplogleWeissman2022_rpe1	YY1	dorothea	86	11413	444572.0	0.45294329803426936	0.5470567019657306	0.008925632439083326	0.0074789112096704065	1.1934400862444088	0.06604130965153883	0.18397221974357245	False	-0.2457336037666586	2.7174748289406123
ReplogleWeissman2022_rpe1	E2F6	dorothea	156	11413	833567.0	0.46818349295787304	0.5318165070421269	0.014932684079831593	0.01348431152217132	1.1074116802536647	0.08577994767494396	0.2090886224576759	False	-0.18140265087504326	2.4559700098849158
ReplogleWeissman2022_rpe1	SP1	dorothea	190	11413	1026965.0	0.47358967382532385	0.5264103261746761	0.017694360024822324	0.0163750754115315	1.0805666282527022	0.10553233090493969	0.2421035826642734	False	-0.11516507631567527	2.248737918938217
ReplogleWeissman2022_rpe1	ETV4	dorothea	71	11413	376892.0	0.46511329432831106	0.534886705671689	0.009886370395920193	0.006182514803204459	1.599085600376725	0.15503038520425988	0.3182202643666387	False	-0.2729383880895834	1.864134147699091
ReplogleWeissman2022_rpe1	MYB	dorothea	66	11413	350597.0	0.4654407918667973	0.5345592081332027	0.006663146500847627	0.005749629758689781	1.1588827073216654	0.16609268095119445	0.3223257318631524	False	-0.19718821283977805	1.7952093274445493
ReplogleWeissman2022_rpe1	MYBL2	dorothea	888	11413	4975779.0	0.49096247522384384	0.5090375247761562	0.07474605273856347	0.07218925290626778	1.0354180120912941	0.18443846403905684	0.3269590953419644	False	-0.11498019203851662	1.6904393993780646
ReplogleWeissman2022_rpe1	CLOCK	dorothea	715	11413	4017013.5	0.49226326989404184	0.5077367301059582	0.059025047260667915	0.05895448548812665	1.0011968855627698	0.24347737363340144	0.3980877337381151	False	-0.04699345357989326	1.4127312622003583
ReplogleWeissman2022_rpe1	STAT5A	dorothea	95	11413	523173.0	0.4825273118834939	0.517472688116506	0.012460894145877286	0.008255126868265555	1.5094733666395348	0.27844581389949363	0.41766872084924045	False	-0.2543248303266764	1.2785318026400228
ReplogleWeissman2022_rpe1	USF2	dorothea	104	11413	592802.0	0.4994321590089574	0.5005678409910426	0.018731740611894844	0.009030129373968916	2.074360159876855	0.49204015968563053	0.6396522075913197	False	-0.13754068773798825	0.7091949404437009
ReplogleWeissman2022_rpe1	FOXO1	dorothea	65	11413	374879.0	0.5053333243467301	0.49466667565326994	0.005904237261636746	0.005663007492594529	1.0425974659856394	0.5590423157002931	0.703311300397143	False	-0.1202819942606918	0.5815301097648781
ReplogleWeissman2022_rpe1	STAT5B	dorothea	171	11413	990105.0	0.5073239042581482	0.4926760957418518	0.015195390997215695	0.014761740331491713	1.029376662641793	0.6290374440345775	0.7666393849171413	False	0.08120482317833891	0.463564494586768
ReplogleWeissman2022_rpe1	NANOG	dorothea	72	11413	456511.0	0.5555446031328797	0.4444553968671203	0.005461428729278227	0.006269046582498911	0.8711737354966728	0.9481837313247098	0.9999840789178065	False	0.3304007007881022	0.053206986091482666
ReplogleWeissman2022_rpe1	MAX	dorothea	87	11413	583921.0	0.5880781242603967	0.41192187573960326	0.006228269279587177	0.007565217391304348	0.8232769737385348	0.9977087079041589	0.9999840789178065	False	0.509578278968859	0.0022939211222547133
ReplogleWeissman2022_rpe1	SRF	ensemble	95	11413	148496.0	0.1369592385414601	0.8630407614585399	0.07493934477979898	0.008255126868265555	9.077915576062386	1.4362305610212235e-34	6.654534932731669e-33	True	-5.591788086316406	77.92587114624533
ReplogleWeissman2022_rpe1	MYC	ensemble	86	11413	141502.0	0.14416648497531376	0.8558335150246863	0.04918134728212488	0.0074789112096704065	6.576003632525046	2.4069040196310115e-30	8.363991468217764e-29	True	-8.862590082587944	68.19921150733231
ReplogleWeissman2022_rpe1	NRF1	ensemble	53	11413	128121.0	0.21180910877863543	0.7881908912213647	0.01554860736453232	0.004622361765218908	3.363779849843916	2.072444114410416e-13	2.400581099192065e-12	True	-2.1532888847327074	29.204877566561425
ReplogleWeissman2022_rpe1	MAX	ensemble	87	11413	294548.0	0.29664498338756673	0.7033550166124333	0.015612430957099136	0.007565217391304348	2.063712138007357	2.966823791675795e-11	2.945632193163825e-10	True	-1.4174404620359538	24.24094407278081
ReplogleWeissman2022_rpe1	TFDP1	ensemble	167	11413	679055.0	0.3562777188110417	0.6437222811889582	0.020616478635957124	0.014421416234887737	1.4295737880502006	8.45685061319974e-11	7.83668156823176e-10	True	-1.6642472028033355	23.193459186568575
ReplogleWeissman2022_rpe1	YY1	ensemble	86	11413	384677.0	0.3919204742042428	0.6080795257957572	0.010785148828877184	0.0074789112096704065	1.4420747253867294	0.0002712395178960651	0.001142493726895547	True	-0.5913053562107009	8.212508297557434
ReplogleWeissman2022_rpe1	ATF4	ensemble	49	11413	200308.0	0.3581808785899359	0.641819121410064	0.007109893320340597	0.004274995637759554	1.6631346375049778	0.0003002360894615227	0.001192366183861476	True	-0.8730344011043933	8.110941427930822
ReplogleWeissman2022_rpe1	NFYB	ensemble	79	11413	355619.0	0.3944191999574103	0.6055808000425897	0.012244673887612457	0.006874347372084928	1.7812125609676248	0.0005988217259183409	0.0021342620487858816	True	-0.9595908671178723	7.420546623648233
ReplogleWeissman2022_rpe1	GABPA	ensemble	67	11413	303942.0	0.39748074662174976	0.6025192533782503	0.008695733160920979	0.0058362369337979095	1.489955472945863	0.0018760612868054041	0.005548351465233004	True	-0.721415799223965	6.278580760058904
ReplogleWeissman2022_rpe1	STAT5A	ensemble	95	11413	450202.0	0.41522548156073175	0.5847745184392683	0.011453824140818017	0.008255126868265555	1.3874800864477235	0.0021836330219087968	0.00632343729261089	True	-0.659561447851073	6.126765265479684
ReplogleWeissman2022_rpe1	HSF1	ensemble	19	11413	74645.0	0.3442288802704211	0.655771119729579	0.003826610650504829	0.001662001399580126	2.30241120824059	0.009386721738203858	0.02416211706685808	True	-1.132610629040415	4.6684591693814665
ReplogleWeissman2022_rpe1	GATA1	ensemble	64	11413	328547.0	0.44979820161219664	0.5502017983878034	0.006611174941683788	0.005576370131567482	1.185569606339138	0.08267983705329446	0.1709154313494696	False	-0.193082748904847	2.4927795149821415
ReplogleWeissman2022_rpe1	E2F6	ensemble	156	11413	842297.0	0.47308680834046646	0.5269131916595335	0.01467303576212475	0.01348431152217132	1.0881560944360336	0.12373770387479133	0.2422470540647323	False	-0.16548185039168103	2.089591245098079
ReplogleWeissman2022_rpe1	MYBL2	ensemble	888	11413	5005848.0	0.49392939772331695	0.506070602276683	0.07409307709940557	0.07218925290626778	1.026372681756518	0.27306027191136145	0.4866074076369134	False	-0.09757464001974753	1.29806273193257
ReplogleWeissman2022_rpe1	SP1	ensemble	190	11413	1060229.0	0.48892952173652393	0.5110704782634761	0.01728887374907996	0.0163750754115315	1.0558042216346042	0.30005973383662254	0.5213537875411317	False	-0.1681076309578753	1.2037737113575147
ReplogleWeissman2022_rpe1	STAT5B	ensemble	171	11413	972957.0	0.4985373712033523	0.5014626287966477	0.015515417444673784	0.014761740331491713	1.0510561150824627	0.47378826026233106	0.7224507435426807	False	0.005293064976948612	0.7469947653982582
ReplogleWeissman2022_rpe1	MYB	ensemble	66	11413	386222.0	0.5127353443308933	0.4872646556691067	0.005517355502103	0.005749629758689781	0.9596018758884899	0.6395946750243118	0.871604508121366	False	0.0379431953888964	0.44692062353493145
ReplogleWeissman2022_rpe1	ETV4	ensemble	71	11413	424903.0	0.5243625072964732	0.4756374927035269	0.010883218201868007	0.006182514803204459	1.7603222229612983	0.7608078525795479	0.9542401438183403	False	-0.017694084300281583	0.27337444632742464
ReplogleWeissman2022_rpe1	USF2	ensemble	104	11413	627548.0	0.5287054573394712	0.47129454266052884	0.018110111186068086	0.009030129373968916	2.005520678172559	0.8436231811720339	0.9999999999778226	False	0.09524246475534227	0.17004935188825293
ReplogleWeissman2022_rpe1	FOXO1	ensemble	65	11413	397828.0	0.536268357945393	0.4637316420546072	0.00651374801116545	0.005663007492594529	1.1502276872639543	0.843757799097745	0.9999999999778226	False	-0.017952771156466374	0.16988979346301208
ReplogleWeissman2022_rpe1	NANOG	ensemble	72	11413	443918.0	0.5402197299375955	0.4597802700624044	0.005782289729433003	0.006269046582498911	0.9223555214241395	0.8806951210068736	0.9999999999778226	False	0.1393048006455579	0.12704377308969791
ReplogleWeissman2022_rpe1	CLOCK	ensemble	715	11413	4678528.0	0.5733282926658901	0.4266717073341098	0.04989087841454011	0.05895448548812665	0.8462609418343251	0.9999999999778226	0.9999999999778226	False	0.4511884023857218	2.2177371050948195e-11
SunshineHein2023	IRF9	causalpath	164	3072	130660.0	0.25934482977642276	0.7406551702235772	0.10711810380627482	0.05067985166872682	2.1136230726652765	1.1853764286408511e-25	2.2522152144176173e-24	True	-0.794750592618978	57.39456693940742
SunshineHein2023	ATF4	causalpath	146	3072	151139.5	0.3369798355450913	0.6630201644549086	0.07523301615577324	0.045369794903666875	1.6582181232142348	1.3156714614669502e-11	1.2498878883936028e-10	True	-1.1512686343463467	25.054088870540184
SunshineHein2023	STAT1	causalpath	201	3072	238868.0	0.3868483105306799	0.6131516894693201	0.08282321470793366	0.0614115490375802	1.3486586156172482	3.664373633842275e-08	2.3207699681001078e-07	True	-0.5548255969487476	17.122023328037578
SunshineHein2023	SREBF2	causalpath	70	3072	76909.0	0.35764973958333335	0.6423502604166667	0.037676492357403564	0.022278803309993635	1.6911362712423144	2.2627037942245593e-05	0.00010747843022566658	True	-1.441989044246367	10.696364997639389
SunshineHein2023	RELA	causalpath	147	3072	203227.0	0.4500314448696145	0.5499685551303855	0.051992198610692875	0.045666356011183594	1.138523043046397	0.020190215744811116	0.0705273465286965	True	-0.8895617949935241	3.9025571609883256
SunshineHein2023	SREBF1	causalpath	37	3072	45928.0	0.40406813063063063	0.5959318693693694	0.02685855622154109	0.011900932775812159	2.256844629534358	0.022271793640640997	0.0705273465286965	True	-1.2628503641572686	3.804434260289674
SunshineHein2023	ATF6	causalpath	141	3072	197195.5	0.4552570460254137	0.5447429539745864	0.05150413384236023	0.04388422035480859	1.173636752024847	0.035985631289290436	0.08546587431206479	True	-0.3312867411138377	3.32463555105299
SunshineHein2023	SMAD3	causalpath	124	3072	187709.0	0.49276766213037637	0.5072323378696236	0.04190610613275171	0.03879849812265332	1.080096090324794	0.3922619503834804	0.6775433688441934	False	0.05997784513802798	0.9358254215909392
SunshineHein2023	XBP1	causalpath	153	3072	247080.0	0.5256842320261438	0.4743157679738562	0.0440876599891028	0.04744186046511628	0.9292987154565786	0.858585961296805	0.9595960743905467	False	0.17311270510568755	0.15246847401623717
SunshineHein2023	IRF3	causalpath	113	3072	191167.0	0.5506977092551623	0.44930229074483774	0.03187148317462703	0.035478806907378334	0.8983245478866114	0.9680896040210911	0.9680896040210911	False	0.16425851752473622	0.032430629852049746
SunshineHein2023	IRF9	collectri	164	3072	81773.0	0.16230984819613822	0.8376901518038616	0.19978790781802092	0.05067985166872682	3.9421565225555835	1.5368763524069463e-48	2.1516268933697248e-47	True	-4.364707906633888	110.09433244975428
SunshineHein2023	STAT1	collectri	201	3072	226292.0	0.36648139510779437	0.6335186048922057	0.08789233284889682	0.0614115490375802	1.4312020169872601	1.0638211323780151e-10	4.96449861776407e-10	True	-2.6598439769332978	22.96398366182013
SunshineHein2023	ATF4	collectri	146	3072	169492.5	0.3778995879708904	0.6221004120291095	0.0712578809488984	0.045369794903666875	1.5706017869421578	2.977961254164853e-07	1.0422864389576987e-06	True	-1.603761641305306	15.026856727471252
SunshineHein2023	RELA	collectri	147	3072	198800.0	0.4402281746031746	0.5597718253968254	0.053572111529529294	0.045666356011183594	1.1731199116568354	0.007103236600027988	0.01657421873339864	True	-1.7936514948938367	4.947204739648216
SunshineHein2023	SREBF1	collectri	37	3072	44097.0	0.3879592483108108	0.6120407516891894	0.02641353819742348	0.011900932775812159	2.2194510879943135	0.009480788165970425	0.01896157633194085	True	-1.927091139025034	4.658487826300836
SunshineHein2023	SREBF2	collectri	70	3072	92555.0	0.4304082961309524	0.5695917038690477	0.029892484738699033	0.022278803309993635	1.3417455292713194	0.02307694407324523	0.040384652128179155	True	-0.8019816040724173	3.76892125194726
SunshineHein2023	ATF6	collectri	141	3072	202723.0	0.4680181552895981	0.5319818447104019	0.04964302143448965	0.04388422035480859	1.1312271480072003	0.0992035933855836	0.15431670082201893	False	-0.4065408070092099	2.3105810417023744
SunshineHein2023	SMAD3	collectri	124	3072	187560.0	0.4923765120967742	0.5076234879032259	0.05264386095879768	0.03879849812265332	1.3568530614864305	0.3865902944969223	0.5412264122956911	False	-0.3097045631602008	0.9503898172904387
SunshineHein2023	IRF3	collectri	113	3072	178409.0	0.5139455429572272	0.4860544570427729	0.034807026577357625	0.035478806907378334	0.9810653066272924	0.6929783332210924	0.8434152227179917	False	-0.2625211100157389	0.3667565454742291
SunshineHein2023	XBP1	collectri	153	3072	241950.0	0.5147697099673203	0.4852302900326797	0.050816507269692675	0.04744186046511628	1.0711322610768554	0.731585505221025	0.8434152227179917	False	0.10805973357675179	0.3125411750987854
SunshineHein2023	IRF9	dorothea	164	3072	108237.0	0.21483779535060976	0.7851622046493902	0.13211681710562334	0.05067985166872682	2.606890366791446	3.3748194875986146e-35	2.024891692559169e-34	True	-3.454552780751885	79.37413641705345
SunshineHein2023	ATF4	dorothea	146	3072	147943.0	0.3298529359303653	0.6701470640696345	0.07853951773827976	0.045369794903666875	1.7310970416560565	1.7346633031467977e-12	6.938653212587191e-12	True	-2.780139772604063	27.08020778294897
SunshineHein2023	STAT1	dorothea	201	3072	259120.0	0.4196465588723051	0.5803534411276948	0.07743027170722631	0.0614115490375802	1.260842185560954	6.602319543886944e-05	0.00019806958631660832	True	-2.9228166627634757	9.625504431637067
SunshineHein2023	RELA	dorothea	147	3072	205591.0	0.45526635133219956	0.5447336486678005	0.053380152962164695	0.045666356011183594	1.168916410783729	0.03324675212199761	0.07979220509279426	True	-1.5207523056310368	3.403798197192754
SunshineHein2023	ATF6	dorothea	141	3072	198717.0	0.45876966976950356	0.5412303302304965	0.052544657334254626	0.04388422035480859	1.1973474043614194	0.04865475737796068	0.09730951475592137	True	-0.4486140214846369	3.0230056873004
SunshineHein2023	SREBF2	dorothea	70	3072	97314.0	0.4525390625	0.5474609374999999	0.025981154565134047	0.022278803309993635	1.1661826806235882	0.08693742434307072	0.13040613651460609	False	-0.29698456163738385	2.4425666795439067
SunshineHein2023	SREBF1	dorothea	37	3072	49853.0	0.43859973254504503	0.561400267454955	0.02530069788832606	0.011900932775812159	2.1259424252650194	0.099262806055328	0.13235040807377066	False	-0.9813110057710752	2.309984339472998
SunshineHein2023	SMAD3	dorothea	124	3072	187778.5	0.49295011130712363	0.5070498886928763	0.04589935497412408	0.03879849812265332	1.183018858849198	0.39491645870340286	0.4738997504440834	False	-0.22237808010459043	0.9290810334030603
SunshineHein2023	IRF3	dorothea	113	3072	175514.0	0.5056058720501475	0.4943941279498525	0.03696344227735309	0.035478806907378334	1.0418456960475186	0.5803368699717707	0.6330947672419317	False	0.0016027083847115105	0.5441465337505339
SunshineHein2023	XBP1	dorothea	153	3072	261244.5	0.5558204401552288	0.4441795598447712	0.040566789884544215	0.04744186046511628	0.855084296585981	0.9902256084181656	0.9902256084181656	False	0.13501905029368413	0.009822474524789493
SunshineHein2023	IRF9	ensemble	164	3072	99754.0	0.19800003175813008	0.8019999682418699	0.1453005004855793	0.05067985166872682	2.867026948605699	3.119299448060979e-39	3.5871943652701264e-38	True	-4.537475097140761	88.66321018603624
SunshineHein2023	ATF4	ensemble	146	3072	156742.0	0.3494711401255708	0.6505288598744292	0.07497900995748977	0.045369794903666875	1.6526195482411101	3.7519729021971606e-10	2.8765125583511563e-09	True	-2.857292481007408	21.703569121051462
SunshineHein2023	STAT1	ensemble	201	3072	259247.0	0.41985223621475953	0.5801477637852405	0.07678212416898872	0.0614115490375802	1.250288021915921	6.86935281132984e-05	0.00039498778665146583	True	-3.1540457024760067	9.585855568220147
SunshineHein2023	RELA	ensemble	147	3072	199330.0	0.4414018211451247	0.5585981788548753	0.053128201314483856	0.045666356011183594	1.1633991838865547	0.008111651801890373	0.03109466524057976	True	-1.9917279185653487	4.814453756884646
SunshineHein2023	SREBF2	ensemble	70	3072	95576.0	0.44445684523809526	0.5555431547619047	0.027777034962324285	0.022278803309993635	1.2467920550231844	0.05575522696145738	0.16029627751418996	False	-0.6373616522786697	2.8867841158806504
SunshineHein2023	SREBF1	ensemble	37	3072	49200.0	0.4328547297297297	0.5671452702702703	0.025807675589655736	0.011900932775812159	2.168542254276748	0.07985074355710103	0.20406301131259152	False	-2.286268737250262	2.527596092440852
SunshineHein2023	ATF6	ensemble	141	3072	202723.0	0.4680181552895981	0.5319818447104019	0.04964302143448965	0.04388422035480859	1.1312271480072003	0.0992035933855836	0.22398656140670614	False	-0.4065408070092099	2.3105810417023744
SunshineHein2023	SMAD3	ensemble	124	3072	187918.0	0.49331632224462363	0.5066836777553764	0.052992333751281734	0.03879849812265332	1.3658346666862613	0.4002577318932185	0.6575662738245732	False	-0.3793947723216393	0.9156466096323875
SunshineHein2023	IRF3	ensemble	113	3072	177125.0	0.5102467044616519	0.48975329553834807	0.03579343098107754	0.035478806907378334	1.0088679440241768	0.6445187207570932	0.8671294986756946	False	-0.1269042044819588	0.4392514100781347
SunshineHein2023	XBP1	ensemble	153	3072	252228.0	0.5366370506535948	0.4633629493464052	0.04917247157046215	0.04744186046511628	1.0364785674166042	0.9372340436985503	0.9372340436985503	False	0.3858183182898566	0.06482224810580728
TianKampmann2021_CRISPRa	SPI1	causalpath	35	401	9093.0	0.6478802992518703	0.6478802992518703	0.19646479878674716	0.08027522935779817	2.447390064886336	0.0018513233037889907	0.007405293215155963	True	2.552622001536932	6.2918545962511505
TianKampmann2021_CRISPRa	TP53	causalpath	108	401	21213.0	0.4898171238570241	0.4898171238570241	0.2118938964252668	0.21218074656188604	0.9986480859301926	0.6275706402099195	0.8743943174399442	False	0.013720794197145364	0.4658990402724675
TianKampmann2021_CRISPRa	MEF2C	causalpath	144	401	27121.0	0.46967650318647824	0.46967650318647824	0.2665065871359401	0.26422018348623855	1.0086534027019955	0.864238467245906	0.898495306320028	False	0.03437397262954228	0.14590654450327561
TianKampmann2021_CRISPRa	SPI1	collectri	35	401	8083.0	0.5759173494834343	0.5759173494834343	0.14207367958685307	0.08027522935779817	1.7698321228533695	0.06815405499609678	0.3407702749804839	False	0.9103293528800029	2.685984621566473
TianKampmann2021_CRISPRa	MEF2C	collectri	144	401	27726.0	0.4801537822111388	0.4801537822111388	0.2534033440990939	0.26422018348623855	0.959061267597265	0.7603156693235062	0.9999999958196355	False	-0.14231651104817888	0.27402157756447526
TianKampmann2021_CRISPRa	TP53	collectri	108	401	19114.0	0.4413503278839937	0.44135032788399364	0.1948561537330245	0.21218074656188604	0.9183498356491618	0.9694368836455918	0.9999999958196355	False	-1.5248776665005872	0.0310399083829754
TianKampmann2021_CRISPRa	SPI1	dorothea	35	401	7355.0	0.5240470252939081	0.5240470252939081	0.09853535079899986	0.08027522935779817	1.2274689413818267	0.31868375049528863	0.6373675009905773	False	0.20471946417412334	1.1435560456949645
TianKampmann2021_CRISPRa	MEF2C	dorothea	144	401	26144.0	0.45275699639789413	0.45275699639789413	0.24728424156696527	0.26422018348623855	0.9359021642638615	0.9538427236959292	0.9966573674292136	False	-0.24304408996390325	0.0472564809822472
TianKampmann2021_CRISPRa	TP53	dorothea	108	401	17975.0	0.41505033712016254	0.4150503371201626	0.18734421601602758	0.21218074656188604	0.8829463514088708	0.9966573674292136	0.9966573674292136	False	-1.4841005477905826	0.0033482316476241593
TianKampmann2021_CRISPRa	SPI1	ensemble	35	401	7276.0	0.5184182401140007	0.5184182401140007	0.09910108489265132	0.08027522935779817	1.2345163718055991	0.3590943949931866	0.9999999958196355	False	0.253123845121759	1.0241699863564955
TianKampmann2021_CRISPRa	MEF2C	ensemble	144	401	26209.0	0.4538826544749238	0.4538826544749238	0.24656265561359508	0.26422018348623855	0.933171161870898	0.9498304503200761	0.9999999958196355	False	-0.23956689312994237	0.051471783663101935
TianKampmann2021_CRISPRa	TP53	ensemble	108	401	18080.0	0.4174748314399187	0.4174748314399187	0.18554632876366384	0.21218074656188604	0.8744729753768972	0.9957898376450187	0.9999999958196355	False	-2.673837705877222	0.004219050043020512
WesselsSatija2023	MYB	causalpath	13	422	2023.0	0.36875683558148015	0.6312431644185199	0.05133643538456305	0.029885057471264367	1.7177961070988406	0.053527326893899996	0.08564372303024	True	-0.6065732511164232	2.9275629724218897
WesselsSatija2023	GATA2	causalpath	47	422	8752.5	0.44128768780881317	0.5587123121911868	0.19677977763634968	0.10021321961620469	1.963610972584	0.0933008323649655	0.124401109819954	False	-0.32652529941745545	2.3719262497863673
WesselsSatija2023	FLI1	causalpath	216	422	43490.5	0.4771206336668422	0.5228793663331578	0.3557175362665638	0.3385579937304075	1.050684204342906	0.16842704294738597	0.19248804908272682	False	-0.36500858841295014	1.7812526024931639
WesselsSatija2023	FLI1	collectri	216	422	35123.0	0.38532341583289453	0.6146765841671055	0.43760502214344577	0.3385579937304075	1.292555574664437	1.0458535821447857e-06	1.0458535821447855e-05	True	-0.5903967655672673	13.77067718094857
WesselsSatija2023	MYB	collectri	13	422	1859.0	0.33886255924170616	0.6611374407582938	0.05213022407595773	0.029885057471264367	1.744357497926278	0.023913073298895898	0.05978268324723974	True	-0.716359261901944	3.73332996964081
WesselsSatija2023	GATA2	collectri	47	422	8466.0	0.42684279520016133	0.5731572047998386	0.11736062538161188	0.10021321961620469	1.1711092192335313	0.04991136313107205	0.0998227262621441	True	-0.19995970392434165	2.9975065840909294
WesselsSatija2023	MYB	dorothea	13	422	1271.0	0.23168064163324828	0.7683193583667518	0.12179671502784584	0.029885057471264367	4.075505464393303	0.0004904589029468981	0.0019618356117875923	True	-1.3621510934381287	7.620169068510085
WesselsSatija2023	GATA2	dorothea	47	422	8878.0	0.4476152062115559	0.5523847937884441	0.13401018006779392	0.10021321961620469	1.3372505202509648	0.1193454540601877	0.2386909081203754	False	-0.5981564938989097	2.1257330160706953
WesselsSatija2023	FLI1	dorothea	216	422	51231.0	0.5620392311743022	0.43796076882569773	0.3102082152998706	0.3385579937304075	0.9162631544505437	0.9948710644280735	0.9948710644280735	False	0.3272370894418759	0.005142133709583403
WesselsSatija2023	MYB	ensemble	13	422	1578.0	0.2876412686839227	0.7123587313160773	0.06818106406910054	0.029885057471264367	2.2814432976968257	0.004549544379236735	0.013648633137710205	True	-1.2125048026708034	5.392728187464752
WesselsSatija2023	GATA2	ensemble	47	422	8931.0	0.4502873852979732	0.5497126147020268	0.1318049286944372	0.10021321961620469	1.315244926759384	0.13175526036214563	0.22586616062082107	False	-0.5553189995249712	2.0268091655103153
WesselsSatija2023	FLI1	ensemble	216	422	43754.0	0.4800114095137792	0.5199885904862209	0.3579304681262032	0.3385579937304075	1.0572205493727669	0.20418287725707285	0.30627431588560927	False	-0.12472948124119373	1.5887392295731306
