Prior	Top_Count	Best_Count_DeLong_Significant	Top2_DeLong_Tests	Single_Available_Significant_Count	Top_Mean_ROC_AUC	Top_Median_ROC_AUC	Mean_AUC_Diff	Median_AUC_Diff	Second_Prior_Count
collectri	75	12	75	0	0.6345678287716635	0.6064847814606862	0.01857193612721493	0.005318479610860849	21
ensemble	35	11	27	8	0.6118797686357661	0.6141189706089158	0.009721769840757944	0.0068602059846534225	215
causalpath	141	10	141	0	0.6504751927572137	0.6300058719906048	0.010009827195081455	0.0	17
dorothea	36	8	36	0	0.6556486545675144	0.6426743638806676	0.020084858234771154	0.01527164499231587	26
