Prior	Top_Count	Best_Count_DeLong_Significant	Top2_DeLong_Tests	Single_Available_Significant_Count	Top_Mean_ROC_AUC	Top_Median_ROC_AUC	Mean_AUC_Diff	Median_AUC_Diff	Second_Prior_Count
causalpath	30	14	30	0	0.6329378564267842	0.6156077574681607	0.0616716756368569	0.05434729938558858	26
dorothea	33	12	33	0	0.6540100714442206	0.6391043903978552	0.051950283539951035	0.03626063073892771	29
collectri	30	8	30	0	0.6605524386551992	0.6210108964556954	0.04027814860178617	0.025705185680546194	38
