Prior	Top_Count	Best_Count_DeLong_Significant	Top2_DeLong_Tests	Single_Available_Significant_Count	Top_Mean_ROC_AUC	Top_Median_ROC_AUC	Mean_AUC_Diff	Median_AUC_Diff	Second_Prior_Count
causalpath	146	124	38	108	0.648590725739748	0.6278254075888543	0.06556253066249768	0.05717407824772669	35
collectri	85	52	52	33	0.6281982986936893	0.5993157467592904	0.05192051600506334	0.04118625964779832	56
dorothea	46	21	43	3	0.6488150715798903	0.625411181285236	0.06288168650486115	0.038661253122152406	42
